Iterative LDPC–LDPC Product Code for Bit Patterned Media,"Jeong, Seongkwon",Seongkwon,unknown,0.7216281723113112,False
Iterative LDPC–LDPC Product Code for Bit Patterned Media,"Lee, Jaejin",Jaejin,male,0.9860768212298439,True
Workflow Planning for E-Learning Center Management,"González-Ferrer, Arturo",Arturo,male,0.9999804874954432,True
Workflow Planning for E-Learning Center Management,"Castillo, Luis",Luis,male,0.9999544636263329,True
Workflow Planning for E-Learning Center Management,"Fernández-Olivares, Juan",Juan,male,0.9999978969254493,True
Workflow Planning for E-Learning Center Management,"Morales, Lluvia",Lluvia,female,0.9999715135981387,True
The Future of Smart Clothing: A Kit Designed to Detect Vital Health Parameters,"Kansara, Rashi",Rashi,female,0.9931000289553334,True
The Future of Smart Clothing: A Kit Designed to Detect Vital Health Parameters,"Chauhan, Jigar",Jigar,male,0.9999839050952161,True
Automatic baseline-sample-selection scheme for baseline predictive maintenance,"Chen, Chun-Fang",Chun,male,0.9816926028175558,True
Automatic baseline-sample-selection scheme for baseline predictive maintenance,"Hsieh, Yao-Sheng",Yao,male,0.9931221313871769,True
Automatic baseline-sample-selection scheme for baseline predictive maintenance,"Cheng, Fan-Tien",Fan,female,0.7049472782559173,False
Automatic baseline-sample-selection scheme for baseline predictive maintenance,"Huang, Hsien-Cheng",Hsien,male,0.980518283425056,True
Automatic baseline-sample-selection scheme for baseline predictive maintenance,"Wang, Saint-Chi",Saint,male,0.9886048891494889,True
Producing BPEL models from text,"Siddiqui, Habiba",Habiba,female,0.9999927564078062,True
Producing BPEL models from text,"Bajwa, Imran Sarwar",Imran,male,0.9991398072144694,True
Producing BPEL models from text,"Tabassum, Dur-e-sameen",Dur,unknown,0.5262028833990733,False
Producing BPEL models from text,"Ramzan, Shabana",Shabana,female,0.9999958989303704,True
Heart Rate Monitor for Portable MP3 Player,"Kim, Jaywoo",Jaywoo,unknown,0.7305189693743874,False
Heart Rate Monitor for Portable MP3 Player,"Lee, Mi-hee",Mi,female,0.9816196733939091,True
Heart Rate Monitor for Portable MP3 Player,"Lee, Hyoung-Ki",Hyoung,unknown,0.740625755772529,False
Heart Rate Monitor for Portable MP3 Player,"Choi, Kiwan",Kiwan,male,0.9999673022189276,True
Heart Rate Monitor for Portable MP3 Player,"Bang, Seokwon",Seokwon,unknown,0.7324498646029576,False
Heart Rate Monitor for Portable MP3 Player,"Kim, Sangryong",Sangryong,unknown,0.5463427652983114,False
Wideband optical logic gates based on a 3×3 multi-mode interference coupler,"Le, Chien V.",Chien,male,0.9915046944471986,True
Wideband optical logic gates based on a 3×3 multi-mode interference coupler,"Nguyen, Dien V.",Dien,unknown,0.5740671427438762,False
Wideband optical logic gates based on a 3×3 multi-mode interference coupler,"Nguyen, Ngan T. K.",Ngan,female,0.9907129171511855,True
Wideband optical logic gates based on a 3×3 multi-mode interference coupler,"Le, Tuyen T. T.",Tuyen,unknown,0.7410069317277653,False
Wideband optical logic gates based on a 3×3 multi-mode interference coupler,"Tang-Tan, Chien",Chien,male,0.9915046944471986,True
Wideband optical logic gates based on a 3×3 multi-mode interference coupler,"Dung Truong, Cao",Cao,male,0.9903872896282412,True
Wideband optical logic gates based on a 3×3 multi-mode interference coupler,"Nguyen Tan, Hung",Hung,male,0.9955319521423724,True
A Beam-Propagation Method Using Both Electric and Magnetic Fields,"Nito, Yuta",Yuta,male,0.9894963162573843,True
A Beam-Propagation Method Using Both Electric and Magnetic Fields,"Oda, Takuma",Takuma,male,0.9995567230283124,True
A Beam-Propagation Method Using Both Electric and Magnetic Fields,"Takase, Shinji",Shinji,male,0.9951767257595686,True
A Beam-Propagation Method Using Both Electric and Magnetic Fields,"Yamauchi, Junji",Junji,male,0.9976175762059468,True
A Beam-Propagation Method Using Both Electric and Magnetic Fields,"Nakano, Hisamatsu",Hisamatsu,female,0.5239129542152096,False
Design and performance study of optical logic gates using Ti:KNbO3 based waveguide at 1.55 μm,"Khatun, Rabeya",Rabeya,female,0.9999751407621406,True
Design and performance study of optical logic gates using Ti:KNbO3 based waveguide at 1.55 μm,"Chowdhury, A. Zahed",,unknown,0,False
Demonstration of Emergent Synthetic Processes,"Swenson, Keith",Keith,male,0.9982254263219633,True
1x4 Visible Light MMI Wavelength Demultiplexer in GaN slot-Waveguide Structure,"Malka, Dror",Dror,male,0.9999717241438172,True
Simulation of Polymer Multimode Interference Thermo-Optic Switch,"Ahmad, N. S.",,unknown,0,False
Simulation of Polymer Multimode Interference Thermo-Optic Switch,"Yaacob, M.",,unknown,0,False
Simulation of Polymer Multimode Interference Thermo-Optic Switch,"Othman, M. B.",,unknown,0,False
Simulation of Polymer Multimode Interference Thermo-Optic Switch,"Ngajikin, N. H.",,unknown,0,False
Simulation of Polymer Multimode Interference Thermo-Optic Switch,"Jaafar, M. B.",,unknown,0,False
Simulation of Polymer Multimode Interference Thermo-Optic Switch,"Ilyas, M. A.",,unknown,0,False
Design of Optical MEMS based Tunable Variable Optical Attenuator,"Kumar, Ishan",Ishan,male,0.9999883373610203,True
Design of Optical MEMS based Tunable Variable Optical Attenuator,"Pattnaik, Prasant Kumar",Prasant,male,0.9897301159150868,True
Prosody in Everyday Japanese Conversation at the Clause Final,"Usuda, Yasuyuki",Yasuyuki,male,0.999551346307097,True
Access control based on roles and groups: Case study Building a secure Smart Hospital using BPMS,"Asma, Daassa",Daassa,unknown,0.6175989654533274,False
Access control based on roles and groups: Case study Building a secure Smart Hospital using BPMS,"Mohsen, Machhout",Machhout,unknown,0.6759465167548004,False
Access control based on roles and groups: Case study Building a secure Smart Hospital using BPMS,"Ghannouchi, Sonia Ayachi",Sonia,female,0.9999923290636098,True
Access control based on roles and groups: Case study Building a secure Smart Hospital using BPMS,"Taoufik, Aguili",Aguili,male,0.9887692935471334,True
An S-bend Based Optical Power Splitter Using GaN/Al2O3,"Purnamaningsih, Retno Wigajatri",Retno,female,0.9825361067943518,True
An S-bend Based Optical Power Splitter Using GaN/Al2O3,"Rijal, Syamsu E.",Syamsu,male,0.9835249177943983,True
An S-bend Based Optical Power Splitter Using GaN/Al2O3,"Gumilar, Muhammad Raditya",Muhammad,male,0.9999971836173159,True
An S-bend Based Optical Power Splitter Using GaN/Al2O3,"Dipta, Narendra Putra",Narendra,male,0.996465440428174,True
Formation of business solutions of cognitive economy,"Brusakova, I. A.",,unknown,0,False
Finite Difference Beam Propagation Method Applied to Photonic Crystal Fibres,"Zdanowicz, Mariusz",Mariusz,male,0.9992572892933651,True
Finite Difference Beam Propagation Method Applied to Photonic Crystal Fibres,"Marciniak, Marian",Marian,female,0.998937269301458,True
Finite Difference Beam Propagation Method Applied to Photonic Crystal Fibres,"Jaworski, Marek",Marek,male,0.9999483104588682,True
Finite Difference Beam Propagation Method Applied to Photonic Crystal Fibres,"Bekker, Ella",Ella,female,0.9999964991992288,True
Finite Difference Beam Propagation Method Applied to Photonic Crystal Fibres,"Benson, Trevor",Trevor,male,0.9999947229669767,True
Recording Performance Analysis of Pre-patterned-deposition Bit Patterned Media through Micromagnetic Simulation,"Xu, Shu",Shu,female,0.8174134311698968,True
Recording Performance Analysis of Pre-patterned-deposition Bit Patterned Media through Micromagnetic Simulation,"Liu, Jie",Jie,male,0.5239159993068604,False
Recording Performance Analysis of Pre-patterned-deposition Bit Patterned Media through Micromagnetic Simulation,"Chen, Jincai",Jincai,male,0.9392853295565758,True
Recording Performance Analysis of Pre-patterned-deposition Bit Patterned Media through Micromagnetic Simulation,"Zhou, Gongye",Gongye,unknown,0.5269301677626986,False
A Simple Approach to Detect and Count Missing Cardiac Pulses and PPG Based Heart Rate Sensing,"Jana, Soumyadip",Soumyadip,male,0.9984995062464992,True
A Simple Approach to Detect and Count Missing Cardiac Pulses and PPG Based Heart Rate Sensing,"Mullick, Souradeep",Souradeep,male,0.9990659217630407,True
A Simple Approach to Detect and Count Missing Cardiac Pulses and PPG Based Heart Rate Sensing,"Sarkar, Sayan",Sayan,male,0.9982092075593462,True
A Simple Approach to Detect and Count Missing Cardiac Pulses and PPG Based Heart Rate Sensing,"Pal, Partha Sarathi",Partha,male,0.9978044480931605,True
Design Thinking and Innovative Tool Use in Business Model,"Singhi, Nitika",Nitika,female,0.999999100691498,True
Design Thinking and Innovative Tool Use in Business Model,"Verma, Ankush",Ankush,male,0.9998860433858728,True
Design Thinking and Innovative Tool Use in Business Model,"Agrawal, Atul",Atul,male,0.9998818540437993,True
Design Thinking and Innovative Tool Use in Business Model,"Khan, Irfan",Irfan,male,0.999976727801009,True
A Method of Virtual Array Aperture Extension for FMCW MIMO Phase-Coded Radar,"Zhang, Cheng",Cheng,male,0.9844419389561052,True
A Method of Virtual Array Aperture Extension for FMCW MIMO Phase-Coded Radar,"Zhang, Gong",Gong,male,0.9313754823582509,True
Analysis and design of novel photonic active devices based on dilute nitrides,"Calò, Giovanna",Giovanna,female,0.9999950014819379,True
Analysis and design of novel photonic active devices based on dilute nitrides,"Alexandropoulos, Dimitris",Dimitris,male,0.9999193920782357,True
Analysis and design of novel photonic active devices based on dilute nitrides,"D'Orazio, Antonella",Antonella,female,0.9999976482666009,True
Analysis and design of novel photonic active devices based on dilute nitrides,"Petruzzelli, Vincenzo",Vincenzo,male,0.9998085367289719,True
A Method for Ecological Process Optimization Based on Compliance Checking,"Lübbecke, Patrick",Patrick,male,0.9999373211096793,True
A Method for Ecological Process Optimization Based on Compliance Checking,"Goswami, Abhishek",Abhishek,male,0.9999964018659365,True
A Method for Ecological Process Optimization Based on Compliance Checking,"Fettke, Peter",Peter,male,0.9999580684529622,True
Conceptual approach for gathering SPL requirement from goal model,"Shofi, Imam Marzuki",Imam,male,0.9998158449012277,True
Conceptual approach for gathering SPL requirement from goal model,"Fajar, Ahmad Nurul",Ahmad,male,0.9999926458308085,True
Realization of SWAP Gate using Electro-Optic Phenomenon-based Mach-Zehnder Interferometer,"Prajapat, Manisha",Manisha,female,0.9999910746300993,True
Realization of SWAP Gate using Electro-Optic Phenomenon-based Mach-Zehnder Interferometer,"Choure, Kamal Kishor",Kamal,male,0.9994526958684481,True
Realization of SWAP Gate using Electro-Optic Phenomenon-based Mach-Zehnder Interferometer,"Devi, Pukhrambam Puspa",Pukhrambam,male,0.9833234808753756,True
Realization of SWAP Gate using Electro-Optic Phenomenon-based Mach-Zehnder Interferometer,"Singh, Ghanshyam",Ghanshyam,male,0.9983823435636916,True
HIL testing of a compact Beam Position Monitor diagnostic for particle accelerators,"Badillo, I.",,unknown,0,False
HIL testing of a compact Beam Position Monitor diagnostic for particle accelerators,"Jugo, J.",,unknown,0,False
HIL testing of a compact Beam Position Monitor diagnostic for particle accelerators,"San Vicente, C.",,unknown,0,False
HIL testing of a compact Beam Position Monitor diagnostic for particle accelerators,"Portilla, J.",,unknown,0,False
HIL testing of a compact Beam Position Monitor diagnostic for particle accelerators,"Feuchtwanger, J.",,unknown,0,False
HIL testing of a compact Beam Position Monitor diagnostic for particle accelerators,"Etxebarria, V.",,unknown,0,False
Data Analytics in Improved Bankruptcy Prediction with Industrial Risk,"Mann, Sonia Chandini",Sonia,female,0.9999923290636098,True
Data Analytics in Improved Bankruptcy Prediction with Industrial Risk,"Logeswaran, Rajasvaran",Rajasvaran,unknown,0.6609046619685426,False
Iterative LDPC-LDPC product code for bit patterned media,"Jeong, Seongkwon",Seongkwon,male,0.7216281723113112,False
Iterative LDPC-LDPC product code for bit patterned media,"Lee, Jaejin",Jaejin,male,0.9860768212298439,True
Effective Classification of Enterprise Reports in Production Assessment,"Longheu, A.",,unknown,0,False
Effective Classification of Enterprise Reports in Production Assessment,"Malgeri, M.",,unknown,0,False
Effective Classification of Enterprise Reports in Production Assessment,"Carchiolo, V.",,unknown,0,False
Effective Classification of Enterprise Reports in Production Assessment,"Mangioni, G.",,unknown,0,False
Effective Classification of Enterprise Reports in Production Assessment,"Caruso, C.",,unknown,0,False
Effective Classification of Enterprise Reports in Production Assessment,"Sau, Simona",Simona,female,0.9999852631380117,True
Effective Classification of Enterprise Reports in Production Assessment,"Saccullo, Giuseppe",Giuseppe,male,0.9998656437376092,True
The BPMSOA: Linking Utility Grid Services with Executable Business Processes using the Π-ADL based Proxy Router,"Khan, Zaheer Abbas",Zaheer,male,0.9999802229494615,True
The BPMSOA: Linking Utility Grid Services with Executable Business Processes using the Π-ADL based Proxy Router,"Odeh, Mohammed",Mohammed,male,0.99999732840862,True
"Building a Workflow Engine for a Real World Use Case, Using Mature Java Components","Teira, Manuel",Manuel,male,0.9999796545255559,True
"Building a Workflow Engine for a Real World Use Case, Using Mature Java Components","Diez, Óscar J.",Óscar,male,0.999498918373465,True
The research of business modeling technologies for informative-communicative systems design,"Maslyanko, P.",,unknown,0,False
The research of business modeling technologies for informative-communicative systems design,"Maystrenko, O.",,unknown,0,False
Analyzing the Use of Blockchains for Challenges in Inter-organizational Business Processes,"Kjäer, Martin",Martin,male,0.9998539477569732,True
Novel control and peripheral technologies proposed for future hard disk drives,"Ono, Hiroyuki",Hiroyuki,male,0.9995810831380032,True
Design for mode field coupling of active and passive waveguide,"Dai, Shuangxing",Shuangxing,unknown,0.5722672494037464,False
Design for mode field coupling of active and passive waveguide,"Yu, Lijuan",Lijuan,female,0.8931079810178578,True
Design for mode field coupling of active and passive waveguide,"Liu, Jianguo",Jianguo,male,0.9940339246353969,True
Design for mode field coupling of active and passive waveguide,"Zhu, Ninghua",Ninghua,female,0.9791969756395992,True
Loosely-Coupled SOA Service Access Provisioning,"Gu, Sean",Sean,male,0.9999700173452581,True
Design of the material control system based on service oriented architecture,"An, Min-Jeong",Min,female,0.7232168581934333,False
Design of the material control system based on service oriented architecture,"Lee, Hong-Chul",Hong,female,0.711999011631038,False
Design of the material control system based on service oriented architecture,"Jin, Hye-Jin",Hye,female,0.999378251992488,True
Rigorous numerical analysis of mode beating in tapered semiconductor amplifiers,"Rahman, B.M.A.",B.M.A.,unknown,0.7358270516185584,False
Rigorous numerical analysis of mode beating in tapered semiconductor amplifiers,"Abdallah, R.",,unknown,0,False
Rigorous numerical analysis of mode beating in tapered semiconductor amplifiers,"Rajarajan, M.",,unknown,0,False
Rigorous numerical analysis of mode beating in tapered semiconductor amplifiers,"Obayya, S.S.A.",S.S.A.,unknown,0.7254266393462451,False
Rigorous numerical analysis of mode beating in tapered semiconductor amplifiers,"Grattan, K.T.V.",K.T.V.,unknown,0.5906501948640452,False
Study of p-ICN defined performance measurement Enterprise Architecture,"Yoon, Byeongnam",Byeongnam,male,0.6391254352655503,False
Study of p-ICN defined performance measurement Enterprise Architecture,"Kim, Kwanghoon",Kwanghoon,unknown,0.690362626434451,False
Study of p-ICN defined performance measurement Enterprise Architecture,"Dinh Lam, Pham",Pham,male,0.8838486432376136,True
Study of p-ICN defined performance measurement Enterprise Architecture,"Dat, Pham Thanh",Pham,male,0.8838486432376136,True
Study of p-ICN defined performance measurement Enterprise Architecture,"Vu, Vu Viet",Vu,male,0.992069262306445,True
Study of p-ICN defined performance measurement Enterprise Architecture,"Quan, Do Hong",Do,male,0.9892131965751871,True
Study of p-ICN defined performance measurement Enterprise Architecture,"Toan, Do Nang",Do,male,0.9892131965751871,True
Process Based Enterprise Architecture Building,"Callas, G.",,unknown,0,False
Validation and numerical parameter study of a semi-empirical trailing edge noise model,"Dhawan, Prabhjot Kaur",Prabhjot,male,0.981754016731333,True
Validation and numerical parameter study of a semi-empirical trailing edge noise model,"Lee, Seongkyu",Seongkyu,unknown,0.5268774007709648,False
GME: A Contemporary Approach Workflow Process Improvement of Software by Uncovering Hidden Transactions of a Healthcare Legacy Application,"Sharma, Shashank",Shashank,male,0.9998910190127097,True
GME: A Contemporary Approach Workflow Process Improvement of Software by Uncovering Hidden Transactions of a Healthcare Legacy Application,"Srivastava, Sumit",Sumit,male,0.9996284825003341,True
Liquid-level sensor based on SMS fiber structure,"Zhao, Yu",Yu,female,0.8656251027956705,True
Liquid-level sensor based on SMS fiber structure,"Jin, Yongxing",Yongxing,male,0.9810323851782295,True
Liquid-level sensor based on SMS fiber structure,"Wang, Jianfeng",Jianfeng,male,0.9791896653612104,True
The systematic analysis and implementation of optical simulation software,"Yan, Xisheng",Xisheng,male,0.9757180781120925,True
The systematic analysis and implementation of optical simulation software,"Guo, Yushun",Yushun,male,0.6632278235035368,False
The systematic analysis and implementation of optical simulation software,"Lu, Shanying",Shanying,female,0.982710300788947,True
The systematic analysis and implementation of optical simulation software,"Zhou, Lei",Lei,female,0.9773825880925103,True
Enhancing Heart Rate Detection Accuracy Through the Kalman Filter Algorithm,"Manullang, Mangasa A. S.",Mangasa,female,0.9906666010010734,True
Enhancing Heart Rate Detection Accuracy Through the Kalman Filter Algorithm,"Sihombing, Poltak",Poltak,male,0.9991670727784007,True
Enhancing Heart Rate Detection Accuracy Through the Kalman Filter Algorithm,"Nasution, Mahyuddin K. M.",Mahyuddin,male,0.9824663100430351,True
Research on the Effect of Flickering Speed on the Utility of Warning Incandescent Light,"Lin, Tsen-Fang",Tsen,male,0.9655963007586921,True
Research on the Effect of Flickering Speed on the Utility of Warning Incandescent Light,"Wang, Chiang-Shun",Chiang,unknown,0.6572187917921486,False
Redesign of Data-based Lean Management-Oriented Business Processes in the Textile Industry,"Leiva-Ramos, Evelyn",Evelyn,female,0.9999608528124582,True
Redesign of Data-based Lean Management-Oriented Business Processes in the Textile Industry,"Mantilla-Cubas, Manuel",Manuel,male,0.9999796545255559,True
Redesign of Data-based Lean Management-Oriented Business Processes in the Textile Industry,"Cerdán, Carlos Maceda",Carlos,male,0.9999630239120895,True
Redesign of Data-based Lean Management-Oriented Business Processes in the Textile Industry,"Yildiz, Orkun",Orkun,male,0.9997457354415589,True
Redesign of Data-based Lean Management-Oriented Business Processes in the Textile Industry,"Alvarez, José C.",José,male,0.9960913709996708,True
Improved vectorial finite-element BPM analysis for transverse anisotropic media,"da Silva, J.P.",J.P.,male,0.9970786934329977,True
Improved vectorial finite-element BPM analysis for transverse anisotropic media,"Hernandez-Figueroa, H.E.",H.E.,male,0.9859796456875706,True
Improved vectorial finite-element BPM analysis for transverse anisotropic media,"Frasson, A.M.F.",A.M.F.,unknown,0.7108855416036803,False
A finite difference BPM analysis of bent dielectric waveguides,"Rivera, M.",,unknown,0,False
A new full-vectorial FD-BPM scheme: application to the analysis of magnetooptic and nonlinear saturable media,"Alcantara, L.D.S.",L.D.S.,unknown,0.6485884092581596,False
A new full-vectorial FD-BPM scheme: application to the analysis of magnetooptic and nonlinear saturable media,"Teixeira, F.L.",F.L.,unknown,0.6367914079013304,False
A new full-vectorial FD-BPM scheme: application to the analysis of magnetooptic and nonlinear saturable media,"Cesar, A.C.",A.C.,male,0.9835004458652326,True
A new full-vectorial FD-BPM scheme: application to the analysis of magnetooptic and nonlinear saturable media,"Borges, B.-H.V.",B.,unknown,0.5457824593494744,False
Efficient Shape and Topology Optimization Based on Sensitivity Analysis for Optical Waveguide Devices Utilizing Full-Vectorial BPM,"Iguchi, Akito",Akito,male,0.9993234284036625,True
Efficient Shape and Topology Optimization Based on Sensitivity Analysis for Optical Waveguide Devices Utilizing Full-Vectorial BPM,"Tsuji, Yasuhide",Yasuhide,male,0.9913747261695368,True
Efficient Shape and Topology Optimization Based on Sensitivity Analysis for Optical Waveguide Devices Utilizing Full-Vectorial BPM,"Yasui, Takashi",Takashi,male,0.9997988481962545,True
Efficient Shape and Topology Optimization Based on Sensitivity Analysis for Optical Waveguide Devices Utilizing Full-Vectorial BPM,"Hirayama, Koichi",Koichi,male,0.9996531134939449,True
Insider Threat: Enhancing BPM through Social Media,"Gritzalis, Dimitris",Dimitris,male,0.9999193920782357,True
Insider Threat: Enhancing BPM through Social Media,"Stavrou, Vasilis",Vasilis,male,0.9997307252837163,True
Insider Threat: Enhancing BPM through Social Media,"Kandias, Miltiadis",Miltiadis,male,0.9952313026067809,True
Insider Threat: Enhancing BPM through Social Media,"Stergiopoulos, George",George,male,0.9999684085414767,True
Scalar BPM analyses of TE and TM polarized fields in bent waveguides,"Song, Won Jay",Won,male,0.9967423370712832,True
Scalar BPM analyses of TE and TM polarized fields in bent waveguides,"Song, G.H.",G.H.,male,0.9888270053287055,True
Scalar BPM analyses of TE and TM polarized fields in bent waveguides,"Ahn, Byung Ha",Byung,male,0.9885872004756096,True
Scalar BPM analyses of TE and TM polarized fields in bent waveguides,"Kang, Minho",Minho,male,0.9937471345895942,True
Requirements engineering for e-business systems: integrating Jackson problem diagrams with goal modeling and BPM,"Bleistein, S.J.",S.J.,male,0.8373842056812315,True
Requirements engineering for e-business systems: integrating Jackson problem diagrams with goal modeling and BPM,"Cox, K.",,unknown,0,False
Requirements engineering for e-business systems: integrating Jackson problem diagrams with goal modeling and BPM,"Verner, J.",,unknown,0,False
Representing Unique Stakeholder Perspectives in BPM Notations,"Monsalve, Carlos",Carlos,male,0.9999630239120895,True
Representing Unique Stakeholder Perspectives in BPM Notations,"April, Alain",Alain,male,0.9997547561521526,True
Representing Unique Stakeholder Perspectives in BPM Notations,"Abran, Alain",Alain,male,0.9997547561521526,True
Achieving Intention-Centric BPM through Automated Planning,"van Beest, Nick R. T. P.",Nick,male,0.9999194880658754,True
Achieving Intention-Centric BPM through Automated Planning,"Russell, Nick",Nick,male,0.9999194880658754,True
Achieving Intention-Centric BPM through Automated Planning,"ter Hofstede, Arthur H. M.",Arthur,male,0.9999849927075136,True
Achieving Intention-Centric BPM through Automated Planning,"Lazovik, Alexander",Alexander,male,0.9999914495946162,True
Beats-Per-Minute (BPM): A Microservice-based Platform for the Monitoring of Health Related Data via Activity Trackers,"O’Brien, Orla",Orla,female,0.9990178236514374,True
Beats-Per-Minute (BPM): A Microservice-based Platform for the Monitoring of Health Related Data via Activity Trackers,"O’Reilly, Ruairi Donagh",Ruairi,male,0.9994191173615451,True
BPM design optimization and experimental improvement of a Ti:LiNbO/sub 3/ ridge waveguide linear-mode confinement modulator,"Sekerka-Bajbus, M.A.",M.A.,male,0.9835786431698633,True
BPM design optimization and experimental improvement of a Ti:LiNbO/sub 3/ ridge waveguide linear-mode confinement modulator,"Yip, G.L.",G.L.,male,0.9797985852456911,True
BPM design optimization and experimental improvement of a Ti:LiNbO/sub 3/ ridge waveguide linear-mode confinement modulator,"Goto, N.",,unknown,0,False
Managing Security Objects and -Processes Using an Extended BPM Approach and -System,"Küster, Jochen",Jochen,male,0.999994958067544,True
Managing Security Objects and -Processes Using an Extended BPM Approach and -System,"Meyer, Niklaus",Niklaus,male,0.9999174507883163,True
Managing Security Objects and -Processes Using an Extended BPM Approach and -System,"Völzer, Hagen",Hagen,male,0.9993113223299143,True
Managing Security Objects and -Processes Using an Extended BPM Approach and -System,"Dubovitskaya, Maria",Maria,female,0.9999948398304921,True
Managing Security Objects and -Processes Using an Extended BPM Approach and -System,"Osborne, Michael",Michael,male,0.9999876221560686,True
Managing Security Objects and -Processes Using an Extended BPM Approach and -System,"Tanner, Axel",Axel,male,0.9999905585480233,True
Scalar BPM analyses of TE and TM polarized fields in bent waveguides,"Song, Won Jay",Won,male,0.9967423370712832,True
Scalar BPM analyses of TE and TM polarized fields in bent waveguides,"Ahn, Byung Ha",Byung,male,0.9885872004756096,True
Asteroseismology of PG 1541 + 651 and BPM 31594 with TESS,"Romero, Alejandra D",Alejandra,female,0.9999857993249031,True
Asteroseismology of PG 1541 + 651 and BPM 31594 with TESS,"da Rosa, Gabriela Oliveira",Gabriela,female,0.9999942912800749,True
Asteroseismology of PG 1541 + 651 and BPM 31594 with TESS,"Kepler, S O",S,male,0.5264568109047335,False
Asteroseismology of PG 1541 + 651 and BPM 31594 with TESS,"Bradley, Paul A",Paul,male,0.999990342528266,True
Asteroseismology of PG 1541 + 651 and BPM 31594 with TESS,"Uzundag, Murat",Murat,male,0.9999117439328301,True
Asteroseismology of PG 1541 + 651 and BPM 31594 with TESS,"Bell, Keaton J",Keaton,male,0.9989367054542199,True
Asteroseismology of PG 1541 + 651 and BPM 31594 with TESS,"Hermes, J J",J,unknown,0.5673739254493962,False
Asteroseismology of PG 1541 + 651 and BPM 31594 with TESS,"Lauffer, G R",G,unknown,0.543533679461437,False
BPM-Numerical Study of Microstructured Fiber With High Difference Index Profile,"Lavoute, Laure",Laure,female,0.9999558639755768,True
BPM-Numerical Study of Microstructured Fiber With High Difference Index Profile,"Roy, Aude",Aude,female,0.9984562840203749,True
BPM-Numerical Study of Microstructured Fiber With High Difference Index Profile,"Leproux, Philippe",Philippe,male,0.999830316752672,True
BPM-Numerical Study of Microstructured Fiber With High Difference Index Profile,"Roy, Philippe",Philippe,male,0.999830316752672,True
BPM-Numerical Study of Microstructured Fiber With High Difference Index Profile,"Suran, Eric",Eric,male,0.9999798907567824,True
Batch Regions: Process Instance Synchronization Based on Data,"Pufahl, Luise",Luise,female,0.9998936197750643,True
Batch Regions: Process Instance Synchronization Based on Data,"Meyer, Andreas",Andreas,male,0.9999763395171621,True
Batch Regions: Process Instance Synchronization Based on Data,"Weske, Mathias",Mathias,male,0.999948038650782,True
An approach to the decomposition of business processes for execution in the Cloud,"Povoa, Lucas Venezian",Lucas,male,0.9999718945700141,True
An approach to the decomposition of business processes for execution in the Cloud,"de Souza, Wanderley Lopes",Wanderley,male,0.9939610997136697,True
An approach to the decomposition of business processes for execution in the Cloud,"Pires, Luís Ferreira",Luís,male,0.9971090531412131,True
An approach to the decomposition of business processes for execution in the Cloud,"do Prado, Antonio Francisco",Antonio,male,0.9999433950349952,True
PBI: A Path-Based Bitmap Index for Efficient Process Analysis in Cloud Computing Environment,"Yang, Linqing",Linqing,unknown,0.6056671122214524,False
PBI: A Path-Based Bitmap Index for Efficient Process Analysis in Cloud Computing Environment,"Li, Shun",Shun,male,0.9978453513981991,True
PBI: A Path-Based Bitmap Index for Efficient Process Analysis in Cloud Computing Environment,"Chen, Wei",Wei,male,0.8353828445774668,True
PBI: A Path-Based Bitmap Index for Efficient Process Analysis in Cloud Computing Environment,"Lei, Kai",Kai,male,0.9819597256365221,True
PBI: A Path-Based Bitmap Index for Efficient Process Analysis in Cloud Computing Environment,"Wang, Tengjiao",Tengjiao,male,0.9829485491615613,True
BPIDE: A Business Process IDE Supporting Multi-role Collaboration,"Deng, Fanxin",Fanxin,male,0.9992262924721476,True
BPIDE: A Business Process IDE Supporting Multi-role Collaboration,"Sun, Hailong",Hailong,male,0.9832127259199327,True
BPIDE: A Business Process IDE Supporting Multi-role Collaboration,"Li, Xiang",Xiang,male,0.9794549559775189,True
In-Line Abrupt Taper Optical Fiber Mach–Zehnder Interferometric Strain Sensor,"Tian, Zhaobing",Zhaobing,male,0.8960979663879136,True
In-Line Abrupt Taper Optical Fiber Mach–Zehnder Interferometric Strain Sensor,"Yam, Scott S.-H.",Scott,male,0.9999236777795567,True
Application of Image Processing to Characterize Patterning Noise in Self-Assembled Nano-Masks for Bit-Patterned Media,"Nabavi, Sheida",Sheida,female,0.9999966704425499,True
Application of Image Processing to Characterize Patterning Noise in Self-Assembled Nano-Masks for Bit-Patterned Media,"Kumar, B. V. K. Vijaya",,unknown,0,False
Application of Image Processing to Characterize Patterning Noise in Self-Assembled Nano-Masks for Bit-Patterned Media,"Bain, James A.",James,male,0.9999966559619894,True
Application of Image Processing to Characterize Patterning Noise in Self-Assembled Nano-Masks for Bit-Patterned Media,"Hogg, Chip",Chip,male,0.9999806659494597,True
Application of Image Processing to Characterize Patterning Noise in Self-Assembled Nano-Masks for Bit-Patterned Media,"Majetich, Sara A.",Sara,female,0.999983890493743,True
Charge equalization of battery power modules in series,"Hong, Wei",Wei,male,0.8353828445774668,True
Charge equalization of battery power modules in series,"Ng, Kong-Soon",Kong,male,0.9938910164248087,True
Charge equalization of battery power modules in series,"Hu, Jin-Hsin",Jin,male,0.7377281243241545,False
Charge equalization of battery power modules in series,"Moo, Chin-Sien",Chin,male,0.9814689338710207,True
Beam Propagation Analysis of Polarization Rotation in Soft Glass Nematic Liquid Crystal Photonic Crystal Fibers,"Hameed, Mohamed Farhat O.",Mohamed,male,0.9999971268152898,True
Beam Propagation Analysis of Polarization Rotation in Soft Glass Nematic Liquid Crystal Photonic Crystal Fibers,"Obayya, Salah S. A.",Salah,male,0.9979862399704431,True
Beam Propagation Analysis of Polarization Rotation in Soft Glass Nematic Liquid Crystal Photonic Crystal Fibers,"Wiltshire, Ron J.",Ron,male,0.999971535920648,True
Balanced discharging for serial battery power modules with boost converters,"Yu, Li-Ren",Li,female,0.9821247080400133,True
Balanced discharging for serial battery power modules with boost converters,"Hsieh, Yao-Ching",Yao,male,0.9931221313871769,True
Balanced discharging for serial battery power modules with boost converters,"Liu, Wei-Chen",Wei,male,0.8353828445774668,True
Balanced discharging for serial battery power modules with boost converters,"Moo, Chin-Sien",Chin,male,0.9814689338710207,True
Coupled Waveguide Polarization Splitter With Slightly Different Core Widths,"Yamazaki, Tomohide",Tomohide,male,0.9939808721891056,True
Coupled Waveguide Polarization Splitter With Slightly Different Core Widths,"Aono, Hideaki",Hideaki,male,0.9917023485481563,True
Coupled Waveguide Polarization Splitter With Slightly Different Core Widths,"Yamauchi, Junji",Junji,male,0.9976175762059468,True
Coupled Waveguide Polarization Splitter With Slightly Different Core Widths,"Nakano, Hisamatsu",Hisamatsu,female,0.5239129542152096,False
A Photonic UWB Generator Reconfigurable for Multiple Modulation Formats,"Pan, Shilong",Shilong,male,0.9831250466830144,True
A Photonic UWB Generator Reconfigurable for Multiple Modulation Formats,"Yao, Jianping",Jianping,female,0.57857560259806,False
A three-dimensional horizontally wide-angle noniterative beam-propagation method based on the alternating-direction implicit scheme,"Shibayama, J.",,unknown,0,False
A three-dimensional horizontally wide-angle noniterative beam-propagation method based on the alternating-direction implicit scheme,"Takahashi, T.",,unknown,0,False
A three-dimensional horizontally wide-angle noniterative beam-propagation method based on the alternating-direction implicit scheme,"Yamauchi, J.",,unknown,0,False
A three-dimensional horizontally wide-angle noniterative beam-propagation method based on the alternating-direction implicit scheme,"Nakano, H.",,unknown,0,False
Modeling a 1 \times 8 MMI Green Light Power Splitter Based on Gallium-Nitride Slot Waveguide Structure,"Nikolaevsky, Lev",Lev,male,0.9999722848296432,True
Modeling a 1 \times 8 MMI Green Light Power Splitter Based on Gallium-Nitride Slot Waveguide Structure,"Shchori, Tal",Tal,male,0.987102525862758,True
Modeling a 1 \times 8 MMI Green Light Power Splitter Based on Gallium-Nitride Slot Waveguide Structure,"Malka, Dror",Dror,male,0.9999717241438172,True
Computing Optimal Waveguide Bends With Constant Width,"Hu, Zhen",Zhen,male,0.9764177145616529,True
Computing Optimal Waveguide Bends With Constant Width,"Lu, Ya Yan",Ya,female,0.8033026150741812,True
Machine Learning based Cardiac Arrhythmia detection from ECG signal,"Subramanian, Kavya",Kavya,female,0.9999683873113567,True
Machine Learning based Cardiac Arrhythmia detection from ECG signal,"Prakash, N Krishna",N,female,0.5262017232543487,False
Picket-Shift Codes for Bit-Patterned Media Recording With Insertion/Deletion Errors,"Ng, Yibin",Yibin,male,0.9452504555680703,True
Picket-Shift Codes for Bit-Patterned Media Recording With Insertion/Deletion Errors,"Vijaya Kumar, B. V. K.",,unknown,0,False
Picket-Shift Codes for Bit-Patterned Media Recording With Insertion/Deletion Errors,"Cai, Kui",Kui,male,0.9864641593092822,True
Picket-Shift Codes for Bit-Patterned Media Recording With Insertion/Deletion Errors,"Nabavi, Sheida",Sheida,female,0.9999966704425499,True
Picket-Shift Codes for Bit-Patterned Media Recording With Insertion/Deletion Errors,"Chong, Tow Chong",Tow,male,0.9838667337770632,True
Design of Human Activity Recognition System Using Body Sensor Networks,"Kumari, Kriti",Kriti,female,0.9999006990552095,True
Design of Human Activity Recognition System Using Body Sensor Networks,"Chandankhede, Pankaj H.",Pankaj,male,0.9999652603290254,True
Design of Human Activity Recognition System Using Body Sensor Networks,"Titarmare, Abhijit S.",Abhijit,male,0.9999756859042762,True
Topology Optimization of Optical Waveguide Devices Based on Beam Propagation Method With Sensitivity Analysis,"Iguchi, Akito",Akito,male,0.9993234284036625,True
Topology Optimization of Optical Waveguide Devices Based on Beam Propagation Method With Sensitivity Analysis,"Tsuji, Yasuhide",Yasuhide,male,0.9913747261695368,True
Topology Optimization of Optical Waveguide Devices Based on Beam Propagation Method With Sensitivity Analysis,"Yasui, Takashi",Takashi,male,0.9997988481962545,True
Topology Optimization of Optical Waveguide Devices Based on Beam Propagation Method With Sensitivity Analysis,"Hirayama, Koichi",Koichi,male,0.9996531134939449,True
Operation of battery power modules with series output,"Moo, Chin-Sien",Chin,male,0.9814689338710207,True
Operation of battery power modules with series output,"Ng, Kong-Soon",Kong,male,0.9938910164248087,True
Operation of battery power modules with series output,"Hu, Jin-Shin",Jin,male,0.7377281243241545,False
Fast and Robust Meter and Tempo Recognition for the Automatic Discrimination of Ballroom Dance Styles,"Schuller, Bjorn",Bjorn,male,0.9999919347104388,True
Fast and Robust Meter and Tempo Recognition for the Automatic Discrimination of Ballroom Dance Styles,"Eyben, Florian",Florian,male,0.9999672042878258,True
Fast and Robust Meter and Tempo Recognition for the Automatic Discrimination of Ballroom Dance Styles,"Rigoll, Gerhard",Gerhard,male,0.9999803048551524,True
Shingled Magnetic Recording on Bit Patterned Media at 10 \rm Tb/in^2,"Wang, Sumei",Sumei,female,0.991466758445318,True
Shingled Magnetic Recording on Bit Patterned Media at 10 \rm Tb/in^2,"Wang, Yao",Yao,male,0.9931221313871769,True
Shingled Magnetic Recording on Bit Patterned Media at 10 \rm Tb/in^2,"Victora, R. H.",,unknown,0,False
Heart Rate Monitoring using Pulse Oximetry and development of Fitness Application,"Shruthi, P",P,male,0.5435834627512003,False
Heart Rate Monitoring using Pulse Oximetry and development of Fitness Application,"Resmi, R",R,unknown,0.5464156225985544,False
Fast-Fourier-based three-dimensional full-vectorial beam propagation method,"Lopez-Dona, J.M.",J.M.,male,0.9884007926112052,True
Fast-Fourier-based three-dimensional full-vectorial beam propagation method,"Wanguemert-Perez, J.G.",J.G.,male,0.9911819013614864,True
Fast-Fourier-based three-dimensional full-vectorial beam propagation method,"Molina-Fernandez, I.",,unknown,0,False
PPG signal reconstruction using a combination of discrete wavelet transform and empirical mode decomposition,"Tang, S. K. Deric",,unknown,0,False
PPG signal reconstruction using a combination of discrete wavelet transform and empirical mode decomposition,"Goh, Y. Y. Sebastian",,unknown,0,False
PPG signal reconstruction using a combination of discrete wavelet transform and empirical mode decomposition,"Wong, M. L. Dennis",,unknown,0,False
PPG signal reconstruction using a combination of discrete wavelet transform and empirical mode decomposition,"Lew, Y. L. Eileen",,unknown,0,False
A Branch-Type TE/TM Wave Splitter Using a Light-Guiding Metal Line,"Yamazaki, Tomohide",Tomohide,male,0.9939808721891056,True
A Branch-Type TE/TM Wave Splitter Using a Light-Guiding Metal Line,"Yamauchi, Junji",Junji,male,0.9976175762059468,True
A Branch-Type TE/TM Wave Splitter Using a Light-Guiding Metal Line,"Nakano, Hisamatsu",Hisamatsu,female,0.5239129542152096,False
Device for monitoring people with Alzheimer's disease,"Cazangiu, Teodor",Teodor,male,0.999992198328674,True
Device for monitoring people with Alzheimer's disease,"Argatu, Florin-Ciprian",Florin,male,0.9999563237367514,True
Device for monitoring people with Alzheimer's disease,"Enache, Bogdan-Adrian",Bogdan,male,0.9999861052531946,True
Device for monitoring people with Alzheimer's disease,"Vita, Vasiliki",Vasiliki,female,0.9999926646168737,True
Device for monitoring people with Alzheimer's disease,"Stavros, Ganatsios",Ganatsios,unknown,0.6483739985670068,False
Numerical Investigation of a Kretschmann-Type Surface Plasmon Resonance Waveguide Sensor,"Shibayama, Jun",Jun,male,0.9972113548054844,True
Numerical Investigation of a Kretschmann-Type Surface Plasmon Resonance Waveguide Sensor,"Takeuchi, Taichi",Taichi,male,0.9995197760204807,True
Numerical Investigation of a Kretschmann-Type Surface Plasmon Resonance Waveguide Sensor,"Goto, Naoki",Naoki,male,0.9927861281299435,True
Numerical Investigation of a Kretschmann-Type Surface Plasmon Resonance Waveguide Sensor,"Yamauchi, Junji",Junji,male,0.9976175762059468,True
Numerical Investigation of a Kretschmann-Type Surface Plasmon Resonance Waveguide Sensor,"Nakano, Hisamatsu",Hisamatsu,female,0.5239129542152096,False
IoT Based Real Time Health Monitoring System,"Akash, Md. Rifat Rahman",Md.,male,0.9975021331602927,True
IoT Based Real Time Health Monitoring System,Yousuf,Yousuf,male,0.9999912906711875,True
IoT Based Real Time Health Monitoring System,"Shikder, Kawshik",Kawshik,male,0.9992326030055783,True
Three-Dimensional Numerical Investigation of an Improved Surface Plasmon Resonance Waveguide Sensor,"Shibayama, Jun",Jun,male,0.9972113548054844,True
Dense Cellular Network Analysis With LoS/NLoS Propagation and Bounded Path Loss Model,"Zhang, Zekun",Zekun,male,0.9943320406868117,True
Dense Cellular Network Analysis With LoS/NLoS Propagation and Bounded Path Loss Model,"Qingyang Hu, Rose",Rose,female,0.999817793688302,True
A Three-Dimensional Multistep Horizontally Wide-Angle Beam-Propagation Method Based on the Generalized Douglas Scheme,"Shibayama, Jun",Jun,male,0.9972113548054844,True
A Three-Dimensional Multistep Horizontally Wide-Angle Beam-Propagation Method Based on the Generalized Douglas Scheme,"Takahashi, Tatsuya",Tatsuya,male,0.9971594584714352,True
A Three-Dimensional Multistep Horizontally Wide-Angle Beam-Propagation Method Based on the Generalized Douglas Scheme,"Yamauchi, Junji",Junji,male,0.9976175762059468,True
A Three-Dimensional Multistep Horizontally Wide-Angle Beam-Propagation Method Based on the Generalized Douglas Scheme,"Nakano, Hisamatsu",Hisamatsu,female,0.5239129542152096,False
Proposal of all-optical wavelength-selective switching using waveguide-type Raman amplifiers and 3-dB couplers,"Kishikawa, H.",,unknown,0,False
Proposal of all-optical wavelength-selective switching using waveguide-type Raman amplifiers and 3-dB couplers,"Goto, N.",,unknown,0,False
Dependence of Switching Fields on Island Shape in Bit Patterned Media,"Kalezhi, Josephat",Josephat,male,0.9985490886567224,True
Dependence of Switching Fields on Island Shape in Bit Patterned Media,"Miles, Jim J.",Jim,male,0.999978699711865,True
Dependence of Switching Fields on Island Shape in Bit Patterned Media,"Belle, Branson D.",Branson,male,0.999977127539428,True
Feasibility of Bit Patterned Magnetic Recording With Microwave Assistance Over 5 Tbitps,"Igarashi, M.",,unknown,0,False
Feasibility of Bit Patterned Magnetic Recording With Microwave Assistance Over 5 Tbitps,"Watanabe, K.",,unknown,0,False
Feasibility of Bit Patterned Magnetic Recording With Microwave Assistance Over 5 Tbitps,"Hirayama, Y.",,unknown,0,False
Feasibility of Bit Patterned Magnetic Recording With Microwave Assistance Over 5 Tbitps,"Shiroishi, Y.",,unknown,0,False
Methods of Digital Transformation of Management Systems,"Aleksandrova, Svetlana V.",Svetlana,female,0.9999898478108317,True
Methods of Digital Transformation of Management Systems,"Vasiliev, Victor A.",Victor,male,0.9999862345379419,True
Methods of Digital Transformation of Management Systems,"Aleksandrov, Mark N.",Mark,male,0.999973238313618,True
Tapered Spot Size Converter by Mask-Transfer Self-Written Technology for Optical Interconnection,"Baharudin, Nurul Atiqah",Nurul,female,0.7368645627340786,False
Tapered Spot Size Converter by Mask-Transfer Self-Written Technology for Optical Interconnection,"Fujikawa, Chiemi",Chiemi,female,0.9999714954422878,True
Tapered Spot Size Converter by Mask-Transfer Self-Written Technology for Optical Interconnection,"Mitomi, Osamu",Osamu,male,0.9997626945813269,True
Tapered Spot Size Converter by Mask-Transfer Self-Written Technology for Optical Interconnection,"Suzuki, Akinori",Akinori,male,0.9939898605380396,True
Tapered Spot Size Converter by Mask-Transfer Self-Written Technology for Optical Interconnection,"Taguchi, Shonosuke",Shonosuke,female,0.5266303883099007,False
Tapered Spot Size Converter by Mask-Transfer Self-Written Technology for Optical Interconnection,"Mikami, Osamu",Osamu,male,0.9997626945813269,True
Tapered Spot Size Converter by Mask-Transfer Self-Written Technology for Optical Interconnection,"Ambran, Sumiaty",Sumiaty,female,0.9993226761380587,True
Ion Irradiation-Induced Magnetic Transition of MnGa Alloy Films Studied by X-Ray Magnetic Circular Dichroism and Low-Temperature Hysteresis Loops,"Oshima, D.",,unknown,0,False
Ion Irradiation-Induced Magnetic Transition of MnGa Alloy Films Studied by X-Ray Magnetic Circular Dichroism and Low-Temperature Hysteresis Loops,"Tanimoto, M.",,unknown,0,False
Ion Irradiation-Induced Magnetic Transition of MnGa Alloy Films Studied by X-Ray Magnetic Circular Dichroism and Low-Temperature Hysteresis Loops,"Kato, T.",,unknown,0,False
Ion Irradiation-Induced Magnetic Transition of MnGa Alloy Films Studied by X-Ray Magnetic Circular Dichroism and Low-Temperature Hysteresis Loops,"Fujiwara, Y.",,unknown,0,False
Ion Irradiation-Induced Magnetic Transition of MnGa Alloy Films Studied by X-Ray Magnetic Circular Dichroism and Low-Temperature Hysteresis Loops,"Nakamura, T.",,unknown,0,False
Ion Irradiation-Induced Magnetic Transition of MnGa Alloy Films Studied by X-Ray Magnetic Circular Dichroism and Low-Temperature Hysteresis Loops,"Kotani, Y.",,unknown,0,False
Ion Irradiation-Induced Magnetic Transition of MnGa Alloy Films Studied by X-Ray Magnetic Circular Dichroism and Low-Temperature Hysteresis Loops,"Tsunashima, S.",,unknown,0,False
Ion Irradiation-Induced Magnetic Transition of MnGa Alloy Films Studied by X-Ray Magnetic Circular Dichroism and Low-Temperature Hysteresis Loops,"Iwata, S.",,unknown,0,False
Early stage prediction of sudden cardiac death,"Devi, Reeta",Reeta,female,0.9999965128372607,True
Early stage prediction of sudden cardiac death,"Tyagi, Hitender Kumar",Hitender,male,0.9986201618498616,True
Early stage prediction of sudden cardiac death,"Kumar, Dinesh",Dinesh,male,0.9995552327189386,True
Switching Probability Distribution of Bit Islands in Bit Patterned Media,"Chen, Yunjie",Yunjie,unknown,0.5395884026114824,False
Switching Probability Distribution of Bit Islands in Bit Patterned Media,"Ding, Jun",Jun,male,0.9972113548054844,True
Switching Probability Distribution of Bit Islands in Bit Patterned Media,"Deng, Jie",Jie,male,0.5239159993068604,False
Switching Probability Distribution of Bit Islands in Bit Patterned Media,"Huang, Tianli",Tianli,unknown,0.657112898385907,False
Switching Probability Distribution of Bit Islands in Bit Patterned Media,"Leong, Siang Huei",Siang,unknown,0.6258181808176259,False
Switching Probability Distribution of Bit Islands in Bit Patterned Media,"Shi, Jianzhong",Jianzhong,male,0.9849715389237104,True
Switching Probability Distribution of Bit Islands in Bit Patterned Media,"Zong, Baoyu",Baoyu,unknown,0.6389954414895019,False
Switching Probability Distribution of Bit Islands in Bit Patterned Media,"Ko, Hnin Yu Yu",Hnin,female,0.9994725243180627,True
Switching Probability Distribution of Bit Islands in Bit Patterned Media,"Au, Chun Kit",Chun,male,0.9816926028175558,True
Switching Probability Distribution of Bit Islands in Bit Patterned Media,"Hu, Shengbin",Shengbin,male,0.9974762286214783,True
Switching Probability Distribution of Bit Islands in Bit Patterned Media,"Liu, Bo",Bo,male,0.9936897842165783,True
Modeling Dissimilar Optical Fiber Splices With Substantial Diffusion,"Luo, Jian",Jian,male,0.9975103869595472,True
Designing Smart Wearable to measure Health Parameters,"Kansara, Rashi",Rashi,female,0.9931000289553334,True
Designing Smart Wearable to measure Health Parameters,"Bhojani, Pritee",Pritee,female,0.9962006049523533,True
Designing Smart Wearable to measure Health Parameters,"Chauhan, Jigar",Jigar,male,0.9999839050952161,True
High-Density Shingled Heat-Assisted Recording Using Bit-Patterned Media Subject to Track Misregistration,"Venugopal, Aneesh",Aneesh,male,0.9989807132747123,True
High-Density Shingled Heat-Assisted Recording Using Bit-Patterned Media Subject to Track Misregistration,"Ghoreyeshi, Ali",Ali,male,0.988143397255068,True
High-Density Shingled Heat-Assisted Recording Using Bit-Patterned Media Subject to Track Misregistration,"Victora, R. H",,unknown,0,False
A new approach for collaborative Enterprise Architecture development,"Agievich, Vadim",Vadim,male,0.9998553145817866,True
A new approach for collaborative Enterprise Architecture development,"Taratukhin, Victor",Victor,male,0.9999862345379419,True
A new approach for collaborative Enterprise Architecture development,"Becker, Jörg",Jörg,male,0.9995939947892971,True
A new approach for collaborative Enterprise Architecture development,"Gimranov, Rinat",Rinat,unknown,0.5273713373635973,False
Business process change management based on process model synchronization of multiple abstraction levels,"Weidmann, Monika",Monika,female,0.999996989457821,True
Business process change management based on process model synchronization of multiple abstraction levels,"Alvi, Modood",Modood,male,0.836194524026279,True
Business process change management based on process model synchronization of multiple abstraction levels,"Koetter, Falko",Falko,male,0.9938941136601905,True
Business process change management based on process model synchronization of multiple abstraction levels,"Leymann, Frank",Frank,male,0.999947578866658,True
Business process change management based on process model synchronization of multiple abstraction levels,"Renner, Thomas",Thomas,male,0.9999981017477207,True
Business process change management based on process model synchronization of multiple abstraction levels,"Schumm, David",David,male,0.9999952928042082,True
A Stable Time-Domain Beam Propagation Method for Modeling Ultrashort Optical Pulses,"Masoudi, Husain M.",Husain,male,0.9997616061898512,True
Advanced Case Management Enabled by Business Provenance,"Martens, Axel",Axel,male,0.9999905585480233,True
Advanced Case Management Enabled by Business Provenance,"Slominski, Aleksander",Aleksander,male,0.9999768324209086,True
Advanced Case Management Enabled by Business Provenance,"Lakshmanan, Geetika T.",Geetika,female,0.9999951369923474,True
Advanced Case Management Enabled by Business Provenance,"Mukhi, Nirmal",Nirmal,male,0.9926934171349643,True
Off-Track Detection Based on the Readback Signals in Magnetic Recording,"Myint, Lin Min Min",Lin,female,0.9884401263971199,True
Off-Track Detection Based on the Readback Signals in Magnetic Recording,"Supnithi, Pornchai",Pornchai,male,0.9986753039457397,True
Micromagnetic Recording Field Analysis of a Single-Pole-Type Head for 1–2 \hbox Tbit/in^2,"Kanai, Yasushi",Yasushi,male,0.9997395537075021,True
Micromagnetic Recording Field Analysis of a Single-Pole-Type Head for 1–2 \hbox Tbit/in^2,"Hirasawa, Kazunori",Kazunori,male,0.9997282568150676,True
Micromagnetic Recording Field Analysis of a Single-Pole-Type Head for 1–2 \hbox Tbit/in^2,"Tsukamoto, Toshio",Toshio,male,0.9999854053333862,True
Micromagnetic Recording Field Analysis of a Single-Pole-Type Head for 1–2 \hbox Tbit/in^2,"Yoshida, Kazuetsu",Kazuetsu,unknown,0.5431889914111532,False
Micromagnetic Recording Field Analysis of a Single-Pole-Type Head for 1–2 \hbox Tbit/in^2,"Greaves, Simon John",Simon,male,0.9999853866925988,True
Micromagnetic Recording Field Analysis of a Single-Pole-Type Head for 1–2 \hbox Tbit/in^2,"Muraoka, Hiroaki",Hiroaki,male,0.999687248587225,True
Remote monitoring of heart rate and music to tune the heart rate,Mohana,Mohana,female,0.8586338041641759,True
Remote monitoring of heart rate and music to tune the heart rate,"R, Sagar",Sagar,male,0.9999747225717194,True
Remote monitoring of heart rate and music to tune the heart rate,"Ravish Aradhya, H.V.",H.V.,male,0.9995424574723935,True
A Study of LDPC Coding and Iterative Decoding System in Magnetic Recording System Using Bit-Patterned Medium With Write Error,"Nakamura, Yasuaki",Yasuaki,male,0.9995020415483576,True
A Study of LDPC Coding and Iterative Decoding System in Magnetic Recording System Using Bit-Patterned Medium With Write Error,"Okamoto, Yoshihiro",Yoshihiro,male,0.9999454986202083,True
A Study of LDPC Coding and Iterative Decoding System in Magnetic Recording System Using Bit-Patterned Medium With Write Error,"Osawa, Hisashi",Hisashi,male,0.9997483728014077,True
A Study of LDPC Coding and Iterative Decoding System in Magnetic Recording System Using Bit-Patterned Medium With Write Error,"Aoi, Hajime",Hajime,male,0.9995821127753199,True
A Study of LDPC Coding and Iterative Decoding System in Magnetic Recording System Using Bit-Patterned Medium With Write Error,"Muraoka, Hiroaki",Hiroaki,male,0.999687248587225,True
Operation Strategy and Reliability Analysis of the Control System for the Hybrid Capacitor-Battery Pulsed High Magnetic Field Facility,"Xie, Jianfeng",Jianfeng,male,0.9791896653612104,True
Operation Strategy and Reliability Analysis of the Control System for the Hybrid Capacitor-Battery Pulsed High Magnetic Field Facility,"Han, Xiaotao",Xiaotao,unknown,0.6935795230832376,False
Operation Strategy and Reliability Analysis of the Control System for the Hybrid Capacitor-Battery Pulsed High Magnetic Field Facility,"Ding, Tonghai",Tonghai,male,0.9988335457368525,True
Operation Strategy and Reliability Analysis of the Control System for the Hybrid Capacitor-Battery Pulsed High Magnetic Field Facility,"Shi, Jiangtao",Jiangtao,male,0.9847089604949255,True
Operation Strategy and Reliability Analysis of the Control System for the Hybrid Capacitor-Battery Pulsed High Magnetic Field Facility,"Wang, Min",Min,female,0.7232168581934333,False
Operation Strategy and Reliability Analysis of the Control System for the Hybrid Capacitor-Battery Pulsed High Magnetic Field Facility,"Li, Liang",Liang,male,0.9782482259488245,True
"An Efficient Scalar, Non-Paraxial Beam Propagation Method","Motes, R. Andrew",,unknown,0,False
"An Efficient Scalar, Non-Paraxial Beam Propagation Method","Shakir, Sami A.",Sami,male,0.9853481728140153,True
"An Efficient Scalar, Non-Paraxial Beam Propagation Method","Berdine, Richard W.",Richard,male,0.9999944029565571,True
Signal-Processing Schemes for Multi-Track Recording and Simultaneous Detection Using High Areal Density Bit-Patterned Media Magnetic Recording,"Saito, Hidetoshi",Hidetoshi,male,0.9949724268888096,True
On-the-Fly Collaboration for Legacy Business Process Systems in an Open Service Environment,"Ye, Lin",Lin,female,0.9884401263971199,True
On-the-Fly Collaboration for Legacy Business Process Systems in an Open Service Environment,"Zhu, Biqi",Biqi,unknown,0.5480861220859393,False
On-the-Fly Collaboration for Legacy Business Process Systems in an Open Service Environment,"Hu, Chenglong",Chenglong,male,0.9976466052892453,True
On-the-Fly Collaboration for Legacy Business Process Systems in an Open Service Environment,"Zhang, Liang",Liang,male,0.9782482259488245,True
On-the-Fly Collaboration for Legacy Business Process Systems in an Open Service Environment,"Truong, Hong-Linh",Hong,female,0.711999011631038,False
"Music tempo classification using audio spectrum centroid, audio spectrum flatness, and audio spectrum spread based on MPEG-7 audio features","Lazaro, Alvin",Alvin,male,0.9999617968911683,True
"Music tempo classification using audio spectrum centroid, audio spectrum flatness, and audio spectrum spread based on MPEG-7 audio features","Sarno, Riyanarto",Riyanarto,unknown,0.5283243191216946,False
"Music tempo classification using audio spectrum centroid, audio spectrum flatness, and audio spectrum spread based on MPEG-7 audio features","Andre, R. Johanes",,unknown,0,False
"Music tempo classification using audio spectrum centroid, audio spectrum flatness, and audio spectrum spread based on MPEG-7 audio features","Mahardika, Muhammad Nezar",Muhammad,male,0.9999971836173159,True
Research and Design on the Refinery ERP and EERP Based on SOA and the Component Oriented Technology,"Li, Baoan",Baoan,male,0.9859795255095368,True
Research and Design on the Refinery ERP and EERP Based on SOA and the Component Oriented Technology,"Li, Mingxing",Mingxing,male,0.7750164845712011,True
Microwave-Assisted Magnetic Recording on Dual-Thickness and Dual-Layer Bit-Patterned Media,"Greaves, Simon John",Simon,male,0.9999853866925988,True
Microwave-Assisted Magnetic Recording on Dual-Thickness and Dual-Layer Bit-Patterned Media,"Kanai, Yasushi",Yasushi,male,0.9997395537075021,True
Microwave-Assisted Magnetic Recording on Dual-Thickness and Dual-Layer Bit-Patterned Media,"Muraoka, Hiroaki",Hiroaki,male,0.999687248587225,True
Analysis of a polarization splitter with a multilayer filter using a Pade/spl acute/-operator-based power-conserving fourth-order accurate beam-propagation method,"Yamauchi, J.",,unknown,0,False
Analysis of a polarization splitter with a multilayer filter using a Pade/spl acute/-operator-based power-conserving fourth-order accurate beam-propagation method,"Sumida, K.",,unknown,0,False
Analysis of a polarization splitter with a multilayer filter using a Pade/spl acute/-operator-based power-conserving fourth-order accurate beam-propagation method,"Nakano, H.",,unknown,0,False
Numerical Simulation of the Head/Disk Interface for Bit Patterned Media,"Li, Hui",Hui,female,0.9846458138641376,True
Numerical Simulation of the Head/Disk Interface for Bit Patterned Media,"Talke, Frank E",Frank,male,0.999947578866658,True
Cost Effective Bluetooth Technology Based Emergency Medical Ventilator for Respiratory Support,"Hasan, Md. Mahmudul",Md.,male,0.9975021331602927,True
Cost Effective Bluetooth Technology Based Emergency Medical Ventilator for Respiratory Support,"Rafiul Islam, Md.",Md.,male,0.9975021331602927,True
Cost Effective Bluetooth Technology Based Emergency Medical Ventilator for Respiratory Support,"Ahmed, Wasif",Wasif,male,0.9999707412768138,True
Cost Effective Bluetooth Technology Based Emergency Medical Ventilator for Respiratory Support,"Saqib, Md. Masrur",Md.,male,0.9975021331602927,True
Cost Effective Bluetooth Technology Based Emergency Medical Ventilator for Respiratory Support,"Rafi Rahman, Md",Md,male,0.9994954985908354,True
Cost Effective Bluetooth Technology Based Emergency Medical Ventilator for Respiratory Support,"Uddin, Md. Rafi",Md.,male,0.9975021331602927,True
Cost Effective Bluetooth Technology Based Emergency Medical Ventilator for Respiratory Support,"Masud Rana, Md.",Md.,male,0.9975021331602927,True
Design and fabrication of Fresnel lenses,"Kusko, M.",,unknown,0,False
Design and fabrication of Fresnel lenses,"Avram, A.",,unknown,0,False
Design and fabrication of Fresnel lenses,"Apostol, D.",,unknown,0,False
Event-driven SOA test framework based on BPA-simulation,"Lee, Youngkon",Youngkon,unknown,0.7172599024118956,False
A Low-cost Ambu-bag Based Ventilator for Covid-19 Pandemic,"Kumar, Mohit",Mohit,male,0.9999609966519143,True
A Low-cost Ambu-bag Based Ventilator for Covid-19 Pandemic,"Kumar, Ravinder",Ravinder,male,0.9981436398615072,True
A Low-cost Ambu-bag Based Ventilator for Covid-19 Pandemic,"Kumar, Vishal",Vishal,male,0.9999835055584453,True
A Low-cost Ambu-bag Based Ventilator for Covid-19 Pandemic,"Chander, Amanpreet",Amanpreet,unknown,0.7394209761574781,False
A Low-cost Ambu-bag Based Ventilator for Covid-19 Pandemic,"Gupta, Vivek",Vivek,male,0.9999897231892558,True
A Low-cost Ambu-bag Based Ventilator for Covid-19 Pandemic,"Sahani, Ashish Kumar",Ashish,male,0.9997068476944094,True
Leakage loss and phase variation of a buried directional coupler on a silicon substrate,"Yamauchi, J.",,unknown,0,False
Leakage loss and phase variation of a buried directional coupler on a silicon substrate,"Ose, K.",,unknown,0,False
Leakage loss and phase variation of a buried directional coupler on a silicon substrate,"Shibayama, J.",,unknown,0,False
Leakage loss and phase variation of a buried directional coupler on a silicon substrate,"Nakano, H.",,unknown,0,False
Architecture of remote virtual labs as a service in cloud computing,"Boukil, Naoual",Naoual,female,0.9868042172632271,True
Architecture of remote virtual labs as a service in cloud computing,"Ibriz, Abdelali",Abdelali,male,0.9939989473007105,True
Numerical Simulation of Bearing Force Over Bit-Patterned Media using 3-D DSMC Method,"Dai, Xiangyu",Xiangyu,male,0.8981823196212421,True
Numerical Simulation of Bearing Force Over Bit-Patterned Media using 3-D DSMC Method,"Li, Hui",Hui,female,0.9846458138641376,True
Numerical Simulation of Bearing Force Over Bit-Patterned Media using 3-D DSMC Method,"Shen, Shengnan",Shengnan,female,0.9830858460959337,True
Numerical Simulation of Bearing Force Over Bit-Patterned Media using 3-D DSMC Method,"Cai, Mang",Mang,unknown,0.5707868559197058,False
Numerical Simulation of Bearing Force Over Bit-Patterned Media using 3-D DSMC Method,"Wu, Shijing",Shijing,unknown,0.5312407030523556,False
Generating Subject-Oriented Process Models from Ad-Hoc Interactions of Cognitive Agents,"Kannengiesser, Udo",Udo,male,0.9993990197381508,True
Generating Subject-Oriented Process Models from Ad-Hoc Interactions of Cognitive Agents,"Radmayr, Markus",Markus,male,0.9999735872978276,True
Generating Subject-Oriented Process Models from Ad-Hoc Interactions of Cognitive Agents,"Heininger, Richard",Richard,male,0.9999944029565571,True
Generating Subject-Oriented Process Models from Ad-Hoc Interactions of Cognitive Agents,"Meyer, Nils",Nils,male,0.999609305827729,True
Stability Condition of Finite-Element Beam Propagation Methods in Lossy Waveguides,"Tran, Thang Q.",Thang,male,0.9947130358124149,True
Stability Condition of Finite-Element Beam Propagation Methods in Lossy Waveguides,"Kim, Sangin",Sangin,female,0.8797806362422753,True
Formal Approach for the Development of Business Processes in Terms of Service-Oriented Architectures Using Pi-ADL,"Oquendo, Flavio",Flavio,male,0.9999823753370816,True
An Ontological Approach for Dynamic Cross-Enterprise Collaboration,"Hoang, Vu Minh",Vu,male,0.992069262306445,True
An Ontological Approach for Dynamic Cross-Enterprise Collaboration,"Hoang, Hanh Huu",Hanh,female,0.9980197341321809,True
A charging scenario for parallel buck-boost battery power modules with full power utilization and charge equalization,"Wu, Tsung-Hsi",Tsung,male,0.9710957982001063,True
A charging scenario for parallel buck-boost battery power modules with full power utilization and charge equalization,"Chang, Chu-Shen",Chu,unknown,0.7082883722592044,False
A charging scenario for parallel buck-boost battery power modules with full power utilization and charge equalization,"Moo, Chin-Sien",Chin,male,0.9814689338710207,True
IoT-Based Health Monitoring System,"Badoni, Parveen",Parveen,female,0.974324768412889,True
IoT-Based Health Monitoring System,"Raj, Harsh",Harsh,male,0.9977177559602974,True
IoT-Based Health Monitoring System,"Prashad, Shriyam",Shriyam,unknown,0.5312558168825243,False
IoT-Based Health Monitoring System,"Kumar, Harsh",Harsh,male,0.9977177559602974,True
IoT-Based Health Monitoring System,Mihir,Mihir,male,0.999935666662704,True
IoT-Based Health Monitoring System,"Gautam, Kuldeep Kumar",Kuldeep,male,0.9940047136660125,True
Beam Propagation Method Based on the Iterated Crank–Nicolson Scheme for Solving Large-Scale Wave Propagation Problems,"Ketzaki, Dimitra A.",Dimitra,female,0.9999927185528618,True
Beam Propagation Method Based on the Iterated Crank–Nicolson Scheme for Solving Large-Scale Wave Propagation Problems,"Rekanos, Ioannis T.",Ioannis,male,0.9999133506151796,True
Beam Propagation Method Based on the Iterated Crank–Nicolson Scheme for Solving Large-Scale Wave Propagation Problems,"Kosmanis, Theodoros I.",Theodoros,male,0.9999865155248105,True
Beam Propagation Method Based on the Iterated Crank–Nicolson Scheme for Solving Large-Scale Wave Propagation Problems,"Yioultsis, Traianos V.",Traianos,male,0.9976911157228239,True
A Pseudospectral Reflective Beam Propagation Method for Optical Waveguides,"Wu, Shengbao",Shengbao,male,0.978429198742532,True
A Pseudospectral Reflective Beam Propagation Method for Optical Waveguides,"Xiao, Jinbiao",Jinbiao,male,0.9838112063653762,True
Realization of business process automation based on web services and WS-BPEL,"Guang-cai, Xiong",Xiong,male,0.9903869484623326,True
Realization of business process automation based on web services and WS-BPEL,"Zhi-feng, Wang",Wang,male,0.9203221744198354,True
Realization of business process automation based on web services and WS-BPEL,"Xin-jia, Zhang",Zhang,unknown,0.5281584735254715,False
Realization of business process automation based on web services and WS-BPEL,"Guo-jun, Ji",Ji,unknown,0.6110604502837805,False
Numerical analysis of a waveguide-based demultiplexer with two multiple-layer filters,"Yamauchi, J.",,unknown,0,False
Numerical analysis of a waveguide-based demultiplexer with two multiple-layer filters,"Koshihara, M.",,unknown,0,False
Numerical analysis of a waveguide-based demultiplexer with two multiple-layer filters,"Nakano, H.",,unknown,0,False
An Energy Barrier Model for Write Errors in Exchange-Spring Patterned Media,"Kalezhi, Josephat",Josephat,male,0.9985490886567224,True
An Energy Barrier Model for Write Errors in Exchange-Spring Patterned Media,"Miles, Jim J.",Jim,male,0.999978699711865,True
Study on Port Business Intelligence System Combined with Business Performance Management,"Wang, Ying",Ying,female,0.9976878084537152,True
Study on Port Business Intelligence System Combined with Business Performance Management,"Liu, Ziqiang",Ziqiang,male,0.9773053186379439,True
New system cardiac arrhythmia detection on FPGA,"Meddah, Karim",Karim,male,0.9982261835394265,True
New system cardiac arrhythmia detection on FPGA,"Zairi, Hadjer",Hadjer,female,0.9848776525180511,True
New system cardiac arrhythmia detection on FPGA,"Kedir Talha, Malika",Malika,female,0.99999717079335,True
Orientation and Position Control of Self-Assembled Polymer Pattern for Bit-Patterned Media,"Yamamoto, Ryousuke",Ryousuke,male,0.9935150672513987,True
Orientation and Position Control of Self-Assembled Polymer Pattern for Bit-Patterned Media,"Kanamaru, Masahiro",Masahiro,male,0.9999081624641136,True
Orientation and Position Control of Self-Assembled Polymer Pattern for Bit-Patterned Media,"Sugawara, Katsuya",Katsuya,male,0.9720608555261517,True
Orientation and Position Control of Self-Assembled Polymer Pattern for Bit-Patterned Media,"Sasao, Norikatsu",Norikatsu,unknown,0.582429311846898,False
Orientation and Position Control of Self-Assembled Polymer Pattern for Bit-Patterned Media,"Ootera, Yasuaki",Yasuaki,male,0.9995020415483576,True
Orientation and Position Control of Self-Assembled Polymer Pattern for Bit-Patterned Media,"Okino, Takeshi",Takeshi,male,0.9997687224682361,True
Orientation and Position Control of Self-Assembled Polymer Pattern for Bit-Patterned Media,"Kihara, Naoko",Naoko,female,0.9996104937347108,True
Orientation and Position Control of Self-Assembled Polymer Pattern for Bit-Patterned Media,"Kamata, Yoshiyuki",Yoshiyuki,male,0.9996353135216448,True
Orientation and Position Control of Self-Assembled Polymer Pattern for Bit-Patterned Media,"Kikitsu, Akira",Akira,female,0.7120158729932169,False
Charging scenario of serial battery power modules with buck-boost converters,"Jian, Jhen-Yu",Jhen,female,0.832570537372589,True
Charging scenario of serial battery power modules with buck-boost converters,"Chang, Chu-Shen",Chu,male,0.7082883722592044,False
Charging scenario of serial battery power modules with buck-boost converters,"Moo, Chin-Sien",Chin,male,0.9814689338710207,True
Charging scenario of serial battery power modules with buck-boost converters,"Yen, Hau-Chen",Hau,male,0.9915883532988204,True
Design and Development of Low-Cost and Accurate Heart Rate Monitoring System Using ARM Cortex-M Microcontroller,"Sani, Shahrokh",Shahrokh,male,0.9913112956729262,True
Customer Service Processes Automation in Administrative Office with RFID Tagged Documents,"Waszkowski, Robert",Robert,male,0.9999776797436909,True
Customer Service Processes Automation in Administrative Office with RFID Tagged Documents,"Kiedrowicz, Maciej",Maciej,male,0.9999628223151983,True
Customer Service Processes Automation in Administrative Office with RFID Tagged Documents,"Nowicki, Tadeusz",Tadeusz,male,0.9998370534824763,True
Customer Service Processes Automation in Administrative Office with RFID Tagged Documents,"Worwa, Kazimierz",Kazimierz,male,0.9939119869438189,True
Control Cases during the Software Development Life-Cycle,"Zou, Joe",Joe,male,0.9998873089184764,True
Control Cases during the Software Development Life-Cycle,"Pavlovski, Christopher J.",Christopher,male,0.9999877129093514,True
Defining Customizable Business Processes without Compromising the Maintainability in Multi-tenant SaaS Applications,"Kapuruge, Malinda",Malinda,female,0.9999984088185713,True
Defining Customizable Business Processes without Compromising the Maintainability in Multi-tenant SaaS Applications,"Colman, Alan",Alan,male,0.9999595127093575,True
Defining Customizable Business Processes without Compromising the Maintainability in Multi-tenant SaaS Applications,"Han, Jun",Jun,male,0.9972113548054844,True
Composition and Execution of Secure Workflows in WSRF-Grids,"Dörnemann, Tim",Tim,male,0.9999194162795334,True
Composition and Execution of Secure Workflows in WSRF-Grids,"Smith, Matthew",Matthew,male,0.9999843324261093,True
Composition and Execution of Secure Workflows in WSRF-Grids,"Freisleben, Bernd",Bernd,male,0.9998846486900214,True
Formal Verification of Cloud Resource Allocation in Business Processes Using Event-B,"Boubaker, Souha",Souha,female,0.994793542304833,True
Formal Verification of Cloud Resource Allocation in Business Processes Using Event-B,"Mammar, Amel",Amel,unknown,0.6885738073834725,False
Formal Verification of Cloud Resource Allocation in Business Processes Using Event-B,"Graiet, Mohamed",Mohamed,male,0.9999971268152898,True
Formal Verification of Cloud Resource Allocation in Business Processes Using Event-B,"Gaaloul, Walid",Walid,male,0.9999190638369029,True
Attention Mechanism in Predictive Business Process Monitoring,"Jalayer, Abdulrahman",Abdulrahman,male,0.9999984914629969,True
Attention Mechanism in Predictive Business Process Monitoring,"Kahani, Mohsen",Mohsen,male,0.9999898944899944,True
Attention Mechanism in Predictive Business Process Monitoring,"Beheshti, Amin",Amin,male,0.999758654462319,True
Attention Mechanism in Predictive Business Process Monitoring,"Pourmasoumi, Asef",Asef,male,0.9998201368750694,True
Attention Mechanism in Predictive Business Process Monitoring,"Motahari-Nezhad, Hamid Reza",Hamid,male,0.9999253565264725,True
Analyzing Degree of Parallelism for Concurrent Timed Workflow Processes With Shared Resources,"Du, Yanhua",Yanhua,female,0.9977898933993897,True
Analyzing Degree of Parallelism for Concurrent Timed Workflow Processes With Shared Resources,"Wang, Li",Li,female,0.9821247080400133,True
Analyzing Degree of Parallelism for Concurrent Timed Workflow Processes With Shared Resources,"Li, Xitong",Xitong,female,0.7564037452756454,True
A Survey of Cost Accounting in Service-Oriented Computing,"Albuquerque de Medeiros, Robson Wagner",Robson,male,0.9999891526715698,True
A Survey of Cost Accounting in Service-Oriented Computing,"Rosa, Nelson Souto",Nelson,male,0.9999183097997376,True
A Survey of Cost Accounting in Service-Oriented Computing,"Campos, Glaucia Melissa Medeiros",Glaucia,female,0.9992424716397732,True
A Survey of Cost Accounting in Service-Oriented Computing,"Ferreira Pires, Luis",Luis,male,0.9999544636263329,True
Support for concurrent adaptation of multiple Web service compositions to maximize business metrics,"Lu, Qinghua",Qinghua,female,0.889461969518216,True
Support for concurrent adaptation of multiple Web service compositions to maximize business metrics,"Tosic, Vladimir",Vladimir,male,0.9999351319225824,True
Practical solutions for resilience in SlapOS,"Courteaud, Romain",Romain,male,0.9999642424925583,True
Practical solutions for resilience in SlapOS,"Xu, Yingjie",Yingjie,female,0.9747478321859953,True
Practical solutions for resilience in SlapOS,"Cérin, Christophe",Christophe,male,0.9994949508818813,True
"Method for elicitation, documentation and validation of software user requirements (MEDoV)","Dragicevic, Srdjana",Srdjana,unknown,0.5734716631261091,False
"Method for elicitation, documentation and validation of software user requirements (MEDoV)","Celar, Stipe",Stipe,male,0.9848259795792571,True
Maturity Model Architect: A Tool for Maturity Assessment Support,"Proença, Diogo",Diogo,male,0.9999835245889825,True
Maturity Model Architect: A Tool for Maturity Assessment Support,"Borbinha, José",José,male,0.9960913709996708,True
Experimental Verification on Human-Centric Network-Based Resource Allocation Approaches for Process-Aware Information Systems,"Yeon, Moon-Sook",Moon,female,0.8672344261289896,True
Experimental Verification on Human-Centric Network-Based Resource Allocation Approaches for Process-Aware Information Systems,"Lee, Young-Koo",Young,male,0.990940072875331,True
Experimental Verification on Human-Centric Network-Based Resource Allocation Approaches for Process-Aware Information Systems,"Pham, Dinh-Lam",Dinh,male,0.9820941138175523,True
Experimental Verification on Human-Centric Network-Based Resource Allocation Approaches for Process-Aware Information Systems,"Kim, Kwanghoon Pio",Kwanghoon,unknown,0.690362626434451,False
Supply chain orchestration and choreography: Programmable logistics using semantics,"Dalmolen, S.",,unknown,0,False
Supply chain orchestration and choreography: Programmable logistics using semantics,"Moonen, H. M.",,unknown,0,False
Supply chain orchestration and choreography: Programmable logistics using semantics,"van Hillegersberg, J.",,unknown,0,False
Supply chain orchestration and choreography: Programmable logistics using semantics,"Stoter, A. J. R.",,unknown,0,False
Supply chain orchestration and choreography: Programmable logistics using semantics,"Cornelisse, E.",,unknown,0,False
A Methodology for Dynamic Service Compositions Based on an Event-Driven Approach,"Vidackovic, Kresimir",Kresimir,male,0.9984952681806728,True
A Methodology for Dynamic Service Compositions Based on an Event-Driven Approach,"Weisbecker, Anette",Anette,female,0.9999912143384062,True
Controlling the Evolution of Product-Based Collaboration Contracts,"Khalfallah, Malik",Malik,male,0.9997510389752112,True
Controlling the Evolution of Product-Based Collaboration Contracts,"Figay, Nicolas",Nicolas,male,0.9999785911728513,True
Controlling the Evolution of Product-Based Collaboration Contracts,"Barhamgi, Mahmoud",Mahmoud,male,0.9999916452287316,True
Controlling the Evolution of Product-Based Collaboration Contracts,"Ghodous, Parisa",Parisa,female,0.9999898260658726,True
A PaaS to Support Collaborations through Service Composition,"Montarnal, Aurélie",Aurélie,female,0.9990719888566209,True
A PaaS to Support Collaborations through Service Composition,"Delanoë, Anne Marie Barthe",Anne,female,0.9999910090887604,True
A PaaS to Support Collaborations through Service Composition,"Bénaben, Frédérick",Frédérick,male,0.9974738522158153,True
A PaaS to Support Collaborations through Service Composition,"Lauras, Matthieu",Matthieu,male,0.9996916073806652,True
A PaaS to Support Collaborations through Service Composition,"Lamothe, Jacques",Jacques,male,0.9999799945534292,True
Management of Collaborative Behavior through a Service-Oriented Mediation System: The Case of Crisis Management,"Benaben, Frederick",Frederick,male,0.999942547328335,True
Management of Collaborative Behavior through a Service-Oriented Mediation System: The Case of Crisis Management,"Truptil, Sebastien",Sebastien,male,0.9999278260848805,True
Management of Collaborative Behavior through a Service-Oriented Mediation System: The Case of Crisis Management,"Lauras, Matthieu",Matthieu,male,0.9996916073806652,True
Management of Collaborative Behavior through a Service-Oriented Mediation System: The Case of Crisis Management,"Salatge, Nicolas",Nicolas,male,0.9999785911728513,True
Activity failure prediction based on process mining,"Camara, Mamadou Samba",Mamadou,male,0.9999389044681322,True
Activity failure prediction based on process mining,"Fall, Ibrahima",Ibrahima,male,0.998693286050884,True
Activity failure prediction based on process mining,"Mendy, Gervais",Gervais,male,0.9992663547042305,True
Activity failure prediction based on process mining,"Diaw, Samba",Samba,male,0.9962838570648536,True
Comparing manual- and auto-generated textual descriptions of business process models,"Zaheer, Sheeza",Sheeza,female,0.9963529385184684,True
Comparing manual- and auto-generated textual descriptions of business process models,"Shahzad, Khurram",Khurram,male,0.9999693299205058,True
Comparing manual- and auto-generated textual descriptions of business process models,"Nawab, Rao Muhammad Adeel",Rao,male,0.9996092956533906,True
Combining Sonification and Visualization for the Analysis of Process Execution Data,"Hildebrandt, Tobias",Tobias,male,0.9999755650213412,True
Combining Sonification and Visualization for the Analysis of Process Execution Data,"Amerbauer, Felix",Felix,male,0.9998848338420872,True
Combining Sonification and Visualization for the Analysis of Process Execution Data,"Rinderle-Ma, Stefanie",Stefanie,female,0.999951936822069,True
Data Preprocessing for Goal-Oriented Process Discovery,"Ghasemi, Mahdi",Mahdi,male,0.9994825822684631,True
Data Preprocessing for Goal-Oriented Process Discovery,"Amyot, Daniel",Daniel,male,0.9999484956264236,True
"Forecasting Workloads in Multi-step, Multi-route Business Processes","Oh, Sechan",Sechan,male,0.9995147104541291,True
"Forecasting Workloads in Multi-step, Multi-route Business Processes","Strong, Ray",Ray,male,0.9977160388697032,True
"Forecasting Workloads in Multi-step, Multi-route Business Processes","Chandra, Anca",Anca,female,0.9999475242567216,True
"Forecasting Workloads in Multi-step, Multi-route Business Processes","Blomberg, Jeanette",Jeanette,female,0.9999781830674597,True
Correctness Verification for Service-Based Business Processes,"Xiu, Pengbo",Pengbo,male,0.9838831596784495,True
Correctness Verification for Service-Based Business Processes,"Zhao, Weiliang",Weiliang,male,0.9839627918544116,True
Correctness Verification for Service-Based Business Processes,"Yang, Jian",Jian,male,0.9975103869595472,True
Applying Process Mining to Support Management of Predictive Analytics/Data Mining Projects in a Decision Making Center,"Escobar, Marlene Ofelia Sanchez",Marlene,female,0.9999942803663758,True
Applying Process Mining to Support Management of Predictive Analytics/Data Mining Projects in a Decision Making Center,"Espinosa, Rafael Lozano",Rafael,male,0.9999801002723208,True
Applying Process Mining to Support Management of Predictive Analytics/Data Mining Projects in a Decision Making Center,"Espinosa, Jose Martin Molina",Jose,male,0.9999804924850862,True
Applying Process Mining to Support Management of Predictive Analytics/Data Mining Projects in a Decision Making Center,"Noguez Monroy, Juana Julieta",Juana,female,0.9999910911124695,True
Applying Process Mining to Support Management of Predictive Analytics/Data Mining Projects in a Decision Making Center,"Solar, Genoveva Vargas",Genoveva,female,0.9999913762212974,True
Process Mining Approach Based on Partial Structures of Event Logs and Decision Tree Learning,"Horita, Hiroki",Hiroki,male,0.9997470067414045,True
Process Mining Approach Based on Partial Structures of Event Logs and Decision Tree Learning,"Hirayama, Hideaki",Hideaki,male,0.9917023485481563,True
Process Mining Approach Based on Partial Structures of Event Logs and Decision Tree Learning,"Hayase, Takeo",Takeo,male,0.9999861620045792,True
Process Mining Approach Based on Partial Structures of Event Logs and Decision Tree Learning,"Tahara, Yasuyuki",Yasuyuki,male,0.999551346307097,True
Process Mining Approach Based on Partial Structures of Event Logs and Decision Tree Learning,"Ohsuga, Akihiko",Akihiko,male,0.9871782725161492,True
A Method for Goal Model Repair Based on Process Mining,"Horita, Hiroki",Hiroki,male,0.9997470067414045,True
A Method for Goal Model Repair Based on Process Mining,"Hirayama, Hideaki",Hideaki,male,0.9917023485481563,True
A Method for Goal Model Repair Based on Process Mining,"Hayase, Takeo",Takeo,male,0.9999861620045792,True
A Method for Goal Model Repair Based on Process Mining,"Tahara, Yasuyuki",Yasuyuki,male,0.999551346307097,True
A Method for Goal Model Repair Based on Process Mining,"Ohsuga, Akihiko",Akihiko,male,0.9871782725161492,True
WED-SQL: A Relational Framework for Design and Implementation of Process-Aware Information Systems,"Padilha, Bruno",Bruno,male,0.9999652389475681,True
WED-SQL: A Relational Framework for Design and Implementation of Process-Aware Information Systems,"Schwerz, André Luis",André,male,0.9937443143503205,True
WED-SQL: A Relational Framework for Design and Implementation of Process-Aware Information Systems,"Roberto, Rafael Liberato",Rafael,male,0.9999801002723208,True
Improvement of airworthiness certification audits of software-centric avionics systems using a cross-discipline application lifecycle management system methodology,"Roseberry, Keith",Keith,male,0.9982254263219633,True
Improvement of airworthiness certification audits of software-centric avionics systems using a cross-discipline application lifecycle management system methodology,"Scott-Parry, Tracy",Tracy,female,0.9927997803169806,True
Improving collaborative business process execution by traceability and expressiveness,"Zeising, Michael",Michael,male,0.9999876221560686,True
Improving collaborative business process execution by traceability and expressiveness,"Schönig, Stefan",Stefan,male,0.9999831604184807,True
Improving collaborative business process execution by traceability and expressiveness,"Jablonski, Stefan",Stefan,male,0.9999831604184807,True
Configurable process mining: A comparative study,"Sikal, Rabab",Rabab,female,0.9982057586091436,True
Configurable process mining: A comparative study,"Sbai, Hanae",Hanae,female,0.9999551736829082,True
Configurable process mining: A comparative study,"Kjiri, Laila",Laila,female,0.9999984691375184,True
Integrated Modeling of Performance Monitoring with Business Artifacts,"Liu, Rong",Rong,unknown,0.7174724947670523,False
Integrated Modeling of Performance Monitoring with Business Artifacts,"Nigam, Anil",Anil,male,0.9998140050752149,True
Integrated Modeling of Performance Monitoring with Business Artifacts,"Jeng, Jun-Jang",Jun,male,0.9972113548054844,True
Integrated Modeling of Performance Monitoring with Business Artifacts,"Shieh, Chian-Rou",Chian,unknown,0.7381194834222733,False
Integrated Modeling of Performance Monitoring with Business Artifacts,"Wu, Frederick Y.",Frederick,male,0.999942547328335,True
Towards Process-Oriented Recommender Capabilities in Flexible Process Environments–State of the Art,"Burkhart, Thomas",Thomas,male,0.9999981017477207,True
Towards Process-Oriented Recommender Capabilities in Flexible Process Environments–State of the Art,"Weis, Benjamin",Benjamin,male,0.9999526772956454,True
Towards Process-Oriented Recommender Capabilities in Flexible Process Environments–State of the Art,"Werth, Dirk",Dirk,male,0.9999427916159628,True
Towards Process-Oriented Recommender Capabilities in Flexible Process Environments–State of the Art,"Loos, Peter",Peter,male,0.9999580684529622,True
Application of the Overall Equipment Effectiveness to a Service Company,"Facchinetti, Tullio",Tullio,male,0.9998614005163379,True
Application of the Overall Equipment Effectiveness to a Service Company,"Citterio, Giuseppe",Giuseppe,male,0.9998656437376092,True
Process reengineering and optimization for innovation performance: An application to detergent manufacturing,"Mejri, Imen",Imen,female,0.974283695293582,True
Process reengineering and optimization for innovation performance: An application to detergent manufacturing,"Ghezal, Amal El",Amal,female,0.9850188491302879,True
Process reengineering and optimization for innovation performance: An application to detergent manufacturing,"Layeb, Safa Bhar",Safa,female,0.9991568014325165,True
An approach for improving business process models using risk analysis techniques,"Lhannaoui, Hanane",Hanane,female,0.9999518327058544,True
An approach for improving business process models using risk analysis techniques,"Kabbaj, Mohammed Issam",Mohammed,male,0.99999732840862,True
An approach for improving business process models using risk analysis techniques,"Bakkoury, Zohra",Zohra,female,0.9999295273468682,True
The Mining of Activity Dependence Relation Based on Business Process Models,"Hu, Guangchang",Guangchang,male,0.9935922821797758,True
The Mining of Activity Dependence Relation Based on Business Process Models,"Wu, Budan",Budan,male,0.9838465107323487,True
The Mining of Activity Dependence Relation Based on Business Process Models,"Chen, Junliang",Junliang,male,0.9564774619621866,True
Inferring state for real-time monitoring of care processes,"Baffoe, Shirley A.",Shirley,female,0.9998547944848402,True
Inferring state for real-time monitoring of care processes,"Baarah, Aladdin",Aladdin,male,0.9999274940291942,True
Inferring state for real-time monitoring of care processes,"Peyton, Liam",Liam,male,0.9998655862005859,True
Modelling semantic workflows for E-Government applications,"Karagiannis, Dimitris",Dimitris,male,0.9999193920782357,True
Business Process Automation in Retail,"Lazareva, Natalja",Natalja,female,0.9999191158646761,True
Business Process Automation in Retail,"Karasevskis, Kaspars",Kaspars,male,0.9982421328698728,True
Business Process Automation in Retail,"Girjatovcs, Andrejs",Andrejs,male,0.9998824235017975,True
Business Process Automation in Retail,"Kuznecova, Oksana",Oksana,female,0.9999894886955644,True
MAS-Aided Approval for Bypassing Decentralized Processes: an Architecture,"Kampik, Timotheus",Timotheus,male,0.9999797558155175,True
MAS-Aided Approval for Bypassing Decentralized Processes: an Architecture,"Najjar, Amro",Amro,male,0.999719407802388,True
MAS-Aided Approval for Bypassing Decentralized Processes: an Architecture,"Calvaresi, Davide",Davide,male,0.9995122693716512,True
Measuring Business Process Behavioral Similarity Based on Token Log Profile,"Niu, Feifei",Feifei,female,0.9906399857517059,True
Measuring Business Process Behavioral Similarity Based on Token Log Profile,"Li, Chuanyi",Chuanyi,male,0.9161427504380849,True
Measuring Business Process Behavioral Similarity Based on Token Log Profile,"Ge, Jidong",Jidong,male,0.9839867780754626,True
Measuring Business Process Behavioral Similarity Based on Token Log Profile,"Wen, Lijie",Lijie,female,0.9790060744846031,True
Measuring Business Process Behavioral Similarity Based on Token Log Profile,"Li, Zhongjin",Zhongjin,unknown,0.5895403693817494,False
Measuring Business Process Behavioral Similarity Based on Token Log Profile,"Luo, Bin",Bin,male,0.9912955838328016,True
Making Business Environments Smarter: A Context-Adaptive Petri Net Approach,"Serral, Estefania",Estefania,female,0.9999970577398329,True
Making Business Environments Smarter: A Context-Adaptive Petri Net Approach,"De Smedt, Johannes",Johannes,male,0.9999887278356387,True
Making Business Environments Smarter: A Context-Adaptive Petri Net Approach,"Vanthienen, Jan",Jan,unknown,0.5504849119650672,False
"On the Use of Log-Based Model Checking, Clustering and Machine Learning for Process Behavior Prediction","Ezpeleta, Joaquín",Joaquín,male,0.9995034108427707,True
"On the Use of Log-Based Model Checking, Clustering and Machine Learning for Process Behavior Prediction","Fabra, Javier",Javier,male,0.9999768372268597,True
"On the Use of Log-Based Model Checking, Clustering and Machine Learning for Process Behavior Prediction","Álvarez, Pedro",Pedro,male,0.9999821167297533,True
EPIKOUROS — Virtualized platforms using heterogeneous sensor services in cloud computing environment,"Vouyioukas, Demosthenes",Demosthenes,male,0.9999784799144493,True
EPIKOUROS — Virtualized platforms using heterogeneous sensor services in cloud computing environment,"Moralis, Athanasios",Athanasios,male,0.9999857563188396,True
EPIKOUROS — Virtualized platforms using heterogeneous sensor services in cloud computing environment,"Sardis, Manolis",Manolis,male,0.9999285200941248,True
EPIKOUROS — Virtualized platforms using heterogeneous sensor services in cloud computing environment,"Drakoulis, Dimitris",Dimitris,male,0.9999193920782357,True
EPIKOUROS — Virtualized platforms using heterogeneous sensor services in cloud computing environment,"Labropoulos, George",George,male,0.9999684085414767,True
EPIKOUROS — Virtualized platforms using heterogeneous sensor services in cloud computing environment,"Kyriazakos, Sofoklis",Sofoklis,male,0.9987163742538002,True
EPIKOUROS — Virtualized platforms using heterogeneous sensor services in cloud computing environment,"Dres, Dimitris",Dimitris,male,0.9999193920782357,True
A Service Composition Environment Based on Enterprise Service Bus,"Ning, Fu",Fu,male,0.9888269146800907,True
A Service Composition Environment Based on Enterprise Service Bus,"Junhua, Duan",Duan,male,0.9992526513333241,True
A Service Composition Environment Based on Enterprise Service Bus,"Yan, Guo",Guo,male,0.9927823788737182,True
When to Invoke a Prediction Service for Business Process Monitoring?,"Cao, Jian",Jian,male,0.9975103869595472,True
When to Invoke a Prediction Service for Business Process Monitoring?,"Wang, Naixuan",Naixuan,unknown,0.6960286695279129,False
When to Invoke a Prediction Service for Business Process Monitoring?,"Qian, Shiyou",Shiyou,male,0.9931917903689345,True
When to Invoke a Prediction Service for Business Process Monitoring?,"Guan, Wei",Wei,male,0.8353828445774668,True
Deep Analysis of Process Model Matching Techniques,"Ali, Muhammad",Muhammad,male,0.9999971836173159,True
Deep Analysis of Process Model Matching Techniques,"Shahzad, Khurram",Khurram,male,0.9999693299205058,True
Deep Analysis of Process Model Matching Techniques,"Muzaffar, Syed Irtaza",Syed,male,0.9999781471136275,True
Deep Analysis of Process Model Matching Techniques,"Malik, Muhammad Kamran",Muhammad,male,0.9999971836173159,True
Smart Grids process framework assessment through process modeling,"Holecek, Jiri",Jiri,male,0.9998761880270778,True
Smart Grids process framework assessment through process modeling,"Brabec, Zdenek",Zdenek,male,0.9939629168348908,True
Smart Grids process framework assessment through process modeling,"Tikovsky, Vojtech",Vojtech,male,0.9931837980305327,True
Evaluation of Public Funding Processes by Mining Event Logs,"Zisimou, Aimilia",Aimilia,female,0.9997491700001621,True
Evaluation of Public Funding Processes by Mining Event Logs,"Kalaitzoglou, Ioanna",Ioanna,female,0.9999966003390144,True
Evaluation of Public Funding Processes by Mining Event Logs,"Theodoropoulou, Georgia",Georgia,female,0.9999481351356873,True
Evaluation of Public Funding Processes by Mining Event Logs,"Bousdekis, Alexandros",Alexandros,male,0.9999884351175863,True
Evaluation of Public Funding Processes by Mining Event Logs,"Miaoulis, Georgios",Georgios,male,0.9999721163040117,True
Sustainability Assessment of Remanufacturing Waste Sheet Steel Into Angle Mesh Steel,"Abdullah, Ziyad Tariq",Ziyad,male,0.9999414664897398,True
Capability Annotation of Actions Based on Their Textual Descriptions,"Gao, Feng",Feng,male,0.9830753668861625,True
Capability Annotation of Actions Based on Their Textual Descriptions,"Bhiri, Sami",Sami,male,0.9853481728140153,True
A new pricing mechanism for a high-priority diffserv-based service,"Bouras, C.",,unknown,0,False
A new pricing mechanism for a high-priority diffserv-based service,"Sevasti, A.",,unknown,0,False
Application and Economic Implications of an Automated Requirement-Oriented and Standard-Based Compliance Monitoring and Reporting Prototype,"Kehlenbeck, Matthias",Matthias,male,0.9999337682187655,True
Application and Economic Implications of an Automated Requirement-Oriented and Standard-Based Compliance Monitoring and Reporting Prototype,"Sandner, Thorben",Thorben,male,0.9993248333807753,True
Application and Economic Implications of an Automated Requirement-Oriented and Standard-Based Compliance Monitoring and Reporting Prototype,"Breitner, Michael H.",Michael,male,0.9999876221560686,True
A process model based on Enterprise Architecture for ICT management,"Montilva, Jonas",Jonas,male,0.9999883877686782,True
A process model based on Enterprise Architecture for ICT management,"Barrios, Judith",Judith,female,0.999965951869191,True
A process model based on Enterprise Architecture for ICT management,"Besembel, Isabel",Isabel,female,0.9994559215026813,True
A process model based on Enterprise Architecture for ICT management,"Montilva, William",William,male,0.999948625742716,True
BestRec: A Behavior Similarity Based Approach to Services Recommendation,"Huang, Zicheng",Zicheng,male,0.9924145344712726,True
BestRec: A Behavior Similarity Based Approach to Services Recommendation,"Huai, Jinpeng",Jinpeng,male,0.9856280691410564,True
BestRec: A Behavior Similarity Based Approach to Services Recommendation,"Sun, Hailong",Hailong,male,0.9832127259199327,True
BestRec: A Behavior Similarity Based Approach to Services Recommendation,"Liu, Xudong",Xudong,male,0.9871832056718493,True
BestRec: A Behavior Similarity Based Approach to Services Recommendation,"Li, Xiang",Xiang,male,0.9794549559775189,True
Realizing Quality Attributes of Service-Based Business Processes: A Model-Driven Approach,"Teles, Fabricio De Siqueira",Fabricio,male,0.9999354346306134,True
Realizing Quality Attributes of Service-Based Business Processes: A Model-Driven Approach,"Lins, Fernando Antonio Aires",Fernando,male,0.9998906875755088,True
Realizing Quality Attributes of Service-Based Business Processes: A Model-Driven Approach,"Rosa, Nelson Souto",Nelson,male,0.9999183097997376,True
Towards Supporting Modeling Variability in E-Learning Application: A Case Study,"Azouzi, Sameh",Sameh,male,0.9990816941889886,True
Towards Supporting Modeling Variability in E-Learning Application: A Case Study,"Ghannouchi, Sonia Ayachi",Sonia,female,0.9999923290636098,True
Towards Supporting Modeling Variability in E-Learning Application: A Case Study,"Brahmi, Zaki",Zaki,male,0.9964300984263167,True
Evidence informed layered queuing model (EI-LQM) for performance management of Enterprise Service Oriented Architecture (ESOA) applications,"Gedela, Ravi Kumar",Ravi,male,0.9998295880717626,True
Evidence informed layered queuing model (EI-LQM) for performance management of Enterprise Service Oriented Architecture (ESOA) applications,"Duyu, Fareign",Fareign,unknown,0.5528474266169987,False
Evidence informed layered queuing model (EI-LQM) for performance management of Enterprise Service Oriented Architecture (ESOA) applications,"Prasad, V. Kamakshi",,unknown,0,False
Guaranteeing Sound Reactions to Long-Tailed Changes: A Syntax-Directed Annotation Approach,"Cao, Hongmei",Hongmei,female,0.9821527729816286,True
Guaranteeing Sound Reactions to Long-Tailed Changes: A Syntax-Directed Annotation Approach,"Chen, Xi",Xi,unknown,0.6241046773770502,False
Guaranteeing Sound Reactions to Long-Tailed Changes: A Syntax-Directed Annotation Approach,"Zhang, Liang",Liang,male,0.9782482259488245,True
Guaranteeing Sound Reactions to Long-Tailed Changes: A Syntax-Directed Annotation Approach,"Zhang, Tiange",Tiange,female,0.9745269440172577,True
Guaranteeing Sound Reactions to Long-Tailed Changes: A Syntax-Directed Annotation Approach,"Xiao, Xiaochun",Xiaochun,unknown,0.6504366544522162,False
Business Processes as Sociomaterial Networks: Exploring the Multiple Dimensions of Flexibility in Process Modeling,"Albuquerque, Joao Porto de",Joao,male,0.9999988877948677,True
Business Processes as Sociomaterial Networks: Exploring the Multiple Dimensions of Flexibility in Process Modeling,"Christ, Marcel",Marcel,male,0.9997303200563393,True
Synchronization of Adaptive Process Models Using Levels of Abstraction,"Weidmann, Monika",Monika,female,0.999996989457821,True
Synchronization of Adaptive Process Models Using Levels of Abstraction,"Koetter, Falko",Falko,male,0.9938941136601905,True
Synchronization of Adaptive Process Models Using Levels of Abstraction,"Renner, Thomas",Thomas,male,0.9999981017477207,True
Synchronization of Adaptive Process Models Using Levels of Abstraction,"Schumm, David",David,male,0.9999952928042082,True
Synchronization of Adaptive Process Models Using Levels of Abstraction,"Leymann, Frank",Frank,male,0.999947578866658,True
Synchronization of Adaptive Process Models Using Levels of Abstraction,"Schleicher, Daniel",Daniel,male,0.9999484956264236,True
An Approach to Business Processes Decomposition for Cloud Deployment,"Povoa, Lucas Venezian",Lucas,male,0.9999718945700141,True
An Approach to Business Processes Decomposition for Cloud Deployment,"Souza, Wanderley Lopes De",Wanderley,male,0.9939610997136697,True
An Approach to Business Processes Decomposition for Cloud Deployment,"Pires, Luís Ferreira",Luís,male,0.9971090531412131,True
An Approach to Business Processes Decomposition for Cloud Deployment,"Duipmans, Evert F.",Evert,male,0.9997884619108004,True
An Approach to Business Processes Decomposition for Cloud Deployment,"Prado, Antonio Francisco Do",Antonio,male,0.9999433950349952,True
Efficient Formal Verification in Banking Processes,"Santone, Antonella",Antonella,female,0.9999976482666009,True
Efficient Formal Verification in Banking Processes,"Intilangelo, Valentina",Valentina,female,0.9999985356541968,True
Efficient Formal Verification in Banking Processes,"Raucci, Domenico",Domenico,male,0.9999598086754721,True
WSO: Developer-Oriented Transactional Orchestration of Web-Services,"Leff, Avraham",Avraham,male,0.9999414633619808,True
WSO: Developer-Oriented Transactional Orchestration of Web-Services,"Rayfield, James T.",James,male,0.9999966559619894,True
Gateway as a service: A cloud computing framework for web of things,"Wu, Zhenyu",Zhenyu,male,0.9043866545129279,True
Gateway as a service: A cloud computing framework for web of things,"Itälä, Timo",Timo,male,0.9997459028917776,True
Gateway as a service: A cloud computing framework for web of things,"Tang, Tingan",Tingan,male,0.9993774097049404,True
Gateway as a service: A cloud computing framework for web of things,"Zhang, Chunhong",Chunhong,female,0.9595116105461978,True
Gateway as a service: A cloud computing framework for web of things,"Ji, Yang",Yang,unknown,0.6608034619216988,False
Gateway as a service: A cloud computing framework for web of things,"Hämäläinen, Matti",Matti,female,0.9350798122083317,True
Gateway as a service: A cloud computing framework for web of things,"Liu, Yunjie",Yunjie,female,0.5395884026114824,False
Profitability Analysis of Workflow Management Systems,"Gruber, Horst",Horst,male,0.9999123098429774,True
Profitability Analysis of Workflow Management Systems,"Huemer, Christian",Christian,male,0.9993987974523811,True
Restaurant Enterprise Resource Planning System,"Wijaya, Aldy",Aldy,male,0.959899610005815,True
Restaurant Enterprise Resource Planning System,"Zainal, Nur Khairunnisha Binti",Nur,female,0.9846643038196604,True
Restaurant Enterprise Resource Planning System,"Harun, Khalida Shajaratuddur Binti",Khalida,female,0.9999888480987658,True
A model for optimizing the identification of process variants in Robotic Process Automation,"Mohammadi, Fatemeh",Fatemeh,female,0.9998806777472994,True
A model for optimizing the identification of process variants in Robotic Process Automation,"Vanani, Iman Raeesi",Iman,female,0.9071665072646034,True
Transfer Learning Operators for Process-oriented Cases,"Minor, Mirjam",Mirjam,female,0.999514529682837,True
Transfer Learning Operators for Process-oriented Cases,"Herold, Miriam",Miriam,female,0.9998748565290823,True
Transfer Learning Operators for Process-oriented Cases,"Rubbe, Julius",Julius,male,0.9999231781568044,True
Transfer Learning Operators for Process-oriented Cases,"Dufner, Stefan",Stefan,male,0.9999831604184807,True
Transfer Learning Operators for Process-oriented Cases,"Brussas, Georgios",Georgios,male,0.9999721163040117,True
"Classifying Business Processes, A Novel Approach","Michael, Oland",Oland,male,0.999891400033143,True
MDD: Process Drift Detection in Event Logs Integrating Multiple Perspectives,"Cao, Yunuo",Yunuo,female,0.9682887913181178,True
MDD: Process Drift Detection in Event Logs Integrating Multiple Perspectives,"Lin, Leilei",Leilei,female,0.9820990628002977,True
MDD: Process Drift Detection in Event Logs Integrating Multiple Perspectives,"Di, Ying",Ying,female,0.9976878084537152,True
MDD: Process Drift Detection in Event Logs Integrating Multiple Perspectives,"Li, Xiaohe",Xiaohe,female,0.8062282048646137,True
MDD: Process Drift Detection in Event Logs Integrating Multiple Perspectives,"Chen, Wenlong",Wenlong,male,0.9847096422234497,True
Handling Process Variants in Information Systems with Software Product Line Engineering,"Hehnle, Philipp",Philipp,male,0.9999372005997167,True
Handling Process Variants in Information Systems with Software Product Line Engineering,"Reichert, Manfred",Manfred,male,0.9999883382145358,True
Combining Process Mining and Process Simulation in Healthcare: A Literature Review,"Salas, Evelyn",Evelyn,female,0.9999608528124582,True
Combining Process Mining and Process Simulation in Healthcare: A Literature Review,"Arias, Michael",Michael,male,0.9999876221560686,True
Combining Process Mining and Process Simulation in Healthcare: A Literature Review,"Aguirre, Santiago",Santiago,male,0.9999155344399705,True
Combining Process Mining and Process Simulation in Healthcare: A Literature Review,"Rojas, Eric",Eric,male,0.9999798907567824,True
A Comparison of Process Ontology Discovery from Organizational Guidelines in Two Different Languages,"Gurbuz, Ozge",Ozge,female,0.9997439573019251,True
A Comparison of Process Ontology Discovery from Organizational Guidelines in Two Different Languages,"Demirörs, Onur",Onur,male,0.9999756895583426,True
PQ-Diff: A Business Process Difference Detection and Interpretation Method based on the Common Key Structure,"Wang, Jiaxing",Jiaxing,unknown,0.7293637233250325,False
PQ-Diff: A Business Process Difference Detection and Interpretation Method based on the Common Key Structure,"Zhao, Ying",Ying,female,0.9976878084537152,True
PQ-Diff: A Business Process Difference Detection and Interpretation Method based on the Common Key Structure,"Zhou, Wuyuan",Wuyuan,male,0.9994565616372006,True
PQ-Diff: A Business Process Difference Detection and Interpretation Method based on the Common Key Structure,"Yang, Xusheng",Xusheng,male,0.9753006468704883,True
"Toward Code Generation for Process-oriented, Role-based Dashboards : An Example of Digital Advertising in Vietnam","Nguyen, Nga",Nga,female,0.9998785951762178,True
"Toward Code Generation for Process-oriented, Role-based Dashboards : An Example of Digital Advertising in Vietnam","Lê, Lam-Son",Lam,male,0.9880688424662691,True
COMB: Interconnected Transformers-Based Autoencoder for Multi-Perspective Business Process Anomaly Detection,"Guan, Wei",Wei,male,0.8353828445774668,True
COMB: Interconnected Transformers-Based Autoencoder for Multi-Perspective Business Process Anomaly Detection,"Cao, Jian",Jian,male,0.9975103869595472,True
COMB: Interconnected Transformers-Based Autoencoder for Multi-Perspective Business Process Anomaly Detection,"Yao, Yan",Yan,unknown,0.5336648310743305,False
COMB: Interconnected Transformers-Based Autoencoder for Multi-Perspective Business Process Anomaly Detection,"Gu, Yang",Yang,unknown,0.6608034619216988,False
COMB: Interconnected Transformers-Based Autoencoder for Multi-Perspective Business Process Anomaly Detection,"Qian, Shiyou",Shiyou,male,0.9931917903689345,True
Digital Twin for Automated Industrial Optimization: Intelligent Machine Selection via Process Modelling,"Skianis, Konstantinos",Konstantinos,male,0.9999558085455126,True
Digital Twin for Automated Industrial Optimization: Intelligent Machine Selection via Process Modelling,"Giannopoulos, Anastasios",Anastasios,male,0.9999260027730631,True
Digital Twin for Automated Industrial Optimization: Intelligent Machine Selection via Process Modelling,"Kalafatelis, Alexandros",Alexandros,male,0.9999884351175863,True
Digital Twin for Automated Industrial Optimization: Intelligent Machine Selection via Process Modelling,"Trakadas, Panagiotis",Panagiotis,male,0.9999221249138908,True
Elastic Multi-Tenant Business Process Based on Temporal Constraints,"Sellami, Wael",Wael,male,0.9999720386154145,True
Elastic Multi-Tenant Business Process Based on Temporal Constraints,"Hadj Kacem, Hatem",Hatem,male,0.987594531147125,True
Elastic Multi-Tenant Business Process Based on Temporal Constraints,"Hadj Kacem, Ahmed",Ahmed,male,0.9999977341795334,True
Systematic Mapping Review on Log Preparation for Process Mining,"Southier, Luiz Fernando Puttow",Luiz,male,0.9996898239467037,True
Systematic Mapping Review on Log Preparation for Process Mining,"de Freitas, Sheila Cristiana",Sheila,female,0.9999975571907288,True
Systematic Mapping Review on Log Preparation for Process Mining,"Pizzini, Adriano",Adriano,male,0.9997230892960969,True
Systematic Mapping Review on Log Preparation for Process Mining,"Santos, Eduardo Alves Portela",Eduardo,male,0.9999664554772328,True
Systematic Mapping Review on Log Preparation for Process Mining,"Scalabrin, Edson Emilio",Edson,male,0.999986779292972,True
Automated Generation of Business Process Models using Constraint Logic Programming in Python,"Paszun, Tymoteusz",Tymoteusz,male,0.9945556288537567,True
Automated Generation of Business Process Models using Constraint Logic Programming in Python,"Wiśniewski, Piotr",Piotr,male,0.999885348508805,True
Automated Generation of Business Process Models using Constraint Logic Programming in Python,"Kluza, Krzysztof",Krzysztof,male,0.9999579894277437,True
Automated Generation of Business Process Models using Constraint Logic Programming in Python,"Lige, Antoni",Antoni,male,0.9994592336637995,True
Business Process Modeling and Structure Optimization of Resource Coupling in Edge Computing,"Cai, Xiao-bo",Xiao,unknown,0.7140596202174592,False
Business Process Modeling and Structure Optimization of Resource Coupling in Edge Computing,"Chen, Li-jiao",Li,female,0.9821247080400133,True
Business Process Modeling and Structure Optimization of Resource Coupling in Edge Computing,"Shen, Xiao-jing",Xiao,unknown,0.7140596202174592,False
Business Process Modeling and Structure Optimization of Resource Coupling in Edge Computing,"Wu, Qi",Qi,unknown,0.7168904722752344,False
Business Process Modeling and Structure Optimization of Resource Coupling in Edge Computing,"Wu, Wen-dou",Wen,female,0.8707008596774066,True
Business Process Modeling and Structure Optimization of Resource Coupling in Edge Computing,"Wang, Bai-juan",Bai,unknown,0.7337335185616186,False
Web services hybrid dynamic composition models for ubiquitous computing networks,"Thakker, D.",,unknown,0,False
Web services hybrid dynamic composition models for ubiquitous computing networks,"Osman, T.",,unknown,0,False
Web services hybrid dynamic composition models for ubiquitous computing networks,"Al-Dabass, D.",,unknown,0,False
Data Provenance for Complex Event Processing Invoking Composition of Services,"Khalfallah, Malik",Malik,male,0.9997510389752112,True
Data Provenance for Complex Event Processing Invoking Composition of Services,"Ghodous, Parisa",Parisa,female,0.9999898260658726,True
Determining Business Process Improvement Priorities at Surabaya City Office for Population Administration & Civil Registration,"Viontita, Serra Charisma",Serra,female,0.9999468815921815,True
Determining Business Process Improvement Priorities at Surabaya City Office for Population Administration & Civil Registration,"ER, Mahendrawathi",Mahendrawathi,unknown,0.5404087578547828,False
Determining Business Process Improvement Priorities at Surabaya City Office for Population Administration & Civil Registration,"Nurkasanah, Ika",Ika,female,0.9905752507317671,True
Determining Business Process Improvement Priorities at Surabaya City Office for Population Administration & Civil Registration,"Sonhaji, Agus Imam",Agus,male,0.9981086430796683,True
Modeling and Analyzing Process Architecture for Context-Driven Adaptation: Designing Cognitively-Enhanced Business Processes for Enterprises,"Babar, Zia",Zia,female,0.9368502197010486,True
Modeling and Analyzing Process Architecture for Context-Driven Adaptation: Designing Cognitively-Enhanced Business Processes for Enterprises,"Lapouchnian, Alexei",Alexei,male,0.9988239638081096,True
Modeling and Analyzing Process Architecture for Context-Driven Adaptation: Designing Cognitively-Enhanced Business Processes for Enterprises,"Yu, Eric",Eric,male,0.9999798907567824,True
Modeling and Analyzing Process Architecture for Context-Driven Adaptation: Designing Cognitively-Enhanced Business Processes for Enterprises,"Chan, Allen",Allen,male,0.9998909262310021,True
Modeling and Analyzing Process Architecture for Context-Driven Adaptation: Designing Cognitively-Enhanced Business Processes for Enterprises,"Carbajales, Sebastian",Sebastian,male,0.9999469726859632,True
The changing face of government: The trends and a solution architecture for citizen services,"Sarkar, Sandipan",Sandipan,male,0.9972628431053843,True
Sequential composition of multi-party choreographies,"Schönberger, Andreas",Andreas,male,0.9999763395171621,True
Sequential composition of multi-party choreographies,"Wirtz, Guido",Guido,male,0.999905551240006,True
Flexible Persistence Support for State Machine-Based Workflow Engines,"Weigold, Thomas",Thomas,male,0.9999981017477207,True
Flexible Persistence Support for State Machine-Based Workflow Engines,"Kramp, Thorsten",Thorsten,male,0.9999697100379872,True
Flexible Persistence Support for State Machine-Based Workflow Engines,"Buhler, Peter",Peter,male,0.9999580684529622,True
Automated BPMN Diagram Generation,"Ajmal, Farhath",Farhath,female,0.8966338092835359,True
Automated BPMN Diagram Generation,"Wijekoon, Poorna",Poorna,female,0.9814184596059703,True
Automated BPMN Diagram Generation,"Dhanamina, Haritha",Haritha,female,0.9995195805356745,True
Automated BPMN Diagram Generation,"Ravishan, Yasiru",Yasiru,male,0.981388253234619,True
Automated BPMN Diagram Generation,"Nawinna, Dasuni",Dasuni,female,0.9939771134426186,True
Automated BPMN Diagram Generation,"Attanayaka, Buddhima",Buddhima,unknown,0.6083140768323929,False
Multimodal Process Mining,"Gavric, Aleksandar",Aleksandar,male,0.999981406971485,True
Multimodal Process Mining,"Bork, Dominik",Dominik,male,0.9999341703754147,True
Multimodal Process Mining,"Proper, Henderik",Henderik,male,0.9965895319682689,True
AI Assisted Customer Review Sentiment Analysis and Department Classification Tool,"Selçuk, Burcu",Burcu,female,0.9997405747939867,True
AI Assisted Customer Review Sentiment Analysis and Department Classification Tool,"Dursun, Berat Ilgaz",Berat,male,0.9939129304093,True
AI Assisted Customer Review Sentiment Analysis and Department Classification Tool,"Serif, Tacha",Tacha,female,0.999791892467015,True
Estimating Remaining Time of Business Processes based on Traces Structural Analysis,"Aburomman, Ahmad",Ahmad,male,0.9999926458308085,True
Estimating Remaining Time of Business Processes based on Traces Structural Analysis,"Almatarneh, Sattam",Sattam,male,0.9929235995785116,True
Estimating Remaining Time of Business Processes based on Traces Structural Analysis,"Penín, Manuel Lama",Manuel,male,0.9999796545255559,True
Estimating Remaining Time of Business Processes based on Traces Structural Analysis,"Bugarín-Diz, Alberto",Alberto,male,0.9998864566720463,True
It is All about the Interface: Factors Which Drive Process Interface Criticality in Organzations,"Lederer, Matthias",Matthias,male,0.9999337682187655,True
It is All about the Interface: Factors Which Drive Process Interface Criticality in Organzations,"Heider, Laura",Laura,female,0.9999801813992499,True
Domain-Specific Individualization of Workflows,"Raedisch, Tim",Tim,male,0.9999194162795334,True
Domain-Specific Individualization of Workflows,"Weissenberg, Norbert",Norbert,male,0.9997332944573782,True
Domain-Specific Individualization of Workflows,"Holtkamp, Bernhard",Bernhard,male,0.9999742564512356,True
Efficiency of Generated Performer Networks in Collaborative Business Process Models,"Sonntag, Andreas",Andreas,male,0.9999763395171621,True
Efficiency of Generated Performer Networks in Collaborative Business Process Models,"Fettke, Peter",Peter,male,0.9999580684529622,True
"Human Resource Allocation to the Credit Requirement Process, A Process Mining Approach","Ebadati, Omid Mahdi",Omid,male,0.9999914407396333,True
"Human Resource Allocation to the Credit Requirement Process, A Process Mining Approach","Mehrabioun, Mohammad",Mohammad,male,0.9999978931239886,True
"Human Resource Allocation to the Credit Requirement Process, A Process Mining Approach","Hosesini, Shokoofeh",Shokoofeh,female,0.9936444232774402,True
Generation of Synthetic Business Process Traces Using Constraint Programming,"Wiśniewski, Piotr",Piotr,male,0.999885348508805,True
Generation of Synthetic Business Process Traces Using Constraint Programming,"Kluza, Krzysztof",Krzysztof,male,0.9999579894277437,True
Generation of Synthetic Business Process Traces Using Constraint Programming,"Ligęza, Antoni",Antoni,male,0.9994592336637995,True
Generation of Synthetic Business Process Traces Using Constraint Programming,"Suchenia, Anna",Anna,female,0.9999976672321713,True
A Self-Adaptive Process Mining Algorithm Based on Information Entropy to Deal With Uncertain Data,"Li, Weimin",Weimin,male,0.9779108131418047,True
A Self-Adaptive Process Mining Algorithm Based on Information Entropy to Deal With Uncertain Data,"Fan, Yuting",Yuting,female,0.9987444843781504,True
A Self-Adaptive Process Mining Algorithm Based on Information Entropy to Deal With Uncertain Data,"Liu, Wei",Wei,male,0.8353828445774668,True
A Self-Adaptive Process Mining Algorithm Based on Information Entropy to Deal With Uncertain Data,"Xin, Minjun",Minjun,male,0.8536277247355994,True
A Self-Adaptive Process Mining Algorithm Based on Information Entropy to Deal With Uncertain Data,"Wang, Hao",Hao,male,0.9989380817683122,True
A Self-Adaptive Process Mining Algorithm Based on Information Entropy to Deal With Uncertain Data,"Jin, Qun",Qun,unknown,0.6995102841374008,False
Collaborative discovery and enrichment of business process models using a semantification approach,"Derevyanko, Yevheniya",Yevheniya,female,0.9997912237035752,True
Collaborative discovery and enrichment of business process models using a semantification approach,"Guerreiro, Sérgio",Sérgio,male,0.9989384818665544,True
Collaborative discovery and enrichment of business process models using a semantification approach,"Sousa, Pedro",Pedro,male,0.9999821167297533,True
Results of benchmark tests for different numerical BPM algorithms,"Nolting, H.-P.",H.,unknown,0.5480924088238758,False
Results of benchmark tests for different numerical BPM algorithms,"Marz, R.",,unknown,0,False
The Two-Scale BPM Scattering Model for Sea Biogenic Slicks Contrast,"Nunziata, Ferdinando",Ferdinando,male,0.9998488716175292,True
The Two-Scale BPM Scattering Model for Sea Biogenic Slicks Contrast,"Sobieski, Piotr",Piotr,male,0.999885348508805,True
The Two-Scale BPM Scattering Model for Sea Biogenic Slicks Contrast,Migliaccio,Migliaccio,male,0.9434775778049057,True
The Two-Scale BPM Scattering Model for Sea Biogenic Slicks Contrast,Maurizio,Maurizio,male,0.9999056951422044,True
A Generic Business Artifacts Based Authorization Framework for Cross-Enterprise Collaboration,"Limonad, Lior",Lior,male,0.9887692585553113,True
A Generic Business Artifacts Based Authorization Framework for Cross-Enterprise Collaboration,"Boaz, David",David,male,0.9999952928042082,True
A Generic Business Artifacts Based Authorization Framework for Cross-Enterprise Collaboration,"Hull, Richard",Richard,male,0.9999944029565571,True
A Generic Business Artifacts Based Authorization Framework for Cross-Enterprise Collaboration,"Vaculin, Roman",Roman,male,0.9999958558456321,True
A Generic Business Artifacts Based Authorization Framework for Cross-Enterprise Collaboration,"Heath, Fenno",Fenno,male,0.9932661205017383,True
Knowledge Intensive Business Processes: An Exploratory Study,"Isik, Öyku",Öyku,female,0.9914041904227083,True
Knowledge Intensive Business Processes: An Exploratory Study,"Van den Bergh, Joachim",Joachim,male,0.9999819000816837,True
Knowledge Intensive Business Processes: An Exploratory Study,"Mertens, Willem",Willem,male,0.9999008294243106,True
Application of Equivalence Checking in a Loan Origination Process in Banking Industry,"Santone, Antonella",Antonella,female,0.9999976482666009,True
Application of Equivalence Checking in a Loan Origination Process in Banking Industry,"Intilangelo, Valentina",Valentina,female,0.9999985356541968,True
Application of Equivalence Checking in a Loan Origination Process in Banking Industry,"Raucci, Domenico",Domenico,male,0.9999598086754721,True
"User experience-based evaluation of open source workflow systems: The cases of Bonita, Activiti, jBPM, and Intalio","Baïna, Karim",Karim,male,0.9982261835394265,True
"User experience-based evaluation of open source workflow systems: The cases of Bonita, Activiti, jBPM, and Intalio","Baïna, Salah",Salah,male,0.9979862399704431,True
An Approach to Evaluate the Local Completeness of an Event Log,"Yang, Hedong",Hedong,male,0.9967136044084749,True
An Approach to Evaluate the Local Completeness of an Event Log,"Wen, Lijie",Lijie,female,0.9790060744846031,True
An Approach to Evaluate the Local Completeness of an Event Log,"Wang, Jianmin",Jianmin,male,0.8695557433766125,True
Towards a Methodology for Goal-Oriented Enterprise Management,"Cardoso, Evellin Cristine Souza",Evellin,female,0.9974111652793451,True
A Service-oriented Integration Model of Knowledge and Business Processes,"Guo, Jianmei",Jianmei,female,0.9772405654038299,True
A Service-oriented Integration Model of Knowledge and Business Processes,"Wang, Yinglin",Yinglin,female,0.9632131301240047,True
A Service-oriented Integration Model of Knowledge and Business Processes,"Liu, Xijuan",Xijuan,female,0.8786302402197248,True
A Service-oriented Integration Model of Knowledge and Business Processes,"Tong, Hongxia",Hongxia,female,0.9845305714295768,True
Simulation based business processes analysis in higher education institutions,"Vukšić, Vesna Bosilj",Vesna,female,0.9999954711225196,True
Simulation based business processes analysis in higher education institutions,"Tomicic-Pupek, Katarina",Katarina,female,0.999998529339605,True
Simulation based business processes analysis in higher education institutions,"Bach, Mirjana Pejic",Mirjana,female,0.9999937463645924,True
Challenges in Performance Analysis in Enterprise Architectures,"Cardoso, Evellin Cristine Souza",Evellin,female,0.9974111652793451,True
Sentiment Analysis of User Feedback on Business Processes,"Mustansir, Amina",Amina,female,0.9999975049995746,True
Sentiment Analysis of User Feedback on Business Processes,"Shahzad, Khurram",Khurram,male,0.9999693299205058,True
Sentiment Analysis of User Feedback on Business Processes,"Malik, Muhammad Kamran",Muhammad,male,0.9999971836173159,True
Should Process Management Add Its Two Cents?: A Classification Approach for the Selection of Process Management Build-Time Techniques for Software Development Purposes,"Lederer, Matthias",Matthias,male,0.9999337682187655,True
Should Process Management Add Its Two Cents?: A Classification Approach for the Selection of Process Management Build-Time Techniques for Software Development Purposes,"Avci, Remzi",Remzi,male,0.991295190929214,True
Should Process Management Add Its Two Cents?: A Classification Approach for the Selection of Process Management Build-Time Techniques for Software Development Purposes,"Schmidt, Werner",Werner,male,0.9999697709027106,True
A Balanced Scorecard Approach to Perioperative Process Management: A Case Study Perspective,"Ryan, Jim",Jim,male,0.999978699711865,True
A Balanced Scorecard Approach to Perioperative Process Management: A Case Study Perspective,"Lewis, Carmen",Carmen,female,0.9959647241082684,True
A Balanced Scorecard Approach to Perioperative Process Management: A Case Study Perspective,"Fretwell, Cherie",Cherie,female,0.999960934899382,True
A Balanced Scorecard Approach to Perioperative Process Management: A Case Study Perspective,"Doster, Barbara",Barbara,female,0.999979214602181,True
A Balanced Scorecard Approach to Perioperative Process Management: A Case Study Perspective,"Daily, Sandra",Sandra,female,0.999979542732284,True
Supporting collaborative work by learning process models and patterns from cases,"Schönig, Stefan",Stefan,male,0.9999831604184807,True
Supporting collaborative work by learning process models and patterns from cases,"Zeising, Michael",Michael,male,0.9999876221560686,True
Supporting collaborative work by learning process models and patterns from cases,"Jablonski, Stefan",Stefan,male,0.9999831604184807,True
Toward the Support of Challenging Service Level Agreements (SLAs) in Manual and Context-Dependent Activities,"Mousheimish, Raef",Raef,male,0.9999947405681093,True
Toward the Support of Challenging Service Level Agreements (SLAs) in Manual and Context-Dependent Activities,"Taher, Yehia",Yehia,male,0.9944898591545096,True
Toward the Support of Challenging Service Level Agreements (SLAs) in Manual and Context-Dependent Activities,"Zeitouni, Karine",Karine,female,0.9999947595192173,True
A Flexible Event Handling Model for Business Process Enactment,"Mandal, Sankalita",Sankalita,female,0.7604696666968632,True
A Flexible Event Handling Model for Business Process Enactment,"Weske, Mathias",Mathias,male,0.999948038650782,True
Resilience Mechanism for Trustworthy Workflow Management System,"Han, Qiang",Qiang,male,0.9889567902465515,True
A Time-Aware Method to Process Behavioral Similarity Calculation,"Huang, Hua",Hua,male,0.6612283433060475,False
A Time-Aware Method to Process Behavioral Similarity Calculation,"Peng, Rong",Rong,unknown,0.7174724947670523,False
A Time-Aware Method to Process Behavioral Similarity Calculation,"Feng, Zaiwen",Zaiwen,male,0.5806073331293997,False
The Landscape of Rigorous and Agile Software Development Life Cycles (SDLCs) for BPMS: A Systematic Selective Literature Review,"Dávila-Campos, Roberto",Roberto,male,0.9999404051490157,True
The Landscape of Rigorous and Agile Software Development Life Cycles (SDLCs) for BPMS: A Systematic Selective Literature Review,"Mora, Manuel",Manuel,male,0.9999796545255559,True
The Landscape of Rigorous and Agile Software Development Life Cycles (SDLCs) for BPMS: A Systematic Selective Literature Review,"Reyes-Delgado, Paola Yuritzy",Paola,female,0.9999891372513092,True
The Landscape of Rigorous and Agile Software Development Life Cycles (SDLCs) for BPMS: A Systematic Selective Literature Review,"Muñoz-Arteaga, Jaime",Jaime,male,0.8905736761864349,True
The Landscape of Rigorous and Agile Software Development Life Cycles (SDLCs) for BPMS: A Systematic Selective Literature Review,"López-Torres, Gabriela Citlalli",Gabriela,female,0.9999942912800749,True
Mobile Modeling Tool Based on the Horus Method,"Alpers, Sascha",Sascha,unknown,0.6812636347953426,False
Mobile Modeling Tool Based on the Horus Method,"Eryilmaz, Esmahan",Esmahan,female,0.9890873956157891,True
Mobile Modeling Tool Based on the Horus Method,"Hellfeld, Stefan",Stefan,male,0.9999831604184807,True
Mobile Modeling Tool Based on the Horus Method,"Oberweis, Andreas",Andreas,male,0.9999763395171621,True
An Approach for Software Development Effort Estimation Using ChatGPT,"Arman, Ala",Ala,female,0.984600143238764,True
An Approach for Software Development Effort Estimation Using ChatGPT,"Di Reto, Emiliano",Emiliano,male,0.9995056193495935,True
An Approach for Software Development Effort Estimation Using ChatGPT,"Mecella, Massimo",Massimo,male,0.9998962669439312,True
An Approach for Software Development Effort Estimation Using ChatGPT,"Santucci, Giuseppe",Giuseppe,male,0.9998656437376092,True
A Systematic Literature Review of the Analysis of Costs and Other Dimensions in Process Mining and Related Disciplines,"Velásquez, Ignacio",Ignacio,male,0.9999054231007377,True
A Systematic Literature Review of the Analysis of Costs and Other Dimensions in Process Mining and Related Disciplines,"Gómez-Herrera, Mario",Mario,male,0.9998285831560244,True
A Systematic Literature Review of the Analysis of Costs and Other Dimensions in Process Mining and Related Disciplines,"Sepúlveda, Marcos",Marcos,male,0.9999676793806923,True
ebXML-based e-logistics enactment service architecture and system,"Oh, Dong-Keun",Dong,male,0.9925219904784107,True
ebXML-based e-logistics enactment service architecture and system,"Lee, Yong-Joon",Yong,male,0.9844618295633396,True
ebXML-based e-logistics enactment service architecture and system,"Min, Joon-Ki",Joon,male,0.9997801767682055,True
ebXML-based e-logistics enactment service architecture and system,"Kim, Kwang-Hoon",Kwang,male,0.9847491767333642,True
Knowledge-Intensive Healthcare Processes: Rethinking Business Process Ownership,"Marjanovic, Olivera",Olivera,female,0.9982887231498666,True
Facilitating services and engineering process management in distributed engineering of control applications,"Hästbacka, David",David,male,0.9999952928042082,True
Facilitating services and engineering process management in distributed engineering of control applications,"Kuikka, Seppo",Seppo,male,0.9992335233659542,True
Application of Artificial Intelligence in Heuristic Models for Process Improvement,"Antal, Kristóf",Kristóf,male,0.9996528030621724,True
Application of Artificial Intelligence in Heuristic Models for Process Improvement,"Szabó, Zoltán",Zoltán,male,0.9972814551816096,True
Actor Based Business Process Modeling and Execution: A Reference Implementation Based on Ontology Models and Microservices,"Geisriegler, Matthias",Matthias,male,0.9999337682187655,True
Actor Based Business Process Modeling and Execution: A Reference Implementation Based on Ontology Models and Microservices,"Kolodiy, Maksym",Maksym,male,0.9998839021436755,True
Actor Based Business Process Modeling and Execution: A Reference Implementation Based on Ontology Models and Microservices,"Stani, Stefan",Stefan,male,0.9999831604184807,True
Actor Based Business Process Modeling and Execution: A Reference Implementation Based on Ontology Models and Microservices,"Singer, Robert",Robert,male,0.9999776797436909,True
Recognizing Valid Artifacts in Business Processes,"He, Qi",Qi,unknown,0.7168904722752344,False
Process over Things (PoT): an Ontology Based Approach for IoT-Aware Business Processes,"Panetti, Tommaso",Tommaso,male,0.9999643045512738,True
Process over Things (PoT): an Ontology Based Approach for IoT-Aware Business Processes,"D'Ambrogio, Andrea",Andrea,female,0.9990642945711071,True
Process over Things (PoT): an Ontology Based Approach for IoT-Aware Business Processes,"Bocciarelli, Paolo",Paolo,male,0.9999357526976299,True
Modelamiento del proceso de la asignatura trabajo de grado del programa de ingeniería de sistemas,"Ruiz, Cindy Lizeth Peláez",Cindy,female,0.9999800604411053,True
Modelamiento del proceso de la asignatura trabajo de grado del programa de ingeniería de sistemas,"Carreño, Fabián Andrés Hoyos",Fabián,male,0.9974571429657726,True
Modelamiento del proceso de la asignatura trabajo de grado del programa de ingeniería de sistemas,"Vega, John Velandia",John,male,0.9999985032120171,True
An Anti-Noise Process Mining Algorithm Based on Minimum Spanning Tree Clustering,"Li, Weimin",Weimin,male,0.9779108131418047,True
An Anti-Noise Process Mining Algorithm Based on Minimum Spanning Tree Clustering,"Zhu, Heng",Heng,male,0.98575118051196,True
An Anti-Noise Process Mining Algorithm Based on Minimum Spanning Tree Clustering,"Liu, Wei",Wei,male,0.8353828445774668,True
An Anti-Noise Process Mining Algorithm Based on Minimum Spanning Tree Clustering,"Chen, Dehua",Dehua,male,0.9382898230813225,True
An Anti-Noise Process Mining Algorithm Based on Minimum Spanning Tree Clustering,"Jiang, Jiulei",Jiulei,male,0.5892785835437975,False
An Anti-Noise Process Mining Algorithm Based on Minimum Spanning Tree Clustering,"Jin, Qun",Qun,female,0.6995102841374008,False
Project management suportaded by Business ProcessManagement: Experience in the Brazilian justice,"Costa, Carmo Welkey",Carmo,unknown,0.5559203128954308,False
Project management suportaded by Business ProcessManagement: Experience in the Brazilian justice,"Bessa, Albuquerque Adriano",Albuquerque,male,0.9750538505634424,True
Intelligent Automation-Led Transformation of Clinical Data Management: A New Solution for a Smarter Biopharma Industry,"Srivastava, Sanjeet Kumar",Sanjeet,male,0.9997051079108507,True
Intelligent Automation-Led Transformation of Clinical Data Management: A New Solution for a Smarter Biopharma Industry,"Srinivasan, Sowmyanarayan",Sowmyanarayan,unknown,0.6931497716235715,False
The research of system wide information management based on SOA,"Wang, Zhongbo",Zhongbo,male,0.9843464944759511,True
The research of system wide information management based on SOA,"Luo, Xiling",Xiling,unknown,0.7125460038780125,False
The research of system wide information management based on SOA,"Zhao, Milong",Milong,unknown,0.5330771113222349,False
The research of system wide information management based on SOA,"Qi, Ming",Ming,unknown,0.5866865921981015,False
Compliance Analysis of Configurable Business Process Model Based on Extend CTL,"Yiwang, Huang",Huang,female,0.5549666842350425,False
Compliance Analysis of Configurable Business Process Model Based on Extend CTL,"Zaiwen, Feng",Feng,male,0.9830753668861625,True
Compliance Analysis of Configurable Business Process Model Based on Extend CTL,"Keqing, He",He,male,0.9119018856117466,True
Compliance Analysis of Configurable Business Process Model Based on Extend CTL,"Songjin, Xu",Xu,male,0.7337600554549282,False
A BPM-based solution for inter-domain circuit management,"de Santanna, José Jair Cardoso",José,male,0.9960913709996708,True
A BPM-based solution for inter-domain circuit management,"Wickboldt, Juliano Araujo",Juliano,male,0.9997182176723524,True
A BPM-based solution for inter-domain circuit management,"Granville, Lisandro Zambenedetti",Lisandro,male,0.9999361150587448,True
How BPM Impacts Jobs: An Exploratory Field Study,"Mertens, Willem",Willem,male,0.9999008294243106,True
How BPM Impacts Jobs: An Exploratory Field Study,"Van den Bergh, Joachim",Joachim,male,0.9999819000816837,True
How BPM Impacts Jobs: An Exploratory Field Study,"Viaene, Stijn",Stijn,male,0.9934761545778056,True
How BPM Impacts Jobs: An Exploratory Field Study,"Schroder-Pander, Friederike",Friederike,female,0.9999844402942264,True
Applying Linked Data concepts in BPM,"Robak, Silva",Silva,female,0.9994564646647451,True
Applying Linked Data concepts in BPM,"Franczyk, Bogdan",Bogdan,male,0.9999861052531946,True
Applying Linked Data concepts in BPM,"Robak, Marcin",Marcin,male,0.999854736332431,True
An Exploration of BPM Adoption Factors: Initial Steps for Model Development,"Gabryelczvk, Renata",Renata,female,0.9999937852557952,True
Insights into BPM maturity in Croatian and Slovenian companies,"Vukšić, V. Bosilj",,unknown,0,False
Insights into BPM maturity in Croatian and Slovenian companies,"Štemberger, M. Indihar",,unknown,0,False
Insights into BPM maturity in Croatian and Slovenian companies,"Vugec, D. Suša",,unknown,0,False
Jadex WfMS: Distributed Workflow Management for Private Clouds,"Jander, Kai",Kai,male,0.9819597256365221,True
Jadex WfMS: Distributed Workflow Management for Private Clouds,"Lamersdorf, Winfried",Winfried,male,0.9999860225464584,True
Fiber-Optic Refractive Index Sensor Based on Multi-Tapered SMS Fiber Structure,"Zhao, Yong",Yong,male,0.9844618295633396,True
Fiber-Optic Refractive Index Sensor Based on Multi-Tapered SMS Fiber Structure,"Cai, Lu",Lu,female,0.9968039766756602,True
Fiber-Optic Refractive Index Sensor Based on Multi-Tapered SMS Fiber Structure,"Hu, Hai-Feng",Hai,male,0.9939731570703723,True
Sensor networks based healthcare monitoring system,"Chauhan, Jigar",Jigar,male,0.9999839050952161,True
Sensor networks based healthcare monitoring system,"Bojewar, Sachin",Sachin,male,0.9999625046464939,True
Battery power system with arrayed battery power modules,"Moo, Chin-Sien",Chin,male,0.9814689338710207,True
Battery power system with arrayed battery power modules,"Jian, Jhen-Yu",Jhen,female,0.832570537372589,True
Battery power system with arrayed battery power modules,"Wu, Tsung-Hsi",Tsung,male,0.9710957982001063,True
Battery power system with arrayed battery power modules,"Yu, Li-Ren",Li,female,0.9821247080400133,True
Battery power system with arrayed battery power modules,"Hua, Chih-Chiang",Chih,male,0.9915499599674159,True
Calculating the Guided Modes in Optical Fibers and Waveguides,"Shu, Hong",Hong,female,0.711999011631038,False
Calculating the Guided Modes in Optical Fibers and Waveguides,"Bass, Michael",Michael,male,0.9999876221560686,True
A Stable and Accurate Preconditioner for Bidirectional Beam Propagation Method,"Xiao, Jinbiao",Jinbiao,male,0.9838112063653762,True
A Stable and Accurate Preconditioner for Bidirectional Beam Propagation Method,"Wu, Shengbao",Shengbao,male,0.978429198742532,True
A Stable and Accurate Preconditioner for Bidirectional Beam Propagation Method,"Sun, Xiaohan",Xiaohan,female,0.8344703718466,True
Reduction in Bend Losses of a Buried Waveguide on a Silicon Substrate by Adjusting the Core Location,"Nito, Yuta",Yuta,male,0.9894963162573843,True
Reduction in Bend Losses of a Buried Waveguide on a Silicon Substrate by Adjusting the Core Location,"Yatabe, Baku",Baku,male,0.8412928846591637,True
Reduction in Bend Losses of a Buried Waveguide on a Silicon Substrate by Adjusting the Core Location,"Yamauchi, Junji",Junji,male,0.9976175762059468,True
Reduction in Bend Losses of a Buried Waveguide on a Silicon Substrate by Adjusting the Core Location,"Nakano, Hisamatsu",Hisamatsu,female,0.5239129542152096,False
Linking legacy services to the business process model,"Sneed, Harry M.",Harry,male,0.9997201104874271,True
Linking legacy services to the business process model,"Schedl, Stefan",Stefan,male,0.9999831604184807,True
Linking legacy services to the business process model,"Sneed, Stephan H.",Stephan,male,0.9999887311827451,True
A Wide-Angle Beam Propagation Method Using Denman–Beavers Iterative Scheme,"Wu, Shengbao",Shengbao,male,0.978429198742532,True
A Wide-Angle Beam Propagation Method Using Denman–Beavers Iterative Scheme,"Xiao, Jinbiao",Jinbiao,male,0.9838112063653762,True
Modeling and Execution of Multienterprise Business Processes,"Singer, Robert",Robert,male,0.9999776797436909,True
Modeling and Execution of Multienterprise Business Processes,"Kotremba, Johannes",Johannes,male,0.9999887278356387,True
Modeling and Execution of Multienterprise Business Processes,"Raß, Stefan",Stefan,male,0.9999831604184807,True
Supporting the consistency in multi-perspective Business Process Modeling: A mapping approach,"Awadid, Afef",Afef,female,0.9668460418812904,True
Marker Codes on BPMR Write Channel With Data-Dependent Written-in Errors,"Wu, Tong",Tong,male,0.9861388834780277,True
Marker Codes on BPMR Write Channel With Data-Dependent Written-in Errors,"Armand, Marc A.",Marc,male,0.9999669556997242,True
Development of a Low- Q Cavity-Type Beam Position Monitoring System,"Jang, S. W.",,unknown,0,False
Development of a Low- Q Cavity-Type Beam Position Monitoring System,"Kim, E.-S.",E.,unknown,0.52737888163555,False
Development of a Low- Q Cavity-Type Beam Position Monitoring System,"Heo, A.",,unknown,0,False
Development of a Low- Q Cavity-Type Beam Position Monitoring System,"Honda, Y.",,unknown,0,False
Development of a Low- Q Cavity-Type Beam Position Monitoring System,"Tauchi, T.",,unknown,0,False
Development of a Low- Q Cavity-Type Beam Position Monitoring System,"Terunuma, N.",,unknown,0,False
Development of a Low- Q Cavity-Type Beam Position Monitoring System,"Hwang, J. G.",,unknown,0,False
ERP and BPMS integration at a manufacturing simulation lab,"Mejía, C. A. Vega",,unknown,0,False
ERP and BPMS integration at a manufacturing simulation lab,"Arias, J. S. Castellanos",,unknown,0,False
ERP and BPMS integration at a manufacturing simulation lab,"Mayorga, H. S. Aguirre",,unknown,0,False
ERP and BPMS integration at a manufacturing simulation lab,"Rincón, N.",,unknown,0,False
ERP and BPMS integration at a manufacturing simulation lab,"Martinez, Y. P. Hernández",,unknown,0,False
"Experimental and Modeled Output Characteristics of a Compact, Passively Q-Switched Tm:YLF Laser","Chinn, Stephen R.",Stephen,male,0.9999906814314838,True
"Experimental and Modeled Output Characteristics of a Compact, Passively Q-Switched Tm:YLF Laser","Goldberg, Lew",Lew,male,0.9997129702421178,True
"Experimental and Modeled Output Characteristics of a Compact, Passively Q-Switched Tm:YLF Laser","King, Vernon",Vernon,male,0.9999393675043662,True
"Experimental and Modeled Output Characteristics of a Compact, Passively Q-Switched Tm:YLF Laser","Leach, Jeffrey H.",Jeffrey,male,0.999984794566573,True
"Experimental and Modeled Output Characteristics of a Compact, Passively Q-Switched Tm:YLF Laser","Hays, Alan D.",Alan,male,0.9999595127093575,True
"Experimental and Modeled Output Characteristics of a Compact, Passively Q-Switched Tm:YLF Laser","Cole, Brian",Brian,male,0.999980533484253,True
Straight and Segmented Structure Evanescent Wave Sensor With Different Sensing Region Length,"Lou, Jun",Jun,male,0.9972113548054844,True
Straight and Segmented Structure Evanescent Wave Sensor With Different Sensing Region Length,"Wang, Qian",Qian,female,0.8829072537227759,True
Straight and Segmented Structure Evanescent Wave Sensor With Different Sensing Region Length,"Xu, Hong-Zhi",Hong,female,0.711999011631038,False
Straight and Segmented Structure Evanescent Wave Sensor With Different Sensing Region Length,"Xu, Ben",Ben,male,0.9999724406238173,True
Straight and Segmented Structure Evanescent Wave Sensor With Different Sensing Region Length,"Huang, Jie",Jie,male,0.5239159993068604,False
Straight and Segmented Structure Evanescent Wave Sensor With Different Sensing Region Length,"Li, Ben-Chong",Ben,male,0.9999724406238173,True
Straight and Segmented Structure Evanescent Wave Sensor With Different Sensing Region Length,"Shen, Wei-Min",Wei,male,0.8353828445774668,True
A Ontological Collaborative Framework for Bussiness Process Integration,"Hoang, Minh Tuan Nguyen",Minh,male,0.9826455323255803,True
A Ontological Collaborative Framework for Bussiness Process Integration,"Nguyen, Trung Van",Trung,male,0.9998588358009136,True
A Ontological Collaborative Framework for Bussiness Process Integration,"Hoang, Hanh Huu",Hanh,female,0.9980197341321809,True
Determining the Anisotropy of Bit-Patterned Media for Optimal Performance,"Talbot, Jennifer E.",Jennifer,female,0.9988421343723142,True
Determining the Anisotropy of Bit-Patterned Media for Optimal Performance,"Kalezhi, Josephat",Josephat,male,0.9985490886567224,True
Determining the Anisotropy of Bit-Patterned Media for Optimal Performance,"Miles, Jim",Jim,male,0.999978699711865,True
Towards an ontology of business- and process architecture based on a business model,"Hitpass Heyl, Bernhard",Bernhard,male,0.9999742564512356,True
Eikonal Analysis of the Boundaryless Beam Propagation Method,"Mukherjee, Swagato",Swagato,male,0.9890762765657319,True
Eikonal Analysis of the Boundaryless Beam Propagation Method,"Ramachandran, Harishankar",Harishankar,male,0.9990393891692243,True
Design & analysis of Optical Ring Resonator with Circular Cavity as Add-drop Multiplexer,"Patil, Prasenjeet Damodar",Prasenjeet,male,0.999193561068712,True
Design & analysis of Optical Ring Resonator with Circular Cavity as Add-drop Multiplexer,"Bahadure, Nilesh Bhaskarrao",Nilesh,male,0.9937339322066312,True
Design & analysis of Optical Ring Resonator with Circular Cavity as Add-drop Multiplexer,"Selokar, Pradip Ram",Pradip,male,0.99996867087244,True
Design & analysis of Optical Ring Resonator with Circular Cavity as Add-drop Multiplexer,"Govind Sarate, Gajanan",Gajanan,male,0.9977889516288152,True
Filtering Out Infrequent Behavior from Business Process Event Logs,"Conforti, Raffaele",Raffaele,male,0.9994192029161726,True
Filtering Out Infrequent Behavior from Business Process Event Logs,"Rosa, Marcello La",Marcello,male,0.9996360264682205,True
Filtering Out Infrequent Behavior from Business Process Event Logs,"Hofstede, Arthur H.M. ter",Arthur,male,0.9999849927075136,True
Detecting Sudden and Gradual Drifts in Business Processes from Execution Traces,"Maaradji, Abderrahmane",Abderrahmane,male,0.9939931992190564,True
Detecting Sudden and Gradual Drifts in Business Processes from Execution Traces,"Dumas, Marlon",Marlon,male,0.9996458113945667,True
Detecting Sudden and Gradual Drifts in Business Processes from Execution Traces,"Rosa, Marcello La",Marcello,male,0.9996360264682205,True
Detecting Sudden and Gradual Drifts in Business Processes from Execution Traces,"Ostovar, Alireza",Alireza,male,0.9978879183887268,True
Real Time Business Intelligence for the Adaptive Enterprise,"Azvine, B.",,unknown,0,False
Real Time Business Intelligence for the Adaptive Enterprise,"Cui, Z.",,unknown,0,False
Real Time Business Intelligence for the Adaptive Enterprise,"Nauck, D.D.",D.D.,unknown,0.5697001541024058,False
Real Time Business Intelligence for the Adaptive Enterprise,"Majeed, B.",,unknown,0,False
Towards an Integrative Big Data Analysis Framework for Data-Driven Risk Management in Industry 4.0,"Niesen, Tim",Tim,male,0.9999194162795334,True
Towards an Integrative Big Data Analysis Framework for Data-Driven Risk Management in Industry 4.0,"Houy, Constantin",Constantin,male,0.9998452155438584,True
Towards an Integrative Big Data Analysis Framework for Data-Driven Risk Management in Industry 4.0,"Fettke, Peter",Peter,male,0.9999580684529622,True
Towards an Integrative Big Data Analysis Framework for Data-Driven Risk Management in Industry 4.0,"Loos, Peter",Peter,male,0.9999580684529622,True
"Service Mining: Using Process Mining to Discover, Check, and Improve Service Behavior","Aalst, Wil van der",Wil,male,0.9988491702309068,True
Semantic Framework for Internet of Things-Aware Business Process Development,"Suri, Kunal",Kunal,male,0.9999219924625861,True
Semantic Framework for Internet of Things-Aware Business Process Development,"Gaaloul, Walid",Walid,male,0.9999190638369029,True
Semantic Framework for Internet of Things-Aware Business Process Development,"Cuccuru, Arnaud",Arnaud,male,0.9999847203880788,True
Semantic Framework for Internet of Things-Aware Business Process Development,"Gerard, Sebastien",Sebastien,male,0.9999278260848805,True
A BPMN extension for modeling Cyber-Physical-Production-Systems in the context of Industry 4.0,"Bocciarelli, Paolo",Paolo,male,0.9999357526976299,True
A BPMN extension for modeling Cyber-Physical-Production-Systems in the context of Industry 4.0,"D'Ambrogio, Andrea",Andrea,female,0.9990642945711071,True
A BPMN extension for modeling Cyber-Physical-Production-Systems in the context of Industry 4.0,"Giglio, Andrea",Andrea,female,0.9990642945711071,True
A BPMN extension for modeling Cyber-Physical-Production-Systems in the context of Industry 4.0,"Paglia, Emiliano",Emiliano,male,0.9995056193495935,True
Interpreted Execution of Business Process Models on Blockchain,"López-Pintado, Orlenys",Orlenys,female,0.9960458280439185,True
Interpreted Execution of Business Process Models on Blockchain,"Dumas, Marlon",Marlon,male,0.9996458113945667,True
Interpreted Execution of Business Process Models on Blockchain,"García-Bañuelos, Luciano",Luciano,male,0.9996589196440591,True
Interpreted Execution of Business Process Models on Blockchain,"Weber, Ingo",Ingo,male,0.9999333804098659,True
Proactive Business Process Compliance Monitoring with Event-Based Systems,"Thullner, Robert",Robert,male,0.9999776797436909,True
Proactive Business Process Compliance Monitoring with Event-Based Systems,"Rozsnyai, Szabolcs",Szabolcs,male,0.9968641680929077,True
Proactive Business Process Compliance Monitoring with Event-Based Systems,"Schiefer, Josef",Josef,male,0.9999977561192824,True
Proactive Business Process Compliance Monitoring with Event-Based Systems,"Obweger, Hannes",Hannes,male,0.9999500351801358,True
Proactive Business Process Compliance Monitoring with Event-Based Systems,"Suntinger, Martin",Martin,male,0.9998539477569732,True
Process-Based Composition of Permissioned and Permissionless Blockchain Smart Contracts,"Falazi, Ghareeb",Ghareeb,male,0.9993989427313464,True
Process-Based Composition of Permissioned and Permissionless Blockchain Smart Contracts,"Hahn, Michael",Michael,male,0.9999876221560686,True
Process-Based Composition of Permissioned and Permissionless Blockchain Smart Contracts,"Breitenbücher, Uwe",Uwe,male,0.9993723681134667,True
Process-Based Composition of Permissioned and Permissionless Blockchain Smart Contracts,"Leymann, Frank",Frank,male,0.999947578866658,True
Process-Based Composition of Permissioned and Permissionless Blockchain Smart Contracts,"Yussupov, Vladimir",Vladimir,male,0.9999351319225824,True
Dynamic Multilevel Workflow Management Concept for Industrial IoT Systems,"Kozma, Dániel",Dániel,male,0.99573197978853,True
Dynamic Multilevel Workflow Management Concept for Industrial IoT Systems,"Varga, Pál",Pál,male,0.9859407890205332,True
Dynamic Multilevel Workflow Management Concept for Industrial IoT Systems,"Larrinaga, Felix",Felix,male,0.9998848338420872,True
Towards Correct Cloud Resource Allocation in Business Processes,"Graiet, Mohamed",Mohamed,male,0.9999971268152898,True
Towards Correct Cloud Resource Allocation in Business Processes,"Mammar, Amel",Amel,female,0.6885738073834725,False
Towards Correct Cloud Resource Allocation in Business Processes,"Boubaker, Souha",Souha,female,0.994793542304833,True
Towards Correct Cloud Resource Allocation in Business Processes,"Gaaloul, Walid",Walid,male,0.9999190638369029,True
A Comparison of Flexible BPMN and CMMN in Practice: A Case Study on Component Release Processes,"Zensen, André",André,male,0.9937443143503205,True
A Comparison of Flexible BPMN and CMMN in Practice: A Case Study on Component Release Processes,"Küster, Jochen",Jochen,male,0.999994958067544,True
Understanding Agile Innovation Management Adoption for SMEs,"Sharma, Shavneet",Shavneet,unknown,0.5954641672888804,False
Understanding Agile Innovation Management Adoption for SMEs,"Singh, Gurmeet",Gurmeet,male,0.9878974187501817,True
Understanding Agile Innovation Management Adoption for SMEs,"Jones, Paul",Paul,male,0.999990342528266,True
Understanding Agile Innovation Management Adoption for SMEs,"Kraus, Sascha",Sascha,unknown,0.6812636347953426,False
Understanding Agile Innovation Management Adoption for SMEs,"Dwivedi, Yogesh K.",Yogesh,male,0.9981828267056092,True
A Model-Driven Approach for Monitoring Business Performance in Web Service Compositions,"Momm, Christof",Christof,male,0.9999768680855999,True
A Model-Driven Approach for Monitoring Business Performance in Web Service Compositions,"Gebhart, Michael",Michael,male,0.9999876221560686,True
A Model-Driven Approach for Monitoring Business Performance in Web Service Compositions,"Abeck, Sebastian",Sebastian,male,0.9999469726859632,True
Scalable Business Process Execution in the Cloud,"Euting, Seven",Seven,male,0.9817230435184846,True
Scalable Business Process Execution in the Cloud,"Janiesch, Christian",Christian,male,0.9993987974523811,True
Scalable Business Process Execution in the Cloud,"Fischer, Robin",Robin,female,0.9831070203571547,True
Scalable Business Process Execution in the Cloud,"Tai, Stefan",Stefan,male,0.9999831604184807,True
Scalable Business Process Execution in the Cloud,"Weber, Ingo",Ingo,male,0.9999333804098659,True
Discovering Business Processes in CRM Systems by Leveraging Unstructured Text Data,"Banziger, Rolf B.",Rolf,male,0.9999906658885414,True
Discovering Business Processes in CRM Systems by Leveraging Unstructured Text Data,"Basukoski, Artie",Artie,male,0.6422707299206196,False
Discovering Business Processes in CRM Systems by Leveraging Unstructured Text Data,"Chaussalet, Thierry",Thierry,male,0.9986107594852149,True
Service Workflow: State-of-the-Art and Future Trends,"Viriyasitavat, Wattana",Wattana,male,0.7747357739061322,True
Service Workflow: State-of-the-Art and Future Trends,"Da Xu, Li",Li,female,0.9821247080400133,True
Service Workflow: State-of-the-Art and Future Trends,"Dhiman, Gaurav",Gaurav,male,0.9999851368364395,True
Service Workflow: State-of-the-Art and Future Trends,"Sapsomboon, Assadaporn",Assadaporn,female,0.978836200215448,True
Service Workflow: State-of-the-Art and Future Trends,"Pungpapong, Vitara",Vitara,unknown,0.7245097215305925,False
Service Workflow: State-of-the-Art and Future Trends,"Bi, Zhuming",Zhuming,male,0.8543022748751076,True
"Use of Method for Elicitation, Documentation, and Validation of Software User Requirements (MEDoV) in Agile Software Development Projects","Dragicevic, Srdjana",Srdjana,female,0.5734716631261091,False
"Use of Method for Elicitation, Documentation, and Validation of Software User Requirements (MEDoV) in Agile Software Development Projects","Celar, Stipe",Stipe,male,0.9848259795792571,True
"Use of Method for Elicitation, Documentation, and Validation of Software User Requirements (MEDoV) in Agile Software Development Projects","Novak, Luksa",Luksa,male,0.9889482456857488,True
Towards an Enterprise Business Process Architecture Standard,"Koliadis, George",George,male,0.9999684085414767,True
Towards an Enterprise Business Process Architecture Standard,"Ghose, Aditya K.",Aditya,male,0.9930058833426924,True
Towards an Enterprise Business Process Architecture Standard,"Padmanabhuni, Srinivas",Srinivas,male,0.9999831400460074,True
Decentralized Enactment of BPEL Processes,"Pantazoglou, Michael",Michael,male,0.9999876221560686,True
Decentralized Enactment of BPEL Processes,"Pogkas, Ioannis",Ioannis,male,0.9999133506151796,True
Decentralized Enactment of BPEL Processes,"Tsalgatidou, Aphrodite",Aphrodite,female,0.9999773395944345,True
Maximizing the Business Value of Networked Embedded Systems through Process-Level Integration into Enterprise Software,"Spieb, Patrik",Patrik,male,0.999940143173976,True
Maximizing the Business Value of Networked Embedded Systems through Process-Level Integration into Enterprise Software,"Karnouskos, Stamatis",Stamatis,male,0.9999097640504505,True
An Event-B Based Approach for Ensuring Correct Configurable Business Processes,"Boubaker, Souha",Souha,female,0.994793542304833,True
An Event-B Based Approach for Ensuring Correct Configurable Business Processes,"Mammar, Amel",Amel,female,0.6885738073834725,False
An Event-B Based Approach for Ensuring Correct Configurable Business Processes,"Graiet, Mohamed",Mohamed,male,0.9999971268152898,True
An Event-B Based Approach for Ensuring Correct Configurable Business Processes,"Gaaloul, Walid",Walid,male,0.9999190638369029,True
Process-oriented Information Logistics: Aligning Enterprise Information with Business Processes,"Michelberger, Bernd",Bernd,male,0.9998846486900214,True
Process-oriented Information Logistics: Aligning Enterprise Information with Business Processes,"Mutschler, Bela",Bela,female,0.9847875101573145,True
Process-oriented Information Logistics: Aligning Enterprise Information with Business Processes,"Reichert, Manfred",Manfred,male,0.9999883382145358,True
Sustainable Software System Engineering,"Betz, Stefanie",Stefanie,female,0.999951936822069,True
Sustainable Software System Engineering,"Caporale, Timm",Timm,male,0.9998394559952749,True
GRASPED: A GRU-AE Network Based Multi-Perspective Business Process Anomaly Detection Model,"Guan, Wei",Wei,male,0.8353828445774668,True
GRASPED: A GRU-AE Network Based Multi-Perspective Business Process Anomaly Detection Model,"Cao, Jian",Jian,male,0.9975103869595472,True
GRASPED: A GRU-AE Network Based Multi-Perspective Business Process Anomaly Detection Model,"Gu, Yang",Yang,unknown,0.6608034619216988,False
GRASPED: A GRU-AE Network Based Multi-Perspective Business Process Anomaly Detection Model,"Qian, Shiyou",Shiyou,male,0.9931917903689345,True
Context-Aware Process Performance Indicator Prediction,"Márquez-Chamorro, Alfonso E.",Alfonso,male,0.9999645358026298,True
Context-Aware Process Performance Indicator Prediction,"Revoredo, Kate",Kate,female,0.9999802829370112,True
Context-Aware Process Performance Indicator Prediction,"Resinas, Manuel",Manuel,male,0.9999796545255559,True
Context-Aware Process Performance Indicator Prediction,"Del-Río-Ortega, Adela",Adela,female,0.999990800859609,True
Context-Aware Process Performance Indicator Prediction,"Santoro, Flávia M.",Flávia,female,0.9980152096934121,True
Context-Aware Process Performance Indicator Prediction,"Ruiz-Cortés, Antonio",Antonio,male,0.9999433950349952,True
Representative BPMN 2.0 Process Model Generation from Recurring Structures,"Skouradaki, Marigianna",Marigianna,female,0.80114336169702,True
Representative BPMN 2.0 Process Model Generation from Recurring Structures,"Andrikopoulos, Vasilios",Vasilios,male,0.9998566724981002,True
Representative BPMN 2.0 Process Model Generation from Recurring Structures,"Leymann, Frank",Frank,male,0.999947578866658,True
Cloud migration using automated planning,"Vukovic, Maja",Maja,female,0.9999911553938743,True
Cloud migration using automated planning,"Hwang, Jinho",Jinho,male,0.9999023257874917,True
Efficient and Exact Query of Large Process Model Repositories in Cloud Workflow Systems,"Huang, Hua",Hua,male,0.6612283433060475,False
Efficient and Exact Query of Large Process Model Repositories in Cloud Workflow Systems,"Peng, Rong",Rong,unknown,0.7174724947670523,False
Efficient and Exact Query of Large Process Model Repositories in Cloud Workflow Systems,"Feng, Zaiwen",Zaiwen,male,0.5806073331293997,False
Towards Resource-aware Business Process development in the Cloud,"Hachicha, Emna",Emna,female,0.9999941910763388,True
Towards Resource-aware Business Process development in the Cloud,"Gaaloul, Walid",Walid,male,0.9999190638369029,True
Business Process Compliance via Security Validation as a Service,"Compagna, Luca",Luca,male,0.994050482423027,True
Business Process Compliance via Security Validation as a Service,"Guilleminot, Pierre",Pierre,male,0.999741392176316,True
Business Process Compliance via Security Validation as a Service,"Brucker, Achim D.",Achim,male,0.9999018238288356,True
Integrating Compliance Requirements across Business and IT,"Koetter, Falko",Falko,male,0.9938941136601905,True
Integrating Compliance Requirements across Business and IT,"Kochanowski, Monika",Monika,female,0.999996989457821,True
Integrating Compliance Requirements across Business and IT,"Weisbecker, Anette",Anette,female,0.9999912143384062,True
Integrating Compliance Requirements across Business and IT,"Fehling, Christoph",Christoph,male,0.9996583666010818,True
Integrating Compliance Requirements across Business and IT,"Leymann, Frank",Frank,male,0.999947578866658,True
Estimating Global Completeness of Event Logs: A Comparative Study,"Pei, Jisheng",Jisheng,male,0.9857768916479621,True
Estimating Global Completeness of Event Logs: A Comparative Study,"Wen, Lijie",Lijie,female,0.9790060744846031,True
Estimating Global Completeness of Event Logs: A Comparative Study,"Yang, Hedong",Hedong,male,0.9967136044084749,True
Estimating Global Completeness of Event Logs: A Comparative Study,"Wang, Jianmin",Jianmin,male,0.8695557433766125,True
Estimating Global Completeness of Event Logs: A Comparative Study,"Ye, Xiaojun",Xiaojun,unknown,0.7192442714430732,False
It-enabled collaborative case management — Principles and tools,"Huber, Sebastian",Sebastian,male,0.9999469726859632,True
It-enabled collaborative case management — Principles and tools,"Lederer, Matthias",Matthias,male,0.9999337682187655,True
It-enabled collaborative case management — Principles and tools,"Bodendorf, Freimut",Freimut,male,0.9983224615854445,True
Trust Mining: Analyzing Trust in Collaborative Business Processes,"Müller, Marcel",Marcel,male,0.9997303200563393,True
Trust Mining: Analyzing Trust in Collaborative Business Processes,"Ostern, Nadine",Nadine,female,0.9999935091525581,True
Trust Mining: Analyzing Trust in Collaborative Business Processes,"Koljada, Denis",Denis,male,0.9965813436278006,True
Trust Mining: Analyzing Trust in Collaborative Business Processes,"Grunert, Kai",Kai,male,0.9819597256365221,True
Trust Mining: Analyzing Trust in Collaborative Business Processes,"Rosemann, Michael",Michael,male,0.9999876221560686,True
Trust Mining: Analyzing Trust in Collaborative Business Processes,"Küpper, Axel",Axel,male,0.9999905585480233,True
Event-B Based Approach for Verifying Cloud Resource Allocation in Business Process,"Boubaker, Souha",Souha,female,0.994793542304833,True
Event-B Based Approach for Verifying Cloud Resource Allocation in Business Process,"Gaaloul, Walid",Walid,male,0.9999190638369029,True
Event-B Based Approach for Verifying Cloud Resource Allocation in Business Process,"Graiet, Mohamed",Mohamed,male,0.9999971268152898,True
Event-B Based Approach for Verifying Cloud Resource Allocation in Business Process,"Hadj-Alouane, Nejib Ben",Nejib,male,0.9999261666390087,True
Efficient Supply Chain Management: Traceability and Transparency,"Cerullo, Gianfranco",Gianfranco,male,0.999867440926219,True
Efficient Supply Chain Management: Traceability and Transparency,"Guizzi, Guido",Guido,male,0.999905551240006,True
Efficient Supply Chain Management: Traceability and Transparency,"Massei, Carmine",Carmine,male,0.9917582935452505,True
Efficient Supply Chain Management: Traceability and Transparency,"Sgaglione, Luigi",Luigi,male,0.9997527871316405,True
Business Workflow Optimization Through Process Model Redesign,"Kumar, Akhil",Akhil,male,0.999973180302116,True
Business Workflow Optimization Through Process Model Redesign,"Liu, Rong",Rong,unknown,0.7174724947670523,False
Discovering Cloud Operation History through Log Analysis,"Kobayashi, Mitsunari",Mitsunari,unknown,0.5397907203370332,False
Discovering Cloud Operation History through Log Analysis,"Himura, Yosuke",Yosuke,male,0.9997783773438883,True
Discovering Cloud Operation History through Log Analysis,"Yasuda, Yoshiko",Yoshiko,female,0.9997669032940312,True
Procedure for determining quadrupole and BPM offset values in storage rings,"Corbett, W.J.",W.J.,male,0.9882584457636622,True
Procedure for determining quadrupole and BPM offset values in storage rings,"Ziemann, V.",,unknown,0,False
Damped button electrode for B-factory BPM system,"Obina, T.",,unknown,0,False
Damped button electrode for B-factory BPM system,"Shintake, T.",,unknown,0,False
Damped button electrode for B-factory BPM system,"Chin, Y.H.",Y.H.,male,0.98105964469387,True
Damped button electrode for B-factory BPM system,"Akasaka, N.",,unknown,0,False
Very high resolution RF cavity BPM,"Ross, M.",,unknown,0,False
Very high resolution RF cavity BPM,"Frisch, J.",,unknown,0,False
Very high resolution RF cavity BPM,"Hendrickson, L.",,unknown,0,False
Very high resolution RF cavity BPM,"McCormick, D.",,unknown,0,False
Very high resolution RF cavity BPM,"Vogel, V.",,unknown,0,False
Very high resolution RF cavity BPM,"Hayano, H.",,unknown,0,False
Very high resolution RF cavity BPM,"Urakawa, J.",,unknown,0,False
Compensation of BPM chamber motion in PLS orbit feedback system,"Kang, H. S.",,unknown,0,False
Compensation of BPM chamber motion in PLS orbit feedback system,"Lee, W. W.",,unknown,0,False
Compensation of BPM chamber motion in PLS orbit feedback system,"Park, I. S.",,unknown,0,False
Compensation of BPM chamber motion in PLS orbit feedback system,"Ha, K. M.",,unknown,0,False
Compensation of BPM chamber motion in PLS orbit feedback system,"Lee, E. H.",,unknown,0,False
Compensation of BPM chamber motion in PLS orbit feedback system,"Choi, J.",,unknown,0,False
RHIC BPM System Modifications and Performance,"Satogata, T.",,unknown,0,False
RHIC BPM System Modifications and Performance,"Calaga, R.",,unknown,0,False
RHIC BPM System Modifications and Performance,"Cameron, P.",,unknown,0,False
RHIC BPM System Modifications and Performance,"Cerniglia, P.",,unknown,0,False
RHIC BPM System Modifications and Performance,"Cupolo, J.",,unknown,0,False
RHIC BPM System Modifications and Performance,"Curcio, A.",,unknown,0,False
RHIC BPM System Modifications and Performance,"Dawson, W.C.",W.C.,male,0.9896153760640679,True
RHIC BPM System Modifications and Performance,"Degen, C.",,unknown,0,False
RHIC BPM System Modifications and Performance,"Gullotta, J.",,unknown,0,False
RHIC BPM System Modifications and Performance,"Mead, J.",,unknown,0,False
RHIC BPM System Modifications and Performance,"Michnoff, R.",,unknown,0,False
RHIC BPM System Modifications and Performance,"Russo, T.",,unknown,0,False
RHIC BPM System Modifications and Performance,"Sikora, R.",,unknown,0,False
A compact BPM for the Fermilab Main Injector,"Fitzgerald, J.",,unknown,0,False
A compact BPM for the Fermilab Main Injector,"Crisp, J.",,unknown,0,False
Nanometer resolution BPM using damped slot resonator,"Hartman, S.C.",S.C.,unknown,0.668892324038119,False
Nanometer resolution BPM using damped slot resonator,"Shintake, T.",,unknown,0,False
Nanometer resolution BPM using damped slot resonator,"Akasaka, N.",,unknown,0,False
Jam resistance performance of UWB BPM impulse radio with time hopping vs. direct sequence,"Wang, Tao",Tao,male,0.9969686446299408,True
Jam resistance performance of UWB BPM impulse radio with time hopping vs. direct sequence,"Wang, Yong",Yong,male,0.9844618295633396,True
Matching BPM Stripline Electrodes to Cables and Electronics,"Deibele, C.",,unknown,0,False
Matching BPM Stripline Electrodes to Cables and Electronics,"Kurennoy, S.",,unknown,0,False
BPM data acquisition system for the Bates pulse stretcher ring,"Calvo, O.",,unknown,0,False
BPM data acquisition system for the Bates pulse stretcher ring,"Russ, T.",,unknown,0,False
BPM data acquisition system for the Bates pulse stretcher ring,"Flanz, J.",,unknown,0,False
Digital Signal Processing the Tevatron BPM Signals,"Cancelo, G.",,unknown,0,False
Digital Signal Processing the Tevatron BPM Signals,"James, E.",,unknown,0,False
Digital Signal Processing the Tevatron BPM Signals,"Wolbers, S.",,unknown,0,False
Simulation by BPM and FDTD of new thin heterogeneous optical waveguides on SOI for reconfigurable optical add/drop multiplexers,"Tsarev, A.V.",A.V.,male,0.9820892062312492,True
Modified BPM for plasmonic modeling,"Shaaban, Adel",Adel,male,0.9936613809661163,True
Modified BPM for plasmonic modeling,"Hameed, M. F. O.",,unknown,0,False
Modified BPM for plasmonic modeling,"Obayya, S. S. A.",,unknown,0,False
Modified BPM for plasmonic modeling,"Gomaa, Lotfi R.",Lotfi,male,0.9956324800039391,True
Modified BPM for plasmonic modeling,"Swillam, M. A.",,unknown,0,False
A new time domain BPM based on locally one dimensional method,"do Nascimento, V.E.",V.E.,unknown,0.7097225590995048,False
A new time domain BPM based on locally one dimensional method,"Borges, B.H.V.",B.H.V.,unknown,0.7238466557952794,False
BPM system evaluation using model-independent analysis,"Wang, Chun-xi",Chun,male,0.9816926028175558,True
BPM system evaluation using model-independent analysis,"Borland, M.",,unknown,0,False
BPM system evaluation using model-independent analysis,"Sajaev, V.",,unknown,0,False
BPM system evaluation using model-independent analysis,"Kim, Kwang-je",Kwang,male,0.9847491767333642,True
False BPM Readings Affecting Orbit Feedback,"Kang, H.S.",H.S.,male,0.9874385208463204,True
False BPM Readings Affecting Orbit Feedback,"Lee, E.H.",E.H.,male,0.984073512545158,True
False BPM Readings Affecting Orbit Feedback,"Ha, K.M.",K.M.,male,0.8940419028625902,True
False BPM Readings Affecting Orbit Feedback,"Suh, J.H.",J.H.,male,0.997249422281954,True
False BPM Readings Affecting Orbit Feedback,"Lee, W.W.",W.W.,male,0.985885884638263,True
False BPM Readings Affecting Orbit Feedback,"Chun, M.H.",M.H.,male,0.9844753836828933,True
False BPM Readings Affecting Orbit Feedback,"Kim, Y.C.",Y.C.,unknown,0.5278035594379236,False
False BPM Readings Affecting Orbit Feedback,"Huang, J.Y.",J.Y.,male,0.9926892004117124,True
False BPM Readings Affecting Orbit Feedback,"Lee, T.Y.",T.Y.,male,0.9909375460645382,True
False BPM Readings Affecting Orbit Feedback,"Choi, J.",,unknown,0,False
Using BPM Technologies for Material Balances Modelling,"Fortis, Alexandra",Alexandra,female,0.9999520604841557,True
Using BPM Technologies for Material Balances Modelling,"Fortis, Florin",Florin,male,0.9999563237367514,True
Simulation of ILC feedback bpm signals in an intense background environment,"Hartin, A.",,unknown,0,False
Simulation of ILC feedback bpm signals in an intense background environment,"Burrows, P.",,unknown,0,False
Simulation of ILC feedback bpm signals in an intense background environment,"Christian, G.",,unknown,0,False
Simulation of ILC feedback bpm signals in an intense background environment,"Clarke, C.",,unknown,0,False
Simulation of ILC feedback bpm signals in an intense background environment,"Constance, B.",,unknown,0,False
Simulation of ILC feedback bpm signals in an intense background environment,"Khah, H.",,unknown,0,False
Simulation of ILC feedback bpm signals in an intense background environment,"Perry, C.",,unknown,0,False
Simulation of ILC feedback bpm signals in an intense background environment,"Swinson, C.",,unknown,0,False
Simulation of ILC feedback bpm signals in an intense background environment,"Arnold, R.",,unknown,0,False
Simulation of ILC feedback bpm signals in an intense background environment,"Molloy, S.",,unknown,0,False
Simulation of ILC feedback bpm signals in an intense background environment,"Smith, S.",,unknown,0,False
Simulation of ILC feedback bpm signals in an intense background environment,"White, G.",,unknown,0,False
Simulation of ILC feedback bpm signals in an intense background environment,"Woods, M.",,unknown,0,False
Simulation of ILC feedback bpm signals in an intense background environment,"Kalinin, A.",,unknown,0,False
Simulation of an AWG structure with thermal lens for adaptive dispersion compensation using a BPM algorithm,"Kerbstadt, F.",,unknown,0,False
Simulation of an AWG structure with thermal lens for adaptive dispersion compensation using a BPM algorithm,"Bunge, C.",,unknown,0,False
Simulation of an AWG structure with thermal lens for adaptive dispersion compensation using a BPM algorithm,"Petermann, K.",,unknown,0,False
Measurement and Optimization of Local Coupling from RHIC BPM Data,"Calaga, R.",,unknown,0,False
Measurement and Optimization of Local Coupling from RHIC BPM Data,"Abeytunge, S.",,unknown,0,False
Measurement and Optimization of Local Coupling from RHIC BPM Data,"Bai, M.",,unknown,0,False
Measurement and Optimization of Local Coupling from RHIC BPM Data,"Fischer, W.",,unknown,0,False
Measurement and Optimization of Local Coupling from RHIC BPM Data,"Tomas, R.",,unknown,0,False
Measurement and Optimization of Local Coupling from RHIC BPM Data,"Franchi, A.",,unknown,0,False
BPM study of wavelength dependent of new design of variable x-coupler waveguide passive device,"Asous, J.Y.",J.Y.,male,0.9926892004117124,True
BPM study of wavelength dependent of new design of variable x-coupler waveguide passive device,"Shaari, S.",,unknown,0,False
Study on the longitudinal impedance of BPM for KEKB and super KEKB,"Shibata, K.",,unknown,0,False
Study on the longitudinal impedance of BPM for KEKB and super KEKB,"Tobiyama, M.",,unknown,0,False
Study on the longitudinal impedance of BPM for KEKB and super KEKB,"Tejima, M.",,unknown,0,False
Study on the longitudinal impedance of BPM for KEKB and super KEKB,"Suetsugu, Y.",,unknown,0,False
Study on the longitudinal impedance of BPM for KEKB and super KEKB,"Fukuma, H.",,unknown,0,False
Study on the longitudinal impedance of BPM for KEKB and super KEKB,"Hiramatsu, S.",,unknown,0,False
Phase slip in an undulator with pole and BPM errors,"Emma, P.",,unknown,0,False
Firmware and software design of data acquisition in digital BPM processor for SHINE,"Fan, Yichun",Yichun,unknown,0.6139818564729501,False
Firmware and software design of data acquisition in digital BPM processor for SHINE,"Zhao, Lei",Lei,female,0.9773825880925103,True
Firmware and software design of data acquisition in digital BPM processor for SHINE,"Qin, Jiajun",Jiajun,male,0.9983611602893121,True
Firmware and software design of data acquisition in digital BPM processor for SHINE,"Tian, Fengshou",Fengshou,male,0.9986910721409493,True
Firmware and software design of data acquisition in digital BPM processor for SHINE,"Liu, Shubin",Shubin,male,0.9817288373631893,True
Firmware and software design of data acquisition in digital BPM processor for SHINE,"An, Qi",Qi,unknown,0.7168904722752344,False
Firmware and software design of data acquisition in digital BPM processor for SHINE,"Lai, Longwei",Longwei,male,0.9801789837157584,True
Firmware and software design of data acquisition in digital BPM processor for SHINE,"Zhou, Yimei",Yimei,female,0.9850503145565924,True
"Cyber Physical Society with SOA, BPM and Sensor Networks Track Report - CPS 2011","Zhou, Zhangbing",Zhangbing,unknown,0.5744682295722076,False
"Cyber Physical Society with SOA, BPM and Sensor Networks Track Report - CPS 2011","Sun, Xiaoping",Xiaoping,female,0.9765458875749421,True
"Cyber Physical Society with SOA, BPM and Sensor Networks Track Report - CPS 2011","Shu, Lei",Lei,female,0.9773825880925103,True
"Cyber Physical Society with SOA, BPM and Sensor Networks Track Report - CPS 2011","Lai, Chin-Feng",Chin,male,0.9814689338710207,True
Design of S-band cavity BPM for HLS,"Luo, Q.",,unknown,0,False
Design of S-band cavity BPM for HLS,"Sun, B. G.",,unknown,0,False
Design of S-band cavity BPM for HLS,"He, D. H.",,unknown,0,False
Design of S-band cavity BPM for HLS,"Li, P.",,unknown,0,False
Design of S-band cavity BPM for HLS,"Wang, J. H.",,unknown,0,False
Design of S-band cavity BPM for HLS,"Lu, P.",,unknown,0,False
DAQ System of BPM and BCT for the BEPCII Linac,"Cao, J.S.",J.S.,male,0.9896118555132873,True
DAQ System of BPM and BCT for the BEPCII Linac,"Ye, Q.",,unknown,0,False
Upgrade of the BPM system for the BEPC storage ring,"Ma, Li",Li,female,0.9821247080400133,True
Upgrade of the BPM system for the BEPC storage ring,"Shi, Ping",Ping,female,0.9897941603132419,True
Status of the rf BPM upgrade at the Advanced Photon Source,"Pietryla, A.",,unknown,0,False
Status of the rf BPM upgrade at the Advanced Photon Source,"Bui, H.",,unknown,0,False
Status of the rf BPM upgrade at the Advanced Photon Source,"Decker, G.",,unknown,0,False
Status of the rf BPM upgrade at the Advanced Photon Source,"Laird, R.",,unknown,0,False
Status of the rf BPM upgrade at the Advanced Photon Source,"Lill, R.",,unknown,0,False
Status of the rf BPM upgrade at the Advanced Photon Source,"Norum, E.",,unknown,0,False
Demonstration of a Fabry-Perot active switch by the bidirectional MoL-BPM,"D'Orazio, A.",,unknown,0,False
Demonstration of a Fabry-Perot active switch by the bidirectional MoL-BPM,"De Sario, M.",,unknown,0,False
Demonstration of a Fabry-Perot active switch by the bidirectional MoL-BPM,"Petruzelli, V.",,unknown,0,False
Demonstration of a Fabry-Perot active switch by the bidirectional MoL-BPM,"Prudenzano, F.",,unknown,0,False
Demonstration of a Fabry-Perot active switch by the bidirectional MoL-BPM,"Sassi, L.",,unknown,0,False
A simple two-dimensional analysis of fiber-type mode converter by FFT-BPM and CMT,"Lin, T.",,unknown,0,False
A simple two-dimensional analysis of fiber-type mode converter by FFT-BPM and CMT,"Imai, M.",,unknown,0,False
Detection of instrumental drifts in the PEP-II LER BPM system,"Wittmer, W.",,unknown,0,False
Detection of instrumental drifts in the PEP-II LER BPM system,"Fisher, A.S.",A.S.,male,0.9781153568015388,True
Detection of instrumental drifts in the PEP-II LER BPM system,"Martin, D.J.",D.J.,male,0.9902019442300948,True
Detection of instrumental drifts in the PEP-II LER BPM system,"Sebek, J.J.",J.J.,male,0.9906501653429559,True
Development of a BPM lock-in diagnostic system,"Dickson, R.",,unknown,0,False
An imaginary-distance YM-BPM with an enhanced amplification factor for the analysis of a periodic structure,"Aso, Tatsuya",Tatsuya,male,0.9971594584714352,True
An imaginary-distance YM-BPM with an enhanced amplification factor for the analysis of a periodic structure,"Shimamura, Daiki",Daiki,male,0.9990798771265723,True
An imaginary-distance YM-BPM with an enhanced amplification factor for the analysis of a periodic structure,"Yamauchi, Junji",Junji,male,0.9976175762059468,True
An imaginary-distance YM-BPM with an enhanced amplification factor for the analysis of a periodic structure,"Nakano, Hisamatsu",Hisamatsu,female,0.5239129542152096,False
Diagnosis of optical errors with a precision BPM system at CESR,"Smith, J.C.",J.C.,male,0.9952174644274188,True
Diagnosis of optical errors with a precision BPM system at CESR,"Palmer, M.A.",M.A.,male,0.9835786431698633,True
Diagnosis of optical errors with a precision BPM system at CESR,"Rubin, D.L.",D.L.,male,0.9814249212387645,True
Diagnosis of optical errors with a precision BPM system at CESR,"Sagan, D.C.",D.C.,male,0.9841944985007348,True
Write-margin improvement of non-binary LDPC coding and iterative decoding system in BPM R/W channel with write-errors,"Nakamura, Yasuaki",Yasuaki,male,0.9995020415483576,True
Write-margin improvement of non-binary LDPC coding and iterative decoding system in BPM R/W channel with write-errors,"Okamoto, Yoshihiro",Yoshihiro,male,0.9999454986202083,True
Write-margin improvement of non-binary LDPC coding and iterative decoding system in BPM R/W channel with write-errors,"Osawa, Hisashi",Hisashi,male,0.9997483728014077,True
Write-margin improvement of non-binary LDPC coding and iterative decoding system in BPM R/W channel with write-errors,"Aoi, Hajime",Hajime,male,0.9995821127753199,True
Write-margin improvement of non-binary LDPC coding and iterative decoding system in BPM R/W channel with write-errors,"Muraoka, Hiroaki",Hiroaki,male,0.999687248587225,True
The online characterization of the Main Injector BPM,"Hahn, A.A.",A.A.,male,0.9846221441784312,True
Testing coaxial switches of BPM using a high-resolution RF detector,"Ieiri, T.",,unknown,0,False
A conventional read-out electronics for the button-type BPM in the ATF damping ring,"Hinode, F.",,unknown,0,False
A conventional read-out electronics for the button-type BPM in the ATF damping ring,"Urakawa, J.",,unknown,0,False
A conventional read-out electronics for the button-type BPM in the ATF damping ring,"Yoribayashi, Y.",,unknown,0,False
Brushless permanent magnet (BPM) motor drive system using load commutated inverter,"Sultana, N.",,unknown,0,False
Brushless permanent magnet (BPM) motor drive system using load commutated inverter,"Shet, D.S.",D.S.,male,0.9856853294768373,True
Brushless permanent magnet (BPM) motor drive system using load commutated inverter,"Toliyat, H.A.",H.A.,male,0.9978547993886707,True
Brushless permanent magnet (BPM) motor drive system using load commutated inverter,"Moreira, J.C.",J.C.,male,0.9952174644274188,True
Self-consistent BPM model of a waveguide coupler with distributed gain,"Ormondroyd, R.F.",R.F.,male,0.99946141739817,True
Time-domain BPM for modeling ultrashort pulsed optical beams in dispersive medium,"Akond, Mohammad Shahed",Mohammad,male,0.9999978931239886,True
Time-domain BPM for modeling ultrashort pulsed optical beams in dispersive medium,"Masoudi, Husain M.",Husain,male,0.9997616061898512,True
Time-domain BPM for modeling ultrashort pulsed optical beams in dispersive medium,"Alsunaidi, M. A.",,unknown,0,False
Calculating the nonlinear tune shifts with amplitude using measured BPM data,"Snopok, Pavel",Pavel,male,0.9999915029945373,True
Calculating the nonlinear tune shifts with amplitude using measured BPM data,"Berz, Martin",Martin,male,0.9998539477569732,True
Calculating the nonlinear tune shifts with amplitude using measured BPM data,"Johnstone, Carol",Carol,female,0.9995963110157662,True
Wideband M-Shaped Beamforming Antenna Array Design for A 77 GHz BPM-MIMO Automotive Corner Radar,"Luo, Shanwen",Shanwen,male,0.984254866861949,True
Wideband M-Shaped Beamforming Antenna Array Design for A 77 GHz BPM-MIMO Automotive Corner Radar,"Sun, Jinghu",Jinghu,male,0.997561316923405,True
Wideband M-Shaped Beamforming Antenna Array Design for A 77 GHz BPM-MIMO Automotive Corner Radar,"Huang, Li",Li,female,0.9821247080400133,True
Wideband M-Shaped Beamforming Antenna Array Design for A 77 GHz BPM-MIMO Automotive Corner Radar,"Zhang, Yuanyuan",Yuanyuan,female,0.9922356411989286,True
Wideband M-Shaped Beamforming Antenna Array Design for A 77 GHz BPM-MIMO Automotive Corner Radar,"Zeng, Di",Di,female,0.9711486446287069,True
Notice of Retraction: Measures to promote BPM-based S/W market,"Kim, Sun Woong",Sun,unknown,0.7153646354588268,False
Notice of Retraction: Measures to promote BPM-based S/W market,"Kong, Seong Pil",Seong,male,0.9861251950816151,True
Notice of Retraction: Measures to promote BPM-based S/W market,"Eo, Yang Dam",Yang,unknown,0.6608034619216988,False
Notice of Retraction: Measures to promote BPM-based S/W market,"Kim, Jang Ryul",Jang,male,0.9805152637985531,True
Notice of Retraction: Measures to promote BPM-based S/W market,"Lim, Sang Beom",Sang,male,0.9895846472342934,True
Effect of TE mode power on the PEP-II LER BPM system,"Corlett, J.",,unknown,0,False
Effect of TE mode power on the PEP-II LER BPM system,"Ng, C.-K.",C.,unknown,0.5268118048396184,False
Effect of TE mode power on the PEP-II LER BPM system,"Smith, S.R.",S.R.,male,0.9818691970827829,True
Full-vectorial imaginary-distance BPM analysis of eigenmodes of a light-guiding metal line loaded on a dielectric substrate,"Shibayama, J.",,unknown,0,False
Full-vectorial imaginary-distance BPM analysis of eigenmodes of a light-guiding metal line loaded on a dielectric substrate,"Yamazaki, T.",,unknown,0,False
Full-vectorial imaginary-distance BPM analysis of eigenmodes of a light-guiding metal line loaded on a dielectric substrate,"Yamauchi, J.",,unknown,0,False
Full-vectorial imaginary-distance BPM analysis of eigenmodes of a light-guiding metal line loaded on a dielectric substrate,"Nakano, H.",,unknown,0,False
BPM calibration independent LHC optics correction,"Calaga, R.",,unknown,0,False
BPM calibration independent LHC optics correction,"Tomas, R.",,unknown,0,False
BPM calibration independent LHC optics correction,"Zimmermann, F.",,unknown,0,False
Write-margin evaluation of LDPC coding and iterative decoding system in BPM R/W channel with write-errors,"Nakamura, Yasuaki",Yasuaki,male,0.9995020415483576,True
Write-margin evaluation of LDPC coding and iterative decoding system in BPM R/W channel with write-errors,"Okamoto, Yoshihiro",Yoshihiro,male,0.9999454986202083,True
Write-margin evaluation of LDPC coding and iterative decoding system in BPM R/W channel with write-errors,"Osawa, Hisashi",Hisashi,male,0.9997483728014077,True
Write-margin evaluation of LDPC coding and iterative decoding system in BPM R/W channel with write-errors,"Aoi, Hajime",Hajime,male,0.9995821127753199,True
Write-margin evaluation of LDPC coding and iterative decoding system in BPM R/W channel with write-errors,"Muraoka, Hiroaki",Hiroaki,male,0.999687248587225,True
Design and simulation of Button BPM for the low energy diffraction-limited storage rings,"Luo, Zhengqiu",Zhengqiu,unknown,0.5464099208590747,False
Design and simulation of Button BPM for the low energy diffraction-limited storage rings,"Li, Haohu",Haohu,unknown,0.5619111324306727,False
Design and simulation of Button BPM for the low energy diffraction-limited storage rings,"Lei, Jian",Jian,male,0.9975103869595472,True
Design and simulation of Button BPM for the low energy diffraction-limited storage rings,"Fan, Ziyu",Ziyu,unknown,0.5949323755038195,False
Design and simulation of Button BPM for the low energy diffraction-limited storage rings,"Yuan, Yi",Yi,female,0.8940381462246494,True
Design and simulation of Button BPM for the low energy diffraction-limited storage rings,"Liu, Zhengzheng",Zhengzheng,female,0.8292074209052651,True
HLS new BPM calibrating and error analysis,"Wang, J.H.",J.H.,male,0.997249422281954,True
HLS new BPM calibrating and error analysis,"Shen, L.G.",L.G.,male,0.9798001912690717,True
HLS new BPM calibrating and error analysis,"Wang, G.C.",G.C.,male,0.9822645631044754,True
HLS new BPM calibrating and error analysis,"Liu, J.H.",J.H.,male,0.997249422281954,True
HLS new BPM calibrating and error analysis,"Liu, Z.P.",Z.P.,unknown,0.6785297329581031,False
Design and Testing of a Mobile BPM and Peripheral Oxygen Saturation Monitoring for Patients in Bangladesh,"Shakal, Farhan Hossain",Farhan,male,0.99989391744435,True
Design and Testing of a Mobile BPM and Peripheral Oxygen Saturation Monitoring for Patients in Bangladesh,"Zahir, Ebad",Ebad,male,0.9993670564212078,True
Design and Testing of a Mobile BPM and Peripheral Oxygen Saturation Monitoring for Patients in Bangladesh,"Saha, Sagor",Sagor,male,0.9895796531036963,True
Design and Testing of a Mobile BPM and Peripheral Oxygen Saturation Monitoring for Patients in Bangladesh,"Al Boshir, Omor Hasan",Omor,male,0.9933333048652064,True
Design and Testing of a Mobile BPM and Peripheral Oxygen Saturation Monitoring for Patients in Bangladesh,"Trisha, Jerin Jahan",Jerin,male,0.9879468410723494,True
Study on the Power Distribution of Non-symmetric Y Branch Waveguide Based on BPM,"Long, Jingan",Jingan,male,0.9813789703114493,True
Study on the Power Distribution of Non-symmetric Y Branch Waveguide Based on BPM,"Zhang, Jinlong",Jinlong,male,0.9841363016644628,True
Study on the Power Distribution of Non-symmetric Y Branch Waveguide Based on BPM,"Lai, Heng",Heng,male,0.98575118051196,True
Study on the Power Distribution of Non-symmetric Y Branch Waveguide Based on BPM,"Wei, Minxue",Minxue,unknown,0.5391531873290186,False
Study on the Power Distribution of Non-symmetric Y Branch Waveguide Based on BPM,"Zhou, Zigang",Zigang,male,0.9913082355615529,True
The Cavity BPM for the microwave measurement of the transversal position of relativistic electron bunches travelling in a vacuum beampipe,"Dal Forno, Massimo",Massimo,male,0.9998962669439312,True
The Cavity BPM for the microwave measurement of the transversal position of relativistic electron bunches travelling in a vacuum beampipe,"Vescovo, Roberto",Roberto,male,0.9999404051490157,True
The Cavity BPM for the microwave measurement of the transversal position of relativistic electron bunches travelling in a vacuum beampipe,"Craievich, Paolo",Paolo,male,0.9999357526976299,True
The Cavity BPM for the microwave measurement of the transversal position of relativistic electron bunches travelling in a vacuum beampipe,"De Monte, Raffaele",Raffaele,male,0.9994192029161726,True
The Cavity BPM for the microwave measurement of the transversal position of relativistic electron bunches travelling in a vacuum beampipe,"Borden, Thomas",Thomas,male,0.9999981017477207,True
The Cavity BPM for the microwave measurement of the transversal position of relativistic electron bunches travelling in a vacuum beampipe,"Borga, Andrea",Andrea,female,0.9990642945711071,True
The Cavity BPM for the microwave measurement of the transversal position of relativistic electron bunches travelling in a vacuum beampipe,"Predonzani, Mauro",Mauro,male,0.9999639461270868,True
The Cavity BPM for the microwave measurement of the transversal position of relativistic electron bunches travelling in a vacuum beampipe,"Ferianis, Mario",Mario,male,0.9998285831560244,True
Dynamic range extension of BPM at the NSLS,"Bordoley, M.",,unknown,0,False
A novel two-phase BPM drive system with high power density and low cost,"Li, Yue",Yue,female,0.9695755877908074,True
A novel two-phase BPM drive system with high power density and low cost,"Walls, T.A.",T.A.,male,0.9849312732012946,True
A novel two-phase BPM drive system with high power density and low cost,"Lloyd, J.D.",J.D.,male,0.9956973930806807,True
A novel two-phase BPM drive system with high power density and low cost,"Skinner, J.L.",J.L.,male,0.9852943638486118,True
Double EIM and scalar BPM analyses of birefringence and wavelength shift for TE and TM polarized fields in bent planar lightwave circuits,"Song, Won Jay",Won,male,0.9967423370712832,True
Double EIM and scalar BPM analyses of birefringence and wavelength shift for TE and TM polarized fields in bent planar lightwave circuits,"Ahn, Byung Ha",Byung,male,0.9885872004756096,True
Comparison between narrow-angle-band and wide-angle-band spatio-temporal FEM and FD BPM codes for the propagation of ultrashort optical pulses,"Bravo-Roger, L.L.",L.L.,male,0.9510770219319978,True
Comparison between narrow-angle-band and wide-angle-band spatio-temporal FEM and FD BPM codes for the propagation of ultrashort optical pulses,"Hernandez-Figueroa, H.E.",H.E.,male,0.9859796456875706,True
Comparison between narrow-angle-band and wide-angle-band spatio-temporal FEM and FD BPM codes for the propagation of ultrashort optical pulses,"Lopez-Barbero, A.P.",A.P.,male,0.9822508953961119,True
Comparison between narrow-angle-band and wide-angle-band spatio-temporal FEM and FD BPM codes for the propagation of ultrashort optical pulses,"Nobrega, K.Z.",K.Z.,unknown,0.6729419425542,False
Efficient design of polarization rotators by genetic algorithm and vectorial finite-element BPM,"Correia, D.",,unknown,0,False
Efficient design of polarization rotators by genetic algorithm and vectorial finite-element BPM,"da Silva, J.P.",J.P.,male,0.9970786934329977,True
Efficient design of polarization rotators by genetic algorithm and vectorial finite-element BPM,"Hernandez-Figueroa, H.E.",H.E.,male,0.9859796456875706,True
"A domain-driven approach for enterprise development, using BPM, MDA, SOA and Web Services","Marzullo, Fabio Perez",Fabio,male,0.9999554817772992,True
"A domain-driven approach for enterprise development, using BPM, MDA, SOA and Web Services","de Souza, Jano Moreira",Jano,male,0.9822468409987096,True
"A domain-driven approach for enterprise development, using BPM, MDA, SOA and Web Services","Xexeo, Geraldo Bonorino",Geraldo,male,0.9999071401047015,True
Vectorial finite element BPM scheme applied to coupled leaky waveguide,"da Silva, J.P.",J.P.,male,0.9970786934329977,True
Vectorial finite element BPM scheme applied to coupled leaky waveguide,"Hernandez-Figueroa, H.E.",H.E.,male,0.9859796456875706,True
A Right-Time Management for BPM Orchestration in Real-Time SOA,"Kim, Kyoungwook",Kyoungwook,unknown,0.7244613102921434,False
A Right-Time Management for BPM Orchestration in Real-Time SOA,"Jung, Hyunjoo",Hyunjoo,female,0.9911723599001824,True
A Right-Time Management for BPM Orchestration in Real-Time SOA,"Byun, Jeongyong",Jeongyong,unknown,0.5363973462124925,False
Three-Dimensional Imaginary-Distance BPM Simulation of a Partially Metal-Loaded Optical Waveguide,"Yamazaki, Tomohide",Tomohide,male,0.9939808721891056,True
Three-Dimensional Imaginary-Distance BPM Simulation of a Partially Metal-Loaded Optical Waveguide,"Yamauchi, Junji",Junji,male,0.9976175762059468,True
Three-Dimensional Imaginary-Distance BPM Simulation of a Partially Metal-Loaded Optical Waveguide,"Nakano, Hisamatsu",Hisamatsu,female,0.5239129542152096,False
Analysis of a novel diffractive scanning-wire beam position monitor (BPM) for discriminative profiling of electron vs. X-ray beams,"Tatchyn, R.",,unknown,0,False
The design study for low-Q IP-BPM,"Shin, S. H.",,unknown,0,False
The design study for low-Q IP-BPM,"Kim, Eun-San",Eun,female,0.9972282293194377,True
The design study for low-Q IP-BPM,"Kim, Hyoung-Suk",Hyoung,male,0.740625755772529,False
The design study for low-Q IP-BPM,"Son, Dongchul",Dongchul,unknown,0.7347360449919562,False
The design study for low-Q IP-BPM,"Honda, Yosuke",Yosuke,male,0.9997783773438883,True
The design study for low-Q IP-BPM,"Tauchi, Toshiaki",Toshiaki,male,0.9995290550935892,True
The design study for low-Q IP-BPM,"Urakawa, Junji",Junji,male,0.9976175762059468,True
Analysis of double phase-conjugate mirror using the FD-BPM,"Wakayama, Y.",,unknown,0,False
Analysis of double phase-conjugate mirror using the FD-BPM,"Nakayama, Y.",,unknown,0,False
Analysis of double phase-conjugate mirror using the FD-BPM,"Okamoto, A.",,unknown,0,False
Analysis of double phase-conjugate mirror using the FD-BPM,"Takayama, Y.",,unknown,0,False
Time Domain FD-BPM for Calculating Pulse Propagation Properties of MMI Device with Photonic Crystal Structure,"Nihei, Hiroshige",Hiroshige,male,0.9936636166055555,True
Time Domain FD-BPM for Calculating Pulse Propagation Properties of MMI Device with Photonic Crystal Structure,"Chen, Chun-Ping",Chun,male,0.9816926028175558,True
Time Domain FD-BPM for Calculating Pulse Propagation Properties of MMI Device with Photonic Crystal Structure,"Anada, Tetsuo",Tetsuo,male,0.9999719373469985,True
Time Domain FD-BPM for Calculating Pulse Propagation Properties of MMI Device with Photonic Crystal Structure,"Ma, Zhewang",Zhewang,female,0.528017599382963,False
Measurement of injection orbit using a single pass BPM system at the PF ring,"Honda, T.",,unknown,0,False
Measurement of injection orbit using a single pass BPM system at the PF ring,"Katoh, M.",,unknown,0,False
Measurement of injection orbit using a single pass BPM system at the PF ring,"Ueda, A.",,unknown,0,False
Measurement of injection orbit using a single pass BPM system at the PF ring,"Tadano, M.",,unknown,0,False
Measurement of injection orbit using a single pass BPM system at the PF ring,"Kobayashi, Y.",,unknown,0,False
Measurement of injection orbit using a single pass BPM system at the PF ring,"Mitsuhashi, T.",,unknown,0,False
Efficient 3D-BPM method for semiconductor integrated optics,"Sujecki, S.",,unknown,0,False
Efficient 3D-BPM method for semiconductor integrated optics,"Benson, T.M.",T.M.,male,0.9814039062864212,True
Efficient 3D-BPM method for semiconductor integrated optics,"Sewell, P.",,unknown,0,False
Efficient 3D-BPM method for semiconductor integrated optics,"Kendall, P.C.",P.C.,male,0.9847616421689336,True
Simulation and Modelization of Multimode Interference Demultiplexer by using BPM Method,"Triki, Sami",Sami,male,0.9853481728140153,True
Simulation and Modelization of Multimode Interference Demultiplexer by using BPM Method,"Najjar, Monia",Monia,female,0.999993987001088,True
Simulation and Modelization of Multimode Interference Demultiplexer by using BPM Method,"Rezig, Houria",Houria,female,0.9985508060897949,True
Simulation and Modelization of Multimode Interference Demultiplexer by using BPM Method,"Catherine, Lepers",Lepers,unknown,0.6230739016425444,False
Investigation of the injection into the ANKA storage ring by a turn by turn BPM system,"Huttel, E.",,unknown,0,False
Investigation of the injection into the ANKA storage ring by a turn by turn BPM system,"Birkel, I.",,unknown,0,False
Investigation of the injection into the ANKA storage ring by a turn by turn BPM system,"Muller, A.S.",A.S.,male,0.9781153568015388,True
Investigation of the injection into the ANKA storage ring by a turn by turn BPM system,"Wesolowski, P.",,unknown,0,False
"Geometry of the LHC short straight sections before installation in the tunnel: Resulting aperture, axis and BPM positioning","Missiaen, D.",,unknown,0,False
"Geometry of the LHC short straight sections before installation in the tunnel: Resulting aperture, axis and BPM positioning","Bestmann, P.",,unknown,0,False
"Geometry of the LHC short straight sections before installation in the tunnel: Resulting aperture, axis and BPM positioning","Buzio, M.",,unknown,0,False
"Geometry of the LHC short straight sections before installation in the tunnel: Resulting aperture, axis and BPM positioning","Fartoukh, S.",,unknown,0,False
"Geometry of the LHC short straight sections before installation in the tunnel: Resulting aperture, axis and BPM positioning","Giovannozzi, M.",,unknown,0,False
"Geometry of the LHC short straight sections before installation in the tunnel: Resulting aperture, axis and BPM positioning","Jeanneret, B.",,unknown,0,False
"Geometry of the LHC short straight sections before installation in the tunnel: Resulting aperture, axis and BPM positioning","Lombardi, A.",,unknown,0,False
"Geometry of the LHC short straight sections before installation in the tunnel: Resulting aperture, axis and BPM positioning","Papaphilippou, Y.",,unknown,0,False
"Geometry of the LHC short straight sections before installation in the tunnel: Resulting aperture, axis and BPM positioning","Perez, J. C.",,unknown,0,False
"Geometry of the LHC short straight sections before installation in the tunnel: Resulting aperture, axis and BPM positioning","Pauletta, S.",,unknown,0,False
"Geometry of the LHC short straight sections before installation in the tunnel: Resulting aperture, axis and BPM positioning","Prin, H.",,unknown,0,False
"Geometry of the LHC short straight sections before installation in the tunnel: Resulting aperture, axis and BPM positioning","Wildner, E.",,unknown,0,False
Design and Status of the BPM RF Reference Distribution in the SNS,"Deibele, C.",,unknown,0,False
Design and Status of the BPM RF Reference Distribution in the SNS,"Pogge, J.",,unknown,0,False
Design and Status of the BPM RF Reference Distribution in the SNS,"Webster, A.",,unknown,0,False
Design and Status of the BPM RF Reference Distribution in the SNS,"Power, J.",,unknown,0,False
Full vectorial FE-BPM approach for the analysis of optical axis misalignment effects,"Pinheiro, H.F.",H.F.,male,0.9870742380390312,True
Full vectorial FE-BPM approach for the analysis of optical axis misalignment effects,"Lopez-Barbero, A.P.",A.P.,male,0.9822508953961119,True
Full vectorial FE-BPM approach for the analysis of optical axis misalignment effects,"Hernandez-Figueroa, H.E.",H.E.,male,0.9859796456875706,True
Iterative TD-BPM for modeling ultrashort pulse in z-variant optical structures,"Akond, Mohammad Shahed",Mohammad,male,0.9999978931239886,True
Iterative TD-BPM for modeling ultrashort pulse in z-variant optical structures,"Masoudi, Hussain M.",Hussain,male,0.9999448117068568,True
Calculating BPM coefficients with Green's reciprocation theorem,"Kirn, S.H.",S.H.,male,0.9838394021856872,True
Synthesis of Design Parameters for the Transfer of Agility from Software Engineering to Process Management,"Lederer, Matthias",Matthias,male,0.9999337682187655,True
Synthesis of Design Parameters for the Transfer of Agility from Software Engineering to Process Management,"Schmidt, Werner",Werner,male,0.9999697709027106,True
Synthesis of Design Parameters for the Transfer of Agility from Software Engineering to Process Management,"Popova, Oleksandra",Oleksandra,female,0.995950423809616,True
Applications of Blockchain in Business Processes: A Comprehensive Review,"Viriyasitavat, Wattana",Wattana,male,0.7747357739061322,True
Applications of Blockchain in Business Processes: A Comprehensive Review,"Xu, Li Da",Li,female,0.9821247080400133,True
Applications of Blockchain in Business Processes: A Comprehensive Review,"Niyato, Dusit",Dusit,male,0.9845943370382495,True
Applications of Blockchain in Business Processes: A Comprehensive Review,"Bi, Zhuming",Zhuming,male,0.8543022748751076,True
Applications of Blockchain in Business Processes: A Comprehensive Review,"Hoonsopon, Danupol",Danupol,male,0.9991650245310737,True
Toward an Integrated User Requirements Notation Framework and Tool forBusiness Process Management,"Pourshahid, Alireza",Alireza,male,0.9978879183887268,True
Toward an Integrated User Requirements Notation Framework and Tool forBusiness Process Management,"Amyot, Daniel",Daniel,male,0.9999484956264236,True
Toward an Integrated User Requirements Notation Framework and Tool forBusiness Process Management,"Peyton, Liam",Liam,male,0.9998655862005859,True
Toward an Integrated User Requirements Notation Framework and Tool forBusiness Process Management,"Ghanavati, Sepideh",Sepideh,female,0.999941572271039,True
Toward an Integrated User Requirements Notation Framework and Tool forBusiness Process Management,"Chen, Pengfei",Pengfei,male,0.9898946368972986,True
Toward an Integrated User Requirements Notation Framework and Tool forBusiness Process Management,"Weiss, Michael",Michael,male,0.9999876221560686,True
Toward an Integrated User Requirements Notation Framework and Tool forBusiness Process Management,"Forster, Alan J.",Alan,male,0.9999595127093575,True
Optimizing the Performance of Automated Business Processes Executed on Virtualized Infrastructure,"Janiesch, Christian",Christian,male,0.9993987974523811,True
Optimizing the Performance of Automated Business Processes Executed on Virtualized Infrastructure,"Weber, Ingo",Ingo,male,0.9999333804098659,True
Optimizing the Performance of Automated Business Processes Executed on Virtualized Infrastructure,"Kuhlenkamp, Jörn",Jörn,male,0.9996786468901714,True
Optimizing the Performance of Automated Business Processes Executed on Virtualized Infrastructure,"Menzel, Michael",Michael,male,0.9999876221560686,True
Social-Based Semantic Framework for Cloud Resource Management in Business Processes,"Hachicha, Emna",Emna,female,0.9999941910763388,True
Social-Based Semantic Framework for Cloud Resource Management in Business Processes,"Gaaloul, Walid",Walid,male,0.9999190638369029,True
Social-Based Semantic Framework for Cloud Resource Management in Business Processes,"Maamar, Zakaria",Zakaria,male,0.9847095380844968,True
A generic BPMS user portal for business processes execution interoperability,"Delgado, Andrea",Andrea,female,0.9990642945711071,True
A generic BPMS user portal for business processes execution interoperability,"Calegari, Daniel",Daniel,male,0.9999484956264236,True
A decision-based approach to business process improvement,"Shahzad, Khurram",Khurram,male,0.9999693299205058,True
A decision-based approach to business process improvement,"Zdravkovic, Jelena",Jelena,female,0.9999959150470483,True
SecEPM: A Security Engineering Process Model for Electronic Business Processes,"Eichler, Jörn",Jörn,male,0.9996786468901714,True
Flexible information design for business process visualizations,"Nowak, Alexander",Alexander,male,0.9999914495946162,True
Flexible information design for business process visualizations,"Karastoyanova, Dimka",Dimka,male,0.8876209879608038,True
Flexible information design for business process visualizations,"Leymann, Frank",Frank,male,0.999947578866658,True
Flexible information design for business process visualizations,"Rapoport, Andrej",Andrej,male,0.9999819320861987,True
Flexible information design for business process visualizations,"Schumm, David",David,male,0.9999952928042082,True
Collaborative process modeling and reuse evaluation,"Tomaz, Luiz F. C.",Luiz,male,0.9996898239467037,True
Collaborative process modeling and reuse evaluation,"Rodrigues Nt, José A.",José,male,0.9960913709996708,True
Collaborative process modeling and reuse evaluation,"Xexéo, Geraldo B.",Geraldo,male,0.9999071401047015,True
Collaborative process modeling and reuse evaluation,"Souza, Jano M.",Jano,male,0.9822468409987096,True
Improving Healthcare Processes through Small-Scale Innovations,"Marjanovic, Olivera",Olivera,female,0.9982887231498666,True
Impact of Digital Transformation in Sourcing & Tender Management Processes on Employee Job Satisfaction - A Study on Malaysian Multinational Electricity Company,"Mukherjee, Debiprasad",Debiprasad,male,0.9994718649164899,True
Impact of Digital Transformation in Sourcing & Tender Management Processes on Employee Job Satisfaction - A Study on Malaysian Multinational Electricity Company,"Ahmad, Shaheen",Shaheen,unknown,0.684873101085021,False
A new business process assistant: Based on real-time analysis of user live communications,"Laga, Nassim",Nassim,male,0.9978159784451607,True
A new business process assistant: Based on real-time analysis of user live communications,"Ditini, Nabil",Nabil,male,0.9991939047786288,True
Service exploration: Collaboration of information-centric and activity-centric business process,"Noorhoseini, Majid",Majid,male,0.9998567579880754,True
Service exploration: Collaboration of information-centric and activity-centric business process,"Nayebi, Maleknaz",Maleknaz,unknown,0.5486964578164487,False
Literature Survey on Business Model-Based Integration of Business and Process Architecture,"Heyl, Bernhard Hitpass",Bernhard,male,0.9999742564512356,True
AIML: The Approach of Optimization to Support the Company Organizing the Automated Business Technique,"Ravisankar, A.",,unknown,0,False
AIML: The Approach of Optimization to Support the Company Organizing the Automated Business Technique,"Singh, Ravinjit",Ravinjit,unknown,0.6425088763079536,False
AIML: The Approach of Optimization to Support the Company Organizing the Automated Business Technique,"Sree Hari Raju, S.",,unknown,0,False
AIML: The Approach of Optimization to Support the Company Organizing the Automated Business Technique,"Azhagu Jaisudhan Pazhani, A.",,unknown,0,False
Research of technologies on discreet factory construction general contract project management,"Hu, Chang-yan",Chang,male,0.9834684501913633,True
Research of technologies on discreet factory construction general contract project management,"Ye, Yong",Yong,male,0.9844618295633396,True
Research of technologies on discreet factory construction general contract project management,"Zhou, Yan-tao",Yan,unknown,0.5336648310743305,False
Research of technologies on discreet factory construction general contract project management,"Han, Xin-min",Xin,female,0.7003246185087639,False
Semi-Supervised Detection of Contaminated Business Process Instances Using Graph Autoencoders and Dynamic Edge Convolutions for BPM Anomaly Detection,"Ayaz, Teoman Berkay",Teoman,male,0.9999925027088638,True
Semi-Supervised Detection of Contaminated Business Process Instances Using Graph Autoencoders and Dynamic Edge Convolutions for BPM Anomaly Detection,"Gülce, Ege",Ege,male,0.9886753469643125,True
Semi-Supervised Detection of Contaminated Business Process Instances Using Graph Autoencoders and Dynamic Edge Convolutions for BPM Anomaly Detection,"Özcan, Alper",Alper,male,0.9999692134342155,True
Semi-Supervised Detection of Contaminated Business Process Instances Using Graph Autoencoders and Dynamic Edge Convolutions for BPM Anomaly Detection,"Akbulut, Akhan",Akhan,male,0.9945097118335663,True
Automatic classification of event logs sequences for failure detection in WfM/BPM systems,"Jaramillo, Johnnatan",Johnnatan,male,0.9995332048299256,True
Automatic classification of event logs sequences for failure detection in WfM/BPM systems,"Arias, Julián",Julián,male,0.9957662433267256,True
Towards Process Support for Cloud Manufacturing,"Schulte, Stefan",Stefan,male,0.9999831604184807,True
Towards Process Support for Cloud Manufacturing,"Hoenisch, Philipp",Philipp,male,0.9999372005997167,True
Towards Process Support for Cloud Manufacturing,"Hochreiner, Christoph",Christoph,male,0.9996583666010818,True
Towards Process Support for Cloud Manufacturing,"Dustdar, Schahram",Schahram,unknown,0.7299774829155605,False
Towards Process Support for Cloud Manufacturing,"Klusch, Matthias",Matthias,male,0.9999337682187655,True
Towards Process Support for Cloud Manufacturing,"Schuller, Dieter",Dieter,male,0.9999629369688875,True
A RESTful Architecture for Service-Oriented Business Process Execution,"Kumaran, Santhosh",Santhosh,male,0.9982841409435335,True
A RESTful Architecture for Service-Oriented Business Process Execution,"Liu, Rong",Rong,unknown,0.7174724947670523,False
A RESTful Architecture for Service-Oriented Business Process Execution,"Dhoolia, Pankaj",Pankaj,male,0.9999652603290254,True
A RESTful Architecture for Service-Oriented Business Process Execution,"Heath, Terry",Terry,male,0.9860098061835473,True
A RESTful Architecture for Service-Oriented Business Process Execution,"Nandi, Prabir",Prabir,male,0.9988124177915064,True
A RESTful Architecture for Service-Oriented Business Process Execution,"Pinel, Florian",Florian,male,0.9999672042878258,True
Cost-Efficient Scheduling of Elastic Processes in Hybrid Clouds,"Hoenisch, Philipp",Philipp,male,0.9999372005997167,True
Cost-Efficient Scheduling of Elastic Processes in Hybrid Clouds,"Hochreiner, Christoph",Christoph,male,0.9996583666010818,True
Cost-Efficient Scheduling of Elastic Processes in Hybrid Clouds,"Schuller, Dieter",Dieter,male,0.9999629369688875,True
Cost-Efficient Scheduling of Elastic Processes in Hybrid Clouds,"Schulte, Stefan",Stefan,male,0.9999831604184807,True
Cost-Efficient Scheduling of Elastic Processes in Hybrid Clouds,"Mendling, Jan",Jan,unknown,0.5504849119650672,False
Cost-Efficient Scheduling of Elastic Processes in Hybrid Clouds,"Dustdar, Schahram",Schahram,unknown,0.7299774829155605,False
Interactive Workflows with WADE,"Bergenti, Federico",Federico,male,0.999947511448034,True
Interactive Workflows with WADE,"Caire, Giovanni",Giovanni,male,0.999396045165578,True
Interactive Workflows with WADE,"Gotta, Danilo",Danilo,male,0.9997236714704757,True
A BPMN-Based Automated Approach for the Analysis of Healthcare Processes,"Antonacci, G.",,unknown,0,False
A BPMN-Based Automated Approach for the Analysis of Healthcare Processes,"Calabrese, A.",,unknown,0,False
A BPMN-Based Automated Approach for the Analysis of Healthcare Processes,"D'Ambrogio, A.",,unknown,0,False
A BPMN-Based Automated Approach for the Analysis of Healthcare Processes,"Giglio, A.",,unknown,0,False
A BPMN-Based Automated Approach for the Analysis of Healthcare Processes,"Intrigila, B.",,unknown,0,False
A BPMN-Based Automated Approach for the Analysis of Healthcare Processes,"Ghiron, N. Levialdi",,unknown,0,False
Research on business goal oriented process knowledge retrieving,"Mou, Yujie",Yujie,female,0.6076935135162396,False
Research on business goal oriented process knowledge retrieving,"cao, Jian",Jian,male,0.9975103869595472,True
Research on business goal oriented process knowledge retrieving,"Zhang, Shensheng",Shensheng,male,0.9055637926216422,True
Predictive Monitoring of Business Processes: A Survey,"Márquez-Chamorro, Alfonso Eduardo",Alfonso,male,0.9999645358026298,True
Predictive Monitoring of Business Processes: A Survey,"Resinas, Manuel",Manuel,male,0.9999796545255559,True
Predictive Monitoring of Business Processes: A Survey,"Ruiz-Cortés, Antonio",Antonio,male,0.9999433950349952,True
Practical Challenges for Methods Transforming i* Goal Models into Business Process Models,"Decreus, Ken",Ken,male,0.999961489624478,True
Practical Challenges for Methods Transforming i* Goal Models into Business Process Models,"Snoeck, Monique",Monique,female,0.9999698902791753,True
Practical Challenges for Methods Transforming i* Goal Models into Business Process Models,"Poels, Geert",Geert,male,0.9998608924148286,True
ViePEP-C: A Container-Based Elastic Process Platform,"Waibel, Philipp",Philipp,male,0.9999372005997167,True
ViePEP-C: A Container-Based Elastic Process Platform,"Hochreiner, Christoph",Christoph,male,0.9996583666010818,True
ViePEP-C: A Container-Based Elastic Process Platform,"Schulte, Stefan",Stefan,male,0.9999831604184807,True
ViePEP-C: A Container-Based Elastic Process Platform,"Koschmider, Agnes",Agnes,female,0.9996094304167977,True
ViePEP-C: A Container-Based Elastic Process Platform,"Mendling, Jan",Jan,unknown,0.5504849119650672,False
Typed Business Process Specification,"Atkinson, Colin",Colin,male,0.9998511786190843,True
Typed Business Process Specification,"Draheim, Dirk",Dirk,male,0.9999427916159628,True
Typed Business Process Specification,"Geist, Verena",Verena,female,0.999996786682216,True
Direct Verification of BPMN Processes through an Optimized Unfolding Technique,"Falcioni, Damiano",Damiano,male,0.9997584540387234,True
Direct Verification of BPMN Processes through an Optimized Unfolding Technique,"Polini, Andrea",Andrea,female,0.9990642945711071,True
Direct Verification of BPMN Processes through an Optimized Unfolding Technique,"Polzonetti, Alberto",Alberto,male,0.9998864566720463,True
Direct Verification of BPMN Processes through an Optimized Unfolding Technique,"Re, Barbara",Barbara,female,0.999979214602181,True
Towards an Organizational Strategic Alignment Driven by Business Level Agreements,"Melo, Carolina",Carolina,female,0.9999984645885064,True
Towards an Organizational Strategic Alignment Driven by Business Level Agreements,"Fantinato, Marcelo",Marcelo,male,0.9998735221664624,True
Towards an Organizational Strategic Alignment Driven by Business Level Agreements,"Sun, Violeta",Violeta,female,0.9999976922501379,True
Towards an Organizational Strategic Alignment Driven by Business Level Agreements,"Prado, Edmir P.V.",Edmir,male,0.9938857316756063,True
Efficient Adjoint Sensitivity Analysis Exploiting the FD-BPM,"Swillam, Mohamed A.",Mohamed,male,0.9999971268152898,True
Efficient Adjoint Sensitivity Analysis Exploiting the FD-BPM,"Bakr, Mohamed H.",Mohamed,male,0.9999971268152898,True
Efficient Adjoint Sensitivity Analysis Exploiting the FD-BPM,"Li, Xun",Xun,male,0.988639565051953,True
Towards a BPM Cloud Architecture with Data and Activity Distribution,"Duipmans, Evert F.",Evert,male,0.9997884619108004,True
Towards a BPM Cloud Architecture with Data and Activity Distribution,"Pires, Luís Ferreira",Luís,male,0.9971090531412131,True
Towards a BPM Cloud Architecture with Data and Activity Distribution,"Santos, Luiz O. Bonino da_Silva",Luiz,male,0.9996898239467037,True
Full Vectorial 3-D Sensitivity Analysis and Design Optimization Using BPM,"Swillam, Mohamed A.",Mohamed,male,0.9999971268152898,True
Full Vectorial 3-D Sensitivity Analysis and Design Optimization Using BPM,"Bakr, Mohamed H.",Mohamed,male,0.9999971268152898,True
Full Vectorial 3-D Sensitivity Analysis and Design Optimization Using BPM,"Li, Xun",Xun,male,0.988639565051953,True
The Influence of Process Acceptance on BPM: An Empirical Investigation,"Muellerleile, Thomas",Thomas,male,0.9999981017477207,True
The Influence of Process Acceptance on BPM: An Empirical Investigation,"Ritter, Stefan",Stefan,male,0.9999831604184807,True
The Influence of Process Acceptance on BPM: An Empirical Investigation,"Englisch, Lucas",Lucas,male,0.9999718945700141,True
The Influence of Process Acceptance on BPM: An Empirical Investigation,"Nissen, Volker",Volker,male,0.9999763202187522,True
The Influence of Process Acceptance on BPM: An Empirical Investigation,"Joenssen, Dieter W.",Dieter,male,0.9999629369688875,True
A Modified Semivectorial BPM Retaining the Effects of the Longitudinal Field Component and Its Application to the Design of a Spot-Size Converter,"Yamauchi, Junji",Junji,male,0.9976175762059468,True
A Modified Semivectorial BPM Retaining the Effects of the Longitudinal Field Component and Its Application to the Design of a Spot-Size Converter,"Nito, Yuta",Yuta,male,0.9894963162573843,True
A Modified Semivectorial BPM Retaining the Effects of the Longitudinal Field Component and Its Application to the Design of a Spot-Size Converter,"Nakano, Hisamatsu",Hisamatsu,female,0.5239129542152096,False
"Unifying EA, BPM and SOA through a Synergestic Framework","Shankararaman, Venky",Venky,male,0.9867760123703313,True
"Unifying EA, BPM and SOA through a Synergestic Framework","Kazmi, Pervez",Pervez,male,0.9998822928185301,True
Time-Domain BPM Technique for Modeling Ultra Short Pulse Propagation in Dispersive Optical Structures: Analysis and Assessment,"Masoudi, Husain M.",Husain,male,0.9997616061898512,True
Time-Domain BPM Technique for Modeling Ultra Short Pulse Propagation in Dispersive Optical Structures: Analysis and Assessment,"Akond, Mohammad S.",Mohammad,male,0.9999978931239886,True
A BPM-based approach of human task support within life science automation,"Holzmüller-Laue, Silke",Silke,female,0.9999933347828766,True
A BPM-based approach of human task support within life science automation,"Göde, Bernd",Bernd,male,0.9998846486900214,True
A BPM-based approach of human task support within life science automation,"Thurow, Kerstin",Kerstin,female,0.9998460920259101,True
An Approach for a More Agile BPM-SOA Integration Supported by Dynamic Services Discovery,"Perin-Souza, Alexandre",Alexandre,male,0.9994086190609315,True
An Approach for a More Agile BPM-SOA Integration Supported by Dynamic Services Discovery,"Rabelo, Ricardo J.",Ricardo,male,0.99996029299145,True
Warehouse management model integrating BPM-Lean Warehousing to increase order fulfillment in SME distribution companies,"Ambrosio-Flores, Kevin Luis",Kevin,male,0.9999799402805698,True
Warehouse management model integrating BPM-Lean Warehousing to increase order fulfillment in SME distribution companies,"Lazo-de-la-Vega-Baca, María",María,female,0.9998408731018508,True
Warehouse management model integrating BPM-Lean Warehousing to increase order fulfillment in SME distribution companies,"Quiroz-Flores, Juan Carlos",Juan,male,0.9999978969254493,True
Warehouse management model integrating BPM-Lean Warehousing to increase order fulfillment in SME distribution companies,"Cabrera-Gil-Grados, Ezilda",Ezilda,female,0.9997785549818325,True
Towards a DSPL for Context Aware BPM,"Khiari, Bochra",Bochra,female,0.9883332151977651,True
Towards a DSPL for Context Aware BPM,"Jilani, Lamia Labed",Lamia,female,0.9999890835932181,True
An Intelligent Resource Scheduling Method with Edge Channel Deployment for BPM,"Liu, Bowen",Bowen,male,0.9999682658808446,True
An Intelligent Resource Scheduling Method with Edge Channel Deployment for BPM,"Dou, Wanchun",Wanchun,unknown,0.701100417745625,False
An Intelligent Resource Scheduling Method with Edge Channel Deployment for BPM,"Zhou, Xiaokang",Xiaokang,male,0.9712331434419136,True
An Intelligent Resource Scheduling Method with Edge Channel Deployment for BPM,"Zhang, Xuyun",Xuyun,unknown,0.548003473546017,False
An Intelligent Resource Scheduling Method with Edge Channel Deployment for BPM,"Qi, Lianyong",Lianyong,male,0.9006853108693187,True
An Intelligent Resource Scheduling Method with Edge Channel Deployment for BPM,"Dai, Fei",Fei,unknown,0.524875276973862,False
An Intelligent Resource Scheduling Method with Edge Channel Deployment for BPM,"Chen, Chaochao",Chaochao,male,0.9846426057897415,True
An Automated Analysis of Errors for BPM Processes Modeled Using an In-house Infosys Tool,"Bastias, Alberto",Alberto,male,0.9998864566720463,True
An Automated Analysis of Errors for BPM Processes Modeled Using an In-house Infosys Tool,"Bihary, Sidharth",Sidharth,male,0.9989528048131509,True
An Automated Analysis of Errors for BPM Processes Modeled Using an In-house Infosys Tool,"Roy, Suman",Suman,female,0.6303416799007425,False
Leveraging BPM Decipline to Deliver Agile Business Processes in Emerging Markets,"Deshmukh, Nivedita P.",Nivedita,female,0.9999976581309401,True
Services conceptualization within SOA/BPM methodology,"Bazán, Patricia",Patricia,female,0.9999876359107199,True
Services conceptualization within SOA/BPM methodology,"Perez, Gabriela",Gabriela,female,0.9999942912800749,True
Services conceptualization within SOA/BPM methodology,"Giandini, Roxana",Roxana,female,0.9999876434582177,True
Services conceptualization within SOA/BPM methodology,"Estevez, Elsa",Elsa,female,0.9999918665576765,True
Services conceptualization within SOA/BPM methodology,"Diaz, Javier",Javier,male,0.9999768372268597,True
Design and implementation of E-government oriented rapid BPM OA platform,"Wang, Yukun",Yukun,male,0.9756065975854293,True
Design and implementation of E-government oriented rapid BPM OA platform,"Lei, Kai",Kai,male,0.9819597256365221,True
Design and implementation of E-government oriented rapid BPM OA platform,"Wu, Jincheng",Jincheng,male,0.9509632684372681,True
Design and implementation of E-government oriented rapid BPM OA platform,"Huang, Xiaohui",Xiaohui,female,0.8933139697047824,True
Design and implementation of E-government oriented rapid BPM OA platform,"Lu, Yuming",Yuming,male,0.9788269893102574,True
Reverse logistics process automation with BPMS,"Johanna, Castellanos A.",Castellanos,male,0.8252673757132695,True
Reverse logistics process automation with BPMS,"Santiago, Aguirre M.",Aguirre,male,0.8198722340693135,True
Reverse logistics process automation with BPMS,"Carlos, Fuquene R.",Fuquene,unknown,0.6103804920444166,False
Reverse logistics process automation with BPMS,"Carlos, Parra R.",Parra,male,0.8387906485522058,True
IoTDM4BPMN: An IoT-Enhanced Decision Making Framework for BPMN 2.0,"Kirikkayis, Yusuf",Yusuf,male,0.9999914998034448,True
IoTDM4BPMN: An IoT-Enhanced Decision Making Framework for BPMN 2.0,"Gallik, Florian",Florian,male,0.9999672042878258,True
IoTDM4BPMN: An IoT-Enhanced Decision Making Framework for BPMN 2.0,"Reichert, Manfred",Manfred,male,0.9999883382145358,True
End-to-End Production Process Orchestration for Smart Printing Factories: An Application in Industry,"Traganos, Konstantinos",Konstantinos,male,0.9999558085455126,True
End-to-End Production Process Orchestration for Smart Printing Factories: An Application in Industry,"Vanderfeesten, Irene",Irene,female,0.9999787388905271,True
End-to-End Production Process Orchestration for Smart Printing Factories: An Application in Industry,"Grefen, Paul",Paul,male,0.999990342528266,True
End-to-End Production Process Orchestration for Smart Printing Factories: An Application in Industry,"Erasmus, Jonnro",Jonnro,male,0.6861296271813097,False
End-to-End Production Process Orchestration for Smart Printing Factories: An Application in Industry,"Gerrits, Ton",Ton,male,0.9984561138971025,True
End-to-End Production Process Orchestration for Smart Printing Factories: An Application in Industry,"Verhofstad, Wim",Wim,male,0.9940077677904846,True
Dealing with imprecise compliance requirements,"Morrison, Evan",Evan,male,0.9999798906773547,True
Dealing with imprecise compliance requirements,"Ghose, Aditya",Aditya,male,0.9930058833426924,True
Dealing with imprecise compliance requirements,"Koliadis, George",George,male,0.9999684085414767,True
Secure Business Processes in Service-Oriented Architectures – A Requirements Analysis,"Muller, Jens",Jens,male,0.9999725010363429,True
Secure Business Processes in Service-Oriented Architectures – A Requirements Analysis,"Mulle, Jutta",Jutta,female,0.999995137882791,True
Secure Business Processes in Service-Oriented Architectures – A Requirements Analysis,"von Stackelberg, Silvia",Silvia,female,0.9999810313224872,True
Secure Business Processes in Service-Oriented Architectures – A Requirements Analysis,"Bohm, Klemens",Klemens,male,0.9937719503158381,True
Semi-automated checking for regulatory compliance in e-Health,"Amantea, Ilaria Angela",Ilaria,female,0.999991246543736,True
Semi-automated checking for regulatory compliance in e-Health,"Robaldo, Livio",Livio,male,0.9999467890108412,True
Semi-automated checking for regulatory compliance in e-Health,"Sulis, Emilio",Emilio,male,0.9998271675860951,True
Semi-automated checking for regulatory compliance in e-Health,"Boella, Guido",Guido,male,0.999905551240006,True
Semi-automated checking for regulatory compliance in e-Health,"Governatori, Guido",Guido,male,0.999905551240006,True
Workflow Model Distribution or Code Distribution? Ideal Approach for Service Composition of the Internet of Things,"Mass, Jakob",Jakob,male,0.9999964001487215,True
Workflow Model Distribution or Code Distribution? Ideal Approach for Service Composition of the Internet of Things,"Chang, Chii",Chii,female,0.9464263329704334,True
Workflow Model Distribution or Code Distribution? Ideal Approach for Service Composition of the Internet of Things,"Srirama, Satish N.",Satish,male,0.9981258016553592,True
Modelling business process variants using graph transformation rules,"Natschläger, Christine",Christine,female,0.9999938686823988,True
Modelling business process variants using graph transformation rules,"Geist, Verena",Verena,female,0.999996786682216,True
Modelling business process variants using graph transformation rules,"Illibauer, Christa",Christa,female,0.9999982398918826,True
Modelling business process variants using graph transformation rules,"Hutter, Robert",Robert,male,0.9999776797436909,True
The Banking System Reference Implementation Based on SOA,"Zhang, Li",Li,female,0.9821247080400133,True
The Banking System Reference Implementation Based on SOA,"Wang, Yan",Yan,unknown,0.5336648310743305,False
The Banking System Reference Implementation Based on SOA,"Li, Fu-jiang",Fu,male,0.9888269146800907,True
Wide-angle propagating beam analysis for circularly symmetric waveguides: comparison between FD-BPM and FD-TDM,"Yamauchi, J.",,unknown,0,False
Wide-angle propagating beam analysis for circularly symmetric waveguides: comparison between FD-BPM and FD-TDM,"Akimoto, Y.",,unknown,0,False
Wide-angle propagating beam analysis for circularly symmetric waveguides: comparison between FD-BPM and FD-TDM,"Nibe, M.",,unknown,0,False
Wide-angle propagating beam analysis for circularly symmetric waveguides: comparison between FD-BPM and FD-TDM,"Nakano, H.",,unknown,0,False
"Design of a spotsize-converter-integrated laser diode (SS-LD) with a lateral taper, thin-film core and ridge in the 1.3-/spl mu/m-wavelength region based on the 3-D BPM","Kawano, K.",,unknown,0,False
"Design of a spotsize-converter-integrated laser diode (SS-LD) with a lateral taper, thin-film core and ridge in the 1.3-/spl mu/m-wavelength region based on the 3-D BPM","Kohtoku, M.",,unknown,0,False
"Design of a spotsize-converter-integrated laser diode (SS-LD) with a lateral taper, thin-film core and ridge in the 1.3-/spl mu/m-wavelength region based on the 3-D BPM","Wada, M.",,unknown,0,False
"Design of a spotsize-converter-integrated laser diode (SS-LD) with a lateral taper, thin-film core and ridge in the 1.3-/spl mu/m-wavelength region based on the 3-D BPM","Okamoto, H.",,unknown,0,False
"Design of a spotsize-converter-integrated laser diode (SS-LD) with a lateral taper, thin-film core and ridge in the 1.3-/spl mu/m-wavelength region based on the 3-D BPM","Itaya, Y.",,unknown,0,False
"Design of a spotsize-converter-integrated laser diode (SS-LD) with a lateral taper, thin-film core and ridge in the 1.3-/spl mu/m-wavelength region based on the 3-D BPM","Naganuma, M.",,unknown,0,False
Highly efficient full-vectorial 3-D BPM modeling of fiber to planar waveguide couplers,"Fogli, F.",,unknown,0,False
Highly efficient full-vectorial 3-D BPM modeling of fiber to planar waveguide couplers,"Bellanca, G.",,unknown,0,False
Highly efficient full-vectorial 3-D BPM modeling of fiber to planar waveguide couplers,"Bassi, P.",,unknown,0,False
Highly efficient full-vectorial 3-D BPM modeling of fiber to planar waveguide couplers,"Madden, I.",,unknown,0,False
Highly efficient full-vectorial 3-D BPM modeling of fiber to planar waveguide couplers,"Johnstone, W.",,unknown,0,False
787 BPM/40 TPM feasibility of a plated disk,"Nagao, M.",,unknown,0,False
787 BPM/40 TPM feasibility of a plated disk,"Suganuma, Y.",,unknown,0,False
787 BPM/40 TPM feasibility of a plated disk,"Tanaka, H.",,unknown,0,False
787 BPM/40 TPM feasibility of a plated disk,"Yanagisawa, M.",,unknown,0,False
787 BPM/40 TPM feasibility of a plated disk,"Goto, F.",,unknown,0,False
Evaluation of multiphase brushless permanent magnet (BPM) motors using finite element method (FEM) and experiments,"Waikar, S.",,unknown,0,False
Evaluation of multiphase brushless permanent magnet (BPM) motors using finite element method (FEM) and experiments,"Gopalarathnam, T.",,unknown,0,False
Evaluation of multiphase brushless permanent magnet (BPM) motors using finite element method (FEM) and experiments,"Toliyat, H.A.",H.A.,male,0.9978547993886707,True
Evaluation of multiphase brushless permanent magnet (BPM) motors using finite element method (FEM) and experiments,"Moreira, J.C.",J.C.,male,0.9952174644274188,True
A novel two-phase BPM drive system with high power density and low cost,"Li, Yue",Yue,female,0.9695755877908074,True
A novel two-phase BPM drive system with high power density and low cost,"Walls, T.A.",T.A.,male,0.9849312732012946,True
A novel two-phase BPM drive system with high power density and low cost,"Lloyd, J.D.",J.D.,male,0.9956973930806807,True
A novel two-phase BPM drive system with high power density and low cost,"Skinner, J.L.",J.L.,male,0.9852943638486118,True
Shaping the digital optical switch using evolution strategies and BPM,"Moosburger, R.",,unknown,0,False
Shaping the digital optical switch using evolution strategies and BPM,"Kostrzewa, C.",,unknown,0,False
Shaping the digital optical switch using evolution strategies and BPM,"Fischbeck, G.",,unknown,0,False
Shaping the digital optical switch using evolution strategies and BPM,"Petermann, K.",,unknown,0,False
Nonlinear PML boundary conditions for nonparaxial BPM in /spl chi//sup (2)/ materials,"Petruskevicius, R.",,unknown,0,False
Nonlinear PML boundary conditions for nonparaxial BPM in /spl chi//sup (2)/ materials,"Bellanca, G.",,unknown,0,False
Nonlinear PML boundary conditions for nonparaxial BPM in /spl chi//sup (2)/ materials,"Bassi, P.",,unknown,0,False
Brushless permanent magnet (BPM) motor drive system using load-commutated inverter,"Toliyat, H.A.",H.A.,male,0.9978547993886707,True
Brushless permanent magnet (BPM) motor drive system using load-commutated inverter,"Sultana, N.",,unknown,0,False
Brushless permanent magnet (BPM) motor drive system using load-commutated inverter,"Shet, D.S.",D.S.,male,0.9856853294768373,True
Brushless permanent magnet (BPM) motor drive system using load-commutated inverter,"Moreira, J.C.",J.C.,male,0.9952174644274188,True
Analysis of a lensed coreless fiber by a hybrid technique combining FD-BPM and FD-TDM,"Yamauchi, J.",,unknown,0,False
Analysis of a lensed coreless fiber by a hybrid technique combining FD-BPM and FD-TDM,"Nishio, K.",,unknown,0,False
Analysis of a lensed coreless fiber by a hybrid technique combining FD-BPM and FD-TDM,"Nakano, H.",,unknown,0,False
A modified imaginary distance BPM for directly computing arbitrary vector modes of 3-D optical waveguides,"Chamorro-Posada, P.",,unknown,0,False
Design and performance of the LCLS cavity BPM system,"Lill, R.",,unknown,0,False
Design and performance of the LCLS cavity BPM system,"Norum, W.",,unknown,0,False
Design and performance of the LCLS cavity BPM system,"Morrison, L.",,unknown,0,False
Design and performance of the LCLS cavity BPM system,"Sereno, N.",,unknown,0,False
Design and performance of the LCLS cavity BPM system,"Waldschmidt, G.",,unknown,0,False
Design and performance of the LCLS cavity BPM system,"Walters, D.",,unknown,0,False
Design and performance of the LCLS cavity BPM system,"Smith, S.",,unknown,0,False
Design and performance of the LCLS cavity BPM system,"Straumann, T.",,unknown,0,False
Bidirectional finite-element method-of-line beam propagation method (FE-MoL-BPM) for analyzing optical waveguides with discontinuities,"Kawano, K.",,unknown,0,False
Bidirectional finite-element method-of-line beam propagation method (FE-MoL-BPM) for analyzing optical waveguides with discontinuities,"Kitoh, T.",,unknown,0,False
Bidirectional finite-element method-of-line beam propagation method (FE-MoL-BPM) for analyzing optical waveguides with discontinuities,"Kohtoku, M.",,unknown,0,False
Bidirectional finite-element method-of-line beam propagation method (FE-MoL-BPM) for analyzing optical waveguides with discontinuities,"Ito, T.",,unknown,0,False
Bidirectional finite-element method-of-line beam propagation method (FE-MoL-BPM) for analyzing optical waveguides with discontinuities,"Hasumi, Y.",,unknown,0,False
Efficient Calculation of PWM AC Losses in Hairpin Windings for Synchronous BPM Machines,"Volpe, Giuseppe",Giuseppe,male,0.9998656437376092,True
Efficient Calculation of PWM AC Losses in Hairpin Windings for Synchronous BPM Machines,"Popescu, Mircea",Mircea,male,0.9988452912806591,True
Efficient Calculation of PWM AC Losses in Hairpin Windings for Synchronous BPM Machines,"di Leonardo, Lino",Lino,male,0.9996322743664826,True
Efficient Calculation of PWM AC Losses in Hairpin Windings for Synchronous BPM Machines,"Xue, Shaoshen",Shaoshen,unknown,0.7092891144504645,False
Research and Design of EERP: End-to-End Resource Planning Based on SOA and BPM,"Li, Baoan",Baoan,male,0.9859795255095368,True
Research and Design of EERP: End-to-End Resource Planning Based on SOA and BPM,"Zhou, Weizhen",Weizhen,unknown,0.5825779257746178,False
An improved wide-angle FD-BPM for nonlinear and nonreciprocal waveguides,"Alcantara, L.D.S.",L.D.S.,male,0.6485884092581596,False
An improved wide-angle FD-BPM for nonlinear and nonreciprocal waveguides,"Teixeira, F.L.",F.L.,male,0.6367914079013304,False
An improved wide-angle FD-BPM for nonlinear and nonreciprocal waveguides,"Cesar, A.C.",A.C.,male,0.9835004458652326,True
An improved wide-angle FD-BPM for nonlinear and nonreciprocal waveguides,"Borges, B.-H.V.",B.,unknown,0.5457824593494744,False
A BPM Two-Scale Contrast Model,"Nunziata, Ferdinando",Ferdinando,male,0.9998488716175292,True
A BPM Two-Scale Contrast Model,"Migliaccio, Maurizio",Maurizio,male,0.9999056951422044,True
A BPM Two-Scale Contrast Model,"Sobieski, Piotr",Piotr,male,0.999885348508805,True
Bridging Software Product Lines and Service-Oriented Architectures for Service Identification Using BPM and FM,"Kang, Dongsu",Dongsu,male,0.9903264150802262,True
Bridging Software Product Lines and Service-Oriented Architectures for Service Identification Using BPM and FM,"Baik, Doo-Kweon",Doo,male,0.9763539072321074,True
Transmission line analysis of beam deflection in a BPM stripline kicker,"Caporaso, G.J.",G.J.,male,0.9847247509088979,True
Transmission line analysis of beam deflection in a BPM stripline kicker,"Chen, Yu Ju",Yu,female,0.8656251027956705,True
Transmission line analysis of beam deflection in a BPM stripline kicker,"Poole, B.",,unknown,0,False
A SOA-BPM-Based Architecture for Intelligent Power Dispatching System,"Zhang, Liang",Liang,male,0.9782482259488245,True
A SOA-BPM-Based Architecture for Intelligent Power Dispatching System,"Ge, Minhui",Minhui,female,0.9326222344384044,True
A SOA-BPM-Based Architecture for Intelligent Power Dispatching System,"Bi, Xiaoliang",Xiaoliang,male,0.9441599089497014,True
A SOA-BPM-Based Architecture for Intelligent Power Dispatching System,"Chen, Shudong",Shudong,male,0.9800265070631919,True
A closed orbit measurement with the NSRL BPM system,"Wang, J.H.",J.H.,male,0.997249422281954,True
A closed orbit measurement with the NSRL BPM system,"Yin, Y.",,unknown,0,False
A closed orbit measurement with the NSRL BPM system,"Li, J.Y.",J.Y.,male,0.9926892004117124,True
A closed orbit measurement with the NSRL BPM system,"Liu, Z.P.",Z.P.,male,0.6785297329581031,False
A closed orbit measurement with the NSRL BPM system,"Sun, B.G.",B.G.,male,0.9874642556678027,True
A closed orbit measurement with the NSRL BPM system,"Wang, G.C.",G.C.,male,0.9822645631044754,True
A closed orbit measurement with the NSRL BPM system,"Liu, J.H.",J.H.,male,0.997249422281954,True
An sampling detector for the RHIC BPM electronics,"Ryan, W.A.",W.A.,male,0.9957068914035614,True
An sampling detector for the RHIC BPM electronics,"Shea, T.J.",T.J.,male,0.9884631051410226,True
Reduction of X-BPM systematic errors by modification of lattice in the APS storage ring,"Decker, G.",,unknown,0,False
Reduction of X-BPM systematic errors by modification of lattice in the APS storage ring,"Singh, O.",,unknown,0,False
Reduction of X-BPM systematic errors by modification of lattice in the APS storage ring,"Friedsam, H.",,unknown,0,False
Reduction of X-BPM systematic errors by modification of lattice in the APS storage ring,"Jones, J.",,unknown,0,False
Reduction of X-BPM systematic errors by modification of lattice in the APS storage ring,"Ramanathan, M.",,unknown,0,False
Reduction of X-BPM systematic errors by modification of lattice in the APS storage ring,"Shu, D.",,unknown,0,False
BPM system for the Swiss Light Source,"Dehler, M.",,unknown,0,False
BPM system for the Swiss Light Source,"Jaggi, A.",,unknown,0,False
BPM system for the Swiss Light Source,"Pollet, P.",,unknown,0,False
BPM system for the Swiss Light Source,"Schilcher, T.",,unknown,0,False
BPM system for the Swiss Light Source,"Schlott, V.",,unknown,0,False
BPM system for the Swiss Light Source,"Ursic, R.",,unknown,0,False
Time-domain BPM for ultrashort pulse propagation in nonlinear multilayers,"Locatelli, A.",,unknown,0,False
Time-domain BPM for ultrashort pulse propagation in nonlinear multilayers,"Pigozzo, F.M.",F.M.,male,0.9917380208291482,True
Time-domain BPM for ultrashort pulse propagation in nonlinear multilayers,"Modotto, D.",,unknown,0,False
Time-domain BPM for ultrashort pulse propagation in nonlinear multilayers,"Capobianco, A.-D.",A.,unknown,0.5342810281499752,False
Time-domain BPM for ultrashort pulse propagation in nonlinear multilayers,"De Angelis, C.",,unknown,0,False
A Study on Effective Use of BPM Information in Deepfake Detection,"Lee, Soo-Hyun",Soo,female,0.9072116423844842,True
A Study on Effective Use of BPM Information in Deepfake Detection,"Yun, Gyung-Eun",Gyung,unknown,0.5250738458409532,False
A Study on Effective Use of BPM Information in Deepfake Detection,"Lim, Min Young",Min,female,0.7232168581934333,False
A Study on Effective Use of BPM Information in Deepfake Detection,"Lee, Youn Kyu",Youn,male,0.9823925845370897,True
Resonant BPM for continuous tune measurement in RHIC,"Kesselman, M.",,unknown,0,False
Resonant BPM for continuous tune measurement in RHIC,"Cameron, P.",,unknown,0,False
Resonant BPM for continuous tune measurement in RHIC,"Cupolo, J.",,unknown,0,False
Upgrade to initial BPM electronics module and beamline components for calibration of the LEDA beam position measurements,"Barr, D.",,unknown,0,False
Upgrade to initial BPM electronics module and beamline components for calibration of the LEDA beam position measurements,"Gilpatrick, J.D.",J.D.,male,0.9956973930806807,True
Upgrade to initial BPM electronics module and beamline components for calibration of the LEDA beam position measurements,"Shurter, R.",,unknown,0,False
Commissioning of the SLS digital BPM system,"Schlott, V.",,unknown,0,False
Commissioning of the SLS digital BPM system,"Dach, M.",,unknown,0,False
Commissioning of the SLS digital BPM system,"Dehler, M.",,unknown,0,False
Commissioning of the SLS digital BPM system,"Kramert, R.",,unknown,0,False
Commissioning of the SLS digital BPM system,"Pollet, P.",,unknown,0,False
Commissioning of the SLS digital BPM system,"Schilcher, T.",,unknown,0,False
Commissioning of the SLS digital BPM system,"Ferianis, M.",,unknown,0,False
Commissioning of the SLS digital BPM system,"DeMonte, R.",,unknown,0,False
Commissioning of the SLS digital BPM system,"Kosicek, A.",,unknown,0,False
Commissioning of the SLS digital BPM system,"Ursic, R.",,unknown,0,False
The updated BPM system of HLS,"Wang, J.H.",J.H.,male,0.997249422281954,True
The updated BPM system of HLS,"Liu, Z.P.",Z.P.,male,0.6785297329581031,False
The updated BPM system of HLS,"Sun, B.G.",B.G.,male,0.9874642556678027,True
The updated BPM system of HLS,"Liu, J.H.",J.H.,male,0.997249422281954,True
The updated BPM system of HLS,"Lu, P.",,unknown,0,False
Investigation of offset-launch characteristics for Two-Mode Optical Fiber using FE-BPM,"Maruyama, Ryo",Ryo,male,0.9995145758013162,True
Investigation of offset-launch characteristics for Two-Mode Optical Fiber using FE-BPM,"Kuwaki, Nobuo",Nobuo,male,0.999989930867764,True
Investigation of offset-launch characteristics for Two-Mode Optical Fiber using FE-BPM,"Matsuo, Shoichiro",Shoichiro,male,0.996735322363917,True
Investigation of offset-launch characteristics for Two-Mode Optical Fiber using FE-BPM,"Sato, Kiminori",Kiminori,male,0.9935471539763293,True
Investigation of offset-launch characteristics for Two-Mode Optical Fiber using FE-BPM,"Ohashi, Masaharu",Masaharu,male,0.9997866555275965,True
Wide-Angle Alternating-Direction Implicit Finite-Difference BPM,"Bekker, Ella V.",Ella,female,0.9999964991992288,True
Wide-Angle Alternating-Direction Implicit Finite-Difference BPM,"Sewell, Phillip",Phillip,male,0.9999230422662461,True
Wide-Angle Alternating-Direction Implicit Finite-Difference BPM,"Benson, Trevor M.",Trevor,male,0.9999947229669767,True
Wide-Angle Alternating-Direction Implicit Finite-Difference BPM,"Vukovic, Ana",Ana,female,0.9999965937600829,True
Simulation and computer aided design of large-scale photonic integrated circuits using the beam propagation method (BPM),"Scarmozzino, R.",,unknown,0,False
Simulation and computer aided design of large-scale photonic integrated circuits using the beam propagation method (BPM),"Osgood, R.M.",R.M.,male,0.9008054967524639,True
A prototype BPM electronics module for RHIC,"Ryan, W.A.",W.A.,male,0.9957068914035614,True
A prototype BPM electronics module for RHIC,"Shea, T.J.",T.J.,male,0.9884631051410226,True
A prototype BPM electronics module for RHIC,"Cerniglia, P.",,unknown,0,False
A prototype BPM electronics module for RHIC,"Degen, C.M.",C.M.,male,0.8713524446611707,True
BPM and orbit correction systems at the Duke storage ring,"Wu, Y.K.",Y.K.,male,0.9751955804772986,True
BPM and orbit correction systems at the Duke storage ring,"Li, J.",,unknown,0,False
BPM and orbit correction systems at the Duke storage ring,"Wang, P.",,unknown,0,False
BPM and orbit correction systems at the Duke storage ring,"Litvinenko, V.",,unknown,0,False
Development of A Smart Non-Invasive Glucose Monitoring System With SpO2 and BPM for Diabetic Patient,"Nabil, Kazi Atique Moula",Kazi,male,0.9846706298919308,True
Development of A Smart Non-Invasive Glucose Monitoring System With SpO2 and BPM for Diabetic Patient,"Islam, Md. Ariful",Md.,male,0.9975021331602927,True
Development of A Smart Non-Invasive Glucose Monitoring System With SpO2 and BPM for Diabetic Patient,"Noman, Abdullah Al",Abdullah,male,0.9999617325522016,True
Development of A Smart Non-Invasive Glucose Monitoring System With SpO2 and BPM for Diabetic Patient,"Khan, Mohammad Monirujjaman",Mohammad,male,0.9999978931239886,True
Development of a prototype capacitive BPM for the University of Maryland electron ring,"Zou, Y.",,unknown,0,False
Development of a prototype capacitive BPM for the University of Maryland electron ring,"Wang, J.G.",J.G.,male,0.9911819013614864,True
Development of a prototype capacitive BPM for the University of Maryland electron ring,"Chin, P.",,unknown,0,False
Development of a prototype capacitive BPM for the University of Maryland electron ring,"Li, Y.",,unknown,0,False
Development of a prototype capacitive BPM for the University of Maryland electron ring,"Bernal, S.",,unknown,0,False
Development of a prototype capacitive BPM for the University of Maryland electron ring,"Reiser, M.",,unknown,0,False
Design of the APS RF BPM Data Acquisition Upgrade,"Lill, R.",,unknown,0,False
Design of the APS RF BPM Data Acquisition Upgrade,"Pietryla, A.",,unknown,0,False
Design of the APS RF BPM Data Acquisition Upgrade,"Norum, E.",,unknown,0,False
Design of the APS RF BPM Data Acquisition Upgrade,"Lenkszus, F.",,unknown,0,False
New X-ray BPM data acquisition system for the APS,"Lenkszus, F.",,unknown,0,False
New X-ray BPM data acquisition system for the APS,"Laird, R.",,unknown,0,False
New X-ray BPM data acquisition system for the APS,"Decker, G.",,unknown,0,False
New X-ray BPM data acquisition system for the APS,"Singh, O.",,unknown,0,False
New X-ray BPM data acquisition system for the APS,"Hahne, M.",,unknown,0,False
New X-ray BPM data acquisition system for the APS,"Erwin, L.",,unknown,0,False
Indirect phase locking of RF clock to the beam for BNL booster BPM system,"Hayes, T.",,unknown,0,False
Indirect phase locking of RF clock to the beam for BNL booster BPM system,"Zaltsman, A.",,unknown,0,False
"Magnetic Switching in BPM, TEAMR, and Modified TEAMR Using Dielectric Underlayer Media","Aksornniem, Suttipan",Suttipan,male,0.9820452073053091,True
"Magnetic Switching in BPM, TEAMR, and Modified TEAMR Using Dielectric Underlayer Media","Evans, Richard F. L.",Richard,male,0.9999944029565571,True
"Magnetic Switching in BPM, TEAMR, and Modified TEAMR Using Dielectric Underlayer Media","Chantrell, Roy W.",Roy,male,0.9999319550277614,True
"Magnetic Switching in BPM, TEAMR, and Modified TEAMR Using Dielectric Underlayer Media","Silapunt, Rardchawadee",Rardchawadee,unknown,0.5512964374611702,False
Design and testing of the AGS booster BPM detector,"Thomas, R.",,unknown,0,False
Design and testing of the AGS booster BPM detector,"Ciardullo, D.J.",D.J.,male,0.9902019442300948,True
Design and testing of the AGS booster BPM detector,"Van Zwienen, W.",,unknown,0,False
Laser-diode to fiber coupling analysis using the Gaussian beam-BPM hybrid method,"Shishegar, Amir Ahmad",Amir,male,0.9998883344052137,True
Laser-diode to fiber coupling analysis using the Gaussian beam-BPM hybrid method,"Safavi-Naeini, S.",,unknown,0,False
Laser-diode to fiber coupling analysis using the Gaussian beam-BPM hybrid method,"Faraji-Dana, Reza",Reza,male,0.9940239069756037,True
Laser-diode to fiber coupling analysis using the Gaussian beam-BPM hybrid method,"Xu, Chenglin",Chenglin,male,0.9710350146614483,True
Beam-based BPM alignment,"Talman, R.",,unknown,0,False
Beam-based BPM alignment,"Malitsky, N.",,unknown,0,False
The Research of BPM Software Trustworthy Evaluation Model,"Hong, Hou",Hou,male,0.9912618174866412,True
The Research of BPM Software Trustworthy Evaluation Model,"Qinbao, Song",Song,unknown,0.571744544486768,False
The Research of BPM Software Trustworthy Evaluation Model,"Jing, Yang",Yang,unknown,0.6608034619216988,False
The Research of BPM Software Trustworthy Evaluation Model,"KeGang, Hao",Hao,male,0.9989380817683122,True
Turn-by-turn BPM electronics based on 500 MHz log-ratio amplifier,"Hu, K.H.",K.H.,male,0.9879662809416195,True
Turn-by-turn BPM electronics based on 500 MHz log-ratio amplifier,"Chen, J.",,unknown,0,False
Turn-by-turn BPM electronics based on 500 MHz log-ratio amplifier,"Kuo, C.H.",C.H.,male,0.9813837675882259,True
Turn-by-turn BPM electronics based on 500 MHz log-ratio amplifier,"Hsu, K.T.",K.T.,unknown,0.739010309153018,False
Turn-by-turn BPM electronics based on 500 MHz log-ratio amplifier,"Ueng, T.S.",T.S.,male,0.9852809324245498,True
Beam-based offset calibration of the PLS BPM,"Huang, J.Y.",J.Y.,male,0.9926892004117124,True
Beam-based offset calibration of the PLS BPM,"Jung, D.H.",D.H.,male,0.9995125563516006,True
Beam-based offset calibration of the PLS BPM,"Kim, K.H.",K.H.,male,0.9879662809416195,True
Beam-based offset calibration of the PLS BPM,"Nam, S.H.",S.H.,male,0.9838394021856872,True
Beam-based offset calibration of the PLS BPM,"Yoon, M.",,unknown,0,False
Beam-based offset calibration of the PLS BPM,"Ko, I.S.",I.S.,unknown,0.623542930444906,False
Microwave characterization of the waveguide BPM,"Kamps, T.",,unknown,0,False
Microwave characterization of the waveguide BPM,"Lorenz, R.",,unknown,0,False
Microwave characterization of the waveguide BPM,"deSantis, S.",,unknown,0,False
Beam based alignment of BPM and orbit stabilization at the Photon Factory storage ring,"Honda, T.",,unknown,0,False
Beam based alignment of BPM and orbit stabilization at the Photon Factory storage ring,"Obina, T.",,unknown,0,False
Beam based alignment of BPM and orbit stabilization at the Photon Factory storage ring,"Miyajima, T.",,unknown,0,False
Beam based alignment of BPM and orbit stabilization at the Photon Factory storage ring,"Kobayashi, Y.",,unknown,0,False
Beam tracking simulations for a BPM-based energy spectrometer prototype for ILC,"Kostromin, Sergey",Sergey,male,0.9999262025407933,True
Topology optimal design of optical waveguides in Consideration of polarization dependence using BPM and AVM,"Iguchi, A.",,unknown,0,False
Topology optimal design of optical waveguides in Consideration of polarization dependence using BPM and AVM,"Tsuji, Y.",,unknown,0,False
Topology optimal design of optical waveguides in Consideration of polarization dependence using BPM and AVM,"Yasui, T.",,unknown,0,False
Topology optimal design of optical waveguides in Consideration of polarization dependence using BPM and AVM,"Hirayama, K.",,unknown,0,False
BPM simulation of a light-guiding metal line with an embedded dielectric core,"Yamazaki, T.",,unknown,0,False
BPM simulation of a light-guiding metal line with an embedded dielectric core,"Yamauchi, J.",,unknown,0,False
BPM simulation of a light-guiding metal line with an embedded dielectric core,"Shibayama, J.",,unknown,0,False
BPM simulation of a light-guiding metal line with an embedded dielectric core,"Nakano, H.",,unknown,0,False
Optics measurement resolution and BPM errors,"Chao, Yu-Chiu",Yu,female,0.8656251027956705,True
New APS storage ring BPM timing system design,"Lenkszus, F.",,unknown,0,False
New APS storage ring BPM timing system design,"Laird, R.",,unknown,0,False
New APS storage ring BPM timing system design,"Singh, O.",,unknown,0,False
New APS storage ring BPM timing system design,"Lill, R.",,unknown,0,False
New APS storage ring BPM timing system design,"Decker, G.",,unknown,0,False
Commissioning and status of new BPM electronics for COD measurement at the SPring-8 storage ring,"Fujita, T.",,unknown,0,False
Commissioning and status of new BPM electronics for COD measurement at the SPring-8 storage ring,"Sasaki, S.",,unknown,0,False
Commissioning and status of new BPM electronics for COD measurement at the SPring-8 storage ring,"Shoji, M.",,unknown,0,False
Commissioning and status of new BPM electronics for COD measurement at the SPring-8 storage ring,"Takasima, T.",,unknown,0,False
RF cavity BPM'S as beam angle and beam correlation monitors,"Ross, M.",,unknown,0,False
RF cavity BPM'S as beam angle and beam correlation monitors,"Frisch, J.",,unknown,0,False
RF cavity BPM'S as beam angle and beam correlation monitors,"McCormick, D.",,unknown,0,False
RF cavity BPM'S as beam angle and beam correlation monitors,"Hayano, H.",,unknown,0,False
BPM signal conditioning for a wide range of single-bunch current operation in the Duke storage ring,"Li, J.",,unknown,0,False
BPM signal conditioning for a wide range of single-bunch current operation in the Duke storage ring,"Wang, P.",,unknown,0,False
BPM signal conditioning for a wide range of single-bunch current operation in the Duke storage ring,"Wu, Y.K.",Y.K.,male,0.9751955804772986,True
The Comparison of Neural Networks for Contactless BPM Estimation,"Sturekova, Jana",Jana,female,0.9999717556402674,True
The Comparison of Neural Networks for Contactless BPM Estimation,"Kamencay, Patrik",Patrik,male,0.999940143173976,True
The Comparison of Neural Networks for Contactless BPM Estimation,"Hlavata, Roberta",Roberta,female,0.9999886292612962,True
Multi-access performance analysis of TH-BPM impulse radio from spectrum point of view,"Wang, Tao",Tao,male,0.9969686446299408,True
Investigations of Injection Orbits at CESR Based on Turn By-Turn BPM Measurements,"Billing, M.G.",M.G.,male,0.9788515143358416,True
Investigations of Injection Orbits at CESR Based on Turn By-Turn BPM Measurements,"Crittenden, J.A.",J.A.,male,0.9932013948132014,True
Investigations of Injection Orbits at CESR Based on Turn By-Turn BPM Measurements,"Palmer, M.A.",M.A.,male,0.9835786431698633,True
Study of the RHIC BPM SMA connector failure problem,"Liaw, C. J.",,unknown,0,False
Study of the RHIC BPM SMA connector failure problem,"Sikora, R.",,unknown,0,False
Study of the RHIC BPM SMA connector failure problem,"Schroeder, R.",,unknown,0,False
Hot-cavity modelling of high-power tapered laser diodes using wide-angle 3D FD-BPM,"Wykes, J.",,unknown,0,False
Hot-cavity modelling of high-power tapered laser diodes using wide-angle 3D FD-BPM,"Borruel, L.",,unknown,0,False
Hot-cavity modelling of high-power tapered laser diodes using wide-angle 3D FD-BPM,"Sujecki, S.",,unknown,0,False
Hot-cavity modelling of high-power tapered laser diodes using wide-angle 3D FD-BPM,"Esquivias, I.",,unknown,0,False
Hot-cavity modelling of high-power tapered laser diodes using wide-angle 3D FD-BPM,"Sewell, P.",,unknown,0,False
Hot-cavity modelling of high-power tapered laser diodes using wide-angle 3D FD-BPM,"Benson, T.M.",T.M.,male,0.9814039062864212,True
Hot-cavity modelling of high-power tapered laser diodes using wide-angle 3D FD-BPM,"Larkins, E.C.",E.C.,male,0.9786268273621419,True
Hot-cavity modelling of high-power tapered laser diodes using wide-angle 3D FD-BPM,"Moreno, P.",,unknown,0,False
Hot-cavity modelling of high-power tapered laser diodes using wide-angle 3D FD-BPM,"Krakowski, M.",,unknown,0,False
Detection of the position of two beams with a common BPM,"Satoh, K.",,unknown,0,False
A resistive BPM for Mini-LIA,"Xu, Le",Le,female,0.8993609361692895,True
A resistive BPM for Mini-LIA,"Zheng, Shu-xin",Shu,female,0.8174134311698968,True
An X-Ray BPM and Accompanying Electronics,"Marques, S.R.",S.R.,male,0.9818691970827829,True
An X-Ray BPM and Accompanying Electronics,"Bagnato, O.R.",O.R.,unknown,0.7034825714723741,False
An X-Ray BPM and Accompanying Electronics,"Ferreira, M.J.",M.J.,male,0.7776062719213189,True
An X-Ray BPM and Accompanying Electronics,"Bombacini, F.O.",F.O.,unknown,0.7404695618076677,False
An X-Ray BPM and Accompanying Electronics,"Onisto, H.J.",H.J.,male,0.9837050867009942,True
"Design, BPM simulation and optimization of Mach-Zehnder 3-wavelength demultiplexer based on Runge-Kutta method","Twati, M.O.",M.O.,male,0.9995369788717678,True
"Design, BPM simulation and optimization of Mach-Zehnder 3-wavelength demultiplexer based on Runge-Kutta method","Yip, G.L.",G.L.,male,0.9797985852456911,True
"Design, BPM simulation and optimization of Mach-Zehnder 3-wavelength demultiplexer based on Runge-Kutta method","Fung, H.K.",H.K.,male,0.9833336571366605,True
A BPM calibration procedure using TBT data,"Yang, M. J.",,unknown,0,False
A BPM calibration procedure using TBT data,"Crisp, J.",,unknown,0,False
A BPM calibration procedure using TBT data,"Prieto, P.",,unknown,0,False
Lattice function measurement with TBT BPM data,"Yang, Ming-Jen",Ming,unknown,0.5866865921981015,False
A Reference Model for Personal Process Management (PPM) Systems,"Oruç, Sercan",Sercan,male,0.986183527335356,True
A Reference Model for Personal Process Management (PPM) Systems,"Eren, P. Erhan",,unknown,0,False
A Reference Model for Personal Process Management (PPM) Systems,"Koçyiğit, Altan",Altan,male,0.9996338105030292,True
The Discovery of Agile Service Networks through the Use of Social Network Analysis,"Carroll, Noel",Noel,male,0.9967487205429406,True
The Discovery of Agile Service Networks through the Use of Social Network Analysis,"Whelan, Eoin",Eoin,male,0.9999302126680978,True
The Discovery of Agile Service Networks through the Use of Social Network Analysis,"Richardson, Ita",Ita,female,0.9999206190561826,True
Variation knowledge-based approach to handling business process changes,"Dai, Yiru",Yiru,female,0.9911867989955634,True
Variation knowledge-based approach to handling business process changes,"Wang, Jian",Jian,male,0.9975103869595472,True
Uncovering the competency gap of students employed in business process analyst roles — An employer perspective,"Chakabuda, Tendai C.",Tendai,male,0.8314560494033999,True
Uncovering the competency gap of students employed in business process analyst roles — An employer perspective,"Seymour, Lisa F.",Lisa,female,0.9999920796870457,True
Uncovering the competency gap of students employed in business process analyst roles — An employer perspective,"Van Der Merwe, Francois I.",Francois,male,0.9999775911572618,True
Cloud to Edge: Distributed Deployment of Process-Aware IoT Applications,"Jain, Rakesh",Rakesh,male,0.9993641549403853,True
Cloud to Edge: Distributed Deployment of Process-Aware IoT Applications,"Tata, Samir",Samir,male,0.9999472082708237,True
SlapOS: A Multi-Purpose Distributed Cloud Operating System Based on an ERP Billing Model,"Smets-Solanes, Jean-Paul",Jean,female,0.6637228001271365,False
SlapOS: A Multi-Purpose Distributed Cloud Operating System Based on an ERP Billing Model,"Cérin, Christophe",Christophe,male,0.9994949508818813,True
SlapOS: A Multi-Purpose Distributed Cloud Operating System Based on an ERP Billing Model,"Courteaud, Romain",Romain,male,0.9999642424925583,True
Considering Non-sequential Control Flows for Process Prediction with Recurrent Neural Networks,"Metzger, Andreas",Andreas,male,0.9999763395171621,True
Considering Non-sequential Control Flows for Process Prediction with Recurrent Neural Networks,"Neubauer, Adrian",Adrian,male,0.998830188234461,True
Demo: Cognoscenti Open Source Software for Experimentation on Adaptive Case Management Approaches,"Swenson, Keith D.",Keith,male,0.9982254263219633,True
A Design of Open Service Access Gateway for Converged Web Service,"Yang, Jinhong",Jinhong,male,0.9739926575659308,True
A Design of Open Service Access Gateway for Converged Web Service,"Park, Hyojin",Hyojin,female,0.9859063409492258,True
Navigating in process model repositories and enterprise process information,"Hipp, Markus",Markus,male,0.9999735872978276,True
Navigating in process model repositories and enterprise process information,"Mutschler, Bela",Bela,female,0.9847875101573145,True
Navigating in process model repositories and enterprise process information,"Michelberger, Bernd",Bernd,male,0.9998846486900214,True
Navigating in process model repositories and enterprise process information,"Reichert, Manfred",Manfred,male,0.9999883382145358,True
Business Logistics Optimization Using Industry 4.0: Current Status and Opportunities,"Surajit, B.",,unknown,0,False
Business Logistics Optimization Using Industry 4.0: Current Status and Opportunities,"Telukdarie, A.",,unknown,0,False
Implementation of a YAWL Work-List Handler based on the Resource Patterns,"Tan, Huixin",Huixin,female,0.9231161072202377,True
Implementation of a YAWL Work-List Handler based on the Resource Patterns,"Van Der Aalst, Wil M.p.",Wil,male,0.9988491702309068,True
Visualizing User Action Data to Discover Business Process,"Urabe, Yuki",Yuki,female,0.9906641321332236,True
Visualizing User Action Data to Discover Business Process,"Yagi, Sayaka",Sayaka,female,0.9999974282482625,True
Visualizing User Action Data to Discover Business Process,"Tsuchikawa, Kimio",Kimio,male,0.9885603597717119,True
Visualizing User Action Data to Discover Business Process,"Masuda, Takeshi",Takeshi,male,0.9997687224682361,True
A Model Transformation for Increasing Value in Service Networks through Intangible Value Exchanges,"Dubois, Daniele Joseph",Daniele,female,0.96515816052381,True
A Model Transformation for Increasing Value in Service Networks through Intangible Value Exchanges,"Nikolaou, Christos",Christos,male,0.9999396981478821,True
A Model Transformation for Increasing Value in Service Networks through Intangible Value Exchanges,"Voskakis, Manolis",Manolis,male,0.9999285200941248,True
Tracy: A Business-Driven Technical Debt Prioritization Framework,"Rebouças de Almeida, Rodrigo",Rodrigo,male,0.9999878411566193,True
Tracy: A Business-Driven Technical Debt Prioritization Framework,"Treude, Christoph",Christoph,male,0.9996583666010818,True
Tracy: A Business-Driven Technical Debt Prioritization Framework,"Kulesza, Uirá",Uirá,unknown,0.6757975469161739,False
Improving Purchase to Pay Process Efficiency with RPA using Fuzzy Miner Algorithm in Process Mining,"Bahaweres, Rizal Broer",Rizal,male,0.9997528725015926,True
Improving Purchase to Pay Process Efficiency with RPA using Fuzzy Miner Algorithm in Process Mining,"Amna, Habib",Habib,male,0.9998350839981867,True
Improving Purchase to Pay Process Efficiency with RPA using Fuzzy Miner Algorithm in Process Mining,"Nurnaningsih, Desi",Desi,female,0.8689312588068939,True
Road Construction Enterprise Management Model Based on Hyperautomation Technologies,"Kuftinova, N. G.",,unknown,0,False
Road Construction Enterprise Management Model Based on Hyperautomation Technologies,"Ostroukh, A. V.",,unknown,0,False
Road Construction Enterprise Management Model Based on Hyperautomation Technologies,"Maksimychev, O. I.",,unknown,0,False
Road Construction Enterprise Management Model Based on Hyperautomation Technologies,"Odinokova, I. V.",,unknown,0,False
Bringing knowledge into recommendation systems,"Tomaz, Luiz F. C.",Luiz,male,0.9996898239467037,True
Bringing knowledge into recommendation systems,"Rodrigues Nt, José A.",José,male,0.9960913709996708,True
Bringing knowledge into recommendation systems,"Souza, Jano M.",Jano,male,0.9822468409987096,True
Bringing knowledge into recommendation systems,"Xexéo, Geraldo B.",Geraldo,male,0.9999071401047015,True
A Multicriteria Decision model for managing business processes,"Campos, A. C. S. M.",,unknown,0,False
A Multicriteria Decision model for managing business processes,"de Almeida, A. T.",,unknown,0,False
Business Process-Oriented Software Architecture for Supporting Business Process Change,"Yao, Qing",Qing,female,0.9896115846174542,True
Business Process-Oriented Software Architecture for Supporting Business Process Change,"Zhang, Jing",Jing,female,0.990305236721775,True
Business Process-Oriented Software Architecture for Supporting Business Process Change,"Wang, Haiyang",Haiyang,male,0.8845143091573454,True
Designing for an Innovative Learning Organization,"Swenson, Keith D.",Keith,male,0.9982254263219633,True
Improving Healthcare Systems through Process Mining,"Hakim, Ayesha",Ayesha,female,0.9999910579911216,True
An infrastructure for executing WS-BPEL workflows in a Cluster of Clusters,"Lechuga, Thiago A.",Thiago,male,0.9999637415449134,True
An infrastructure for executing WS-BPEL workflows in a Cluster of Clusters,"de Toledo, Maria Beatriz Felgar",Maria,female,0.9999948398304921,True
An infrastructure for executing WS-BPEL workflows in a Cluster of Clusters,"Capretz, Miriam A. M.",Miriam,female,0.9998748565290823,True
Controlling Elasticity Dependencies for Multi-tenant Business Process,"Sellami, Wael",Wael,male,0.9999720386154145,True
Controlling Elasticity Dependencies for Multi-tenant Business Process,"Kacem, Hatem Hadj",Hatem,male,0.987594531147125,True
Controlling Elasticity Dependencies for Multi-tenant Business Process,"Kacem, Ahmed Hadj",Ahmed,male,0.9999977341795334,True
Discrete simulation modeling of intelligent passenger boarding,"Pavlic, Dino",Dino,male,0.9998910096284832,True
Discrete simulation modeling of intelligent passenger boarding,"Jadric, Mario",Mario,male,0.9998285831560244,True
Discrete simulation modeling of intelligent passenger boarding,"Cukusic, Maja",Maja,female,0.9999911553938743,True
Towards Exploiting Social Software for Business Continuity Management,"Draheim, Dirk",Dirk,male,0.9999427916159628,True
Towards Exploiting Social Software for Business Continuity Management,"Pirinen, Rauno",Rauno,male,0.9967872856744691,True
A Maturity Model Proposal with Readiness Level Assessment for Organizational Processes Improvement,"Jesus, Cristiano",Cristiano,male,0.9997282315099423,True
A Maturity Model Proposal with Readiness Level Assessment for Organizational Processes Improvement,"Lima, Rui M.",Rui,male,0.993836254526766,True
A Maturity Model Proposal with Readiness Level Assessment for Organizational Processes Improvement,"Barretiri, Leandro",Leandro,male,0.9999459472101595,True
A Maturity Model Proposal with Readiness Level Assessment for Organizational Processes Improvement,"Lopes, Sérgio Ivan",Sérgio,male,0.9989384818665544,True
Advanced Analysis of Service Level Agreements,"Gutierrez Fernandez, Antonio Manuel",Antonio,male,0.9999433950349952,True
Process instance migration: Flexible execution of distributed business processes,"Hamann, Kristof",Kristof,male,0.999991346260397,True
Process instance migration: Flexible execution of distributed business processes,"Zaplata, Sonja",Sonja,female,0.999994519434546,True
Process instance migration: Flexible execution of distributed business processes,"Lamersdorf, Winfried",Winfried,male,0.9999860225464584,True
Identification process relationship of process model discovery based on workflow-net,"Rahmadi, Ferdi",Ferdi,male,0.9981530287604867,True
Identification process relationship of process model discovery based on workflow-net,"Saptawati, Gusti Ayu Putri",Gusti,male,0.907257647586546,True
Business Process Mining by Means of Statistical Languages Model,"Pelayo, Dafne Rosso",Dafne,female,0.9999772600460437,True
Business Process Mining by Means of Statistical Languages Model,"Ramírez, Raúl A. Trejo",Raúl,male,0.9989432436427723,True
Hyperautomation of Construction Materials Enterprise,"Ostroukh, A. V.",,unknown,0,False
Hyperautomation of Construction Materials Enterprise,"Kuftinova, N. G.",,unknown,0,False
Hyperautomation of Construction Materials Enterprise,"Maksimychev, O. I.",,unknown,0,False
Hyperautomation of Construction Materials Enterprise,"Odinokova, I. V.",,unknown,0,False
Agent-based Business Process Orchestration for IoT,"Kampik, Timotheus",Timotheus,male,0.9999797558155175,True
Agent-based Business Process Orchestration for IoT,"Malhi, Avleen",Avleen,female,0.9998843980891224,True
Agent-based Business Process Orchestration for IoT,"Främling, Kary",Kary,female,0.9927427835832705,True
A Combination of Approaches for Software Process Improvement : An Experience Report in a Public Sector Institution,"Hernández-Agüero, Erika",Erika,female,0.9999940127953302,True
A Combination of Approaches for Software Process Improvement : An Experience Report in a Public Sector Institution,"Quesada-López, Christian",Christian,male,0.9993987974523811,True
A Combination of Approaches for Software Process Improvement : An Experience Report in a Public Sector Institution,"Jenkins, Marcelo",Marcelo,male,0.9998735221664624,True
Supporting Rapid Enterprise Information System Development: Key Issues and Infrastructure Construction,"Jing, Bo",Bo,male,0.9936897842165783,True
Supporting Rapid Enterprise Information System Development: Key Issues and Infrastructure Construction,"Jiang, Jinlei",Jinlei,unknown,0.5259622557074557,False
Supporting Rapid Enterprise Information System Development: Key Issues and Infrastructure Construction,"Shi, Meilin",Meilin,female,0.9998038529256004,True
Dynamic and declarative business processes,"Gasevic, Dragan",Dragan,male,0.999987607841517,True
Dynamic and declarative business processes,"Grossmann, Georg",Georg,male,0.9999050343867972,True
Dynamic and declarative business processes,"Halle, Sylvain",Sylvain,male,0.9998098716816849,True
A method of transition from BPMN to BPEL,"Lu, Mingxiang",Mingxiang,male,0.9083388670509439,True
A method of transition from BPMN to BPEL,"Cai, Qiang",Qiang,male,0.9889567902465515,True
A method of transition from BPMN to BPEL,"Li, Haisheng",Haisheng,male,0.9023932880531779,True
Designing Quality Control Loops for stable business processes within the field of entrepreneurial quality,"Schmitt, Robert",Robert,male,0.9999776797436909,True
Designing Quality Control Loops for stable business processes within the field of entrepreneurial quality,"Stiller, Sebastian Tom",Sebastian,male,0.9999469726859632,True
Security Evaluation by Arrogance: Saving Time and Money,"Almohri, Hussain M.J.",Hussain,male,0.9999448117068568,True
Security Evaluation by Arrogance: Saving Time and Money,"Almohri, Sayed A.",Sayed,male,0.9999469195384791,True
Business-Driven Technical Debt Prioritization,"Rebouças de Almeida, Rodrigo",Rodrigo,male,0.9999878411566193,True
Enhancing knowledge quality via a semantic-oriented framework for a social knowledge cloud,"Sabetzadeh, Farzad",Farzad,male,0.9999794474204174,True
Enhancing knowledge quality via a semantic-oriented framework for a social knowledge cloud,"Tsui, Eric",Eric,male,0.9999798907567824,True
Enhancing knowledge quality via a semantic-oriented framework for a social knowledge cloud,"Lee, W.B.",W.B.,male,0.9994722674268726,True
Business Process Automation of Document Filing Based Alfresco for Referral BPJS Patient (case study: BPJS Center of Dharmais Cancer Hospital),Nurhayati,Nurhayati,female,0.9924830655570507,True
Business Process Automation of Document Filing Based Alfresco for Referral BPJS Patient (case study: BPJS Center of Dharmais Cancer Hospital),"Fitrisari, Diana",Diana,female,0.999995961950494,True
Improving the processes of music events with radio frequency identification,"Friedrich-Baasner, Gregor",Gregor,male,0.9999917847917771,True
Improving the processes of music events with radio frequency identification,"Heim, David",David,male,0.9999952928042082,True
Improving the processes of music events with radio frequency identification,"Hauser, Matthias",Matthias,male,0.9999337682187655,True
Improving the processes of music events with radio frequency identification,"Gramer, Wolfgang",Wolfgang,male,0.9998326674032032,True
Improving the processes of music events with radio frequency identification,"Winkelmann, Axel",Axel,male,0.9999905585480233,True
Process cascade- and segmentation-based organizational design: A case study,"Kohlbacher, M.",,unknown,0,False
Process cascade- and segmentation-based organizational design: A case study,"Weitlaner, D.",,unknown,0,False
Development of the Concept of Management of Economic Systems Processes through Construction and Calling of Machine Learning Models,"Kazakov, Oleg D.",Oleg,male,0.9999661623801392,True
Development of the Concept of Management of Economic Systems Processes through Construction and Calling of Machine Learning Models,"Novikov, Sergey P.",Sergey,male,0.9999262025407933,True
Development of the Concept of Management of Economic Systems Processes through Construction and Calling of Machine Learning Models,"Kulagina, Natalya A.",Natalya,female,0.9999935997385458,True
Development of the Concept of Management of Economic Systems Processes through Construction and Calling of Machine Learning Models,"Shlapakova, Svetlana N.",Svetlana,female,0.9999898478108317,True
Using MiniZnMASC Middleware with Different Algorithms for Business-Driven Adaptation of Business Processes,"Lu, Qinghua",Qinghua,female,0.889461969518216,True
Using MiniZnMASC Middleware with Different Algorithms for Business-Driven Adaptation of Business Processes,"Tosic, Vladimir",Vladimir,male,0.9999351319225824,True
Applying corel to an excerpt of HIPAA: a critical discussion,"Kharbili, Marwane El",Marwane,male,0.9855668173803149,True
Research on the reconfiguration of product development project,"Zhou, Li",Li,female,0.9821247080400133,True
Research on the reconfiguration of product development project,"Lv, Weiwei",Weiwei,female,0.9841585000191304,True
Analysis of software products related incidents through process intelligence,"Arias, Michael",Michael,male,0.9999876221560686,True
Analysis of software products related incidents through process intelligence,"Cambronero, Juan Diego Rodríguez",Juan,male,0.9999978969254493,True
Considerations on the roles and ontology in modeling workflow management systems,"Cicortas, A.",,unknown,0,False
Considerations on the roles and ontology in modeling workflow management systems,"Iordan, V.",,unknown,0,False
Preface to the Sixth International Workshop on Evolutionary Business Processes (EVL-BP 2013),"Asadi, Mohsen",Mohsen,male,0.9999898944899944,True
Preface to the Sixth International Workshop on Evolutionary Business Processes (EVL-BP 2013),"Mohabbati, Bardia",Bardia,male,0.9947432020368018,True
Preface to the Sixth International Workshop on Evolutionary Business Processes (EVL-BP 2013),"Gröner, Gerd",Gerd,male,0.8598633871655845,True
PACT-ART: Adaptive and context-aware processes for the transportation of artworks,"Mousheimish, Raef",Raef,male,0.9999947405681093,True
PACT-ART: Adaptive and context-aware processes for the transportation of artworks,"Taher, Yehia",Yehia,male,0.9944898591545096,True
PACT-ART: Adaptive and context-aware processes for the transportation of artworks,"Zeitouni, Karine",Karine,female,0.9999947595192173,True
PACT-ART: Adaptive and context-aware processes for the transportation of artworks,"Dubus, Michel",Michel,male,0.9997252558451084,True
Research on Flexible Control on Dynamic Business Process in E-Government,"Xin, Ye",Ye,female,0.6594656342428559,False
Research on Flexible Control on Dynamic Business Process in E-Government,"Guangxin, Niu",Niu,female,0.6032156920987286,False
Research on Flexible Control on Dynamic Business Process in E-Government,"Zailin, Dai",Dai,male,0.8039046810933356,True
Analyzing risks in business process models using a deviational technique,"Lhannaoui, Hanane",Hanane,female,0.9999518327058544,True
Analyzing risks in business process models using a deviational technique,"Kabbaj, Mohammed Issam",Mohammed,male,0.99999732840862,True
Analyzing risks in business process models using a deviational technique,"Bakkoury, Zohra",Zohra,female,0.9999295273468682,True
End-to-End Robotics Processing Management,Savita,Savita,female,0.9999975813600354,True
End-to-End Robotics Processing Management,"C S, Sowmya",Sowmya,female,0.9999759113464596,True
End-to-End Robotics Processing Management,"K, Gopalakrishna",Gopalakrishna,male,0.989895591650505,True
A Project Management System for Product Development,"Wuliang, Peng",Peng,male,0.987794148873926,True
A Project Management System for Product Development,"Fanbo, Meng",Meng,male,0.9320970818737262,True
A Project Management System for Product Development,"Decai, Kong",Kong,male,0.9938910164248087,True
Rediscovery of Government Process Model in E-government,"Li, Yan",Yan,unknown,0.5336648310743305,False
Social Computing and Governance in an Enterprise Service for Managing Business Processes,"Buco, Melissa J.",Melissa,female,0.9999950456142941,True
Social Computing and Governance in an Enterprise Service for Managing Business Processes,"Jamjoom, Hani",Hani,unknown,0.7249547254524648,False
Social Computing and Governance in an Enterprise Service for Managing Business Processes,"Podlaseck, Mark",Mark,male,0.999973238313618,True
Social Computing and Governance in an Enterprise Service for Managing Business Processes,"Qu, Huiming",Huiming,unknown,0.7091313434337887,False
Process discovery: Automated approach for block discovery,"Boushaba, Souhail",Souhail,male,0.9998066239540337,True
Process discovery: Automated approach for block discovery,"Kabbaj, Mohammed Issam",Mohammed,male,0.99999732840862,True
Process discovery: Automated approach for block discovery,"Bakkoury, Zohra",Zohra,female,0.9999295273468682,True
OPBUS: Risk-aware framework for the conformance of security-quality requirements in business processes,"Varela-Vaca, A. J.",,unknown,0,False
OPBUS: Risk-aware framework for the conformance of security-quality requirements in business processes,"Gasca, Rafael M.",Rafael,male,0.9999801002723208,True
OPBUS: Risk-aware framework for the conformance of security-quality requirements in business processes,"Pozo, Sergio",Sergio,male,0.9999761025266936,True
Method for Applying Process Mining to the Distribution of Non-alcoholic Beverages,"Chamorro, María",María,female,0.9998408731018508,True
Method for Applying Process Mining to the Distribution of Non-alcoholic Beverages,"Maturana, Sergio",Sergio,male,0.9999761025266936,True
Architecture of process mining based business process optimization,"Tang, Hongtao",Hongtao,male,0.9981291702370906,True
Architecture of process mining based business process optimization,"Chen, Yong",Yong,male,0.9844618295633396,True
Architecture of process mining based business process optimization,"Jiansa, Lu",Lu,female,0.9968039766756602,True
ERPL: A Language for Structuring Business Processes in ERP Systems,"Sharma, Lekha",Lekha,female,0.9995953733234166,True
ERPL: A Language for Structuring Business Processes in ERP Systems,"Rane, Chinmay",Chinmay,male,0.9999407013047138,True
ERPL: A Language for Structuring Business Processes in ERP Systems,"Puro, Jai",Jai,male,0.9938201375165239,True
ERPL: A Language for Structuring Business Processes in ERP Systems,"Nimkar, Anant V.",Anant,male,0.9994210919404803,True
Dynamic Service Orchestration Scheme Based on JBPM,"Li, Bixing",Bixing,female,0.9803351433192041,True
Dynamic Service Orchestration Scheme Based on JBPM,"Lin, Qingrui",Qingrui,male,0.9240308186679284,True
Dynamic Service Orchestration Scheme Based on JBPM,"Lai, Weiping",Weiping,unknown,0.6944698644234264,False
Dynamic Service Orchestration Scheme Based on JBPM,"Dong, Lu",Lu,female,0.9968039766756602,True
Verification of EPCs based on the Finite State Automata and state-space,"Guo, Qinglei",Qinglei,male,0.9735773270179272,True
Verification of EPCs based on the Finite State Automata and state-space,"Yao, Qing",Qing,female,0.9896115846174542,True
Modeling a secure cloud data warehouse with SoaML,"Guermazi, Emna",Emna,female,0.9999941910763388,True
Modeling a secure cloud data warehouse with SoaML,"Ben-Abdallah, Hanêne",Hanêne,female,0.9994449701980372,True
Modeling a secure cloud data warehouse with SoaML,"Ben Ayed, Mounir",Mounir,male,0.9999234145867663,True
Development of Error Management in BPMN Using Java Code,"Nasiri, Ramin",Ramin,male,0.9999458536537755,True
Development of Error Management in BPMN Using Java Code,"Barforooshi, Sahar Yousefi",Sahar,female,0.9938483766727564,True
Development of Error Management in BPMN Using Java Code,"Latif, G.",,unknown,0,False
Business Process Engine Simulator,"Pandey, Suraj",Suraj,male,0.9998743790979578,True
Business Process Engine Simulator,"Nepal, Surya",Surya,unknown,0.7373620044327176,False
Business Process Engine Simulator,"Chen, Shiping",Shiping,female,0.8310340884069333,True
Managing and Achieving Process Integrity in SOA,"Rallapalli, Murthy",Murthy,male,0.9920196609671197,True
Business Process Recomposition as a Way to Redesign Workflows Effectively,"Wiśniewski, Piotr",Piotr,male,0.999885348508805,True
Business Process Recomposition as a Way to Redesign Workflows Effectively,"Kluza, Krzysztof",Krzysztof,male,0.9999579894277437,True
Business Process Recomposition as a Way to Redesign Workflows Effectively,"Jemioło, Paweł",Paweł,male,0.9998790439769403,True
Business Process Recomposition as a Way to Redesign Workflows Effectively,"Ligęza, Antoni",Antoni,male,0.9994592336637995,True
Business Process Recomposition as a Way to Redesign Workflows Effectively,"Suchenia, Anna",Anna,female,0.9999976672321713,True
An approach from statistical mechanics for collaborative business social network reconstruction,"Corallo, Angelo",Angelo,male,0.9998562882400411,True
An approach from statistical mechanics for collaborative business social network reconstruction,"Bisconti, Cristian",Cristian,male,0.9999351973500834,True
An approach from statistical mechanics for collaborative business social network reconstruction,"Fortunato, Laura",Laura,female,0.9999801813992499,True
An approach from statistical mechanics for collaborative business social network reconstruction,"Gentile, Antonio Andrea",Antonio,male,0.9999433950349952,True
An approach from statistical mechanics for collaborative business social network reconstruction,"Pellè, Piergiuseppe",Piergiuseppe,male,0.995327127966849,True
Optimizing knowledge delivery in business process based on context,"Jiang, Tao",Tao,male,0.9969686446299408,True
Optimizing knowledge delivery in business process based on context,"Qian, Xu",Xu,male,0.7337600554549282,False
Optimizing knowledge delivery in business process based on context,"Zhou, Yu",Yu,female,0.8656251027956705,True
Conformance Checking Using Cost-Based Fitness Analysis,"Adriansyah, A.",,unknown,0,False
Conformance Checking Using Cost-Based Fitness Analysis,"van Dongen, B.F.",B.F.,male,0.9867762643541993,True
Conformance Checking Using Cost-Based Fitness Analysis,"van der Aalst, W.M.P.",W.M.P.,unknown,0.7372678901195386,False
Business Compliance Governance in Service-Oriented Architectures,"Daniel, Florian",Florian,male,0.9999672042878258,True
Business Compliance Governance in Service-Oriented Architectures,"Casati, Fabio",Fabio,male,0.9999554817772992,True
Business Compliance Governance in Service-Oriented Architectures,"D'Andrea, Vincenzo",Vincenzo,male,0.9998085367289719,True
Business Compliance Governance in Service-Oriented Architectures,"Mulo, Emmanuel",Emmanuel,male,0.9999660882485447,True
Business Compliance Governance in Service-Oriented Architectures,"Zdun, Uwe",Uwe,male,0.9993723681134667,True
Business Compliance Governance in Service-Oriented Architectures,"Dustdar, Schahram",Schahram,unknown,0.7299774829155605,False
Business Compliance Governance in Service-Oriented Architectures,"Strauch, Steve",Steve,male,0.9996350238609107,True
Business Compliance Governance in Service-Oriented Architectures,"Schumm, David",David,male,0.9999952928042082,True
Business Compliance Governance in Service-Oriented Architectures,"Leymann, Frank",Frank,male,0.999947578866658,True
Business Compliance Governance in Service-Oriented Architectures,"Sebahi, Samir",Samir,male,0.9999472082708237,True
Business Compliance Governance in Service-Oriented Architectures,"de Marchi, Fabien",Fabien,male,0.9999236079512902,True
Business Compliance Governance in Service-Oriented Architectures,"Hacid, Mohand-Said",Mohand,male,0.9993254287025714,True
Data Quality Requirements of Collaborative Business Processes,"Falge, Clarissa",Clarissa,female,0.9999941740000179,True
Data Quality Requirements of Collaborative Business Processes,"Otto, Boris",Boris,male,0.9999402198111599,True
Data Quality Requirements of Collaborative Business Processes,"Österle, Hubert",Hubert,male,0.9999394070024323,True
Automatic Verification and Diagnosis of Security Risk Assessments in Business Process Models,"Varela-Vaca, Ángel J.",Ángel,male,0.990132281217459,True
Automatic Verification and Diagnosis of Security Risk Assessments in Business Process Models,"Parody, Luisa",Luisa,female,0.9999960147175538,True
Automatic Verification and Diagnosis of Security Risk Assessments in Business Process Models,"Gasca, Rafael M.",Rafael,male,0.9999801002723208,True
Automatic Verification and Diagnosis of Security Risk Assessments in Business Process Models,"Gómez-López, María T.",María,female,0.9998408731018508,True
"Integration, Execution and Monitoring of Business Processes with Chaincode","Schinle, Markus",Markus,male,0.9999735872978276,True
"Integration, Execution and Monitoring of Business Processes with Chaincode","Erler, Christina",Christina,female,0.9999986803241608,True
"Integration, Execution and Monitoring of Business Processes with Chaincode","Andris, Philip Nicolai",Philip,male,0.9999254046730869,True
"Integration, Execution and Monitoring of Business Processes with Chaincode","Stork, Wilhelm",Wilhelm,male,0.9998430125896423,True
Efficient Process Conformance Checking on the Basis of Uncertain Event-to-Activity Mappings,"van der Aa, Han",Han,male,0.8602843225353817,True
Efficient Process Conformance Checking on the Basis of Uncertain Event-to-Activity Mappings,"Leopold, Henrik",Henrik,male,0.9999612355431858,True
Efficient Process Conformance Checking on the Basis of Uncertain Event-to-Activity Mappings,"Reijers, Hajo A.",Hajo,unknown,0.6060434118944652,False
Determining Power Consumption of Business Processes and Their Activities to Enable Green Business Process Reengineering,"Nowak, Alexander",Alexander,male,0.9999914495946162,True
Determining Power Consumption of Business Processes and Their Activities to Enable Green Business Process Reengineering,"Binz, Tobias",Tobias,male,0.9999755650213412,True
Determining Power Consumption of Business Processes and Their Activities to Enable Green Business Process Reengineering,"Leymann, Frank",Frank,male,0.999947578866658,True
Determining Power Consumption of Business Processes and Their Activities to Enable Green Business Process Reengineering,"Urbach, Nicolas",Nicolas,male,0.9999785911728513,True
Handling Uncertainty in Predictive Business Process Monitoring with Bayesian Networks,"Prasidis, Ioannis",Ioannis,male,0.9999133506151796,True
Handling Uncertainty in Predictive Business Process Monitoring with Bayesian Networks,"Theodoropoulos, Nikolaos-Paraskevas",Nikolaos,male,0.9999586731624346,True
Handling Uncertainty in Predictive Business Process Monitoring with Bayesian Networks,"Bousdekis, Alexandros",Alexandros,male,0.9999884351175863,True
Handling Uncertainty in Predictive Business Process Monitoring with Bayesian Networks,"Theodoropoulou, Georgia",Georgia,female,0.9999481351356873,True
Handling Uncertainty in Predictive Business Process Monitoring with Bayesian Networks,"Miaoulis, Georgios",Georgios,male,0.9999721163040117,True
CEFOP: A method for the Continual Evolution of Organisational Processes,"Çela, Ornela",Ornela,female,0.9999918933062616,True
CEFOP: A method for the Continual Evolution of Organisational Processes,"Front, Agnes",Agnes,female,0.9996094304167977,True
CEFOP: A method for the Continual Evolution of Organisational Processes,"Rieu, Dominique",Dominique,female,0.9740476149802497,True
When Social Media Meet the Enterprise,"Graupner, Sven",Sven,male,0.9999829597136491,True
When Social Media Meet the Enterprise,"Bartolini, Claudio",Claudio,male,0.9999607633184376,True
When Social Media Meet the Enterprise,"Motahari, Hamid",Hamid,male,0.9999253565264725,True
When Social Media Meet the Enterprise,"Mirylenka, Daniil",Daniil,male,0.9997340398779205,True
Evolving Social Media into Productivity Platforms,"Graupner, Sven",Sven,male,0.9999829597136491,True
Evolving Social Media into Productivity Platforms,"Bartolini, Claudio",Claudio,male,0.9999607633184376,True
Evolving Social Media into Productivity Platforms,"Motahari, Hamid",Hamid,male,0.9999253565264725,True
Evolving Social Media into Productivity Platforms,"Erbes, Jamie",Jamie,female,0.9870530365774225,True
A process warehouse based resource performance evaluation method for business processes improvement,"Sohail, Abid",Abid,male,0.9999930830489452,True
A process warehouse based resource performance evaluation method for business processes improvement,"Dominic, P. D. D.",,unknown,0,False
A process warehouse based resource performance evaluation method for business processes improvement,"Shahzad, Khurram",Khurram,male,0.9999693299205058,True
From Organizational Guidelines to Business Process Models: Exploratory Case for an Ontology Based Methodology,"Gürbüz, Özge",Özge,female,0.9928056094215592,True
From Organizational Guidelines to Business Process Models: Exploratory Case for an Ontology Based Methodology,"Demirörs, Onur",Onur,male,0.9999756895583426,True
Network-Based Business Process Analysis,"Levina, Olga",Olga,female,0.9997517811205014,True
Network-Based Business Process Analysis,"Hillmann, Robert",Robert,male,0.9999776797436909,True
Resource Optimization in Business Processes,"Peters, S. P. F.",,unknown,0,False
Resource Optimization in Business Processes,"Dijkman, R. M.",,unknown,0,False
Resource Optimization in Business Processes,"Grefen, P. W. P. J.",,unknown,0,False
Teaching the Digital Transformation of Business Processes: Design of a Simulation Game of Business Process Change,"Levkovskyi, Borys",Borys,male,0.9998689273901178,True
Teaching the Digital Transformation of Business Processes: Design of a Simulation Game of Business Process Change,"Laurim, Vanessa",Vanessa,female,0.9999939452932908,True
Teaching the Digital Transformation of Business Processes: Design of a Simulation Game of Business Process Change,"Kayaci, Bilgenur",Bilgenur,female,0.9929768257924131,True
Teaching the Digital Transformation of Business Processes: Design of a Simulation Game of Business Process Change,"Mustroph, Henryk",Henryk,male,0.9999096574953276,True
Teaching the Digital Transformation of Business Processes: Design of a Simulation Game of Business Process Change,"Utesch, Matthias",Matthias,male,0.9999337682187655,True
Teaching the Digital Transformation of Business Processes: Design of a Simulation Game of Business Process Change,"Krcmar, Helmut",Helmut,male,0.9999521700733057,True
Characterizing Workflow Nets Using Regions,"Busi, Nadia",Nadia,female,0.9999924993899152,True
Characterizing Workflow Nets Using Regions,"Pinna, G. Michele",,unknown,0,False
Business Process Redesign Heuristics for Blockchain Solutions,"Milani, Frederik",Frederik,male,0.9999404558005246,True
Business Process Redesign Heuristics for Blockchain Solutions,"García-Bañuelos, Luciano",Luciano,male,0.9996589196440591,True
Business Process Redesign Heuristics for Blockchain Solutions,"Reijers, Hajo A.",Hajo,unknown,0.6060434118944652,False
Business Process Redesign Heuristics for Blockchain Solutions,"Stepanyan, Lilit",Lilit,female,0.9999840802514721,True
Customized Infrastructures for Monitoring Business Processes,"Comuzzi, Marco",Marco,male,0.9998964214527616,True
Customized Infrastructures for Monitoring Business Processes,"Martinez, Ruben Ivan Rafael",Ruben,male,0.999984445852665,True
Detecting Data Flow Errors Across Processes in Business Process Collaboration,"Xiong, Tianhong",Tianhong,unknown,0.5277431885475861,False
Detecting Data Flow Errors Across Processes in Business Process Collaboration,"Pan, Maolin",Maolin,male,0.9687455643767945,True
Detecting Data Flow Errors Across Processes in Business Process Collaboration,"Yu, Yang",Yang,unknown,0.6608034619216988,False
Detecting Data Flow Errors Across Processes in Business Process Collaboration,"Lou, Dingjun",Dingjun,male,0.9880961206230154,True
Uniform Modeling of Resources and Business Processes Using Business Entities,"Liu, Rong",Rong,unknown,0.7174724947670523,False
Uniform Modeling of Resources and Business Processes Using Business Entities,"Nigam, Anil",Anil,male,0.9998140050752149,True
Uniform Modeling of Resources and Business Processes Using Business Entities,"Shan, Zhe",Zhe,male,0.9817277068458309,True
Uniform Modeling of Resources and Business Processes Using Business Entities,"Wu, Frederick",Frederick,male,0.999942547328335,True
Digitalization and Business Automation for an Effective Supply Chain Integration: A literature review,"Najat, Toufah",Toufah,unknown,0.6798510562849718,False
Digitalization and Business Automation for an Effective Supply Chain Integration: A literature review,"Alaa Eddine, El Moussaoui",El,male,0.9973893330398813,True
ARivaT: A Tool for Automated Generation of Riva-Based Business Process Architecture Diagrams,"Hassan, Osama Al-Haj",Osama,male,0.9985030298280331,True
ARivaT: A Tool for Automated Generation of Riva-Based Business Process Architecture Diagrams,"Samhan, Ahmad",Ahmad,male,0.9999926458308085,True
ARivaT: A Tool for Automated Generation of Riva-Based Business Process Architecture Diagrams,"Alhajhassan, Suhair",Suhair,female,0.9816921523354585,True
ARivaT: A Tool for Automated Generation of Riva-Based Business Process Architecture Diagrams,"Hammad, Rawad",Rawad,male,0.9999777113019791,True
Leveraging Graph-Based for Enhanced Service Identification and Microservices Partitioning in Business Process Systems,"Febryanto, Kurnia Cahya",Kurnia,male,0.7684371164162946,True
Leveraging Graph-Based for Enhanced Service Identification and Microservices Partitioning in Business Process Systems,"Sarno, Riyanarto",Riyanarto,unknown,0.5283243191216946,False
Leveraging Graph-Based for Enhanced Service Identification and Microservices Partitioning in Business Process Systems,"Septiyanto, Abdullah Faqih",Abdullah,male,0.9999617325522016,True
Leveraging Graph-Based for Enhanced Service Identification and Microservices Partitioning in Business Process Systems,"Sungkono, Kelly Rossa",Kelly,female,0.9987832260441922,True
Leveraging Graph-Based for Enhanced Service Identification and Microservices Partitioning in Business Process Systems,"Sabilla, Shoffi Izza",Shoffi,unknown,0.658800113586576,False
Leveraging Graph-Based for Enhanced Service Identification and Microservices Partitioning in Business Process Systems,Sholiq,Sholiq,unknown,0.6312453876207376,False
Cross-course Process Mining of Student Clickstream Data - Aggregation and Group Comparison,"Hildebrandt, Tobias",Tobias,male,0.9999755650213412,True
Cross-course Process Mining of Student Clickstream Data - Aggregation and Group Comparison,"Mehnen, Lars",Lars,male,0.9998276630707326,True
A Service-Oriented Architecture for Generating Sound Process Descriptions,"Soares Silva, Thanner",Thanner,unknown,0.6746640125913225,False
A Service-Oriented Architecture for Generating Sound Process Descriptions,"Toralles Avila, Diego",Diego,male,0.9999727834593694,True
A Service-Oriented Architecture for Generating Sound Process Descriptions,"Ampos Flesch, Jean",Jean,female,0.6637228001271365,False
A Service-Oriented Architecture for Generating Sound Process Descriptions,"Marques Peres, Sarajane",Sarajane,female,0.9999796099204314,True
A Service-Oriented Architecture for Generating Sound Process Descriptions,"Mendling, Jan",Jan,unknown,0.5504849119650672,False
A Service-Oriented Architecture for Generating Sound Process Descriptions,"Thom, Lucineia Heloisa",Lucineia,female,0.9997929220982892,True
Optimization of Complex Elastic Processes,"Hoenisch, Philipp",Philipp,male,0.9999372005997167,True
Optimization of Complex Elastic Processes,"Schuller, Dieter",Dieter,male,0.9999629369688875,True
Optimization of Complex Elastic Processes,"Schulte, Stefan",Stefan,male,0.9999831604184807,True
Optimization of Complex Elastic Processes,"Hochreiner, Christoph",Christoph,male,0.9996583666010818,True
Optimization of Complex Elastic Processes,"Dustdar, Schahram",Schahram,unknown,0.7299774829155605,False
Digital Transformation of Enterprises: A Transition Using Process Modelling Antecedents,"Ochara, Nixon Muganda",Nixon,male,0.9998563085131476,True
Digital Transformation of Enterprises: A Transition Using Process Modelling Antecedents,"Nawa, Eva-Lisa",Eva,female,0.9999952482167518,True
Digital Transformation of Enterprises: A Transition Using Process Modelling Antecedents,"Fiodorov, Igor",Igor,male,0.9999871325016193,True
Digital Transformation of Enterprises: A Transition Using Process Modelling Antecedents,"Lebedev, Sergey",Sergey,male,0.9999262025407933,True
Digital Transformation of Enterprises: A Transition Using Process Modelling Antecedents,"Sotnikov, Alexander",Alexander,male,0.9999914495946162,True
Digital Transformation of Enterprises: A Transition Using Process Modelling Antecedents,"Telnovl, Yuri",Yuri,female,0.8615516334081819,True
Digital Transformation of Enterprises: A Transition Using Process Modelling Antecedents,"Kadyamatimba, Armstrong",Armstrong,male,0.9959491777488574,True
A method towards process similarity measurement according to constrained traces,"Tan, Wen'an",Wen'an,unknown,0.7109102276534097,False
A method towards process similarity measurement according to constrained traces,"Wang, Pan",Pan,male,0.9892578605832882,True
Semantic Model-Driven Approach of Web Service Systems,"Lee, Ming-Chanh",Ming,unknown,0.5866865921981015,False
Data integration into cloud with efficient offloading of data from multiple nodes,"Kumar, T Manoj",T,unknown,0.5356405641671715,False
Data integration into cloud with efficient offloading of data from multiple nodes,"Manishankar, S",S,male,0.5264568109047335,False
Data integration into cloud with efficient offloading of data from multiple nodes,"Ranjitha, P R",P,male,0.5435834627512003,False
GeoSpatial platform for port management processes,"Oliveira, Lino",Lino,male,0.9996322743664826,True
GeoSpatial platform for port management processes,"Santos, Jorge",Jorge,male,0.9999507614101812,True
GeoSpatial platform for port management processes,"Dias, Leonel",Leonel,male,0.9999528229581689,True
Business Process Modelling for a Greek Hospital's Medical Equipment Data Center,"Katrakazas, Panagiotis",Panagiotis,male,0.9999221249138908,True
Business Process Modelling for a Greek Hospital's Medical Equipment Data Center,"Costarides, Vassilia",Vassilia,female,0.9998081113378524,True
Business Process Modelling for a Greek Hospital's Medical Equipment Data Center,"Tarousi, Marilena",Marilena,female,0.9999993015751977,True
Business Process Modelling for a Greek Hospital's Medical Equipment Data Center,"Christodoulakis, Manolis",Manolis,male,0.9999285200941248,True
Business Process Modelling for a Greek Hospital's Medical Equipment Data Center,"Toumpaniaris, Petros",Petros,male,0.9999774312622945,True
Business Process Modelling for a Greek Hospital's Medical Equipment Data Center,"Pavlopoulos, Sotiris",Sotiris,male,0.9998136390076009,True
Business Process Modelling for a Greek Hospital's Medical Equipment Data Center,"Iliopoulou, Dimitra",Dimitra,female,0.9999927185528618,True
Business Process Modelling for a Greek Hospital's Medical Equipment Data Center,"Koutsouris, Dimitrios",Dimitrios,male,0.9999502224186397,True
Development of a Risk-aware Business Process Modeling Tool for Healthcare processes,"Thabet, Rafika",Rafika,female,0.998699197929305,True
Development of a Risk-aware Business Process Modeling Tool for Healthcare processes,"Lamine, Elyes",Elyes,male,0.9994890660614956,True
Development of a Risk-aware Business Process Modeling Tool for Healthcare processes,"Pingaud, Hervé",Hervé,male,0.9909853703451528,True
NGOSS-centric Framework of Telecommunication Electronic Commerce,"Chou, Tung-Hsiang",Tung,male,0.992430386227844,True
NGOSS-centric Framework of Telecommunication Electronic Commerce,"Lee, Yu-Min",Yu,female,0.8656251027956705,True
A discovery method of organization structure model based on causal similarity in BPMS,"Li, Yan",Yan,unknown,0.5336648310743305,False
Edge Information Assisted Decoder for Business Process Anomaly Detection,"Ayaz, Teoman Berkay",Teoman,male,0.9999925027088638,True
Edge Information Assisted Decoder for Business Process Anomaly Detection,"Özcan, Alper",Alper,male,0.9999692134342155,True
Edge Information Assisted Decoder for Business Process Anomaly Detection,"Akbulut, Akhan",Akhan,male,0.9945097118335663,True
Business Value of Machine-to-Machine (M2M) Implementation For Automated Teller Machine Connectivity Services in Province of DKI Jakarta,"Pmungkas, Hakkun Galang",Hakkun,unknown,0.7371495166618709,False
Business Value of Machine-to-Machine (M2M) Implementation For Automated Teller Machine Connectivity Services in Province of DKI Jakarta,"Gunawan, Dadang",Dadang,male,0.980862872117015,True
An automatic modeling method of team-based organization structure in e-business,"Li, Yan",Yan,unknown,0.5336648310743305,False
A knowledge management system based on JSPWiki,"Mu, Bin",Bin,male,0.9912955838328016,True
A knowledge management system based on JSPWiki,"Lv, Yiyuan",Yiyuan,unknown,0.6634136705962626,False
A knowledge management system based on JSPWiki,"Sun, Zhiwei",Zhiwei,male,0.9799244874527846,True
An Automatic Business Process Modeling Method Based on Markov Matrix,"Li, Yan",Yan,unknown,0.5336648310743305,False
An Automatic Business Process Modeling Method Based on Markov Matrix,"Feng, Yu-qiang",Yu,female,0.8656251027956705,True
Artificial Intelligence of Digital Production Management,"Azarov, Vladimir N.",Vladimir,male,0.9999351319225824,True
Artificial Intelligence of Digital Production Management,"Chekmarev, Anatoliy V.",Anatoliy,male,0.9994340261510567,True
Improving Production Management and Control with Intelligent Chatbot Services,"Mashkouk, Rami",Rami,male,0.991522592305844,True
Improving Production Management and Control with Intelligent Chatbot Services,"Novitsky, Vladimir",Vladimir,male,0.9999351319225824,True
Improving Production Management and Control with Intelligent Chatbot Services,"Korzanova, Anna",Anna,female,0.9999976672321713,True
Improving Production Management and Control with Intelligent Chatbot Services,"Kornev, Daniel",Daniel,male,0.9999484956264236,True
Improving Production Management and Control with Intelligent Chatbot Services,"Myshenkov, Konstantin",Konstantin,male,0.999857334029376,True
Automatic Modeling of Collaboration-Based Organization Structure in E-logistic,"Li, Yan",Yan,unknown,0.5336648310743305,False
A Framework of Information Systems Reference Model for Higher Education Institutions,"Alshareef, Naseem",Naseem,unknown,0.7365016820976236,False
A Framework of Information Systems Reference Model for Higher Education Institutions,"Elakeil, Salwa M.",Salwa,female,0.9999894218897271,True
A Framework of Information Systems Reference Model for Higher Education Institutions,"Maatuk, Abdelsalam M.",Abdelsalam,male,0.9963829808879229,True
Creation of Management Systems for Business Processes of an Industrial Enterprise Using Ontologies,"Goryunova, Valentina",Valentina,female,0.9999985356541968,True
Creation of Management Systems for Business Processes of an Industrial Enterprise Using Ontologies,"Goryunova, Tatyana",Tatyana,female,0.9999984073618327,True
A novel modeling method of team organization structure in e-business,"Li, Yan",Yan,unknown,0.5336648310743305,False
Structural Analysis using Galois Lattice Concept for Strategic Business Processes Alignment,"Falih, Noureddine",Noureddine,male,0.9980960379739212,True
Structural Analysis using Galois Lattice Concept for Strategic Business Processes Alignment,"Jabir, Brahim",Brahim,male,0.9997169233102611,True
Structural Analysis using Galois Lattice Concept for Strategic Business Processes Alignment,"Rabhi, Loubna",Loubna,female,0.9999927230703592,True
Discovery of role-based organization structure model in BPMS,"Li, Yan",Yan,unknown,0.5336648310743305,False
Ideas on improving the Business-IT alignment in BPM enabled by SOA,"Hertiš, Matej",Matej,male,0.9999434123817613,True
Ideas on improving the Business-IT alignment in BPM enabled by SOA,"Jurič, Matjaž B.",Matjaž,male,0.9973293810200758,True
"Agent System Mining: Vision, Benefits, and Challenges","Tour, Andrei",Andrei,male,0.9999084569407676,True
"Agent System Mining: Vision, Benefits, and Challenges","Polyvyanyy, Artem",Artem,male,0.9999327131072471,True
"Agent System Mining: Vision, Benefits, and Challenges","Kalenkova, Anna",Anna,female,0.9999976672321713,True
Methodological limitations of modeling languages BPMN and ARIS,"Řepa, Václav",Václav,male,0.9994336121306208,True
Methodological limitations of modeling languages BPMN and ARIS,"ŽDelezník, Ondrej",Ondrej,male,0.9999877755914838,True
Business Process Orientation in Croatian companies: A multi-site case study,"Bosilj Vuksic, Vesna",Vesna,female,0.9999954711225196,True
Business Process Orientation in Croatian companies: A multi-site case study,"Pejic Bach, Mirjana",Mirjana,female,0.9999937463645924,True
Business Process Orientation in Croatian companies: A multi-site case study,"Marjanovic, Olivera",Olivera,female,0.9982887231498666,True
Design and Development of an Event-driven In-memory Business Process Engine,"Betzing, Jan H.",Jan,unknown,0.5504849119650672,False
The foundations for managing a modern enterprise: A review,"Farukh, Muhammad",Muhammad,male,0.9999971836173159,True
The foundations for managing a modern enterprise: A review,"Moalla, Nejib",Nejib,male,0.9999261666390087,True
The foundations for managing a modern enterprise: A review,"Bouras, Abdelaziz",Abdelaziz,male,0.9999374913519348,True
Notice of Retraction: BPM-based teaching management system,"Zhi-hong, Yin",Yin,female,0.8748496585843029,True
Notice of Retraction: BPM-based teaching management system,"Fang, Liu",Liu,female,0.5773432113006706,False
Proposal of a unified BPM model for open data publication,"Lobos, Viarda Elena",Viarda,female,0.9995045869980846,True
Proposal of a unified BPM model for open data publication,"Diana López, Clara",Clara,female,0.9999914242978518,True
Proposal of a unified BPM model for open data publication,"Paciello, Julio Manuel",Julio,male,0.9999149411605313,True
Proposal of a unified BPM model for open data publication,"Pane, Juan Ignacio",Juan,male,0.9999978969254493,True
Challenges of integrating risk management throughout the BPM lifecycle,"Romero, Elisa Del Carmen Navarro",Elisa,female,0.9999962405105229,True
Challenges of integrating risk management throughout the BPM lifecycle,"Mayorga, Hugo Santiado Aguirre",Hugo,male,0.9999959578630685,True
Towards a Generic Context Model for BPM,"Saidani, Oumaima",Oumaima,female,0.9984557646965997,True
Towards a Generic Context Model for BPM,"Rolland, Colette",Colette,female,0.9999889335999509,True
Towards a Generic Context Model for BPM,"Nurcan, Selmin",Selmin,female,0.8544568454027446,True
Methodology for migration of long running process instances in a global large scale BPM environment in Credit Suisse's SOA landscape,"Ploom, Tarmo",Tarmo,male,0.9951292561879037,True
Methodology for migration of long running process instances in a global large scale BPM environment in Credit Suisse's SOA landscape,"Scheit, Stefan",Stefan,male,0.9999831604184807,True
Methodology for migration of long running process instances in a global large scale BPM environment in Credit Suisse's SOA landscape,"Glaser, Axel",Axel,male,0.9999905585480233,True
Blockchain and Internet of Things for Modern Business Process in Digital Economy—the State of the Art,"Viriyasitavat, Wattana",Wattana,male,0.7747357739061322,True
Blockchain and Internet of Things for Modern Business Process in Digital Economy—the State of the Art,"Xu, Li Da",Li,female,0.9821247080400133,True
Blockchain and Internet of Things for Modern Business Process in Digital Economy—the State of the Art,"Bi, Zhuming",Zhuming,male,0.8543022748751076,True
Blockchain and Internet of Things for Modern Business Process in Digital Economy—the State of the Art,"Pungpapong, Vitara",Vitara,unknown,0.7245097215305925,False
Bridging the Gap Between Manufacturing and Service Through IT-Based Boundary Objects,"Becker, Jörg",Jörg,male,0.9995939947892971,True
Bridging the Gap Between Manufacturing and Service Through IT-Based Boundary Objects,"Beverungen, Daniel",Daniel,male,0.9999484956264236,True
Bridging the Gap Between Manufacturing and Service Through IT-Based Boundary Objects,"Knackstedt, Ralf",Ralf,male,0.9999738177966511,True
Bridging the Gap Between Manufacturing and Service Through IT-Based Boundary Objects,"Matzner, Martin",Martin,male,0.9998539477569732,True
Bridging the Gap Between Manufacturing and Service Through IT-Based Boundary Objects,"Müller, Oliver",Oliver,male,0.9999907881390401,True
Bridging the Gap Between Manufacturing and Service Through IT-Based Boundary Objects,"Pöppelbuß, Jens",Jens,male,0.9999725010363429,True
A Reference Model for Digital Transformation and Innovation,"Bogea Gomes, Silvia",Silvia,female,0.9999810313224872,True
A Reference Model for Digital Transformation and Innovation,"Santoro, Flavia Maria",Flavia,female,0.9999615517482403,True
A Reference Model for Digital Transformation and Innovation,"Mira da Silva, Miguel",Miguel,male,0.9999807251023727,True
A Reference Model for Digital Transformation and Innovation,"Iacob, Maria-Eugenia",Maria,female,0.9999948398304921,True
Towards an integrated methodology for the development of blockchain-based solutions supporting cross-organizational processes,"de Sousa, Victor Amaral",Victor,male,0.9999862345379419,True
Towards an integrated methodology for the development of blockchain-based solutions supporting cross-organizational processes,"Corentin, Burnay",Burnay,unknown,0.5608271711473498,False
Towards Ecological Workflow Patterns as an Instrument to Optimize Business Processes with Respect to Ecological Goals,"Lübbecke, Patrick",Patrick,male,0.9999373211096793,True
Towards Ecological Workflow Patterns as an Instrument to Optimize Business Processes with Respect to Ecological Goals,"Fettke, Peter",Peter,male,0.9999580684529622,True
Towards Ecological Workflow Patterns as an Instrument to Optimize Business Processes with Respect to Ecological Goals,"Loos, Peter",Peter,male,0.9999580684529622,True
Decision as a Service for Transaction Banking Using Service-Oriented Modeling Architecture Methodology,"Gaol, Ford Lumban",Ford,male,0.9999900098204259,True
Decision as a Service for Transaction Banking Using Service-Oriented Modeling Architecture Methodology,"Nugraha, Grahita Djati",Grahita,unknown,0.7114367924059073,False
Decision as a Service for Transaction Banking Using Service-Oriented Modeling Architecture Methodology,"Matsuo, Tokuro",Tokuro,male,0.7700721324235018,True
BPM Tools for Asset Management in Renewable Energy Power Plants,"Vincenza, Carchiolo",Carchiolo,unknown,0.5271726647623834,False
BPM Tools for Asset Management in Renewable Energy Power Plants,"Giovanni, Catalano",Catalano,male,0.8796745701564549,True
BPM Tools for Asset Management in Renewable Energy Power Plants,"Michele, Malgeri",Malgeri,unknown,0.5264202896159029,False
BPM Tools for Asset Management in Renewable Energy Power Plants,"Carlo, Pellegrino",Pellegrino,male,0.9987030914944596,True
BPM Tools for Asset Management in Renewable Energy Power Plants,"Giulio, Platania",Platania,unknown,0.7322109208192392,False
BPM Tools for Asset Management in Renewable Energy Power Plants,"Natalia, Trapani",Trapani,male,0.9044092114908228,True
A Hypermedia-Driven Approach for Adapting Processes via Adaptation Processes,"Oberhauser, Roy",Roy,male,0.9999319550277614,True
Business Process Modeling and Requirements Modeling,"Mayr, Heinrich C.",Heinrich,male,0.9994302512201684,True
Business Process Modeling and Requirements Modeling,"Kop, Christian",Christian,male,0.9993987974523811,True
Business Process Modeling and Requirements Modeling,"Esberger, Daniela",Daniela,female,0.9999978509319162,True
Assisted Declarative Process Creation from Natural Language Descriptions,"López, Hugo A.",Hugo,male,0.9999959578630685,True
Assisted Declarative Process Creation from Natural Language Descriptions,"Marquard, Morten",Morten,male,0.9999435418481989,True
Assisted Declarative Process Creation from Natural Language Descriptions,"Muttenthaler, Lukas",Lukas,male,0.9999848058845193,True
Assisted Declarative Process Creation from Natural Language Descriptions,"Strømsted, Rasmus",Rasmus,male,0.9999914577105475,True
Business process improvement: A process warehouse based resource management method,"Sohail, Abid",Abid,male,0.9999930830489452,True
Business process improvement: A process warehouse based resource management method,"Dominic, P.D.D.",P.D.D.,unknown,0.7046717600622775,False
Generating multi-objective optimized configurable business process models,"Jiménez-Ramírez, A.",,unknown,0,False
Generating multi-objective optimized configurable business process models,"Barba, I.",,unknown,0,False
Generating multi-objective optimized configurable business process models,"Del Valle, C.",,unknown,0,False
Generating multi-objective optimized configurable business process models,"Weber, B.",,unknown,0,False
Process warehouse based agent's competencies measurement method for business process improvement,"Sohail, Abid",Abid,male,0.9999930830489452,True
Process warehouse based agent's competencies measurement method for business process improvement,"Dominic, P.D.D.",P.D.D.,male,0.7046717600622775,False
Structured Method for Business Process Improvement,"Mazz, Md.",Md.,male,0.9975021331602927,True
Structured Method for Business Process Improvement,"Kumar, Manish",Manish,male,0.9939335079222595,True
AutoEPRS-20: Extracting Business Process Redesign Suggestions from Natural Language Text,"Mustansir, Amina",Amina,female,0.9999975049995746,True
AutoEPRS-20: Extracting Business Process Redesign Suggestions from Natural Language Text,"Shahzad, Khurram",Khurram,male,0.9999693299205058,True
AutoEPRS-20: Extracting Business Process Redesign Suggestions from Natural Language Text,"Malik, Muhammad Kamran",Muhammad,male,0.9999971836173159,True
A Value Semantics Framework for Business Process Network Management,"Sobrinho, Fuad Gattaz",Fuad,male,0.9999824865157665,True
A Value Semantics Framework for Business Process Network Management,"Gattaz, Cristiane Chaves",Cristiane,female,0.9996049067665607,True
A Value Semantics Framework for Business Process Network Management,"Palma Pacheco, Oscar Ivan",Oscar,male,0.9999898920259033,True
A Value Semantics Framework for Business Process Network Management,"da Silva Viana, Quyma",Quyma,unknown,0.6905304993379463,False
Design and implementation of a workflow oriented ERP system,"Molnár, Bálint",Bálint,male,0.9867788093812618,True
Design and implementation of a workflow oriented ERP system,"Máriás, Zsigmond",Zsigmond,male,0.986689069466437,True
Empirical examination of the dimensions of business process orientation,"Škrinjar, Rok",Rok,male,0.9974713811237507,True
Empirical examination of the dimensions of business process orientation,"Bosilj-Vukšić, Vesna",Vesna,female,0.9999954711225196,True
Empirical examination of the dimensions of business process orientation,"Štemberger, Mojca Indihar",Mojca,female,0.9973581527214593,True
OWL Model to Support Business Process and Web Services in SOA Environments,"Park, Joonseok",Joonseok,unknown,0.740024267037012,False
OWL Model to Support Business Process and Web Services in SOA Environments,"Nam, Taewoo",Taewoo,male,0.9994178056443234,True
OWL Model to Support Business Process and Web Services in SOA Environments,"Yeom, Keunhyuk",Keunhyuk,unknown,0.702166961639628,False
Big Data Analytics for Predictive Manufacturing Control - A Case Study from Process Industry,"Krumeich, Julian",Julian,male,0.9999128116879805,True
Big Data Analytics for Predictive Manufacturing Control - A Case Study from Process Industry,"Jacobi, Sven",Sven,male,0.9999829597136491,True
Big Data Analytics for Predictive Manufacturing Control - A Case Study from Process Industry,"Werth, Dirk",Dirk,male,0.9999427916159628,True
Big Data Analytics for Predictive Manufacturing Control - A Case Study from Process Industry,"Loos, Peter",Peter,male,0.9999580684529622,True
Advanced planning and control of manufacturing processes in steel industry through big data analytics: Case study and architecture proposal,"Krumeich, Julian",Julian,male,0.9999128116879805,True
Advanced planning and control of manufacturing processes in steel industry through big data analytics: Case study and architecture proposal,"Werth, Dirk",Dirk,male,0.9999427916159628,True
Advanced planning and control of manufacturing processes in steel industry through big data analytics: Case study and architecture proposal,"Loos, Peter",Peter,male,0.9999580684529622,True
Advanced planning and control of manufacturing processes in steel industry through big data analytics: Case study and architecture proposal,"Schimmelpfennig, Jens",Jens,male,0.9999725010363429,True
Advanced planning and control of manufacturing processes in steel industry through big data analytics: Case study and architecture proposal,"Jacobi, Sven",Sven,male,0.9999829597136491,True
Analyzing the Effects of Reordering Work List Items for Selected Control Flow Patterns,"Pflug, Johannes",Johannes,male,0.9999887278356387,True
Analyzing the Effects of Reordering Work List Items for Selected Control Flow Patterns,"Rinderle-Ma, Stefanie",Stefanie,female,0.999951936822069,True
Green Business Process Patterns – Part II (Short Paper),"Nowak, Alexander",Alexander,male,0.9999914495946162,True
Green Business Process Patterns – Part II (Short Paper),"Leymann, Frank",Frank,male,0.999947578866658,True
Towards Managing Business Process Variants within Organizations – An Action Research Study,"Zellner, Philipp",Philipp,male,0.9999372005997167,True
Towards Managing Business Process Variants within Organizations – An Action Research Study,"Laumann, Marcus",Marcus,male,0.9999591517595477,True
Towards Managing Business Process Variants within Organizations – An Action Research Study,"Appelfeller, Wieland",Wieland,male,0.9855225032681728,True
Opportunities for Business Process semantization in open-source process execution environments,"Kluza, Krzysztof",Krzysztof,male,0.9999579894277437,True
Opportunities for Business Process semantization in open-source process execution environments,"Kaczor, Krzysztof",Krzysztof,male,0.9999579894277437,True
Opportunities for Business Process semantization in open-source process execution environments,"Nalepa, Grzegorz J.",Grzegorz,male,0.9998641275902351,True
Opportunities for Business Process semantization in open-source process execution environments,"Ślażyński, Mateusz",Mateusz,male,0.9996485042211498,True
Prediction of Incompliance With Business Goals With Business-Related Data and Context Data,"Zhang, Junbao",Junbao,male,0.9996828092264928,True
Prediction of Incompliance With Business Goals With Business-Related Data and Context Data,"Liu, Guohua",Guohua,male,0.9356322066961649,True
The Structure of Cross-Functional Process Model Collections: An Empirical Investigation,"Sanz, Jorge L.C.",Jorge,male,0.9999507614101812,True
The Structure of Cross-Functional Process Model Collections: An Empirical Investigation,"Suarez, Fernando",Fernando,male,0.9998906875755088,True
The Structure of Cross-Functional Process Model Collections: An Empirical Investigation,"Calmon, Andre",Andre,male,0.9998504933161846,True
The Structure of Cross-Functional Process Model Collections: An Empirical Investigation,"Becker, Valeria",Valeria,female,0.9999950631122845,True
Challenges in Knowledge Intensive Process Management,"Boissier, Fabrice",Fabrice,male,0.9995795460170124,True
Challenges in Knowledge Intensive Process Management,"Rychkova, Irina",Irina,female,0.9999964489192367,True
Challenges in Knowledge Intensive Process Management,"Le Grand, Bénédicte",Bénédicte,female,0.9995352805116806,True
Multilevel Modeling for Business Process Automation,"Schuetz, Christoph G.",Christoph,male,0.9996583666010818,True
Multilevel Modeling for Business Process Automation,"Neumayr, Bernd",Bernd,male,0.9998846486900214,True
Multilevel Modeling for Business Process Automation,"Schrefl, Michael",Michael,male,0.9999876221560686,True
"Service Oriented Architecture: Making the Leap, Leveraging Model Driven Architecture and Achieving Software Agility with BPM, SOA and MDA®","Soley, Richard",Richard,male,0.9999944029565571,True
"Service Oriented Architecture: Making the Leap, Leveraging Model Driven Architecture and Achieving Software Agility with BPM, SOA and MDA®","Watson, Andrew",Andrew,male,0.9999907571453364,True
"CPS Track Report: 2nd Track on Cyber Physical Society with SOA, BPM and Sensor Networks","Zhou, Zhangbing",Zhangbing,female,0.5744682295722076,False
"CPS Track Report: 2nd Track on Cyber Physical Society with SOA, BPM and Sensor Networks","Gaaloul, Walid",Walid,male,0.9999190638369029,True
"CPS Track Report: 2nd Track on Cyber Physical Society with SOA, BPM and Sensor Networks","Tan, Wei",Wei,male,0.8353828445774668,True
"CPS Track Report: 2nd Track on Cyber Physical Society with SOA, BPM and Sensor Networks","Zhang, Daqiang",Daqiang,male,0.8796528463095318,True
Motivations for BPM Adoption: Initial Taxonomy based on Online Success Stories,"Gabryelczyk, Renata",Renata,female,0.9999937852557952,True
Motivations for BPM Adoption: Initial Taxonomy based on Online Success Stories,"Biernikowicz, Aneta",Aneta,female,0.9999974642645675,True
Study on River Development Management of Hydropower Enterprise Based on BPM: A Case Study of Ertan Company,"Gao, Tian-Peng",Tian,male,0.8391062594827517,True
Study on River Development Management of Hydropower Enterprise Based on BPM: A Case Study of Ertan Company,"Ren, Pei-Yu",Pei,female,0.9849650382994699,True
Study on River Development Management of Hydropower Enterprise Based on BPM: A Case Study of Ertan Company,"Peng, Qing-Feng",Qing,female,0.9896115846174542,True
Experience Report: Use of SAP NetWeaver Technology to realize SOA-based BPM Tasks,"Hirsch, R.",,unknown,0,False
Towards a common understanding of Business Process Instance data,"Moghadam, Nima",Nima,male,0.7331843419872531,False
Towards a common understanding of Business Process Instance data,"Paik, Hye-young",Hye,female,0.999378251992488,True
What does ‘leadership’ entail in public sector BPM initiatives of developing nations: Insights from an interpretative case study from Sri Lanka,"Syed, Rehan",Rehan,male,0.9999110893044078,True
What does ‘leadership’ entail in public sector BPM initiatives of developing nations: Insights from an interpretative case study from Sri Lanka,"French, Erica",Erica,female,0.9999899827215485,True
What does ‘leadership’ entail in public sector BPM initiatives of developing nations: Insights from an interpretative case study from Sri Lanka,"Bandara, Wasana",Wasana,female,0.993626508543848,True
What does ‘leadership’ entail in public sector BPM initiatives of developing nations: Insights from an interpretative case study from Sri Lanka,"Stewart, Glenn",Glenn,male,0.9997110035728446,True
Using e-service to construct general platform of BPM,"Chou, Tung-Hsiang",Tung,male,0.992430386227844,True
Using e-service to construct general platform of BPM,"Lin, Chia-Wen",Chia,female,0.982291762364419,True
Using e-service to construct general platform of BPM,"Liao, Jau-Jiun",Jau,male,0.9831048880619986,True
Web services and business process management,"Leymann, F.",,unknown,0,False
Web services and business process management,"Roller, D.",,unknown,0,False
Web services and business process management,"Schmidt, M.-T.",M.,unknown,0.5265376348604246,False
Inter-enterprise collaborative business process management,"Chen, Qiming",Qiming,male,0.9048035153195675,True
Inter-enterprise collaborative business process management,"Hsu, Meichun",Meichun,female,0.9664870429327544,True
Intelligent Agent Supported Business Process Management,"Wang, Minhong",Minhong,female,0.9773761507977663,True
Intelligent Agent Supported Business Process Management,"Wang, Huaiqing",Huaiqing,unknown,0.5841151652471246,False
When Social Software Meets Business Process Management,"Xie, Li",Li,female,0.9821247080400133,True
When Social Software Meets Business Process Management,"de Vrieze, Paul",Paul,male,0.999990342528266,True
When Social Software Meets Business Process Management,"Xu, Lai",Lai,female,0.9803786993618021,True
"Towards Cloud-enabled Business Process Management Based on Patterns, Rules and Multiple Models","Petcu, Dana",Dana,female,0.9991640173402454,True
"Towards Cloud-enabled Business Process Management Based on Patterns, Rules and Multiple Models","Stankovski, Vlado",Vlado,male,0.9998863419765522,True
Cloud-based platform for collaborative business process management,"Cocconi, Diego",Diego,male,0.9999727834593694,True
Cloud-based platform for collaborative business process management,"Roa, Jorge",Jorge,male,0.9999507614101812,True
Cloud-based platform for collaborative business process management,"Villarreal, Pablo",Pablo,male,0.9999522824750242,True
Intelligent Multi-Agent Based Information System of Business Process Management,"Duo, Wang",Wang,male,0.9203221744198354,True
Intelligent Multi-Agent Based Information System of Business Process Management,"Yi, Li",Li,female,0.9821247080400133,True
Intelligent Multi-Agent Based Information System of Business Process Management,"Wenhui, Li",Li,female,0.9821247080400133,True
Intelligent Multi-Agent Based Information System of Business Process Management,"Qi, Jiang",Jiang,male,0.8982988981949861,True
Intelligent Multi-Agent Based Information System of Business Process Management,"Rongqing, Yi",Yi,female,0.8940381462246494,True
Event-driven business process management in Engineer-to-Order supply chains,"Minguez, Jorge",Jorge,male,0.9999507614101812,True
Event-driven business process management in Engineer-to-Order supply chains,"Zor, Sema",Sema,female,0.9999553147175918,True
Event-driven business process management in Engineer-to-Order supply chains,"Reimann, Peter",Peter,male,0.9999580684529622,True
A distributed service oriented infrastructure for business process management in Virtual Organizations,"Danesh, Mohammad H.",Mohammad,male,0.9999978931239886,True
A distributed service oriented infrastructure for business process management in Virtual Organizations,"Raahemi, Bijan",Bijan,male,0.9991450761129368,True
A distributed service oriented infrastructure for business process management in Virtual Organizations,"Kamali, S.M.Amin",S.M.Amin,unknown,0.6748826107675746,False
A distributed service oriented infrastructure for business process management in Virtual Organizations,"Richards, Greg",Greg,male,0.9999768599114633,True
Formal ontologies for data-centric business process management,"Poernomo, Iman",Iman,female,0.9071665072646034,True
Formal ontologies for data-centric business process management,"Umarov, Timur",Timur,male,0.9999880292926415,True
Formal ontologies for data-centric business process management,"Hajiyev, Fuad",Fuad,male,0.9999824865157665,True
Design of a Domain-Specific Metamodel for Industrial Business Process Management,"Utz, Wilfrid",Wilfrid,male,0.9999871008153696,True
The Performance Impact of Human Resources Recruitment System for Business Process Management Using K-Means and SVM,"Yadav, Sameer",Sameer,male,0.9999632489370125,True
The Performance Impact of Human Resources Recruitment System for Business Process Management Using K-Means and SVM,"Mann, Shikha",Shikha,female,0.9999870328078202,True
The Performance Impact of Human Resources Recruitment System for Business Process Management Using K-Means and SVM,"K, Renjith Krishnan",Renjith,male,0.9914217985468555,True
The Performance Impact of Human Resources Recruitment System for Business Process Management Using K-Means and SVM,"Dobhal, Dinesh Chandra",Dinesh,male,0.9995552327189386,True
The Performance Impact of Human Resources Recruitment System for Business Process Management Using K-Means and SVM,"Unni, Manu Vasudevan",Manu,male,0.9827395328168211,True
The Performance Impact of Human Resources Recruitment System for Business Process Management Using K-Means and SVM,"S, Manoj",Manoj,male,0.9999647205451603,True
A Design Pattern for Integration of Business Process Management Systems,"Ma, Chaoying",Chaoying,female,0.9807419904662976,True
A Design Pattern for Integration of Business Process Management Systems,"Bacon, Liz",Liz,female,0.9999696522084208,True
A Design Pattern for Integration of Business Process Management Systems,"Petridis, Miltos",Miltos,male,0.9973676288134798,True
A Design Pattern for Integration of Business Process Management Systems,"Windall, Gill",Gill,male,0.9859375983081108,True
Microservices-based Approach for a Collaborative Business Process Management Cloud Platform,"Cocconi, Diego",Diego,male,0.9999727834593694,True
Microservices-based Approach for a Collaborative Business Process Management Cloud Platform,"Villarreal, Pablo",Pablo,male,0.9999522824750242,True
"Design, implementation and monitoring of a screw order handling process using business process management tools","Gîrbea, Alina",Alina,female,0.9999980054753072,True
"Design, implementation and monitoring of a screw order handling process using business process management tools","Sisak, Francisc",Francisc,male,0.9980567585420338,True
"Design, implementation and monitoring of a screw order handling process using business process management tools","Perniu, Liviu",Liviu,male,0.999818207395956,True
Normative Ontologies for Data-Centric Business Process Management,"Poernomo, Iman",Iman,female,0.9071665072646034,True
Normative Ontologies for Data-Centric Business Process Management,"Umarov, Timur",Timur,male,0.9999880292926415,True
Business Process Management with mobile routes,"Mahmoudi, Charif",Charif,male,0.9948781588919674,True
Business Process Management with mobile routes,"Mourlin, Fabrice",Fabrice,male,0.9995795460170124,True
Adopting Appropriate Business Process Management to Achieve Better Performance in Cosmetics Industry after Post Pandemic Era,"Yang, Hao-Wei",Hao,male,0.9989380817683122,True
Adopting Appropriate Business Process Management to Achieve Better Performance in Cosmetics Industry after Post Pandemic Era,"Huang, Chao-Hung",Chao,male,0.9987376034463382,True
Adopting Appropriate Business Process Management to Achieve Better Performance in Cosmetics Industry after Post Pandemic Era,"Lin, Chia-I",Chia,female,0.982291762364419,True
Aligning Technical Debt Prioritization with Business Objectives: A Multiple-Case Study,"Rebouças de Almeida, Rodrigo",Rodrigo,male,0.9999878411566193,True
Aligning Technical Debt Prioritization with Business Objectives: A Multiple-Case Study,"Kulesza, Uirá",Uirá,female,0.6757975469161739,False
Aligning Technical Debt Prioritization with Business Objectives: A Multiple-Case Study,"Treude, Christoph",Christoph,male,0.9996583666010818,True
Aligning Technical Debt Prioritization with Business Objectives: A Multiple-Case Study,"Cavalcanti Feitosa, D'angellys",D'angellys,unknown,0.5281309561852148,False
Aligning Technical Debt Prioritization with Business Objectives: A Multiple-Case Study,"Higino Guedes Lima, Aliandro",Aliandro,male,0.9983653020273927,True
Business Sub-Process Analysis and Redesign of Counceling Week (Pekan Konseling) at Career Center Services using Business Process Improvement (BPI),"Waspodo, Bayu",Bayu,male,0.9939815438788621,True
Business Sub-Process Analysis and Redesign of Counceling Week (Pekan Konseling) at Career Center Services using Business Process Improvement (BPI),"Rizki, Irfan Nur",Irfan,male,0.999976727801009,True
Development of a Business Process Modelling Framework for Continuous Improvements in Organisations,"Tsiri, T. P.",,unknown,0,False
Development of a Business Process Modelling Framework for Continuous Improvements in Organisations,"Daniyan, I. A.",,unknown,0,False
Development of a Business Process Modelling Framework for Continuous Improvements in Organisations,"Mpofu, K.",,unknown,0,False
"Blockchain-Based Service-Oriented Architecture for Consent Management, Access Control, and Auditing","Román-Martínez, Isabel",Isabel,female,0.9994559215026813,True
"Blockchain-Based Service-Oriented Architecture for Consent Management, Access Control, and Auditing","Calvillo-Arbizu, Jorge",Jorge,male,0.9999507614101812,True
"Blockchain-Based Service-Oriented Architecture for Consent Management, Access Control, and Auditing","Mayor-Gallego, Vicente J.",Vicente,male,0.998018688648721,True
"Blockchain-Based Service-Oriented Architecture for Consent Management, Access Control, and Auditing","Madinabeitia-Luque, Germán",Germán,male,0.9993975279959949,True
"Blockchain-Based Service-Oriented Architecture for Consent Management, Access Control, and Auditing","Estepa-Alonso, Antonio J.",Antonio,male,0.9999433950349952,True
"Blockchain-Based Service-Oriented Architecture for Consent Management, Access Control, and Auditing","Estepa-Alonso, Rafael M.",Rafael,male,0.9999801002723208,True
Towards an ontology for service oriented modeling supporting business processes,"Delgado, Andrea",Andrea,female,0.9990642945711071,True
Towards an ontology for service oriented modeling supporting business processes,"Ruiz, Francisco",Francisco,male,0.9999572464565292,True
Towards an ontology for service oriented modeling supporting business processes,"García-Rodríguez de Guzmán, Ignacio",Ignacio,male,0.9999054231007377,True
Towards an ontology for service oriented modeling supporting business processes,"Piattini, Mario",Mario,male,0.9998285831560244,True
Service identification in aspect-oriented business process models,"Souza, Alexandre",Alexandre,male,0.9994086190609315,True
Service identification in aspect-oriented business process models,"Capelli, Claudia",Claudia,female,0.9999814071022761,True
Service identification in aspect-oriented business process models,"Santoro, Flavia",Flavia,female,0.9999615517482403,True
Service identification in aspect-oriented business process models,"Azevedo, Leonardo Guerreiro",Leonardo,male,0.9999184146751624,True
Service identification in aspect-oriented business process models,"Leite, Julio Cesar Sampaio do Prado",Julio,male,0.9999149411605313,True
Service identification in aspect-oriented business process models,"Batista, Thais",Thais,female,0.9996914041559826,True
Natural Language Interface for Process Mining Queries in Healthcare,"Yeo, Hangu",Hangu,unknown,0.5518591915220622,False
Natural Language Interface for Process Mining Queries in Healthcare,"Khorasani, Elahe",Elahe,female,0.9989836523289016,True
Natural Language Interface for Process Mining Queries in Healthcare,"Sheinin, Vadim",Vadim,male,0.9998553145817866,True
Natural Language Interface for Process Mining Queries in Healthcare,"Manotas, Irene",Irene,female,0.9999787388905271,True
Natural Language Interface for Process Mining Queries in Healthcare,"An Vo, Ngoc Phuoc",Ngoc,female,0.9826604631621859,True
Natural Language Interface for Process Mining Queries in Healthcare,"Popescu, Octavian",Octavian,male,0.9997453820734493,True
Natural Language Interface for Process Mining Queries in Healthcare,"Zerfos, Petros",Petros,male,0.9999774312622945,True
Service-Based Event Penetration from IoT Sensors to Businesses: a Case Study,"Wang, Guiling",Guiling,female,0.9844754445017939,True
Service-Based Event Penetration from IoT Sensors to Businesses: a Case Study,"Fang, Jun",Jun,male,0.9972113548054844,True
Service-Based Event Penetration from IoT Sensors to Businesses: a Case Study,"Wang, Jing",Jing,female,0.990305236721775,True
Service-Based Event Penetration from IoT Sensors to Businesses: a Case Study,"Yu, Jian",Jian,male,0.9975103869595472,True
Service-Based Event Penetration from IoT Sensors to Businesses: a Case Study,"Zhang, Liang",Liang,male,0.9782482259488245,True
Service-Based Event Penetration from IoT Sensors to Businesses: a Case Study,"Han, Yanbo",Yanbo,unknown,0.7178028463871118,False
Enforcement from the Inside: Improving Quality of Business in Process Management,"Eberle, Hanna",Hanna,female,0.9999970479455866,True
Enforcement from the Inside: Improving Quality of Business in Process Management,"Foll, Stefan",Stefan,male,0.9999831604184807,True
Enforcement from the Inside: Improving Quality of Business in Process Management,"Herrmann, Klaus",Klaus,male,0.9999519344977958,True
Enforcement from the Inside: Improving Quality of Business in Process Management,"Leymann, Frank",Frank,male,0.999947578866658,True
Enforcement from the Inside: Improving Quality of Business in Process Management,"Marconi, Annapaola",Annapaola,female,0.9998625099847717,True
Enforcement from the Inside: Improving Quality of Business in Process Management,"Unger, Tobias",Tobias,male,0.9999755650213412,True
Enforcement from the Inside: Improving Quality of Business in Process Management,"Wolf, Hannes",Hannes,male,0.9999500351801358,True
Case Study of Designing Interface of the AGH Students Information Bulletin Work Support System,"Nitarska, Natalia",Natalia,female,0.999997044243537,True
Case Study of Designing Interface of the AGH Students Information Bulletin Work Support System,"Kluza, Krzysztof",Krzysztof,male,0.9999579894277437,True
Case Study of Designing Interface of the AGH Students Information Bulletin Work Support System,"Wiśniewski, Piotr",Piotr,male,0.999885348508805,True
Case Study of Designing Interface of the AGH Students Information Bulletin Work Support System,"Zaremba, Mateusz",Mateusz,male,0.9996485042211498,True
Case Study of Designing Interface of the AGH Students Information Bulletin Work Support System,"Ligęza, Antoni",Antoni,male,0.9994592336637995,True
"Triad of Digital Transformation: Holistic Orchestration for People, Process, and Technology","Satwekar, Abhijeet",Abhijeet,male,0.9999918186787652,True
"Triad of Digital Transformation: Holistic Orchestration for People, Process, and Technology","Miozza, Mario",Mario,male,0.9998285831560244,True
"Triad of Digital Transformation: Holistic Orchestration for People, Process, and Technology","Abbattista, Chiara",Chiara,female,0.9999918135427956,True
"Triad of Digital Transformation: Holistic Orchestration for People, Process, and Technology","Palumbo, Sabrina",Sabrina,female,0.9999951389093124,True
"Triad of Digital Transformation: Holistic Orchestration for People, Process, and Technology","Rossi, Mara",Mara,female,0.9999744519898365,True
Towards Uninterruptible Smart Home Processes,"Grunert, Kai",Kai,male,0.9819597256365221,True
Proposition of an approach based on BPM to manage agile development processes,"Zaouali, Sirine",Sirine,female,0.9997682842349569,True
Proposition of an approach based on BPM to manage agile development processes,"Ghannouchi, Sonia Ayachi",Sonia,female,0.9999923290636098,True
Transform traditional OSS by using SOA and BPM,"Tang, Jian",Jian,male,0.9975103869595472,True
Transform traditional OSS by using SOA and BPM,"Qu, Haitao",Haitao,male,0.9829042863316133,True
Transform traditional OSS by using SOA and BPM,"Wang, Qian",Qian,female,0.8829072537227759,True
Transform traditional OSS by using SOA and BPM,"Luo, Xiaoxiang",Xiaoxiang,male,0.8532718838438201,True
Transform traditional OSS by using SOA and BPM,"Pi, Renjie",Renjie,male,0.9768910514306755,True
Research and design of frequency synthesizer for BPM timing simulator,"Yang, Chaozhong",Chaozhong,unknown,0.5399530675267276,False
Research and design of frequency synthesizer for BPM timing simulator,"Wang, Yulin",Yulin,unknown,0.5901385901610308,False
Research and design of frequency synthesizer for BPM timing simulator,"Hua, Yu",Yu,female,0.8656251027956705,True
Research and design of frequency synthesizer for BPM timing simulator,"Hu, Zhaopeng",Zhaopeng,male,0.9754552949090796,True
Research and design of frequency synthesizer for BPM timing simulator,"Gao, Yuanyuan",Yuanyuan,female,0.9922356411989286,True
Students Performance Tracking Using BPM Classification Modelling,"Mathai, Praveen",Praveen,male,0.9996291590879862,True
Students Performance Tracking Using BPM Classification Modelling,"Sreekumar, K",K,male,0.5271511926078435,False
The possibility investigation of block-algorithm construction using the BPM method,"Golovashkin, Dimitry",Dimitry,male,0.9995323498729326,True
The possibility investigation of block-algorithm construction using the BPM method,"Yablokova, Liudmila",Liudmila,female,0.9998873754052484,True
The possibility investigation of block-algorithm construction using the BPM method,"Subeeva, Guzel",Guzel,female,0.9866386043249065,True
Towards a Probabilistic Approach for Better Change Management in BPM Systems,"Cherif, Chahira",Chahira,female,0.999458314491791,True
Performance of the contraction mapping-based iterative 2D equalizer for BPM,"Moon, Woosik",Woosik,male,0.9996821126337081,True
Performance of the contraction mapping-based iterative 2D equalizer for BPM,"Im, Sungbin",Sungbin,male,0.9979413438883116,True
Optimization of MMI-WDM demultiplexer by using BPM method,"Triki, Sami",Sami,male,0.9853481728140153,True
Optimization of MMI-WDM demultiplexer by using BPM method,"Najjar, Monia",Monia,female,0.999993987001088,True
Optimization of MMI-WDM demultiplexer by using BPM method,"Rezig, Houria",Houria,female,0.9985508060897949,True
Three dimensional finite element BPM in time domain,"Lv, Jian-Gang",Jian,male,0.9975103869595472,True
Three dimensional finite element BPM in time domain,"Zhang, Ming-De",Ming,unknown,0.5866865921981015,False
Three dimensional finite element BPM in time domain,"Sun, Xiao-Han",Xiao,unknown,0.7140596202174592,False
A Resistive BPM for Mini-LIA,"Xu, Le",Le,female,0.8993609361692895,True
A Resistive BPM for Mini-LIA,"Zheng, Shu-Xin",Shu,female,0.8174134311698968,True
BPM-based atmospheric turbulence propagator for optical ground-to-space links through extended Rayleigh Sommerfield theory and phase screen generation,"Monopoli, Davide",Davide,male,0.9995122693716512,True
BPM-based atmospheric turbulence propagator for optical ground-to-space links through extended Rayleigh Sommerfield theory and phase screen generation,"Cantore, Carla",Carla,female,0.999996784390149,True
BPM-based atmospheric turbulence propagator for optical ground-to-space links through extended Rayleigh Sommerfield theory and phase screen generation,"Magno, Giovanni",Giovanni,male,0.999396045165578,True
BPM-based atmospheric turbulence propagator for optical ground-to-space links through extended Rayleigh Sommerfield theory and phase screen generation,"D’Orazio, Antonella",Antonella,female,0.9999976482666009,True
Beam propagation method (BPM) for bend loss analysis in optics waveguide,"Córdoba-Ramírez, J.",,unknown,0,False
Beam propagation method (BPM) for bend loss analysis in optics waveguide,"Amaya-Fernández, Ferney",Ferney,male,0.9989666568955233,True
Beam propagation method (BPM) for bend loss analysis in optics waveguide,"Hernandez-Figueroa, H. E.",,unknown,0,False
Beam propagation method (BPM) for bend loss analysis in optics waveguide,"Fragnito, H. L.",,unknown,0,False
An Adaptive Scheduler for Enhancing the Efficiency of Multi-engine BPM Systems,"Sun, Junyi",Junyi,unknown,0.5817660654699403,False
An Adaptive Scheduler for Enhancing the Efficiency of Multi-engine BPM Systems,"Li, Houfu",Houfu,unknown,0.7181858401274792,False
An Adaptive Scheduler for Enhancing the Efficiency of Multi-engine BPM Systems,"Han, Yanbo",Yanbo,unknown,0.7178028463871118,False
Research and implementation of smart substation configuration file management system based on BPM process engine,"Luo, Mei-Ling",Mei,female,0.9985969440853214,True
Research and implementation of smart substation configuration file management system based on BPM process engine,"Wen, Jing-Hua",Jing,female,0.990305236721775,True
Research and implementation of smart substation configuration file management system based on BPM process engine,"Ding, Xi-Liang",Xi,unknown,0.6241046773770502,False
Research and implementation of smart substation configuration file management system based on BPM process engine,"Chen, Xin",Xin,female,0.7003246185087639,False
Research and implementation of smart substation configuration file management system based on BPM process engine,"Zhang, Xu-Feng",Xu,male,0.7337600554549282,False
Context-Driven Business Process Adaptation for Ad Hoc Changes,"Xia, Yonglin",Yonglin,male,0.9566515135665844,True
Context-Driven Business Process Adaptation for Ad Hoc Changes,"Wei, Jun",Jun,male,0.9972113548054844,True
Modeling of Information System for Licensing and Extension of Special Hajj Pilgrimage Organizer,Hudiarto,Hudiarto,unknown,0.5540453408890686,False
Modeling of Information System for Licensing and Extension of Special Hajj Pilgrimage Organizer,Agustiningsih,Agustiningsih,female,0.9941703467509618,True
Modeling of Information System for Licensing and Extension of Special Hajj Pilgrimage Organizer,"Kamila, Nanda Rizka",Nanda,female,0.9892350396151615,True
Modeling of Information System for Licensing and Extension of Special Hajj Pilgrimage Organizer,"Fitriyani, Nely Awaliyah",Nely,female,0.9999717686196868,True
Towards an Agile Approach for Business Process Reengineering,"Koussani, Naoufel",Naoufel,male,0.9974081147127561,True
Towards an Agile Approach for Business Process Reengineering,"Leshob, Abderrahmane",Abderrahmane,male,0.9939931992190564,True
Towards an Agile Approach for Business Process Reengineering,"Hadaya, Pierre",Pierre,male,0.999741392176316,True
Towards an Agile Approach for Business Process Reengineering,"Benzarti, Imen",Imen,female,0.974283695293582,True
Towards an Agile Approach for Business Process Reengineering,"Mili, Hafedh",Hafedh,male,0.993707191876143,True
An Interactive Framework to Develop and Align Business Process Models,"Ahmad, Dorob Wali",Dorob,unknown,0.7492210136230586,False
An Interactive Framework to Develop and Align Business Process Models,"Haque, Waqar",Waqar,male,0.9999535162525501,True
"Web services, grid computing, and business process management: exploiting complementarities for business agility","Padmanabhuni, S.",,unknown,0,False
"Web services, grid computing, and business process management: exploiting complementarities for business agility","Ganesh, J.",,unknown,0,False
"Web services, grid computing, and business process management: exploiting complementarities for business agility","Moitra, D.",,unknown,0,False
Supply chain transformation based on business process management,"Wang, Qinhua",Qinhua,female,0.6146429335910073,False
Supply chain transformation based on business process management,"Ren, Changrui",Changrui,male,0.9813918550272961,True
Supply chain transformation based on business process management,"Shao, Bing",Bing,male,0.9070266412590164,True
Supply chain transformation based on business process management,"Dong, Jin",Jin,male,0.7377281243241545,False
Supply chain transformation based on business process management,"Ding, Hongwei",Hongwei,male,0.9801076454958466,True
Supply chain transformation based on business process management,"Wang, Wei",Wei,male,0.8353828445774668,True
Automating the process of building flexible Web Warehouses with BPM Systems,"Delgado, Andrea",Andrea,female,0.9990642945711071,True
Automating the process of building flexible Web Warehouses with BPM Systems,"Marotta, Adriana",Adriana,female,0.9999969905972506,True
The Need for Business Vocabularies in BPM or ISD Related Activities: Survey Based Study,"Kapocius, Kestutis",Kestutis,male,0.9999140834994069,True
The Need for Business Vocabularies in BPM or ISD Related Activities: Survey Based Study,"Skersys, Tomas",Tomas,male,0.999996989207828,True
The Need for Business Vocabularies in BPM or ISD Related Activities: Survey Based Study,"Butleris, Rimantas",Rimantas,male,0.9999780535518726,True
Combining BPM and EA in Complex IT Projects: (A Business Architecture Discipline),"von Rosing, Mark",Mark,male,0.999973238313618,True
Combining BPM and EA in Complex IT Projects: (A Business Architecture Discipline),"Hove, Maria",Maria,female,0.9999948398304921,True
Combining BPM and EA in Complex IT Projects: (A Business Architecture Discipline),"Rao, Raghavendra Subbarao",Raghavendra,male,0.9900279448464536,True
Combining BPM and EA in Complex IT Projects: (A Business Architecture Discipline),"Preston, Tom W.",Tom,male,0.9999802916805114,True
Production management model based on Lean Manufacturing and BPM tools to increase profitability in SMEs in the Plastic Sector,"Fernandez-Albujar, Christian",Christian,male,0.9993987974523811,True
Production management model based on Lean Manufacturing and BPM tools to increase profitability in SMEs in the Plastic Sector,"Rosa-Arízaga, Leslie La",Leslie,female,0.9918732317658422,True
Production management model based on Lean Manufacturing and BPM tools to increase profitability in SMEs in the Plastic Sector,"Flores-Perez, Alberto",Alberto,male,0.9998864566720463,True
BPM for mutual aid management in industrial emergency response,"Pachón-Carrascal, Katherine",Katherine,female,0.9999935164564199,True
BPM for mutual aid management in industrial emergency response,"Maldonado, Jhon Botello",Jhon,male,0.9999980208712055,True
BPM for mutual aid management in industrial emergency response,"García-Llinás, Guisselle",Guisselle,female,0.9999874250933907,True
BPM for mutual aid management in industrial emergency response,"Viloria-Núñez, César",César,male,0.9988878931534702,True
BPM for mutual aid management in industrial emergency response,"Romero-Rodríguez, Daniel",Daniel,male,0.9999484956264236,True
BPM for mutual aid management in industrial emergency response,"Maturana, Aymer Y.",Aymer,male,0.9880616826524309,True
BPM for mutual aid management in industrial emergency response,"Sofia Palacio Salgar, Katherine",Katherine,female,0.9999935164564199,True
A Critical Investigation of Rationalities in Automation with BPM,"Klessascheck, Finn",Finn,male,0.9997309612559414,True
A Critical Investigation of Rationalities in Automation with BPM,"Bein, Leon",Leon,male,0.9999449619698267,True
A Critical Investigation of Rationalities in Automation with BPM,"Haase, Jennifer",Jennifer,female,0.9988421343723142,True
A Critical Investigation of Rationalities in Automation with BPM,"Pufahl, Luise",Luise,female,0.9998936197750643,True
Business Process Models in Small and Medium Manufacturing Industries: An Overview,"Fathoni, Muhammad Zainuddin",Muhammad,male,0.9999971836173159,True
Business Process Models in Small and Medium Manufacturing Industries: An Overview,"Asih, Anna Maria Sri",Anna,female,0.9999976672321713,True
Business Process Models in Small and Medium Manufacturing Industries: An Overview,"Wibisono, Muhammad Arif",Muhammad,male,0.9999971836173159,True
Business process modeling extension and scheduling strategy compatible with big data business,"Xu, Jindong",Jindong,male,0.9938540249959534,True
Business process modeling extension and scheduling strategy compatible with big data business,"Qi, Minghao",Minghao,male,0.9974922190011525,True
Business Process Modeling Languages and their Data Representation Capabilities,"Teixeira, Juliana",Juliana,female,0.9999969194023932,True
Business Process Modeling Languages and their Data Representation Capabilities,"Santos, Maribel Yasmina",Maribel,female,0.9998380167354034,True
Business Process Modeling Languages and their Data Representation Capabilities,"Machado, Ricardo J.",Ricardo,male,0.99996029299145,True
Optimization of the Business Processes via automatic integration with the Document Management System,"Djedović, Almir",Almir,male,0.999949165966399,True
Optimization of the Business Processes via automatic integration with the Document Management System,"Žunić, Emir",Emir,male,0.9995335932347928,True
Optimization of the Business Processes via automatic integration with the Document Management System,"Alić, Dino",Dino,male,0.9998910096284832,True
Optimization of the Business Processes via automatic integration with the Document Management System,"Omanović, Samir",Samir,male,0.9999472082708237,True
Optimization of the Business Processes via automatic integration with the Document Management System,"Karabegović, Almir",Almir,male,0.999949165966399,True
Business Process Management under the Microscope: The Potential of Social Network Analysis,"Busch, Peter",Peter,male,0.9999580684529622,True
Business Process Management under the Microscope: The Potential of Social Network Analysis,"Fettke, Peter",Peter,male,0.9999580684529622,True
Using Free-Choice Nets for Process Mining and Business Process Management,"van der Aalst, Wil M. P.",Wil,male,0.9988491702309068,True
Approaching Quality 4.0: The Digital Process Management as a Competitive Advantage,"Yanamandra, Ramakrishna",Ramakrishna,male,0.9879229127177486,True
Approaching Quality 4.0: The Digital Process Management as a Competitive Advantage,"Abidi, Naseem",Naseem,unknown,0.7365016820976236,False
Approaching Quality 4.0: The Digital Process Management as a Competitive Advantage,"Srivastava, Riktesh",Riktesh,unknown,0.5255792684751986,False
Approaching Quality 4.0: The Digital Process Management as a Competitive Advantage,"Kukunuru, Saigeeta",Saigeeta,unknown,0.7304596124869022,False
Approaching Quality 4.0: The Digital Process Management as a Competitive Advantage,"Alzoubi, Haitham M.",Haitham,male,0.9999673277557134,True
Based-on Pi-calculus Business Process Modeling,"Xu, Hongfa",Hongfa,male,0.8906385502165978,True
Based-on Pi-calculus Business Process Modeling,"Chen, Wei",Wei,male,0.8353828445774668,True
"Object-Business Process Mapping Frameworks: Abstractions, Architecture, and Implementation","Garcia, Rogel",Rogel,male,0.9999473924813694,True
"Object-Business Process Mapping Frameworks: Abstractions, Architecture, and Implementation","Valente, Marco Tulio",Marco,male,0.9998964214527616,True
Towards Comprehensive Support for Privacy Preservation Cross-Organization Business Process Mining,"Liu, Cong",Cong,male,0.9891634952979704,True
Towards Comprehensive Support for Privacy Preservation Cross-Organization Business Process Mining,"Duan, Hua",Hua,male,0.6612283433060475,False
Towards Comprehensive Support for Privacy Preservation Cross-Organization Business Process Mining,"Zeng, QingTian",QingTian,male,0.978532770620606,True
Towards Comprehensive Support for Privacy Preservation Cross-Organization Business Process Mining,"Zhou, MengChu",MengChu,male,0.9938648043804801,True
Towards Comprehensive Support for Privacy Preservation Cross-Organization Business Process Mining,"Lu, FaMing",FaMing,unknown,0.578793164646584,False
Towards Comprehensive Support for Privacy Preservation Cross-Organization Business Process Mining,"Cheng, JiuJun",JiuJun,male,0.9829181665130216,True
Business Process Ambidexterity and its impact on Business-IT alignment. A Systematic Literature Review,"Helbin, Tomek",Tomek,male,0.9999960584399713,True
Business Process Ambidexterity and its impact on Business-IT alignment. A Systematic Literature Review,"Van Looy, Amy",Amy,female,0.9999688840881918,True
Toward an Ontology-Based Model of Key Performance Indicators for Business Process Improvement,"El Hadj Amor, Emna Ammar",Emna,female,0.9999941910763388,True
Toward an Ontology-Based Model of Key Performance Indicators for Business Process Improvement,"Ghannouchi, Sonia Ayachi",Sonia,female,0.9999923290636098,True
Always Stay Flexible! WfMS-independent Business Process Controlling in SOA,"Hausotter, Andreas",Andreas,male,0.9999763395171621,True
Always Stay Flexible! WfMS-independent Business Process Controlling in SOA,"Kleiner, Carsten",Carsten,male,0.9999179788184361,True
Always Stay Flexible! WfMS-independent Business Process Controlling in SOA,"Koschel, Arne",Arne,male,0.9991482646410463,True
Always Stay Flexible! WfMS-independent Business Process Controlling in SOA,"Zhang, David",David,male,0.9999952928042082,True
Always Stay Flexible! WfMS-independent Business Process Controlling in SOA,"Gehrken, Heiner",Heiner,male,0.9999468089250689,True
A-BPS: Automatic Business Process Discovery Service using Ordered Neurons LSTM,"Han, Xue",Xue,female,0.9738490518370407,True
A-BPS: Automatic Business Process Discovery Service using Ordered Neurons LSTM,"Hu, Lianxue",Lianxue,male,0.5286420713124921,False
A-BPS: Automatic Business Process Discovery Service using Ordered Neurons LSTM,"Mei, Lijun",Lijun,unknown,0.7178063793092092,False
A-BPS: Automatic Business Process Discovery Service using Ordered Neurons LSTM,"Dang, Yabin",Yabin,female,0.7164889412493363,False
A-BPS: Automatic Business Process Discovery Service using Ordered Neurons LSTM,"Agarwal, Shivali",Shivali,female,0.9999606530976402,True
A-BPS: Automatic Business Process Discovery Service using Ordered Neurons LSTM,"Zhou, Xin",Xin,female,0.7003246185087639,False
A-BPS: Automatic Business Process Discovery Service using Ordered Neurons LSTM,"Hu, Pengwei",Pengwei,male,0.9984750513774092,True
A new approach in the development of ontology based workflow architectures,"Ternai, Katalin",Katalin,female,0.999942475190427,True
A new approach in the development of ontology based workflow architectures,"Török, Mátyás",Mátyás,male,0.9954336469227959,True
Toward Semantic Framework for Internet of Things-Aware Business Process Discovery,"Elkodssi, Iman",Iman,female,0.9071665072646034,True
Toward Semantic Framework for Internet of Things-Aware Business Process Discovery,"Sbai, Hanae",Hanae,female,0.9999551736829082,True
Semantic concepts in BPMN 2.0,"Kalogeraki, Eleni-Maria",Eleni,female,0.9999854551985455,True
Semantic concepts in BPMN 2.0,"Theocharis, Stamatios",Stamatios,male,0.9999508835162035,True
Semantic concepts in BPMN 2.0,"Apostolou, Dimitris",Dimitris,male,0.9999193920782357,True
Semantic concepts in BPMN 2.0,"Tsihrintzis, George",George,male,0.9999684085414767,True
Semantic concepts in BPMN 2.0,"Panayiotopoulos, Themis",Themis,male,0.8814966572250219,True
Adapting the PBEC-OTSS software selection approach for BPM suites: an application case,"Gallego D., Mauricio",Mauricio,male,0.9999066366186012,True
Adapting the PBEC-OTSS software selection approach for BPM suites: an application case,"Giraldo, Faber D.",Faber,male,0.9999828175719951,True
Adapting the PBEC-OTSS software selection approach for BPM suites: an application case,"Hitpass, Bernhard",Bernhard,male,0.9999742564512356,True
Extracting Business Process Models Using Natural Language Processing (NLP) Techniques,"Sintoris, Konstantinos",Konstantinos,male,0.9999558085455126,True
Extracting Business Process Models Using Natural Language Processing (NLP) Techniques,"Vergidis, Kostas",Kostas,male,0.9999847389513317,True
"A Framework for the Modelling, Analysis and Optimization of Pathways in Healthcare","Ramudhin, Amar",Amar,male,0.99975032135426,True
"A Framework for the Modelling, Analysis and Optimization of Pathways in Healthcare","Chan, Eric",Eric,male,0.9999798907567824,True
"A Framework for the Modelling, Analysis and Optimization of Pathways in Healthcare","Mokadem, Abdelkader",Abdelkader,male,0.9997555536097755,True
Business Process Improvement in the Program Development Division of PT. XYZ Based on Service-Oriented Architecture,"Fajri, Hanif",Hanif,male,0.9996049708572634,True
Business Process Improvement in the Program Development Division of PT. XYZ Based on Service-Oriented Architecture,"Fakhrurroja, Hanif",Hanif,male,0.9996049708572634,True
Business Process Improvement in the Program Development Division of PT. XYZ Based on Service-Oriented Architecture,"Lubis, Muharman",Muharman,male,0.99964816133824,True
Introduction to Business Process Intelligence Minitrack,"Wang, Harry Jiannan",Harry,male,0.9997201104874271,True
Introduction to Business Process Intelligence Minitrack,"Deokar, Amit V.",Amit,male,0.9985253474283259,True
Introduction to Business Process Intelligence Minitrack,"Sarnikar, Surendra",Surendra,male,0.99837290055443,True
Bridging the gap between social software and business process management: A research agenda: Doctoral consortium paper,"Hauder, Matheus",Matheus,male,0.9999472348210907,True
A service-oriented architecture of virtual enterprise for manufacturing industry,"Cui, Wei",Wei,male,0.8353828445774668,True
A service-oriented architecture of virtual enterprise for manufacturing industry,"Meng, Xiangxu",Xiangxu,male,0.9091372408283326,True
A service-oriented architecture of virtual enterprise for manufacturing industry,"Liu, Shijun",Shijun,male,0.9926021003893496,True
A Task Operation Model for Resource Allocation Optimization in Business Process Management,"Huang, Zhengxing",Zhengxing,male,0.8698973282812459,True
A Task Operation Model for Resource Allocation Optimization in Business Process Management,"Lu, Xudong",Xudong,male,0.9871832056718493,True
A Task Operation Model for Resource Allocation Optimization in Business Process Management,"Duan, Huilong",Huilong,male,0.9073269226571864,True
Autonomic Goal-Oriented Business Process Management,"Greenwood, Dominic",Dominic,male,0.9999608949001698,True
Autonomic Goal-Oriented Business Process Management,"Rimassa, Giovanni",Giovanni,male,0.999396045165578,True
A Framework for Reflective Business Process Management,"Balzert, Silke",Silke,female,0.9999933347828766,True
A Framework for Reflective Business Process Management,"Fettke, Peter",Peter,male,0.9999580684529622,True
A Framework for Reflective Business Process Management,"Loos, Peter",Peter,male,0.9999580684529622,True
Democratizing Process Innovation: A Comparative Study of Public Sector Business Process Management Networks,"Niehaves, Bjoern",Bjoern,male,0.9999626535245362,True
Cloud Based Privacy Preserving Collaborative Business Process Management,"Schwarzbach, Björn",Björn,male,0.9997078412618494,True
Cloud Based Privacy Preserving Collaborative Business Process Management,"Franczyk, Bogdan",Bogdan,male,0.9999861052531946,True
Cloud Based Privacy Preserving Collaborative Business Process Management,"Petrich, Lucas",Lucas,male,0.9999718945700141,True
Cloud Based Privacy Preserving Collaborative Business Process Management,"Schier, Arkadius",Arkadius,male,0.9989560440209715,True
Cloud Based Privacy Preserving Collaborative Business Process Management,"Hompel, Michael Ten",Michael,male,0.9999876221560686,True
A research agenda for Autonomous Business Process Management,"Neubauer, Thomas",Thomas,male,0.9999981017477207,True
A research agenda for Autonomous Business Process Management,"Goluch, Gernot",Gernot,male,0.9974161018352536,True
A research agenda for Autonomous Business Process Management,"Riedl, Bernhard",Bernhard,male,0.9999742564512356,True
Communication Semantics for IoT-Aware Business Process Management Systems,"Babaei, Majid",Majid,male,0.9998567579880754,True
Design-Time Process Optimization through Optimization Patterns and Process Model Matching,"Niedermann, Florian",Florian,male,0.9999672042878258,True
Design-Time Process Optimization through Optimization Patterns and Process Model Matching,"Radeschutz, Sylvia",Sylvia,female,0.9999828327471595,True
Design-Time Process Optimization through Optimization Patterns and Process Model Matching,"Mitschang, Bernhard",Bernhard,male,0.9999742564512356,True
Workflow common fragments extraction based on WSDL similarity and graph dependency,"Sarno, Riyanarto",Riyanarto,unknown,0.5283243191216946,False
Workflow common fragments extraction based on WSDL similarity and graph dependency,"Pamungkas, Endang Wahyu",Endang,female,0.9964562738773498,True
Workflow common fragments extraction based on WSDL similarity and graph dependency,"Sunaryono, Dwi",Dwi,female,0.9734726418201639,True
Workflow common fragments extraction based on WSDL similarity and graph dependency,Sarwosri,Sarwosri,male,0.5245261333787659,False
To trace and guide evolution in configurable process models,"Sbai, Hanae",Hanae,female,0.9999551736829082,True
To trace and guide evolution in configurable process models,"Fredj, Mounia",Mounia,female,0.9999617223402388,True
To trace and guide evolution in configurable process models,"Kjiri, Laïla",Laïla,female,0.9999239005438313,True
Management of personal health information sharing for long term care services,"Chen, Rong-Rong",Rong,unknown,0.7174724947670523,False
Management of personal health information sharing for long term care services,"Lin, Yung-Hsiu",Yung,male,0.9890386749206428,True
Management of personal health information sharing for long term care services,"Chiang, Su-Chien",Su,female,0.9924450271265198,True
Management of personal health information sharing for long term care services,"Chang, Her-Kun",Her,male,0.8642179700942377,True
A Semantic Model for Document Management in Business Processes,"Imen, Allani",Allani,female,0.9998124687928939,True
A Semantic Model for Document Management in Business Processes,"Belhassen, Zouari",Zouari,male,0.5383842297119286,False
Deriving user requirements from business process models for automation: A case study,"Aysolmaz, Banu",Banu,female,0.9985703440438994,True
Deriving user requirements from business process models for automation: A case study,"Demirörs, Onur",Onur,male,0.9999756895583426,True
On the requirements analysis process for Domain-Specific Languages in the realm of multi-perspective hospital modelling,"Heß, Michael",Michael,male,0.9999876221560686,True
On the requirements analysis process for Domain-Specific Languages in the realm of multi-perspective hospital modelling,"Frank, Ulrich",Ulrich,male,0.9989625930816818,True
On the requirements analysis process for Domain-Specific Languages in the realm of multi-perspective hospital modelling,"Kaczmarek, Monika",Monika,female,0.999996989457821,True
On the requirements analysis process for Domain-Specific Languages in the realm of multi-perspective hospital modelling,"Podleska, Lars",Lars,male,0.9998276630707326,True
On the requirements analysis process for Domain-Specific Languages in the realm of multi-perspective hospital modelling,"Täger, Georg",Georg,male,0.9999050343867972,True
Survey of How Process Modeling Works in the Bulgarian Organizations,"Nikolova-Alexieva, Valentina",Valentina,female,0.9999985356541968,True
Survey of How Process Modeling Works in the Bulgarian Organizations,"Teneva, Atanaska",Atanaska,female,0.9996474935877453,True
Survey of How Process Modeling Works in the Bulgarian Organizations,"Yordanova, Petja",Petja,unknown,0.7311052603111639,False
Test case generation from BPMN models for automated testing of Web-based BPM applications,"de Moura, Jéssica Lasch",Jéssica,female,0.9991300040988083,True
Test case generation from BPMN models for automated testing of Web-based BPM applications,"Charão, Andrea Schwertner",Andrea,female,0.9990642945711071,True
Test case generation from BPMN models for automated testing of Web-based BPM applications,"Lima, João Carlos Damasceno",João,male,0.9999597809713936,True
Test case generation from BPMN models for automated testing of Web-based BPM applications,"de Oliveira Stein, Benhur",Benhur,male,0.9999271412154651,True
Gaining Flexibility and Compliance in Rescue Processes with BPM,"Kittel, Kai",Kai,male,0.9819597256365221,True
Gaining Flexibility and Compliance in Rescue Processes with BPM,"Sackmann, Stefan",Stefan,male,0.9999831604184807,True
Using Work System Theory to Link Managerial and Technical Perspectives on BPM,"Alter, Steven",Steven,male,0.9999938645828961,True
Adapt Cases 4 BPM - A Modeling Framework for Process Flexibility in IIoT,"Engels, Gregor",Gregor,male,0.9999917847917771,True
Adapt Cases 4 BPM - A Modeling Framework for Process Flexibility in IIoT,"Strothmann, Thim",Thim,male,0.8696517141738226,True
Adapt Cases 4 BPM - A Modeling Framework for Process Flexibility in IIoT,"Teetz, Alexander",Alexander,male,0.9999914495946162,True
Evaluating Business Models: Evidence on User Understanding and Impact to BPM Correspondence,"Buder, Johannes",Johannes,male,0.9999887278356387,True
Evaluating Business Models: Evidence on User Understanding and Impact to BPM Correspondence,"Felden, Carsten",Carsten,male,0.9999179788184361,True
Towards Real World Aware Enterprise Systems - Reflecting the Quality Information of Physical Resources in Services and Processes,"Meyer, Sonja",Sonja,female,0.999994519434546,True
Towards Real World Aware Enterprise Systems - Reflecting the Quality Information of Physical Resources in Services and Processes,"Sperner, Klaus",Klaus,male,0.9999519344977958,True
Towards Real World Aware Enterprise Systems - Reflecting the Quality Information of Physical Resources in Services and Processes,"Magerkurth, Carsten",Carsten,male,0.9999179788184361,True
Monitoring patients with fragilities in the context of de-hospitalization services: An Ambient Assisted Living Healthcare Framework for e-Health applications,"Sulis, Emilio",Emilio,male,0.9998271675860951,True
Monitoring patients with fragilities in the context of de-hospitalization services: An Ambient Assisted Living Healthcare Framework for e-Health applications,"Amantea, Ilaria Angela",Ilaria,female,0.999991246543736,True
Monitoring patients with fragilities in the context of de-hospitalization services: An Ambient Assisted Living Healthcare Framework for e-Health applications,"Boella, Guido",Guido,male,0.999905551240006,True
Monitoring patients with fragilities in the context of de-hospitalization services: An Ambient Assisted Living Healthcare Framework for e-Health applications,"Marinello, Renata",Renata,female,0.9999937852557952,True
Monitoring patients with fragilities in the context of de-hospitalization services: An Ambient Assisted Living Healthcare Framework for e-Health applications,"Bianca, Dario",Dario,male,0.9998855689399296,True
Monitoring patients with fragilities in the context of de-hospitalization services: An Ambient Assisted Living Healthcare Framework for e-Health applications,"Brunetti, Enrico",Enrico,male,0.9996785043632522,True
Monitoring patients with fragilities in the context of de-hospitalization services: An Ambient Assisted Living Healthcare Framework for e-Health applications,"Bo, Mario",Mario,male,0.9998285831560244,True
Monitoring patients with fragilities in the context of de-hospitalization services: An Ambient Assisted Living Healthcare Framework for e-Health applications,"Bianco, Alessandra",Alessandra,female,0.9999804788148248,True
Monitoring patients with fragilities in the context of de-hospitalization services: An Ambient Assisted Living Healthcare Framework for e-Health applications,"Cattel, Francesco",Francesco,male,0.9999449415190484,True
Monitoring patients with fragilities in the context of de-hospitalization services: An Ambient Assisted Living Healthcare Framework for e-Health applications,"Cena, Clara",Clara,female,0.9999914242978518,True
Monitoring patients with fragilities in the context of de-hospitalization services: An Ambient Assisted Living Healthcare Framework for e-Health applications,"Fruttero, Roberta",Roberta,female,0.9999886292612962,True
Monitoring patients with fragilities in the context of de-hospitalization services: An Ambient Assisted Living Healthcare Framework for e-Health applications,"Traina, Sara",Sara,female,0.999983890493743,True
Monitoring patients with fragilities in the context of de-hospitalization services: An Ambient Assisted Living Healthcare Framework for e-Health applications,"Feletti, Luca Carlo",Luca,male,0.994050482423027,True
Monitoring patients with fragilities in the context of de-hospitalization services: An Ambient Assisted Living Healthcare Framework for e-Health applications,"de Cosmo, Pierluigi",Pierluigi,male,0.9997616540531535,True
Monitoring patients with fragilities in the context of de-hospitalization services: An Ambient Assisted Living Healthcare Framework for e-Health applications,"Armando, Lucrezia",Lucrezia,female,0.9999928430197595,True
Monitoring patients with fragilities in the context of de-hospitalization services: An Ambient Assisted Living Healthcare Framework for e-Health applications,"Ambrosini, Serena",Serena,female,0.9999962616780754,True
Business Process Center of Excellence at the Faculty of Electrical Engineering at the Czech Technical University in Prague,"Hronza, Radek",Radek,male,0.9999854658343452,True
Business Process Center of Excellence at the Faculty of Electrical Engineering at the Czech Technical University in Prague,"Speta, Michal",Michal,male,0.9682849291876642,True
BioTrak: A Blockchain-based Platform for Food Chain Logistics Traceability,"Spitalleri, Alessia",Alessia,female,0.9999792340046969,True
BioTrak: A Blockchain-based Platform for Food Chain Logistics Traceability,"Kavasidis, Isaak",Isaak,male,0.9999760710885475,True
BioTrak: A Blockchain-based Platform for Food Chain Logistics Traceability,"Cartelli, Vincenzo",Vincenzo,male,0.9998085367289719,True
BioTrak: A Blockchain-based Platform for Food Chain Logistics Traceability,"Mineo, Raffaele",Raffaele,male,0.9994192029161726,True
BioTrak: A Blockchain-based Platform for Food Chain Logistics Traceability,"Rundo, Francesco",Francesco,male,0.9999449415190484,True
BioTrak: A Blockchain-based Platform for Food Chain Logistics Traceability,"Palazzo, Simone",Simone,female,0.9989115818066938,True
BioTrak: A Blockchain-based Platform for Food Chain Logistics Traceability,"Spampinato, Concetto",Concetto,male,0.9997704030000215,True
BioTrak: A Blockchain-based Platform for Food Chain Logistics Traceability,"Giordano, Daniela",Daniela,female,0.9999978509319162,True
Generalized Stochastic Workflow Net-based quantitative analysis of business process performance,"Li, Shuxia",Shuxia,female,0.9847343432738704,True
Generalized Stochastic Workflow Net-based quantitative analysis of business process performance,"Zhu, Haiping",Haiping,female,0.5542715197973602,False
Context-based Integrating Model of Knowledge and Business Processes,"Wu, Guilin",Guilin,male,0.9750339241669377,True
Context-based Integrating Model of Knowledge and Business Processes,"Wang, Yinglin",Yinglin,female,0.9632131301240047,True
Context-based Integrating Model of Knowledge and Business Processes,"Guo, Jianmei",Jianmei,female,0.9772405654038299,True
Context-based Integrating Model of Knowledge and Business Processes,"Ye, Rongwei",Rongwei,male,0.9840792062851728,True
Workflow Automation of Routing Rules in the Accounting Process for Online Travel Agency,"Nanda, Mamta",Mamta,female,0.999991178589462,True
Workflow Automation of Routing Rules in the Accounting Process for Online Travel Agency,"Kumar, Ashok",Ashok,male,0.9999969432347011,True
Study on the Capabilities Model of BPO Service Provider with Relationship Concerning,"Jianbin, Chen",Chen,male,0.8803324700638614,True
Study on the Capabilities Model of BPO Service Provider with Relationship Concerning,"Yuanyuan, Che",Che,male,0.9826173548122891,True
Using Workflow Management Systems to Improve Disaster Response Processes,"Hofmann, Marlen",Marlen,female,0.9968160984446262,True
Using Workflow Management Systems to Improve Disaster Response Processes,"Sackmann, Stefan",Stefan,male,0.9999831604184807,True
Using Workflow Management Systems to Improve Disaster Response Processes,"Betke, Hans",Hans,male,0.9999270008633634,True
Automatic generation of SOAs for Business Process execution: A vision based on models,"Delgado, Andrea",Andrea,female,0.9990642945711071,True
Automatic generation of SOAs for Business Process execution: A vision based on models,"González, Laura",Laura,female,0.9999801813992499,True
Business Process Mapping: A Case Study,"Al-Fedaghi, Sabah",Sabah,female,0.9937154729071659,True
Business Process Mapping: A Case Study,"Mohamad, Yazan",Yazan,male,0.9999058347595052,True
BPM exception monitoring based on process knowledge,"Yaxiong, Tao",Tao,male,0.9969686446299408,True
BPM exception monitoring based on process knowledge,"Huibin, Xu",Xu,male,0.7337600554549282,False
BPM exception monitoring based on process knowledge,"Zhen, Xu",Xu,male,0.7337600554549282,False
Optimization of business processes by automatic reallocation of resources using the genetic algorithm,"Djedović, Almir",Almir,male,0.999949165966399,True
Optimization of business processes by automatic reallocation of resources using the genetic algorithm,"Žunić, Emir",Emir,male,0.9995335932347928,True
Optimization of business processes by automatic reallocation of resources using the genetic algorithm,"Avdagić, Zikrija",Zikrija,unknown,0.6802259298735465,False
Optimization of business processes by automatic reallocation of resources using the genetic algorithm,"Karabegović, Almir",Almir,male,0.999949165966399,True
A Mashup-Based Framework for Business Process Compliance Checking,"Cabanillas, Cristina",Cristina,female,0.9999968566271442,True
A Mashup-Based Framework for Business Process Compliance Checking,"Resinas, Manuel",Manuel,male,0.9999796545255559,True
A Mashup-Based Framework for Business Process Compliance Checking,"Ruiz-Cortés, Antonio",Antonio,male,0.9999433950349952,True
Constructing a BPM Environment with BPMN,"Tsai, Ching-Hong",Ching,female,0.9782658817750447,True
Constructing a BPM Environment with BPMN,"Luo, How-Jen",How,male,0.9983027752717129,True
Constructing a BPM Environment with BPMN,"Wang, Feng-Jian",Feng,male,0.9830753668861625,True
BPM-supported social networks discovery and analysis techniques,"Kim, Kwanghoon Pio",Kwanghoon,unknown,0.690362626434451,False
Business process management: survey and methodology,"Elzinga, D.J.",D.J.,male,0.9902019442300948,True
Business process management: survey and methodology,"Horak, T.",,unknown,0,False
Business process management: survey and methodology,"Lee, Chung-Yee",Chung,male,0.989073925346198,True
Business process management: survey and methodology,"Bruner, C.",,unknown,0,False
The Next Stage of Operational Business Intelligence: Creating New Challenges for Business Process Management,"Marjanovic, Olivera",Olivera,female,0.9982887231498666,True
Enhancing Business Process Management with Simulation Optimization,"April, Jay",Jay,male,0.9992328960885225,True
Enhancing Business Process Management with Simulation Optimization,"Better, Marco",Marco,male,0.9998964214527616,True
Enhancing Business Process Management with Simulation Optimization,"Glover, Fred",Fred,male,0.9999953349528334,True
Enhancing Business Process Management with Simulation Optimization,"Kelly, James",James,male,0.9999966559619894,True
Enhancing Business Process Management with Simulation Optimization,"Laguna, Manuel",Manuel,male,0.9999796545255559,True
A Knowledge-based Security Policy Framework for Business Process Management,"Huang, Dong",Dong,male,0.9925219904784107,True
A Knowledge-based Security Policy Framework for Business Process Management,"Yang, Yi",Yi,female,0.8940381462246494,True
A Knowledge-based Security Policy Framework for Business Process Management,"Calmet, Jacques",Jacques,male,0.9999799945534292,True
A Product Line for Business Process Management,"de S. Gimenes, Itana Maria",Itana,female,0.9983161172267363,True
A Product Line for Business Process Management,"Fantinato, Marcelo",Marcelo,male,0.9998735221664624,True
A Product Line for Business Process Management,"de Toledo, Maria Beatriz F.",Maria,female,0.9999948398304921,True
Comparative Study on Various Low Code Business Process Management Platforms,"Krishnaraj, N.",,unknown,0,False
Comparative Study on Various Low Code Business Process Management Platforms,"Vidhya, R.",,unknown,0,False
Comparative Study on Various Low Code Business Process Management Platforms,"Shankar, R.",,unknown,0,False
Comparative Study on Various Low Code Business Process Management Platforms,"Shruthi, N.",,unknown,0,False
Business process management systems selection guidelines: Theory and practice,"Vukšić, Vesna Bosilj",Vesna,female,0.9999954711225196,True
Business process management systems selection guidelines: Theory and practice,"Brkić, Ljiljana",Ljiljana,female,0.9999895046356956,True
Business process management systems selection guidelines: Theory and practice,"Baranović, Mirta",Mirta,female,0.9999982257058856,True
The design and development of a sales force automation tool using business process management software,"Baysan, C.",,unknown,0,False
The design and development of a sales force automation tool using business process management software,"Bertman, A.",,unknown,0,False
The design and development of a sales force automation tool using business process management software,"Maynigo, R.",,unknown,0,False
The design and development of a sales force automation tool using business process management software,"Norville, G.",,unknown,0,False
The design and development of a sales force automation tool using business process management software,"Osborne, N.",,unknown,0,False
The design and development of a sales force automation tool using business process management software,"Taylor, T.",,unknown,0,False
"Towards automated analysis of fads and trends in information systems research: Concept, implementation and exemplary application in the context of business process management research","Houy, Constantin",Constantin,male,0.9998452155438584,True
"Towards automated analysis of fads and trends in information systems research: Concept, implementation and exemplary application in the context of business process management research","Sainbuyan, Khulan",Khulan,female,0.9807685098677188,True
"Towards automated analysis of fads and trends in information systems research: Concept, implementation and exemplary application in the context of business process management research","Fettke, Peter",Peter,male,0.9999580684529622,True
"Towards automated analysis of fads and trends in information systems research: Concept, implementation and exemplary application in the context of business process management research","Loos, Peter",Peter,male,0.9999580684529622,True
Corporate intranets and business process management: a challenge for systems engineering,"Boardman, J.",,unknown,0,False
An integrated process and digitalization perspective on the shipping supply chain — A literature review,"Feibert, D. C.",,unknown,0,False
An integrated process and digitalization perspective on the shipping supply chain — A literature review,"Hansen, M. S.",,unknown,0,False
An integrated process and digitalization perspective on the shipping supply chain — A literature review,"Jacobsen, P.",,unknown,0,False
Business Process and Risk Models Enrichment: Considerations for Business Intelligence,"Sienou, Amadou",Amadou,male,0.9996903612858196,True
Business Process and Risk Models Enrichment: Considerations for Business Intelligence,"Karduck, Achim P.",Achim,male,0.9999018238288356,True
Business Process and Risk Models Enrichment: Considerations for Business Intelligence,"Lamine, Elyes",Elyes,male,0.9994890660614956,True
Business Process and Risk Models Enrichment: Considerations for Business Intelligence,"Pingaud, Hervé",Hervé,male,0.9909853703451528,True
Business Process Development in Semantically-Enriched Environment,"Poernomo, Iman",Iman,female,0.9071665072646034,True
Business Process Development in Semantically-Enriched Environment,"Umarov, Timur",Timur,male,0.9999880292926415,True
Security Alignment Analysis of Software Product Lines,"Sprovieri, Danilloo",Danilloo,unknown,0.5977155866065045,False
Security Alignment Analysis of Software Product Lines,"Argyropoulos, Nikolaos",Nikolaos,male,0.9999586731624346,True
Security Alignment Analysis of Software Product Lines,"Souveyet, Carine",Carine,female,0.9999962154262271,True
Security Alignment Analysis of Software Product Lines,"Mazo, Raúl",Raúl,male,0.9989432436427723,True
Security Alignment Analysis of Software Product Lines,"Mouratidis, Haralambos",Haralambos,male,0.9999697595713423,True
Security Alignment Analysis of Software Product Lines,"Fish, Andrew",Andrew,male,0.9999907571453364,True
Antecedents in Business Process Maturity,"Zemlyakova, Aelita S.",Aelita,female,0.9999989682557718,True
Antecedents in Business Process Maturity,"Dukeov, Igor I.",Igor,male,0.9999871325016193,True
Antecedents in Business Process Maturity,"Jaschenko, Vladimir V.",Vladimir,male,0.9999351319225824,True
Enhanced Hotel Booking Application using PEGA,"Dhanagopal, R",R,male,0.5464156225985544,False
Enhanced Hotel Booking Application using PEGA,"Archana, N",N,female,0.5262017232543487,False
Enhanced Hotel Booking Application using PEGA,"Menaka, R",R,male,0.5464156225985544,False
BPM Meeting with SOA: A Customized Solution for Small Business Enterprises,"Bajwa, Imran Sarwar",Imran,male,0.9991398072144694,True
BPM Meeting with SOA: A Customized Solution for Small Business Enterprises,"Samad, Ali",Ali,male,0.988143397255068,True
BPM Meeting with SOA: A Customized Solution for Small Business Enterprises,"Mumtaz, Shahzad",Shahzad,male,0.9999578209611126,True
BPM Meeting with SOA: A Customized Solution for Small Business Enterprises,"Kazmi, Rafaqut",Rafaqut,unknown,0.6159447554426402,False
BPM Meeting with SOA: A Customized Solution for Small Business Enterprises,"Choudhary, Abbas",Abbas,male,0.999996786229794,True
The research on validity of artifact in BPM,"Wang, Ying",Ying,female,0.9976878084537152,True
The research on validity of artifact in BPM,"Liu, Guohua",Guohua,male,0.9356322066961649,True
The research on validity of artifact in BPM,"Huang, Zhen",Zhen,male,0.9764177145616529,True
The research on validity of artifact in BPM,"Li, Jihui",Jihui,male,0.9640482764371858,True
The research on validity of artifact in BPM,"Zhao, Danfeng",Danfeng,female,0.9854509611676608,True
The research on validity of artifact in BPM,"Zhang, Fang",Fang,female,0.9891921110977769,True
Security Requirements Specification in Service-Oriented Business Process Management,"Menzel, Michael",Michael,male,0.9999876221560686,True
Security Requirements Specification in Service-Oriented Business Process Management,"Thomas, Ivonne",Ivonne,female,0.9999841164827802,True
Security Requirements Specification in Service-Oriented Business Process Management,"Meinel, Christoph",Christoph,male,0.9996583666010818,True
An Event Processing Platform for Business Process Management,"Herzberg, Nico",Nico,male,0.9970057349139636,True
An Event Processing Platform for Business Process Management,"Meyer, Andreas",Andreas,male,0.9999763395171621,True
An Event Processing Platform for Business Process Management,"Weske, Mathias",Mathias,male,0.999948038650782,True
Business rules design method for Business Process Management,"Nalepa, Grzegorz J.",Grzegorz,male,0.9998641275902351,True
Business rules design method for Business Process Management,"Mach, Maria A.",Maria,female,0.9999948398304921,True
Planning Dynamic Activity and Resource Allocations Using a Risk-Aware Business Process Management Approach,"Tjoa, Simon",Simon,male,0.9999853866925988,True
Planning Dynamic Activity and Resource Allocations Using a Risk-Aware Business Process Management Approach,"Jakoubi, Stefan",Stefan,male,0.9999831604184807,True
Planning Dynamic Activity and Resource Allocations Using a Risk-Aware Business Process Management Approach,"Goluch, Sigrun",Sigrun,female,0.9996336217776591,True
Planning Dynamic Activity and Resource Allocations Using a Risk-Aware Business Process Management Approach,"Kitzler, Gerhard",Gerhard,male,0.9999803048551524,True
Self-managed Organization: A Role of Business Process Management,"Ore, Alina",Alina,female,0.9999980054753072,True
Self-managed Organization: A Role of Business Process Management,"Kuznecova, Oksana",Oksana,female,0.9999894886955644,True
Self-managed Organization: A Role of Business Process Management,"Jegorova, Anna",Anna,female,0.9999976672321713,True
K2 platform in Business process management,"Biskupic, Ivana Ogrizek",Ivana,female,0.9999966362503544,True
K2 platform in Business process management,"Aapovic, Robert",Robert,male,0.9999776797436909,True
K2 platform in Business process management,"Jurcic, Mateo",Mateo,male,0.9999386064325982,True
A gap between Business Process Intelligence and redesign process,"Sohail, Abid",Abid,male,0.9999930830489452,True
A gap between Business Process Intelligence and redesign process,"Dhanapal Durai Dominic, P.",,unknown,0,False
Project IAAP: An Overview on Optimizing Business Process in Smart Enterprises,"D'Aloia, Matteo",Matteo,male,0.9999519863854803,True
Project IAAP: An Overview on Optimizing Business Process in Smart Enterprises,"Longo, Annalisa",Annalisa,female,0.9999981433795735,True
Project IAAP: An Overview on Optimizing Business Process in Smart Enterprises,"De Carlo, Francesca",Francesca,female,0.9999873243455307,True
Project IAAP: An Overview on Optimizing Business Process in Smart Enterprises,"De Leonardis, Pierpaolo",Pierpaolo,male,0.9999162476283487,True
Project IAAP: An Overview on Optimizing Business Process in Smart Enterprises,"Rizzi, Pasquale",Pasquale,male,0.9993346996131202,True
Project IAAP: An Overview on Optimizing Business Process in Smart Enterprises,"Rizzi, Maria",Maria,female,0.9999948398304921,True
Simulation standard for business process management,"Januszczak, John",John,male,0.9999985032120171,True
Simulation standard for business process management,"Hook, Geoff",Geoff,male,0.999994074472292,True
PAIS Access Control Model Characteristics Analysis,"Alissa, Khalid",Khalid,male,0.999949361127034,True
PAIS Access Control Model Characteristics Analysis,"Salim, Farzad",Farzad,male,0.9999794474204174,True
PAIS Access Control Model Characteristics Analysis,"Reid, Jason",Jason,male,0.9999930990838566,True
PAIS Access Control Model Characteristics Analysis,"Dawson, Ed",Ed,male,0.9999897031004125,True
A research on BPM system based on process knowledge,"Yaxiong, Tao",Tao,male,0.9969686446299408,True
A research on BPM system based on process knowledge,"Guoquan, Zhu",Zhu,male,0.735024676955168,False
A research on BPM system based on process knowledge,"Zhen, Xu",Xu,male,0.7337600554549282,False
A research on BPM system based on process knowledge,"Boqing, Liu",Liu,female,0.5773432113006706,False
MBPM supporting telecoms in Nigeria,"Juddoo, Suraj",Suraj,male,0.9998743790979578,True
MBPM supporting telecoms in Nigeria,"Oliver, Amah Okechukwu",Amah,unknown,0.532278663009037,False
Model for the improvement of processes using Lean techniques and BPM in SMEs,"Retamozo-Falcon, Gustavo",Gustavo,male,0.9999547032163499,True
Model for the improvement of processes using Lean techniques and BPM in SMEs,"Silva, Jaime",Jaime,male,0.8905736761864349,True
Model for the improvement of processes using Lean techniques and BPM in SMEs,"Mauricio, David",David,male,0.9999952928042082,True
Converting Clinical Pathways to BPM+ Standards: A Case Study in Stable Ischemic Heart Disease,"Chae, Junghoon",Junghoon,male,0.9997954863998607,True
Converting Clinical Pathways to BPM+ Standards: A Case Study in Stable Ischemic Heart Disease,"Park, Byung Hoon",Byung,male,0.9885872004756096,True
Converting Clinical Pathways to BPM+ Standards: A Case Study in Stable Ischemic Heart Disease,"Jones, Makoto",Makoto,male,0.999711951705154,True
Converting Clinical Pathways to BPM+ Standards: A Case Study in Stable Ischemic Heart Disease,"Ward, Merry",Merry,female,0.9998789684805778,True
Converting Clinical Pathways to BPM+ Standards: A Case Study in Stable Ischemic Heart Disease,"Nebeker, Jonathan",Jonathan,male,0.9999909314378428,True
Application of a BPM-Based Approach in the Redesign of the Academic Follow-up Process of a Public High School in Colombia,"Montes, Jorge A.",Jorge,male,0.9999507614101812,True
Application of a BPM-Based Approach in the Redesign of the Academic Follow-up Process of a Public High School in Colombia,"Giraldo, Fáber D.",Fáber,male,0.999405243113914,True
Architecture combining SOA and BPM,"Ge, Fuhua",Fuhua,female,0.9465334409313323,True
Architecture combining SOA and BPM,"Yao, Shaowen",Shaowen,male,0.8803378831204997,True
"Business management model to reduce the sales cycle in software development SMBs using BPM, CRM, and SCRUM","Tellez-Risco, Valeria",Valeria,female,0.9999950631122845,True
"Business management model to reduce the sales cycle in software development SMBs using BPM, CRM, and SCRUM","Vela-Linares, Juan Jose",Juan,male,0.9999978969254493,True
"Business management model to reduce the sales cycle in software development SMBs using BPM, CRM, and SCRUM","Quiroz-Flores, Juan Carlos",Juan,male,0.9999978969254493,True
"Business management model to reduce the sales cycle in software development SMBs using BPM, CRM, and SCRUM","Flores-Pérez, Alberto",Alberto,male,0.9998864566720463,True
A case study of BPM and KM integration: From process automation to knowledge intensive business processes,"Marjanovic, Olivera",Olivera,female,0.9982887231498666,True
SOA — BPM based information system for promoting agility of third party logistics,"ZhenHua, Wen",Wen,female,0.8707008596774066,True
SOA — BPM based information system for promoting agility of third party logistics,"Yousen, Huang",Huang,female,0.5549666842350425,False
SOA — BPM based information system for promoting agility of third party logistics,"ZiYun, Deng",Deng,male,0.990184585626534,True
SOA — BPM based information system for promoting agility of third party logistics,"Wei, Zhang",Zhang,female,0.5281584735254715,False
Towards Green Business Process Management: Concept and Implementation of an Artifact to Reduce the Energy Consumption of Business Processes,"Reiter, Markus",Markus,male,0.9999735872978276,True
Towards Green Business Process Management: Concept and Implementation of an Artifact to Reduce the Energy Consumption of Business Processes,"Fettke, Peter",Peter,male,0.9999580684529622,True
Towards Green Business Process Management: Concept and Implementation of an Artifact to Reduce the Energy Consumption of Business Processes,"Loos, Peter",Peter,male,0.9999580684529622,True
Analyzing Affordance of Business Process Management Techniques in Enterprise Resource Planning Implementation,"Permata Sukma, Berlyan",Berlyan,unknown,0.58307999632883,False
Analyzing Affordance of Business Process Management Techniques in Enterprise Resource Planning Implementation,"ER, Mahendrawathi",Mahendrawathi,unknown,0.5404087578547828,False
Cross-Functional Operations Modeling as a Nexus of Commitments: A New Approach for Improving Business Performance and Value-Creation,"Nandi, Prabir",Prabir,male,0.9988124177915064,True
Cross-Functional Operations Modeling as a Nexus of Commitments: A New Approach for Improving Business Performance and Value-Creation,"Sanz, Jorge",Jorge,male,0.9999507614101812,True
An Open S-BPM Runtime Environment Based on Abstract State Machines,"Lerchner, Harald",Harald,male,0.9999263057035207,True
An Open S-BPM Runtime Environment Based on Abstract State Machines,"Stary, Christian",Christian,male,0.9993987974523811,True
Business process management with FlowMark,"Leymann, F.",,unknown,0,False
Business process management with FlowMark,"Roller, D.",,unknown,0,False
ERP implementation critical success factors-the role and impact of business process management,"Jarrar, Y.F.",Y.F.,male,0.9715813634824398,True
ERP implementation critical success factors-the role and impact of business process management,"Al-Mudimigh, A.",,unknown,0,False
ERP implementation critical success factors-the role and impact of business process management,"Zairi, M.",,unknown,0,False
Towards Dynamic Interorganizational Business Process Management,"Grefen, Paul",Paul,male,0.999990342528266,True
Agile Business Process Management with Sense and Respond,"Schatten, Alexander",Alexander,male,0.9999914495946162,True
Agile Business Process Management with Sense and Respond,"Schiefer, Josef",Josef,male,0.9999977561192824,True
Process mining in business process management: Concepts and challenges,"Saylam, Rabia",Rabia,female,0.9999851565314367,True
Process mining in business process management: Concepts and challenges,"Sahingoz, Ozgur Koray",Ozgur,male,0.9990078616451216,True
Causality-based model checking in business process management tasks,"Sergii, Chalyi",Chalyi,unknown,0.5713619927108017,False
Causality-based model checking in business process management tasks,"Ihor, Levykin",Levykin,unknown,0.585420137975867,False
Causality-based model checking in business process management tasks,"Aleksandr, Petrychenko",Petrychenko,unknown,0.5493588077354514,False
Causality-based model checking in business process management tasks,"Ievgen, Bogatov",Bogatov,unknown,0.7221011416023163,False
Enterprise Architecture in University analyzing of implementation using business process management,"Ramadhan, Agriansyah",Agriansyah,unknown,0.5267676787906006,False
Enterprise Architecture in University analyzing of implementation using business process management,"Arman, Arry Akhmad",Arry,male,0.9875824699762261,True
Simulating the impact of business process management agents and human factors,"Mizutani, S.",,unknown,0,False
Simulating the impact of business process management agents and human factors,"Tarumi, H.",,unknown,0,False
Simulating the impact of business process management agents and human factors,"Kambayashi, Y.",,unknown,0,False
Competence-Based Language Expert Network for Translation Business Process Management,"Smirnov, Alexander",Alexander,male,0.9999914495946162,True
Competence-Based Language Expert Network for Translation Business Process Management,"Kashevnik, Alexey",Alexey,male,0.9998044665119401,True
Competence-Based Language Expert Network for Translation Business Process Management,"Petrov, Mikhail",Mikhail,male,0.9999529429120713,True
Competence-Based Language Expert Network for Translation Business Process Management,"Shilov, Nikolay",Nikolay,male,0.9999162559793521,True
Competence-Based Language Expert Network for Translation Business Process Management,"Schäfer, Tilman",Tilman,male,0.9999618923490302,True
Competence-Based Language Expert Network for Translation Business Process Management,"Jung, Thomas",Thomas,male,0.9999981017477207,True
Incorporating business process management into network and systems management,"Lewis, L.",,unknown,0,False
Incorporating business process management into network and systems management,"Frey, J.",,unknown,0,False
Product defect reduction through the use of business process management,"Bombardier, J.K.",J.K.,male,0.9935665010328809,True
Research on the security model for e-business process management,"Xin, Yu",Yu,female,0.8656251027956705,True
Research on the security model for e-business process management,"MingPing, Xia",Xia,female,0.9994599114648915,True
Research on the security model for e-business process management,"Yu, Bai",Bai,female,0.7337335185616186,False
Business process management with vague data,"Thomas, O.",,unknown,0,False
Business process management with vague data,"Adam, O.",,unknown,0,False
Business process management with vague data,"Seel, C.",,unknown,0,False
Notice of Retraction: Research on China's real estate enterprises business process management innovation,"Han, Guo-dong",Guo,male,0.9927823788737182,True
Project Management in the Website UX / UI Development: System-Oriented Analysis and Business Process Management Principles,"Lontsikh, Pawel A.",Pawel,male,0.9999801077458778,True
Project Management in the Website UX / UI Development: System-Oriented Analysis and Business Process Management Principles,"Koksharov, Andrey V.",Andrey,male,0.9994753017471417,True
Project Management in the Website UX / UI Development: System-Oriented Analysis and Business Process Management Principles,"Livshitz, Ilia I.",Ilia,female,0.7355633110002426,False
Project Management in the Website UX / UI Development: System-Oriented Analysis and Business Process Management Principles,"Lontsikh, Nataly P.",Nataly,female,0.9999867452926855,True
Project Management in the Website UX / UI Development: System-Oriented Analysis and Business Process Management Principles,"Gulov, Alexey E.",Alexey,male,0.9998044665119401,True
Technology for Multiplication and Analysis of Results Using Classes of Digital Twins in the Process of Designing Business Process Management Systems,"Stefanova-Stoyanova, Varbinka",Varbinka,unknown,0.7421393083063905,False
Technology for Multiplication and Analysis of Results Using Classes of Digital Twins in the Process of Designing Business Process Management Systems,"Stankov, Ivan",Ivan,male,0.9999776517681997,True
Technology for Multiplication and Analysis of Results Using Classes of Digital Twins in the Process of Designing Business Process Management Systems,"Danov, Petko",Petko,male,0.9944724506498938,True
Business Process Management for Startup in Indonesia,"Suroso, Jarot S.",Jarot,male,0.9943100867835397,True
Business Process Management for Startup in Indonesia,"Kaburuan, Emil R.",Emil,male,0.9999251045829872,True
Business Process Management for Startup in Indonesia,Kenneth,Kenneth,male,0.9994244548675503,True
Business Process Management for Startup in Indonesia,"Sulaeman, Eman",Eman,female,0.9337915817444571,True
Business Process Management for Startup in Indonesia,Riva,Riva,female,0.9998144825928432,True
Business process management in customer contact services,"Kondo, T.",,unknown,0,False
Business process management in customer contact services,"Nishiyama, T.",,unknown,0,False
Business process management in customer contact services,"Kato, H.",,unknown,0,False
Business process management systems,"Nori, A.",,unknown,0,False
Business process management-maintaining control in an environment of rapid change,"Thompson, R.J.",R.J.,male,0.9937616533671982,True
Business process management-maintaining control in an environment of rapid change,"Redstone, L.",,unknown,0,False
Business process management: A killer app for agents?,"Singh, M.P.",M.P.,male,0.8962049889414371,True
Business Process Management and Service Oriented Architecture Integration for Transactional Banking Application,"Muslimin, Firnando",Firnando,male,0.9939421373314776,True
Business Process Management and Service Oriented Architecture Integration for Transactional Banking Application,"Nurul Fajar, Ahmad",Ahmad,male,0.9999926458308085,True
Business Process Management and Service Oriented Architecture Integration for Transactional Banking Application,Meyliana,Meyliana,female,0.9973997127287632,True
Collaborative Business Process Modeling with CoMoMod - A Toolkit for Model Integration in Distributed Cooperation Environments,"Dollmann, Thorsten",Thorsten,male,0.9999697100379872,True
Collaborative Business Process Modeling with CoMoMod - A Toolkit for Model Integration in Distributed Cooperation Environments,"Houy, Constantin",Constantin,male,0.9998452155438584,True
Collaborative Business Process Modeling with CoMoMod - A Toolkit for Model Integration in Distributed Cooperation Environments,"Fettke, Peter",Peter,male,0.9999580684529622,True
Collaborative Business Process Modeling with CoMoMod - A Toolkit for Model Integration in Distributed Cooperation Environments,"Loos, Peter",Peter,male,0.9999580684529622,True
Business Process Automation in SMEs: A Systematic Literature Review,"Moreira, Silvia",Silvia,female,0.9999810313224872,True
Business Process Automation in SMEs: A Systematic Literature Review,"Mamede, Henrique S.",Henrique,male,0.9995494627339803,True
Business Process Automation in SMEs: A Systematic Literature Review,"Santos, Arnaldo",Arnaldo,male,0.9999128659073643,True
Towards Green Business Process Management,"Hoesch-Klohe, Konstantin",Konstantin,male,0.999857334029376,True
Towards Green Business Process Management,"Ghose, Aditya",Aditya,male,0.9930058833426924,True
Towards Green Business Process Management,"Le, Lam-Son",Lam,male,0.9880688424662691,True
An Evaluation of Service Integration Approaches of Business Process Management Systems,"Doedt, Markus",Markus,male,0.9999735872978276,True
An Evaluation of Service Integration Approaches of Business Process Management Systems,"Steffen, Bernhard",Bernhard,male,0.9999742564512356,True
A serious game based method for business process management,"Santorum, Marco",Marco,male,0.9998964214527616,True
RESTful business process management in the cloud,"Gambi, Alessio",Alessio,male,0.9999651092443104,True
RESTful business process management in the cloud,"Pautasso, Cesare",Cesare,male,0.9996423685346849,True
An Architecture for End-User Driven Business Process Management,"Stoitsev, Todor",Todor,male,0.9999963027530435,True
An Architecture for End-User Driven Business Process Management,"Scheidl, Stefan",Stefan,male,0.9999831604184807,True
Divergence Between Conceptual Business Process Management and its Practical Business Improvement Implementation: A Comparative Study,"Kavosi, Soren",Soren,male,0.9991765977608841,True
Divergence Between Conceptual Business Process Management and its Practical Business Improvement Implementation: A Comparative Study,"Hacks, Simon",Simon,male,0.9999853866925988,True
Divergence Between Conceptual Business Process Management and its Practical Business Improvement Implementation: A Comparative Study,"Lagertröm, Robert",Robert,male,0.9999776797436909,True
Secure business process management: a roadmap,"Neubauer, T.",,unknown,0,False
Secure business process management: a roadmap,"Klemen, M.",,unknown,0,False
Secure business process management: a roadmap,"Biffl, S.",,unknown,0,False
Frameworks for Secured Business Process Management Systems,"Kim, Haeng-Kon",Haeng,female,0.9746662910152722,True
Frameworks for Secured Business Process Management Systems,"Lee, Roger Y.",Roger,male,0.9999953459002401,True
Frameworks for Secured Business Process Management Systems,"Yang, Hae-Sool",Hae,female,0.9925012771477736,True
How public conversation management integrated with local business process management,"Chen, Qiming",Qiming,male,0.9048035153195675,True
How public conversation management integrated with local business process management,"Hsu, Meichun",Meichun,female,0.9664870429327544,True
How public conversation management integrated with local business process management,"Mehta, V.",,unknown,0,False
(Re-)Justifying BPM: A Quest for the Interaction Turn Reviewing Subject-Oriented BPM,"Fleischmann, Albert",Albert,male,0.9999213683449588,True
(Re-)Justifying BPM: A Quest for the Interaction Turn Reviewing Subject-Oriented BPM,"Schmidt, Werner",Werner,male,0.9999697709027106,True
(Re-)Justifying BPM: A Quest for the Interaction Turn Reviewing Subject-Oriented BPM,"Stary, Christian",Christian,male,0.9993987974523811,True
A set of indicators for BPM life cycle improvement,"Lamghari, Zineb",Zineb,female,0.9998311809485392,True
A set of indicators for BPM life cycle improvement,"Radgui, Maryam",Maryam,female,0.9998920168924817,True
A set of indicators for BPM life cycle improvement,"Saidi, Rajaa",Rajaa,female,0.9996716063046318,True
A set of indicators for BPM life cycle improvement,"Rahmani, Moulay Driss",Moulay,male,0.99945555959305,True
Risk-Aware Business Process Modeling and Simulation Using XML Nets,"Betz, Stefanie",Stefanie,female,0.999951936822069,True
Risk-Aware Business Process Modeling and Simulation Using XML Nets,"Hickl, Susan",Susan,female,0.99882862785003,True
Risk-Aware Business Process Modeling and Simulation Using XML Nets,"Oberweis, Andreas",Andreas,male,0.9999763395171621,True
Empowering business process users through a pragmatic approach: A case study,"Meziani, Rachid",Rachid,male,0.9999913462472123,True
Software Architecture Design of the Real- Time Processes Monitoring Platform,"Batyuk, Anatoliy",Anatoliy,male,0.9994340261510567,True
Software Architecture Design of the Real- Time Processes Monitoring Platform,"Voityshyn, Volodymyr",Volodymyr,male,0.9999106917829528,True
Software Architecture Design of the Real- Time Processes Monitoring Platform,"Verhun, Volodymyr",Volodymyr,male,0.9999106917829528,True
Towards Agent-Based Smart Factories: A Subject-Oriented Modeling Approach,"Kannengiesser, Udo",Udo,male,0.9993990197381508,True
Towards Agent-Based Smart Factories: A Subject-Oriented Modeling Approach,"Müller, Harald",Harald,male,0.9999263057035207,True
Automated decision-making with DMN: from decision trees to decision tables,"Etinger, D.",,unknown,0,False
Automated decision-making with DMN: from decision trees to decision tables,"Simić, S.D.",S.D.,male,0.9818474590917564,True
Automated decision-making with DMN: from decision trees to decision tables,"Buljubašić, L.",,unknown,0,False
Design service for OSS based on the SOA and TMForum NGOSS,"Ok, Kisang",Kisang,unknown,0.5248205860090774,False
Design service for OSS based on the SOA and TMForum NGOSS,"Hong, Daniel Wonkyu",Daniel,male,0.9999484956264236,True
Design service for OSS based on the SOA and TMForum NGOSS,"Chung, Byungdeok",Byungdeok,unknown,0.696968457553051,False
Conceptual modeling of complex events of the Internet of Things,"Seel, Christian",Christian,male,0.9993987974523811,True
Conceptual modeling of complex events of the Internet of Things,"Schimmelpfennig, Jens",Jens,male,0.9999725010363429,True
Conceptual modeling of complex events of the Internet of Things,"Mayer, Dirk",Dirk,male,0.9999427916159628,True
Conceptual modeling of complex events of the Internet of Things,"Walter, Philipp",Philipp,male,0.9999372005997167,True
An Approach to Construct IT Service Automatically,"Jun, Wen",Wen,female,0.8707008596774066,True
Semantic Framework to automatically generate process aware IoT,"Iman, Elkodssi",Elkodssi,unknown,0.5606742356157256,False
Semantic Framework to automatically generate process aware IoT,"Hanae, Sbai",Sbai,male,0.999126306894922,True
Semantic Framework to automatically generate process aware IoT,"Mustapha, Kabil",Kabil,male,0.9877731487624681,True
Critical business objects and its applications in designing performance management systems,"Aghdasi, M.",,unknown,0,False
Critical business objects and its applications in designing performance management systems,"Malihi, S. E.",,unknown,0,False
Critical business objects and its applications in designing performance management systems,"Asadi, Y.",,unknown,0,False
Critical business objects and its applications in designing performance management systems,"Ghadami, Sh.",Sh.,male,0.9828238330401697,True
Integration of an Ontological Information Security Concept in Risk Aware Business Process Management,"Goluch, Gernot",Gernot,male,0.9974161018352536,True
Integration of an Ontological Information Security Concept in Risk Aware Business Process Management,"Ekelhart, Andreas",Andreas,male,0.9999763395171621,True
Integration of an Ontological Information Security Concept in Risk Aware Business Process Management,"Fenz, Stefan",Stefan,male,0.9999831604184807,True
Integration of an Ontological Information Security Concept in Risk Aware Business Process Management,"Jakoubi, Stefan",Stefan,male,0.9999831604184807,True
Integration of an Ontological Information Security Concept in Risk Aware Business Process Management,"Tjoa, Simon",Simon,male,0.9999853866925988,True
Integration of an Ontological Information Security Concept in Risk Aware Business Process Management,Muck,Muck,male,0.9841802970978814,True
Integration of an Ontological Information Security Concept in Risk Aware Business Process Management,Thomas,Thomas,male,0.9999981017477207,True
Context-Aware BPM Using IoT-Integrated Context Ontologies and IoT-Enhanced Decision Models,"Song, Rongjia",Rongjia,unknown,0.5239890340315129,False
Context-Aware BPM Using IoT-Integrated Context Ontologies and IoT-Enhanced Decision Models,"Vanthienen, Jan",Jan,unknown,0.5504849119650672,False
Context-Aware BPM Using IoT-Integrated Context Ontologies and IoT-Enhanced Decision Models,"Cui, Weiping",Weiping,unknown,0.6944698644234264,False
Context-Aware BPM Using IoT-Integrated Context Ontologies and IoT-Enhanced Decision Models,"Wang, Ying",Ying,female,0.9976878084537152,True
Context-Aware BPM Using IoT-Integrated Context Ontologies and IoT-Enhanced Decision Models,"Huang, Lei",Lei,female,0.9773825880925103,True
Fulfilling Functional Demands of BPM in Long-tailed Change Environments,"Chen, Xi",Xi,unknown,0.6241046773770502,False
Fulfilling Functional Demands of BPM in Long-tailed Change Environments,"Cao, Hongmei",Hongmei,female,0.9821527729816286,True
Fulfilling Functional Demands of BPM in Long-tailed Change Environments,"Ye, Lin",Lin,female,0.9884401263971199,True
Fulfilling Functional Demands of BPM in Long-tailed Change Environments,"Zhang, Liang",Liang,male,0.9782482259488245,True
Identifying Requirements for Implementing ad-hoc Geo-references BPM,"Antunes, P.",,unknown,0,False
Identifying Requirements for Implementing ad-hoc Geo-references BPM,"Zurita, G.",,unknown,0,False
Identifying Requirements for Implementing ad-hoc Geo-references BPM,"Baloian, N.",,unknown,0,False
Requirements-based development of BPMN extensions: The case of clinical pathways,"Braun, Richard",Richard,male,0.9999944029565571,True
Requirements-based development of BPMN extensions: The case of clinical pathways,"Schlieter, Hannes",Hannes,male,0.9999500351801358,True
3-D semivectorial analysis to calculate facet reflectivities of semiconductor optical waveguides based on the bi-directional method of line BPM (MoL-BPM),"Kawano, K.",,unknown,0,False
3-D semivectorial analysis to calculate facet reflectivities of semiconductor optical waveguides based on the bi-directional method of line BPM (MoL-BPM),"Kitoh, T.",,unknown,0,False
3-D semivectorial analysis to calculate facet reflectivities of semiconductor optical waveguides based on the bi-directional method of line BPM (MoL-BPM),"Kohtoku, M.",,unknown,0,False
3-D semivectorial analysis to calculate facet reflectivities of semiconductor optical waveguides based on the bi-directional method of line BPM (MoL-BPM),"Takeshita, T.",,unknown,0,False
3-D semivectorial analysis to calculate facet reflectivities of semiconductor optical waveguides based on the bi-directional method of line BPM (MoL-BPM),"Hasumi, Y.",,unknown,0,False
A process warehouse based resource suitability evaluation method for business process improvement,"Sohail, Abid",Abid,male,0.9999930830489452,True
A process warehouse based resource suitability evaluation method for business process improvement,"Dominic, P.D.D.",P.D.D.,male,0.7046717600622775,False
A process warehouse based resource suitability evaluation method for business process improvement,"Shahzad, Khurram",Khurram,male,0.9999693299205058,True
Towards a model-based approach for developing and QA of online business processes,"Alhaj, Mohammad",Mohammad,male,0.9999978931239886,True
Towards a model-based approach for developing and QA of online business processes,"Mallur, Kavya",Kavya,female,0.9999683873113567,True
Towards a model-based approach for developing and QA of online business processes,"Stepien, Bernard",Bernard,male,0.9999727077977167,True
Towards a model-based approach for developing and QA of online business processes,"Peyton, Liam",Liam,male,0.9998655862005859,True
"Modeling, Executing and Monitoring IoT-Aware Processes with BPM Technology","Gallik, Florian",Florian,male,0.9999672042878258,True
"Modeling, Executing and Monitoring IoT-Aware Processes with BPM Technology","Kirikkayis, Yusuf",Yusuf,male,0.9999914998034448,True
"Modeling, Executing and Monitoring IoT-Aware Processes with BPM Technology","Reichert, Manfred",Manfred,male,0.9999883382145358,True
Priority-Based Event Management using Fuzzy Logic for an IoT-BPM Architecture,"Ismaili-Alaoui, Abir",Abir,male,0.9823777401248015,True
Priority-Based Event Management using Fuzzy Logic for an IoT-BPM Architecture,"Kasmi, Ouafae",Ouafae,female,0.987930368931771,True
Priority-Based Event Management using Fuzzy Logic for an IoT-BPM Architecture,"Baïna, Amine",Amine,male,0.9843178334572084,True
Priority-Based Event Management using Fuzzy Logic for an IoT-BPM Architecture,"Baïna, Karim",Karim,male,0.9982261835394265,True
Priority-Based Event Management using Fuzzy Logic for an IoT-BPM Architecture,"Benali, Khalid",Khalid,male,0.999949361127034,True
Priority-Based Event Management using Fuzzy Logic for an IoT-BPM Architecture,"Bellafkih, Mostafa",Mostafa,male,0.9991230690924089,True
Integrating Requirements and Business Process Models in BPM Projects,"Alves, Carina",Carina,female,0.9999987874599865,True
Integrating Requirements and Business Process Models in BPM Projects,"Valença, George",George,male,0.9999684085414767,True
Integrating Requirements and Business Process Models in BPM Projects,"Fraga, Gloria",Gloria,female,0.9999615769178094,True
Determining Process Model Precision and Generalization with Weighted Artificial Negative Events,"vanden Broucke, Seppe K. L. M.",Seppe,male,0.9843615460127191,True
Determining Process Model Precision and Generalization with Weighted Artificial Negative Events,"De Weerdt, Jochen",Jochen,male,0.999994958067544,True
Determining Process Model Precision and Generalization with Weighted Artificial Negative Events,"Vanthienen, Jan",Jan,unknown,0.5504849119650672,False
Determining Process Model Precision and Generalization with Weighted Artificial Negative Events,"Baesens, Bart",Bart,male,0.9998763825923659,True
Augmenting Business Process Model Elements With End-User Feedback,"Ahmed, Sanam",Sanam,female,0.9941194488957436,True
Augmenting Business Process Model Elements With End-User Feedback,"Shahzad, Khurram",Khurram,male,0.9999693299205058,True
A Modeling Approach for Business Processes Based on Variability,"Park, Joonseok",Joonseok,male,0.740024267037012,False
A Modeling Approach for Business Processes Based on Variability,"Yeom, Keunhyuk",Keunhyuk,male,0.702166961639628,False
Business Process Reengineering and an Omnichannel e-Commerce System Implementation for the Online Stores of a Pet Supply Company in Indonesia,"Limois, Steven",Steven,male,0.9999938645828961,True
Business Process Reengineering and an Omnichannel e-Commerce System Implementation for the Online Stores of a Pet Supply Company in Indonesia,"Ce, Win",Win,male,0.9916965218662273,True
Propagation Study of Y-Junction Optical Splitter Using BPM,"Raghuwanshi, S.K.",S.K.,male,0.9000934376084433,True
Propagation Study of Y-Junction Optical Splitter Using BPM,"Kumar, V.",,unknown,0,False
Propagation Study of Y-Junction Optical Splitter Using BPM,"Chack, Devendra",Devendra,male,0.9976766849762844,True
Propagation Study of Y-Junction Optical Splitter Using BPM,"Kumar, Santosh",Santosh,male,0.9867532311931414,True
Transverse-Magnetic BPM Analysis of a Step-Index Slab Waveguide Expressed by a Sigmoid Function,"Yamauchi, Junji",Junji,male,0.9976175762059468,True
Transverse-Magnetic BPM Analysis of a Step-Index Slab Waveguide Expressed by a Sigmoid Function,"Shimada, Naoya",Naoya,male,0.9937351778173821,True
Transverse-Magnetic BPM Analysis of a Step-Index Slab Waveguide Expressed by a Sigmoid Function,"Nito, Yuta",Yuta,male,0.9894963162573843,True
Transverse-Magnetic BPM Analysis of a Step-Index Slab Waveguide Expressed by a Sigmoid Function,"Nakano, Hisamatsu",Hisamatsu,female,0.5239129542152096,False
Turbo Equalization Effect for Nonbinary LDPC Code in BPM R/W Channel,"Nakamura, Yasuaki",Yasuaki,male,0.9995020415483576,True
Turbo Equalization Effect for Nonbinary LDPC Code in BPM R/W Channel,"Bandai, Yasuhisa",Yasuhisa,male,0.985281732475753,True
Turbo Equalization Effect for Nonbinary LDPC Code in BPM R/W Channel,"Okamoto, Yoshihiro",Yoshihiro,male,0.9999454986202083,True
Turbo Equalization Effect for Nonbinary LDPC Code in BPM R/W Channel,"Osawa, Hisashi",Hisashi,male,0.9997483728014077,True
Turbo Equalization Effect for Nonbinary LDPC Code in BPM R/W Channel,"Aoi, Hajime",Hajime,male,0.9995821127753199,True
Turbo Equalization Effect for Nonbinary LDPC Code in BPM R/W Channel,"Muraoka, Hiroaki",Hiroaki,male,0.999687248587225,True
A Study on Nonbinary LDPC Coding and Iterative Decoding System in BPM R/W Channel,"Nakamura, Yasuaki",Yasuaki,male,0.9995020415483576,True
A Study on Nonbinary LDPC Coding and Iterative Decoding System in BPM R/W Channel,"Bandai, Yasuhisa",Yasuhisa,male,0.985281732475753,True
A Study on Nonbinary LDPC Coding and Iterative Decoding System in BPM R/W Channel,"Okamoto, Yoshihiro",Yoshihiro,male,0.9999454986202083,True
A Study on Nonbinary LDPC Coding and Iterative Decoding System in BPM R/W Channel,"Osawa, Hisashi",Hisashi,male,0.9997483728014077,True
A Study on Nonbinary LDPC Coding and Iterative Decoding System in BPM R/W Channel,"Aoi, Hajime",Hajime,male,0.9995821127753199,True
A Study on Nonbinary LDPC Coding and Iterative Decoding System in BPM R/W Channel,"Muraoka, Hiroaki",Hiroaki,male,0.999687248587225,True
Mobile IoT device for BPM monitoring people with heart problems,"Chuquimarca, Luis",Luis,male,0.9999544636263329,True
Mobile IoT device for BPM monitoring people with heart problems,"Roca, Dahyana",Dahyana,female,0.9997494729947172,True
Mobile IoT device for BPM monitoring people with heart problems,"Torres, Washington",Washington,male,0.9999700601888087,True
Mobile IoT device for BPM monitoring people with heart problems,"Amaya, Luis",Luis,male,0.9999544636263329,True
Mobile IoT device for BPM monitoring people with heart problems,"Orozco, Jaime",Jaime,male,0.8905736761864349,True
Mobile IoT device for BPM monitoring people with heart problems,"Sánchez, David",David,male,0.9999952928042082,True
Phase-based Doppler Disambiguation in TDM and BPM MIMO FMCW Radars,"Liu, Chen",Chen,male,0.8803324700638614,True
Phase-based Doppler Disambiguation in TDM and BPM MIMO FMCW Radars,"Gonzalez, Hector A.",Hector,male,0.9999921962844164,True
Phase-based Doppler Disambiguation in TDM and BPM MIMO FMCW Radars,"Vogginger, Bernhard",Bernhard,male,0.9999742564512356,True
Phase-based Doppler Disambiguation in TDM and BPM MIMO FMCW Radars,"Mayr, Christian G.",Christian,male,0.9993987974523811,True
The BPM Architecture Based on Cloud Computing,"Jiang, Jiulei",Jiulei,male,0.5892785835437975,False
The BPM Architecture Based on Cloud Computing,"Le, Jiajin",Jiajin,male,0.9559123955525933,True
The BPM Architecture Based on Cloud Computing,"Wang, Yan",Yan,unknown,0.5336648310743305,False
The BPM Architecture Based on Cloud Computing,"Sun, Jie",Jie,male,0.5239159993068604,False
The BPM Architecture Based on Cloud Computing,"He, Feng",Feng,male,0.9830753668861625,True
Simplified Algorithms for the Full-Vectorial ADI-BPM Using a Fundamental Scheme,"Shibayama, Jun",Jun,male,0.9972113548054844,True
Simplified Algorithms for the Full-Vectorial ADI-BPM Using a Fundamental Scheme,"Yokomizo, Akio",Akio,male,0.999901469674112,True
Simplified Algorithms for the Full-Vectorial ADI-BPM Using a Fundamental Scheme,"Yamauchi, Junji",Junji,male,0.9976175762059468,True
Simplified Algorithms for the Full-Vectorial ADI-BPM Using a Fundamental Scheme,"Nakano, Hisamatsu",Hisamatsu,female,0.5239129542152096,False
Influence of wall insulation material in BPM synchronous servomotor,"Sá, Helder",Helder,male,0.9999689379099914,True
Influence of wall insulation material in BPM synchronous servomotor,"Hosny, W M",W,unknown,0.5626537914412634,False
Influence of wall insulation material in BPM synchronous servomotor,"Dodds, S J",S,male,0.5264568109047335,False
Influence of wall insulation material in BPM synchronous servomotor,"Staton, D A",D,unknown,0.5481726222433934,False
BPM Model of GQIMP for ISO 9001:2008 Supported by CASE Tools,"Montini, Denis Avila",Denis,male,0.9965813436278006,True
BPM Model of GQIMP for ISO 9001:2008 Supported by CASE Tools,"Matuck, Gustavo Ravanhani",Gustavo,male,0.9999547032163499,True
BPM Model of GQIMP for ISO 9001:2008 Supported by CASE Tools,"Cunha, Adilson Marques da",Adilson,male,0.9999629895671199,True
BPM Model of GQIMP for ISO 9001:2008 Supported by CASE Tools,"Dias, Luiz Alberto Vieira",Luiz,male,0.9996898239467037,True
BPM Model of GQIMP for ISO 9001:2008 Supported by CASE Tools,"Isaac, Massimo Jorge",Massimo,male,0.9998962669439312,True
Suitability of BPM Simulation for Silicon Photonics,"Xu, Chenglin",Chenglin,male,0.9710350146614483,True
Suitability of BPM Simulation for Silicon Photonics,"Heller, Evan",Evan,male,0.9999798906773547,True
Suitability of BPM Simulation for Silicon Photonics,"Bahl, Mayank",Mayank,male,0.999702861482306,True
Suitability of BPM Simulation for Silicon Photonics,"Scarmozzino, Rob",Rob,male,0.9999922862201587,True
Suitability of BPM Simulation for Silicon Photonics,"Ku, Kai-Ning",Kai,male,0.9819597256365221,True
Suitability of BPM Simulation for Silicon Photonics,"Zhou, Ying",Ying,female,0.9976878084537152,True
Suitability of BPM Simulation for Silicon Photonics,"Su, Tungyu",Tungyu,unknown,0.5420550363714403,False
Suitability of BPM Simulation for Silicon Photonics,"Chang, Po-Chih",Po,male,0.9930066795983815,True
Suitability of BPM Simulation for Silicon Photonics,"Lin, Chen-Yu",Chen,male,0.8803324700638614,True
Suitability of BPM Simulation for Silicon Photonics,"Chen, Shang-Chun",Shang,male,0.983408490858732,True
Suitability of BPM Simulation for Silicon Photonics,"Wang, Chih-Lin",Chih,male,0.9915499599674159,True
Suitability of BPM Simulation for Silicon Photonics,"Lin, Chien-Chung",Chien,male,0.9915046944471986,True
The Model of BPM Based on Six Sigma and Its Application on Material Delivery of Discrete Manufacturing Enterprise,"Zhang, Chenglei",Chenglei,male,0.9046651870891789,True
The Model of BPM Based on Six Sigma and Its Application on Material Delivery of Discrete Manufacturing Enterprise,"Liu, Hongjun",Hongjun,male,0.9938693933421041,True
The Model of BPM Based on Six Sigma and Its Application on Material Delivery of Discrete Manufacturing Enterprise,"Zheng, Junjia",Junjia,male,0.9804019099788921,True
"Inventory management model based on Demand Forecasting, 5S, BPM and Max-Min to improve turnover in commercial enterprises","García-Chávez, Gloria Isabel",Gloria,female,0.9999615769178094,True
"Inventory management model based on Demand Forecasting, 5S, BPM and Max-Min to improve turnover in commercial enterprises","del Rosario Carmelo-Mendieta, Vanessa",Vanessa,female,0.9999939452932908,True
"Inventory management model based on Demand Forecasting, 5S, BPM and Max-Min to improve turnover in commercial enterprises","Collao-Díaz, Martin Fidel",Martin,male,0.9998539477569732,True
"Inventory management model based on Demand Forecasting, 5S, BPM and Max-Min to improve turnover in commercial enterprises","Quiroz-Flores, Juan Carlos",Juan,male,0.9999978969254493,True
A development of order processing system: BPMN model,"Wongwatkit, Charoenchai",Charoenchai,male,0.998526712992251,True
A Smart Contract Architecture Framework for Insurance Industry Using Blockchain and Business Process Management Technology,"Rachad, Abdelhadi",Abdelhadi,male,0.9999503934140778,True
A Smart Contract Architecture Framework for Insurance Industry Using Blockchain and Business Process Management Technology,"Gaiz, Lotfi",Lotfi,male,0.9956324800039391,True
A Smart Contract Architecture Framework for Insurance Industry Using Blockchain and Business Process Management Technology,"Bouragba, Khalid",Khalid,male,0.999949361127034,True
A Smart Contract Architecture Framework for Insurance Industry Using Blockchain and Business Process Management Technology,"Ouzzif, Mohammed",Mohammed,male,0.99999732840862,True
A Review on Business Process Management System Design: The Role of Virtualization and Work Design,"Bartlett, Luke",Luke,male,0.9995658504409994,True
A Review on Business Process Management System Design: The Role of Virtualization and Work Design,"Kabir, Muhammad Ashad",Muhammad,male,0.9999971836173159,True
A Review on Business Process Management System Design: The Role of Virtualization and Work Design,"Han, Jun",Jun,male,0.9972113548054844,True
Production Planning Business Process Automation Using BPM Tools,"Kozma, Nina",Nina,female,0.9999980527143458,True
Production Planning Business Process Automation Using BPM Tools,"Dakić, Dušanka",Dušanka,female,0.9997265974136391,True
Production Planning Business Process Automation Using BPM Tools,"Stefanović, Darko",Darko,male,0.9998581654231122,True
Production Planning Business Process Automation Using BPM Tools,"Vučković, Teodora",Teodora,female,0.9999710978798658,True
Production Planning Business Process Automation Using BPM Tools,"Janković, Marina",Marina,female,0.9999894884765053,True
A resource state-based business process control mechanism for BPM,"Huang, Shuai",Shuai,male,0.9935429934772635,True
A resource state-based business process control mechanism for BPM,"Cai, Hongming",Hongming,male,0.9391859751901778,True
A resource state-based business process control mechanism for BPM,"Xu, Boyi",Boyi,unknown,0.6950953205018208,False
Requirements engineering process improvement: Analyzing the organizational culture impact and implementing an empirical study to evaluate the benefits of improvement,"Jung, Jiyoung",Jiyoung,female,0.9985008779623784,True
Requirements engineering process improvement: Analyzing the organizational culture impact and implementing an empirical study to evaluate the benefits of improvement,"Lee, Sanghee",Sanghee,female,0.9926724328324159,True
Requirements engineering process improvement: Analyzing the organizational culture impact and implementing an empirical study to evaluate the benefits of improvement,"Choi, Sangho",Sangho,male,0.9942736847702403,True
Requirements engineering process improvement: Analyzing the organizational culture impact and implementing an empirical study to evaluate the benefits of improvement,"Lee, Seok-Won",Seok,male,0.9838222712496217,True
The Evolution of Business Process Management: A Bibliometric Analysis,"Lizano-Mora, Henry",Henry,male,0.9996441999204112,True
The Evolution of Business Process Management: A Bibliometric Analysis,"Palos-Sánchez, Pedro R.",Pedro,male,0.9999821167297533,True
The Evolution of Business Process Management: A Bibliometric Analysis,"Aguayo-Camacho, Mariano",Mariano,male,0.9994285303002071,True
Organizational Agility Key Factors for Dynamic Business Process Management,"Triaa, Wafa",Wafa,female,0.9983330009776634,True
Organizational Agility Key Factors for Dynamic Business Process Management,"Gzara, Lilia",Lilia,female,0.9999984571012559,True
Organizational Agility Key Factors for Dynamic Business Process Management,"Verjus, Hervé",Hervé,male,0.9909853703451528,True
WiseWare: A Device-to-Device-Based Business Process Management System for Industrial Internet of Things,"Mass, Jakob",Jakob,male,0.9999964001487215,True
WiseWare: A Device-to-Device-Based Business Process Management System for Industrial Internet of Things,"Chang, Chii",Chii,female,0.9464263329704334,True
WiseWare: A Device-to-Device-Based Business Process Management System for Industrial Internet of Things,"Srirama, Satish Narayana",Satish,male,0.9981258016553592,True
Industrial Business Process Management Using Adonis Towards a Modular Business Process Modelling Method for Zero-Defect-Manufacturing,"Utz, Wilfrid",Wilfrid,male,0.9999871008153696,True
Industrial Business Process Management Using Adonis Towards a Modular Business Process Modelling Method for Zero-Defect-Manufacturing,"Lee, Moonkun",Moonkun,unknown,0.7149408146814741,False
Collaborative Cross-Organizational BPM – Case Study Hutchison 3G,"Karle, Thomas",Thomas,male,0.9999981017477207,True
Collaborative Cross-Organizational BPM – Case Study Hutchison 3G,"Teichenthaler, Kurt",Kurt,male,0.9999499590383706,True
Leveraging business process management through complex event processing for RFID and sensor networks,"Rosales, Pablo",Pablo,male,0.9999522824750242,True
Leveraging business process management through complex event processing for RFID and sensor networks,"Oh, Kyuhyup",Kyuhyup,unknown,0.6863370477525581,False
Leveraging business process management through complex event processing for RFID and sensor networks,"Kim, Kyuri",Kyuri,female,0.9883301456192968,True
Leveraging business process management through complex event processing for RFID and sensor networks,"Jung, Jae-Yoon",Jae,male,0.9756125269782338,True
Business Process Management System Modernization Using Neural Technologies,"Lontsikh, Pawel A.",Pawel,male,0.9999801077458778,True
Business Process Management System Modernization Using Neural Technologies,"Livshitz, Ilia I.",Ilia,female,0.7355633110002426,False
Business Process Management System Modernization Using Neural Technologies,"Rodionov, Nikita S.",Nikita,female,0.9992518262057071,True
Business Process Management System Modernization Using Neural Technologies,"Tatarnikova, Lyudmila I.",Lyudmila,female,0.9999835794237751,True
Simulation standard for business process management,"Jain, S.",,unknown,0,False
Simulation standard for business process management,"Creasey, R. R.",,unknown,0,False
Business Process Management System Implementation Model for Improving Employee Performance,"Juwitasary, Hanny",Hanny,female,0.9990378238704711,True
Business Process Management System Implementation Model for Improving Employee Performance,"Christian, Lay",Lay,female,0.8262499660178052,True
Business Process Management System Implementation Model for Improving Employee Performance,"Putra, Edi Purnomo",Edi,male,0.9891874176673833,True
Business Process Management System Implementation Model for Improving Employee Performance,Fifilia,Fifilia,female,0.9997419692958963,True
Business Process Management System Implementation Model for Improving Employee Performance,"Sardjono, Wahyu",Wahyu,male,0.9709450395153938,True
Design and implementation of a data-oriented business process management system,"Liu, Yue",Yue,female,0.9695755877908074,True
Design and implementation of a data-oriented business process management system,"Zhao, Shuai",Shuai,male,0.9935429934772635,True
Design and implementation of a data-oriented business process management system,"Wu, Budan",Budan,male,0.9838465107323487,True
Design and implementation of a data-oriented business process management system,"Cheng, Bo",Bo,male,0.9936897842165783,True
Design and implementation of a data-oriented business process management system,"Zhang, Dalin",Dalin,male,0.986383646168296,True
Technical assistance to school network using BPM,"Barreto, Sónia",Sónia,female,0.9996638663173425,True
Technical assistance to school network using BPM,"Silva, Joaquim",Joaquim,male,0.9999847193699697,True
Technical assistance to school network using BPM,"Lopes, Nuno",Nuno,male,0.9999005263364984,True
Technical assistance to school network using BPM,"Ribeiro, Oscar",Oscar,male,0.9999898920259033,True
Technical assistance to school network using BPM,"Mariz, Cândido",Cândido,male,0.9939967901105359,True
"SOA, BPM and Cloud Computing: Connected for innovation in higher education","Mircea, Marinela",Marinela,female,0.9999987002228896,True
A reference model for risk-aware business process management,"Jakoubi, Stefan",Stefan,male,0.9999831604184807,True
A reference model for risk-aware business process management,"Tjoa, Simon",Simon,male,0.9999853866925988,True
Integrating Real-time Analytics and Situational Awareness into Business Process Management,"Zhao, Xiaohui",Xiaohui,female,0.8933139697047824,True
Research on Business Process Management Framework Based on BPEL,"Ziqiang, Zhai",Zhai,unknown,0.7365044787133468,False
Research on Business Process Management Framework Based on BPEL,"Hong, Chen",Chen,male,0.8803324700638614,True
Challenges of Social Business Process Management,"Pflanzl, Nicolas",Nicolas,male,0.9999785911728513,True
Challenges of Social Business Process Management,"Vossen, Gottfried",Gottfried,male,0.9999714706060201,True
Subject-Oriented BPM = Socially Executable BPM,"Fleischmann, Albert",Albert,male,0.9999213683449588,True
Subject-Oriented BPM = Socially Executable BPM,"Schmidt, Werner",Werner,male,0.9999697709027106,True
Subject-Oriented BPM = Socially Executable BPM,"Stary, Christian",Christian,male,0.9993987974523811,True
Context-Sensitive Collaboration in Service Processes through the Integration of Telecommunication Technology and Business Process Management,"Reiter, Markus",Markus,male,0.9999735872978276,True
Context-Sensitive Collaboration in Service Processes through the Integration of Telecommunication Technology and Business Process Management,"Houy, Constantin",Constantin,male,0.9998452155438584,True
Context-Sensitive Collaboration in Service Processes through the Integration of Telecommunication Technology and Business Process Management,"Fettke, Peter",Peter,male,0.9999580684529622,True
Context-Sensitive Collaboration in Service Processes through the Integration of Telecommunication Technology and Business Process Management,"Loos, Peter",Peter,male,0.9999580684529622,True
Business Process Management in Digital and Software Ecosystems: A Systematic Mapping Study,"Afonso, Anderson Tavares Queiroz",Anderson,male,0.9998133282336189,True
Business Process Management in Digital and Software Ecosystems: A Systematic Mapping Study,"Chueri, Luciana Vilanova",Luciana,female,0.9999982762772255,True
Business Process Management in Digital and Software Ecosystems: A Systematic Mapping Study,"Santos, Rodrigo Pereira dos",Rodrigo,male,0.9999878411566193,True
Identifying Use Cases for Large Language Models in the Business Process Management Lifecycle,"Bennoit, Christian",Christian,male,0.9993987974523811,True
Identifying Use Cases for Large Language Models in the Business Process Management Lifecycle,"Greff, Tobias",Tobias,male,0.9999755650213412,True
Identifying Use Cases for Large Language Models in the Business Process Management Lifecycle,"Baum, Deborah",Deborah,female,0.9992934188934005,True
Identifying Use Cases for Large Language Models in the Business Process Management Lifecycle,"Bajwa, Imran Abdullah",Imran,male,0.9991398072144694,True
A research on flexible business process management system based on knowledge base and semantic web services,"Luo, Wen-wen",Wen,female,0.8707008596774066,True
A research on flexible business process management system based on knowledge base and semantic web services,"Chen, Xing-yu",Xing,unknown,0.5819416104975603,False
Dynamic Business Process Management Based on Process Change Patterns,"Kim, Dongsoo",Dongsoo,male,0.9997127631272084,True
Dynamic Business Process Management Based on Process Change Patterns,"Kim, Minsoo",Minsoo,male,0.9844713311846426,True
Dynamic Business Process Management Based on Process Change Patterns,"Kim, Hoontae",Hoontae,unknown,0.604941901942889,False
IOT Computation Integration into Business Process Management,"Nrip, Nripesh Kumar",Nripesh,male,0.9918161792385999,True
IOT Computation Integration into Business Process Management,"Abhishek Kadam, Manjushri",Manjushri,female,0.9613903588000398,True
IOT Computation Integration into Business Process Management,"Memon, Shabana Abdulkhaliq",Shabana,female,0.9999958989303704,True
IOT Computation Integration into Business Process Management,"Vasantrao Desai, Vaibhava",Vaibhava,male,0.9847326689788743,True
IOT Computation Integration into Business Process Management,"Jadhav, Rajendra Dattu",Rajendra,male,0.999107280029512,True
Business Process Management and Service-Oriented Architecture Implementation for Root Cause Identification on Monitoring Tools at XYZ Company,"Maulana, Furqan",Furqan,male,0.9999616741948711,True
Business Process Management and Service-Oriented Architecture Implementation for Root Cause Identification on Monitoring Tools at XYZ Company,"Fakhrurroja, Hanif",Hanif,male,0.9996049708572634,True
Business Process Management and Service-Oriented Architecture Implementation for Root Cause Identification on Monitoring Tools at XYZ Company,"Lubis, Muharman",Muharman,male,0.99964816133824,True
Negotiating agents for corporate-wide business process management,"Jennings, N.",,unknown,0,False
Applying Social Software for BPM Life Cycle: Systematic Literature Review,"Kusuma Wardhani, Shinta Amalia",Shinta,female,0.9962833715853286,True
Applying Social Software for BPM Life Cycle: Systematic Literature Review,"Mahendrawathi, ER",ER,male,0.9818305834795031,True
Analysis of the importance of business process management depending on the organization structure and culture,"Chmielarz, Witold",Witold,male,0.999973414620794,True
Analysis of the importance of business process management depending on the organization structure and culture,"Zborowski, Marek",Marek,male,0.9999483104588682,True
Analysis of the importance of business process management depending on the organization structure and culture,"Biernikowicz, Aneta",Aneta,female,0.9999974642645675,True
The S-BPM Architecture: A Framework for Multi-agent Systems,"Raß, Stefan",Stefan,male,0.9999831604184807,True
The S-BPM Architecture: A Framework for Multi-agent Systems,"Kotremba, Johannes",Johannes,male,0.9999887278356387,True
The S-BPM Architecture: A Framework for Multi-agent Systems,"Singer, Robert",Robert,male,0.9999776797436909,True
A Dynamic Capability-Based Framework for Business Process Management: Theorizing and Empirical Application,"Ortbach, Kevin",Kevin,male,0.9999799402805698,True
A Dynamic Capability-Based Framework for Business Process Management: Theorizing and Empirical Application,"Plattfaut, Ralf",Ralf,male,0.9999738177966511,True
A Dynamic Capability-Based Framework for Business Process Management: Theorizing and Empirical Application,"Poppelbuß, Jens",Jens,male,0.9999725010363429,True
A Dynamic Capability-Based Framework for Business Process Management: Theorizing and Empirical Application,"Niehaves, Bjorn",Bjorn,male,0.9999919347104388,True
ProcessGPT: Transforming Business Process Management with Generative Artificial Intelligence,"Beheshti, Amin",Amin,male,0.999758654462319,True
ProcessGPT: Transforming Business Process Management with Generative Artificial Intelligence,"Yang, Jian",Jian,male,0.9975103869595472,True
ProcessGPT: Transforming Business Process Management with Generative Artificial Intelligence,"Sheng, Quan Z.",Quan,male,0.9995387827701403,True
ProcessGPT: Transforming Business Process Management with Generative Artificial Intelligence,"Benatallah, Boualem",Boualem,male,0.9984720819877133,True
ProcessGPT: Transforming Business Process Management with Generative Artificial Intelligence,"Casati, Fabio",Fabio,male,0.9999554817772992,True
ProcessGPT: Transforming Business Process Management with Generative Artificial Intelligence,"Dustdar, Schahram",Schahram,unknown,0.7299774829155605,False
ProcessGPT: Transforming Business Process Management with Generative Artificial Intelligence,"Nezhad, Hamid Reza Motahari",Hamid,male,0.9999253565264725,True
ProcessGPT: Transforming Business Process Management with Generative Artificial Intelligence,"Zhang, Xuyun",Xuyun,unknown,0.548003473546017,False
ProcessGPT: Transforming Business Process Management with Generative Artificial Intelligence,"Xue, Shan",Shan,male,0.8228304606401131,True
The Architecture of a Secure Business-Process-Management System in Service-Oriented Environments,"Muller, Jens",Jens,male,0.9999725010363429,True
The Architecture of a Secure Business-Process-Management System in Service-Oriented Environments,"Bohm, Klemens",Klemens,male,0.9937719503158381,True
Evaluating non-functional aspects of business process management systems,"Delgado, Andrea",Andrea,female,0.9990642945711071,True
Evaluating non-functional aspects of business process management systems,"Calegari, Daniel",Daniel,male,0.9999484956264236,True
Applicability of Process Viewing Patterns in Business Process Management,"Schumm, David",David,male,0.9999952928042082,True
Applicability of Process Viewing Patterns in Business Process Management,"Anstett, Tobias",Tobias,male,0.9999755650213412,True
Applicability of Process Viewing Patterns in Business Process Management,"Leymann, Frank",Frank,male,0.999947578866658,True
Applicability of Process Viewing Patterns in Business Process Management,"Schleicher, Daniel",Daniel,male,0.9999484956264236,True
Democratizing Business Process Management: Empowering Process Participants to Contribute to the Enactment of Business Processes,"Meyer, Nils",Nils,male,0.999609305827729,True
Democratizing Business Process Management: Empowering Process Participants to Contribute to the Enactment of Business Processes,"Schiffner, Stephan",Stephan,male,0.9999887311827451,True
Knowledge-based Flexible Business Process Management,"Tao, Yaxiong",Yaxiong,male,0.9279846188007259,True
Knowledge-based Flexible Business Process Management,"Wang, Jian",Jian,male,0.9975103869595472,True
Knowledge-based Flexible Business Process Management,"Wang, Xin",Xin,female,0.7003246185087639,False
Knowledge-based Flexible Business Process Management,"He, Datong",Datong,male,0.9082838928441187,True
Knowledge-based Flexible Business Process Management,"Yang, Shuxin",Shuxin,female,0.8354530675381602,True
An Approach for Process Variability Control in Business Process Management,"Yao, Qing",Qing,female,0.9896115846174542,True
An Approach for Process Variability Control in Business Process Management,"Sun, Yuqing",Yuqing,female,0.9836535101793734,True
Towards a BPM (N)-based technique for the assessment of the business excellence framework criteria,"de Petris, Felipe Mayer-Rechnitz",Felipe,male,0.9992350889370495,True
Towards a BPM (N)-based technique for the assessment of the business excellence framework criteria,"Hitpass, Bernhard",Bernhard,male,0.9999742564512356,True
Process-Service Interactions Using a SOA-BPM-Based Methodology,"Patricia, Bazán",Bazán,male,0.9838077524275733,True
Process-Service Interactions Using a SOA-BPM-Based Methodology,"Perez, Gabriela",Gabriela,female,0.9999942912800749,True
Process-Service Interactions Using a SOA-BPM-Based Methodology,"Giandini, Roxana",Roxana,female,0.9999876434582177,True
Process-Service Interactions Using a SOA-BPM-Based Methodology,"Diaz, Javier",Javier,male,0.9999768372268597,True
Semantic Business Process Representation to Enhance the Degree of BPM Mechanization - An Ontology,"Fanesi, Diego",Diego,male,0.9999727834593694,True
Semantic Business Process Representation to Enhance the Degree of BPM Mechanization - An Ontology,"Cacciagrano, Diletta Romana",Diletta,female,0.9998654369073892,True
Semantic Business Process Representation to Enhance the Degree of BPM Mechanization - An Ontology,"Hinkelmann, Knut",Knut,male,0.9999243739652264,True
Integration of workflow and agent technology for business process management,"Yan, Yuhong",Yuhong,female,0.9258440414321705,True
Integration of workflow and agent technology for business process management,"Maamar, Z.",,unknown,0,False
Integration of workflow and agent technology for business process management,"Shen, Weiming",Weiming,male,0.972155460970355,True
Towards on business process management on small-to medium enterprises in the emerging economies,"Bazhenova, Ekaterina",Ekaterina,female,0.9999977076002395,True
Towards on business process management on small-to medium enterprises in the emerging economies,"Taratukhin, Victor",Victor,male,0.9999862345379419,True
Towards on business process management on small-to medium enterprises in the emerging economies,"Becker, Jörg",Jörg,male,0.9995939947892971,True
Industry trends in business process management: getting ready for prime time,"Casati, F.",,unknown,0,False
Towards business alignment of IT services in universities: Challenges in elicitations of requirements for IT services,"Erfurth, Christian",Christian,male,0.9993987974523811,True
Towards business alignment of IT services in universities: Challenges in elicitations of requirements for IT services,"Erfurth, Ivonne",Ivonne,female,0.9999841164827802,True
Subject-Oriented Modeling and Execution of Multi-agent Business Processes,"Fleischmann, Albert",Albert,male,0.9999213683449588,True
Subject-Oriented Modeling and Execution of Multi-agent Business Processes,"Kannengiesser, Udo",Udo,male,0.9993990197381508,True
Subject-Oriented Modeling and Execution of Multi-agent Business Processes,"Schmidt, Werner",Werner,male,0.9999697709027106,True
Subject-Oriented Modeling and Execution of Multi-agent Business Processes,"Stary, Christian",Christian,male,0.9993987974523811,True
A Model-Driven BPM Approach for SOA Mediation Information System Design in a Collaborative Context,"Mu, Wenxin",Wenxin,unknown,0.6930061713772477,False
A Model-Driven BPM Approach for SOA Mediation Information System Design in a Collaborative Context,"Bénaben, Frederick",Frederick,male,0.999942547328335,True
A Model-Driven BPM Approach for SOA Mediation Information System Design in a Collaborative Context,"Pingaud, Herve",Herve,male,0.9993841703992203,True
A Model-Driven BPM Approach for SOA Mediation Information System Design in a Collaborative Context,"Boissel-Dallier, Nicolas",Nicolas,male,0.9999785911728513,True
A Model-Driven BPM Approach for SOA Mediation Information System Design in a Collaborative Context,"Lorré, Jean-Pierre",Jean,female,0.6637228001271365,False
NpuESB: A BPM Environment Based on Enterprise Service Bus,"Fu, Ning",Ning,female,0.9810746140370538,True
NpuESB: A BPM Environment Based on Enterprise Service Bus,"Zhou, Xingshe",Xingshe,unknown,0.5268532668038886,False
NpuESB: A BPM Environment Based on Enterprise Service Bus,"Wang, Kaibo",Kaibo,male,0.9940204211036738,True
NpuESB: A BPM Environment Based on Enterprise Service Bus,"Zhan, Tao",Tao,male,0.9969686446299408,True
A BPM Software Evaluation Method,"Li, Changyun",Changyun,unknown,0.5262369178277702,False
A BPM Software Evaluation Method,"Cui, Haiyan",Haiyan,female,0.983477470196337,True
A BPM Software Evaluation Method,"Ma, Gexin",Gexin,male,0.9775045607945583,True
A BPM Software Evaluation Method,"Wang, Zhibing",Zhibing,male,0.8187367078721178,True
Management Model under the BPM Approach and DT Tools to Increase the Level of Sales in a Peruvian Nanostore,"Quiroz-Flores, Juan Carlos",Juan,male,0.9999978969254493,True
Management Model under the BPM Approach and DT Tools to Increase the Level of Sales in a Peruvian Nanostore,"Valverde-Huaman, Carla Brenda",Carla,female,0.999996784390149,True
Management Model under the BPM Approach and DT Tools to Increase the Level of Sales in a Peruvian Nanostore,"Romero-Vega, Martin Alvaro",Martin,male,0.9998539477569732,True
Semantic Business Process Management: Scaling Up the Management of Business Processes,"Pedrinaci, Carlos",Carlos,male,0.9999630239120895,True
Semantic Business Process Management: Scaling Up the Management of Business Processes,"Domingue, John",John,male,0.9999985032120171,True
Semantic Business Process Management: Scaling Up the Management of Business Processes,"Brelage, Christian",Christian,male,0.9993987974523811,True
Semantic Business Process Management: Scaling Up the Management of Business Processes,"van Lessen, Tammo",Tammo,male,0.984948567260137,True
Semantic Business Process Management: Scaling Up the Management of Business Processes,"Karastoyanova, Dimka",Dimka,male,0.8876209879608038,True
Semantic Business Process Management: Scaling Up the Management of Business Processes,"Leymann, Frank",Frank,male,0.999947578866658,True
Development of an Intelligent Maturity Model-Tool for Business Process Management,"Krivograd, Nico",Nico,male,0.9970057349139636,True
Development of an Intelligent Maturity Model-Tool for Business Process Management,"Fettke, Peter",Peter,male,0.9999580684529622,True
Development of an Intelligent Maturity Model-Tool for Business Process Management,"Loos, Peter",Peter,male,0.9999580684529622,True
Integrating Security Risk Management into Business Process Management for the Cloud,"Goettelmann, Elio",Elio,male,0.9999283379886147,True
Integrating Security Risk Management into Business Process Management for the Cloud,"Mayer, Nicolas",Nicolas,male,0.9999785911728513,True
Integrating Security Risk Management into Business Process Management for the Cloud,"Godart, Claude",Claude,male,0.9979920763238813,True
Collaborative practice-oriented business processes Creating a new case for business process management and CSCW synergy,"Marjanovic, Olivera",Olivera,female,0.9982887231498666,True
Collaborative practice-oriented business processes Creating a new case for business process management and CSCW synergy,"Skaf-Molli, Hala",Hala,female,0.9999726581367582,True
Collaborative practice-oriented business processes Creating a new case for business process management and CSCW synergy,"Molli, Pascal",Pascal,male,0.9999832927816735,True
Collaborative practice-oriented business processes Creating a new case for business process management and CSCW synergy,"Godart, Claude",Claude,male,0.9979920763238813,True
A Business Process Management Approach to Perioperative Supplies/Instrument Inventory and Workflow,"Ryan, Jim",Jim,male,0.999978699711865,True
A Business Process Management Approach to Perioperative Supplies/Instrument Inventory and Workflow,"Lewis, Carmen",Carmen,female,0.9959647241082684,True
A Business Process Management Approach to Perioperative Supplies/Instrument Inventory and Workflow,"Doster, Barbara",Barbara,female,0.999979214602181,True
A Business Process Management Approach to Perioperative Supplies/Instrument Inventory and Workflow,"Daily, Sandra",Sandra,female,0.999979542732284,True
In-Memory Business Process Management,"Balko, Sören",Sören,male,0.9938018940061262,True
In-Memory Business Process Management,"Barros, Alistair",Alistair,male,0.999914404984895,True
Reviewing the historical link between Business Process Management and IT: making the case towards digital innovation,"Ahmad, Tahir",Tahir,male,0.9999588148147504,True
Reviewing the historical link between Business Process Management and IT: making the case towards digital innovation,"Looy, Amy Van",Amy,female,0.9999688840881918,True
Towards Understanding the Hindering Factors of Business Process Management Adoption in State-Owned Enterprises: A Scoping Review,"Mbengo, Lithemba",Lithemba,unknown,0.7073056379772076,False
Towards Understanding the Hindering Factors of Business Process Management Adoption in State-Owned Enterprises: A Scoping Review,"Salamntu, Lumka Thami P.",Lumka,female,0.9897812695221367,True
A Business Process Management Approach to Surgical Instrument/Device Reprocessing and Tracking,"Ryan, Jim",Jim,male,0.999978699711865,True
A Business Process Management Approach to Surgical Instrument/Device Reprocessing and Tracking,"Doster, Barbara",Barbara,female,0.999979214602181,True
A Business Process Management Approach to Surgical Instrument/Device Reprocessing and Tracking,"Daily, Sandra",Sandra,female,0.999979542732284,True
A Business Process Management Approach to Surgical Instrument/Device Reprocessing and Tracking,"Lewis, Carmen",Carmen,female,0.9959647241082684,True
SWB process: A business process management system driven by semantic technologies,"Pacheco, Hasdai",Hasdai,unknown,0.6797880882951611,False
SWB process: A business process management system driven by semantic technologies,"Najera, Karen",Karen,female,0.9995963193780246,True
SWB process: A business process management system driven by semantic technologies,"Estrada, Hugo",Hugo,male,0.9999959578630685,True
SWB process: A business process management system driven by semantic technologies,"Solis, Javier",Javier,male,0.9999768372268597,True
Reach and Range of Business Process Management – Findings in the Telecommunication and Chemical Industry,"Becker, Jörg",Jörg,male,0.9995939947892971,True
Reach and Range of Business Process Management – Findings in the Telecommunication and Chemical Industry,"Ortbach, Kevin",Kevin,male,0.9999799402805698,True
Reach and Range of Business Process Management – Findings in the Telecommunication and Chemical Industry,"Plattfaut, Ralf",Ralf,male,0.9999738177966511,True
Reach and Range of Business Process Management – Findings in the Telecommunication and Chemical Industry,"Niehaves, Björn",Björn,male,0.9997078412618494,True
Synthesizing state machines from two scenarios and a case study on business process management,"Kinoshita, Toshiki",Toshiki,male,0.9986685593788103,True
Synthesizing state machines from two scenarios and a case study on business process management,"Miyamoto, Toshiyuki",Toshiyuki,male,0.9997105592444167,True
A virtualization-based business process management model for emergency response system,"Feng, Yang",Yang,unknown,0.6608034619216988,False
A virtualization-based business process management model for emergency response system,"Zhikun, Zhao",Zhao,male,0.7235105623422796,False
A virtualization-based business process management model for emergency response system,"Huaijin, Zhao",Zhao,male,0.7235105623422796,False
A virtualization-based business process management model for emergency response system,"Xiaohong, Yang",Yang,unknown,0.6608034619216988,False
Collaboration as a Reusable Component in Business Process Management,"Shepherdson, John",John,male,0.9999985032120171,True
Collaboration as a Reusable Component in Business Process Management,"Azarmi, Nader",Nader,male,0.9999628047616589,True
Collaboration as a Reusable Component in Business Process Management,"Lee, Habin",Habin,unknown,0.5324924549107815,False
Collaboration as a Reusable Component in Business Process Management,"Ahn, Hyung Jun",Hyung,male,0.9900289624246976,True
ECA Rule based Agent for Business Process Management,"Zhao, Haiyan",Haiyan,female,0.983477470196337,True
ECA Rule based Agent for Business Process Management,"Cao, Jian",Jian,male,0.9975103869595472,True
Smart Process: Service oriented business process management pattern in E-hospital,"Sui, Qi",Qi,unknown,0.7168904722752344,False
Smart Process: Service oriented business process management pattern in E-hospital,"Yang, Dongqing",Dongqing,female,0.9455677273364202,True
Smart Process: Service oriented business process management pattern in E-hospital,"Wang, Haiyang",Haiyang,male,0.8845143091573454,True
Design patterns for integration between enterprise application with any business process management systems,"Keeratichayakorn, Wittakarn",Wittakarn,unknown,0.6013628478946608,False
Design patterns for integration between enterprise application with any business process management systems,"Maneeroj, Saranya",Saranya,female,0.9999958656266283,True
Aligning Business and IT: The Process-Driven Architecture Model,"Strnadl, C.F.",C.F.,male,0.9834960740889407,True
Business Process Redesign of Sales Monitoring Business Process Management to be a Smart Logistic Shipment Company,"Firdaus, Taufiq Maulana",Taufiq,male,0.9939417703131834,True
Business Process Redesign of Sales Monitoring Business Process Management to be a Smart Logistic Shipment Company,"Fajri, Hanif",Hanif,male,0.9996049708572634,True
Business Process Redesign of Sales Monitoring Business Process Management to be a Smart Logistic Shipment Company,"Fakhrurroja, Hanif",Hanif,male,0.9996049708572634,True
Towards a Business Process Management Governance Approach Using Process Model Templates and Flexibility,"Ilahi, Latifa",Latifa,female,0.9999976514586271,True
Towards a Business Process Management Governance Approach Using Process Model Templates and Flexibility,"Martinho, Ricardo",Ricardo,male,0.99996029299145,True
Towards a Business Process Management Governance Approach Using Process Model Templates and Flexibility,"Ghannouchi, Sonia Ayachi",Sonia,female,0.9999923290636098,True
Towards a Business Process Management Governance Approach Using Process Model Templates and Flexibility,"Domingos, Dulce",Dulce,female,0.9999686490158941,True
Towards a Business Process Management Governance Approach Using Process Model Templates and Flexibility,"Rijo, Rui",Rui,male,0.993836254526766,True
Resource allocation using task similarity distance in business process management systems,"Yaghoubi, Mehdi",Mehdi,male,0.9998841882341889,True
Resource allocation using task similarity distance in business process management systems,"Zahedi, Morteza",Morteza,male,0.9973929349060671,True
Towards simulation-based business process management,Weyland,Weyland,male,0.9999175473723368,True
Towards simulation-based business process management,Engiles,Engiles,unknown,0.5458718993666171,False
Diversifying and improving business process management systems by service cooperation middleware,"Liu, Shaohua",Shaohua,unknown,0.7322653691298422,False
Diversifying and improving business process management systems by service cooperation middleware,"Wei, Jun",Jun,male,0.9972113548054844,True
Diversifying and improving business process management systems by service cooperation middleware,"Xu, Wei",Wei,male,0.8353828445774668,True
"Business process management, a consolidation of BPR and TQM","Paul Puah, K.Y.",K.Y.,male,0.9740226648584354,True
"Business process management, a consolidation of BPR and TQM","Nelson Tang, K.H.",K.H.,male,0.9879662809416195,True
Improving Flexibility and Reusage of Business Process Management: the Role of Cased-based Reasoning Technique,"Yao, Qing",Qing,female,0.9896115846174542,True
Improving Flexibility and Reusage of Business Process Management: the Role of Cased-based Reasoning Technique,"Chen, Zhumin",Zhumin,male,0.9664034389788649,True
Improving Flexibility and Reusage of Business Process Management: the Role of Cased-based Reasoning Technique,"Wang, Haiyang",Haiyang,male,0.8845143091573454,True
Process model verifier for integrated medical healthcare systems using business process management system,"Kim, Gun-Woo",Gun,female,0.6480013460273919,False
Process model verifier for integrated medical healthcare systems using business process management system,"Park, Kyung-Wook",Kyung,female,0.8471543713739165,True
Process model verifier for integrated medical healthcare systems using business process management system,"Hong, Hyun-Ki",Hyun,female,0.6602337656838952,False
Process model verifier for integrated medical healthcare systems using business process management system,"Lee, Dong-Ho",Dong,male,0.9925219904784107,True
Exploring the Impact of Workflow Engines on Business Process Management in Enterprise Applications. A case-study: Camunda,"David, Ghiurău",Ghiurău,unknown,0.6499889011628425,False
Exploring the Impact of Workflow Engines on Business Process Management in Enterprise Applications. A case-study: Camunda,"Zmaranda, Doina Rodica",Doina,female,0.9999932470684844,True
Exploring the Impact of Workflow Engines on Business Process Management in Enterprise Applications. A case-study: Camunda,"Győrödi, Robert-Ştefan",Robert,male,0.9999776797436909,True
Exploring the Impact of Workflow Engines on Business Process Management in Enterprise Applications. A case-study: Camunda,"Győrödi, Cornelia Aurora",Cornelia,female,0.9999950392532043,True
Performance measurement using fuzzy system perspective and soft system methodology: New idea of business process management,"Muttaqin, Ginanjar Fahrul",Ginanjar,male,0.9929679457789543,True
Design and implementation of publishing business process management system via workflow,"Yafen, Li",Li,female,0.9821247080400133,True
Design and implementation of publishing business process management system via workflow,"Yujuan, Zhao",Zhao,male,0.7235105623422796,False
Design and implementation of publishing business process management system via workflow,"Li, Mao",Mao,unknown,0.5800945857257528,False
AI Resume Parser: Augmented Business Process Management Systems (ABPMS),"Singh, Kulvinder",Kulvinder,male,0.8858973334267405,True
AI Resume Parser: Augmented Business Process Management Systems (ABPMS),"Sharma, Honey",Honey,female,0.9939870632670788,True
AI Resume Parser: Augmented Business Process Management Systems (ABPMS),"Poonia, Guruvi",Guruvi,unknown,0.563681571257583,False
AI Resume Parser: Augmented Business Process Management Systems (ABPMS),"Shyan, Hatesh",Hatesh,unknown,0.544294963530677,False
Return on investment for technology supported by business process management,"Hatakeyama, Kazuo",Kazuo,male,0.9999518382993449,True
Return on investment for technology supported by business process management,"Oliveira, Luis Gustavo",Luis,male,0.9999544636263329,True
Business Process Management beyond Boundaries? - A Multiple Case Study Exploration of Obstacles to Collaborative BPM,"Niehaves, Bjoern",Bjoern,male,0.9999626535245362,True
Business Process Management beyond Boundaries? - A Multiple Case Study Exploration of Obstacles to Collaborative BPM,"Henser, Jorn",Jorn,male,0.9999918319753154,True
Constructing hybrid architectures and dynamic services in Cloud BPM,"Garro, José Martinez",José,male,0.9960913709996708,True
Constructing hybrid architectures and dynamic services in Cloud BPM,"Bazán, Patricia",Patricia,female,0.9999876359107199,True
Robotic Process Automation: A Case Study in the Banking Industry,"Romao, Mário",Mário,male,0.9938603866943019,True
Robotic Process Automation: A Case Study in the Banking Industry,"Costa, Joao",Joao,male,0.9999988877948677,True
Robotic Process Automation: A Case Study in the Banking Industry,"Costa, Carlos J.",Carlos,male,0.9999630239120895,True
From BPMN business process models to SoaML service models: A transformation-driven approach,"Delgado, Andrea",Andrea,female,0.9990642945711071,True
From BPMN business process models to SoaML service models: A transformation-driven approach,"García-Rodríguez de Guzman, Ignacio",Ignacio,male,0.9999054231007377,True
From BPMN business process models to SoaML service models: A transformation-driven approach,"Ruiz, Francisco",Francisco,male,0.9999572464565292,True
From BPMN business process models to SoaML service models: A transformation-driven approach,"Piattini, Mario",Mario,male,0.9998285831560244,True
Process recommendation and role assignment in social business process management,"Rangiha, Mohammad Ehson",Mohammad,male,0.9999978931239886,True
Process recommendation and role assignment in social business process management,"Karakostas, Bill",Bill,male,0.9997859443490958,True
Goal-driven social business process management,"Rangiha, Mohammad Ehson",Mohammad,male,0.9999978931239886,True
Goal-driven social business process management,"Karakostas, Bill",Bill,male,0.9997859443490958,True
BPM and Exception Handling: Focus on Organizational Resilience,"Antunes, Pedro",Pedro,male,0.9999821167297533,True
Usage of SOA and BPM changes the roles and the way of thinking in development,"Selmeci, A.",,unknown,0,False
Usage of SOA and BPM changes the roles and the way of thinking in development,"Orosz, T.",,unknown,0,False
SUMA: A Semantic Business Process Management Architecture,"Rivera, Ismael",Ismael,male,0.9999706285641564,True
SUMA: A Semantic Business Process Management Architecture,"Mencke, Myriam",Myriam,female,0.9999019396640695,True
SUMA: A Semantic Business Process Management Architecture,"Chamizo, Javier",Javier,male,0.9999768372268597,True
SUMA: A Semantic Business Process Management Architecture,"Gomez, Juan Miguel",Juan,male,0.9999978969254493,True
SUMA: A Semantic Business Process Management Architecture,"Alor-Hernandez, Giner",Giner,unknown,0.7156310694908987,False
SUMA: A Semantic Business Process Management Architecture,"Posada-Gomez, Ruben",Ruben,male,0.999984445852665,True
SUMA: A Semantic Business Process Management Architecture,"Sanchez, Francisco Garcia",Francisco,male,0.9999572464565292,True
Integrating EA and BPM Synergistically: Methodologically Combining Planning and Delivery,"Jensen, Claus Torp",Claus,male,0.9938606674611371,True
Using an old technique in a new technology — A novel method for defining the scope of ISs in BPM projects,"Alaeddini, Morteza",Morteza,male,0.9973929349060671,True
Using an old technique in a new technology — A novel method for defining the scope of ISs in BPM projects,"Kardan, Ahmad A.",Ahmad,male,0.9999926458308085,True
A Dynamic Binding Method for Situation-aware IoT Services Targeting Proactive BPM,"Li, Xiuxian",Xiuxian,female,0.9112643960677869,True
A Dynamic Binding Method for Situation-aware IoT Services Targeting Proactive BPM,"Wang, Guiling",Guiling,female,0.9844754445017939,True
A Dynamic Binding Method for Situation-aware IoT Services Targeting Proactive BPM,"Shi, Yongpeng",Yongpeng,male,0.9928527541063625,True
A Dynamic Binding Method for Situation-aware IoT Services Targeting Proactive BPM,"Yu, Jian",Jian,male,0.9975103869595472,True
Influence of Digital Technology on Roadmap Development for Digital Business Transformation,"Strutynska, Iryna",Iryna,female,0.9999967696300486,True
Influence of Digital Technology on Roadmap Development for Digital Business Transformation,"Kozbur, Galina",Galina,female,0.9999989381654265,True
Influence of Digital Technology on Roadmap Development for Digital Business Transformation,"Dmytrotsa, Lesia",Lesia,female,0.999985175223033,True
Influence of Digital Technology on Roadmap Development for Digital Business Transformation,"Sorokivska, Olena",Olena,female,0.9999963137368277,True
Influence of Digital Technology on Roadmap Development for Digital Business Transformation,"Melnyk, Liliya",Liliya,female,0.999999448199958,True
Soft Measurement of Process Improvement Potential,"Zemlyakova, Aelita S.",Aelita,female,0.9999989682557718,True
Soft Measurement of Process Improvement Potential,"Jaschenko, Vladimir V.",Vladimir,male,0.9999351319225824,True
Soft Measurement of Process Improvement Potential,"Dukeov, Igor I.",Igor,male,0.9999871325016193,True
Model-Driven Development and Business Process Modeling Applied to Personal Productivity in the Consumer Mobile App Market,"Bancora, Max",Max,male,0.9999943791406495,True
Model-Driven Development and Business Process Modeling Applied to Personal Productivity in the Consumer Mobile App Market,"Ripamonti, Davide",Davide,male,0.9995122693716512,True
Model-Driven Development and Business Process Modeling Applied to Personal Productivity in the Consumer Mobile App Market,"Vaccarella, Andrea",Andrea,female,0.9990642945711071,True
Model-Driven Development and Business Process Modeling Applied to Personal Productivity in the Consumer Mobile App Market,"Brambilla, Marco",Marco,male,0.9998964214527616,True
Business Process Management (BPM) in Operational BINUS Online Learning,"Pakuning Desak, G.G. Faniru",G.G.,unknown,0.6519078112226578,False
Business Process Management (BPM) in Operational BINUS Online Learning,"Widjaja Saputra, Willy Johan",Willy,male,0.991492290589988,True
Business Process Management (BPM) in Operational BINUS Online Learning,Titan,Titan,male,0.9996101504200107,True
Business Process Management (BPM) in Operational BINUS Online Learning,"Mariani, Vini",Vini,male,0.7861006752201701,True
Study on green business process management system of small and medium real estate enterprise,"Zhang, Yifeng",Yifeng,male,0.9349146079287377,True
Study on green business process management system of small and medium real estate enterprise,"Yang, Licun",Licun,unknown,0.6047375514785025,False
The Information System Strategic Planning for Corporate Business Using Business Process Management at CV Sadaf Computer,"Jeanette Egeten, Angelina Ervina",Angelina,female,0.9999985608863713,True
The Information System Strategic Planning for Corporate Business Using Business Process Management at CV Sadaf Computer,"Rani, Rahma",Rahma,female,0.9998064097098313,True
The Information System Strategic Planning for Corporate Business Using Business Process Management at CV Sadaf Computer,"Handoko, Olvy Lianara",Olvy,female,0.9945324641804937,True
The Information System Strategic Planning for Corporate Business Using Business Process Management at CV Sadaf Computer,"Meisah Simamora, Elisabeth",Elisabeth,female,0.9999863239219225,True
Know Your Customer (KYC) as a service for Business Process Management (BPM) using Cloud Computing,"Patil, Sandeep",Sandeep,male,0.9976197418104102,True
Know Your Customer (KYC) as a service for Business Process Management (BPM) using Cloud Computing,"Pitchai, R.",,unknown,0,False
Know Your Customer (KYC) as a service for Business Process Management (BPM) using Cloud Computing,"Madhubabu, Ch.",Ch.,male,0.976819485412467,True
Know Your Customer (KYC) as a service for Business Process Management (BPM) using Cloud Computing,Gunasekaran,Gunasekaran,male,0.9984340528359693,True
The experience of agile business process management implementation,"Zamuria, Denis Rodríguez",Denis,male,0.9965813436278006,True
The experience of agile business process management implementation,"Molina, Enrique Silva",Enrique,male,0.9985890391614565,True
Increasing process maturity through a Business Process Management System : Case study at a financial institution,"do Rosário Cabrita, Maria",Maria,female,0.9999948398304921,True
Increasing process maturity through a Business Process Management System : Case study at a financial institution,"Antunes, Catarina",Catarina,female,0.9999986717566948,True
Increasing process maturity through a Business Process Management System : Case study at a financial institution,"Costa, João",João,male,0.9999597809713936,True
Computer-aided Systematic Business Process Management: Case Study of PG Program,"Almubarak, Amjad Abdullah",Amjad,male,0.9999927722126161,True
Computer-aided Systematic Business Process Management: Case Study of PG Program,"Omar, Salma Mahjoob",Salma,female,0.9999912714155471,True
Factors Affecting Business Process Management in the Bulgarian Enterprises to Achieve Sustainable Development,"Mihova, Toni",Toni,female,0.9963908861976722,True
Factors Affecting Business Process Management in the Bulgarian Enterprises to Achieve Sustainable Development,"Nikolova-Alexieva, Valentina",Valentina,female,0.9999985356541968,True
Factors Affecting Business Process Management in the Bulgarian Enterprises to Achieve Sustainable Development,"Angelova, Mina",Mina,female,0.9999436919163933,True
A Novel Part of Speech Tagging Framework for NLP Based Business Process Management,"Han, Xue",Xue,female,0.9738490518370407,True
A Novel Part of Speech Tagging Framework for NLP Based Business Process Management,"Dang, Yabin",Yabin,female,0.7164889412493363,False
A Novel Part of Speech Tagging Framework for NLP Based Business Process Management,"Mei, Lijun",Lijun,female,0.7178063793092092,False
A Novel Part of Speech Tagging Framework for NLP Based Business Process Management,"Wang, Yanfei",Yanfei,female,0.9309086629525354,True
A Novel Part of Speech Tagging Framework for NLP Based Business Process Management,"Li, Shaochun",Shaochun,male,0.9812471295120725,True
A Novel Part of Speech Tagging Framework for NLP Based Business Process Management,"Zhou, Xin",Xin,female,0.7003246185087639,False
Using value engineering and TRIZ for better business process management,"Lee, Larry Jung Hsing",Larry,male,0.9994482934657852,True
Using value engineering and TRIZ for better business process management,"Leu, Jun-Der",Jun,male,0.9972113548054844,True
Web-Based Process Portals: Powering Business Process Management within Large Organisations,"Strobl, Robert",Robert,male,0.9999776797436909,True
Web-Based Process Portals: Powering Business Process Management within Large Organisations,"Mullner, Thomas",Thomas,male,0.9999981017477207,True
Web-Based Process Portals: Powering Business Process Management within Large Organisations,"Rausch, Tobias",Tobias,male,0.9999755650213412,True
Digital Transformation in Higher Education Institutions with Business Process Management : Robotic Process Automation mediation model,"Mora, Henry Lizano",Henry,male,0.9996441999204112,True
Digital Transformation in Higher Education Institutions with Business Process Management : Robotic Process Automation mediation model,"Sánchez, Pedro Palos",Pedro,male,0.9999821167297533,True
Supporting ITIL processes implementation using business process management systems,"Mahy, Youssef",Youssef,male,0.9999940915074512,True
Supporting ITIL processes implementation using business process management systems,"Ouzzif, Mohamed",Mohamed,male,0.9999971268152898,True
Supporting ITIL processes implementation using business process management systems,"Bouragba, Khalid",Khalid,male,0.999949361127034,True
The Impact of New IT Adoption on Business Process Management,"Ahmad, Tahir",Tahir,male,0.9999588148147504,True
The digital future has many names—How business process management drives the digital transformation,"Lederer, Matthias",Matthias,male,0.9999337682187655,True
The digital future has many names—How business process management drives the digital transformation,"Knapp, Juliane",Juliane,female,0.9999907840274695,True
The digital future has many names—How business process management drives the digital transformation,"Schott, Peter",Peter,male,0.9999580684529622,True
BPM approach (business process management) by composition of applications in the cloud computing,"Sadok, Lanani",Lanani,unknown,0.6025143879603166,False
BPM approach (business process management) by composition of applications in the cloud computing,"Okba, Kazar",Kazar,male,0.9982031722948438,True
BPM approach (business process management) by composition of applications in the cloud computing,"Souraya, Hamida",Hamida,female,0.9998798408679466,True
BPM approach (business process management) by composition of applications in the cloud computing,"Oueslati, Wided",Wided,female,0.9846880308833974,True
An improved framework of business process management system which integrating the strategy management,"Tian, Guo-shuang",Guo,male,0.9927823788737182,True
An improved framework of business process management system which integrating the strategy management,"Quan, Liang",Liang,male,0.9782482259488245,True
Return of Investment Initiatives in Business Process Management,"Pereira, Leandro",Leandro,male,0.9999459472101595,True
Return of Investment Initiatives in Business Process Management,"Sabido, Pedro",Pedro,male,0.9999821167297533,True
Return of Investment Initiatives in Business Process Management,"Santos, José",José,male,0.9960913709996708,True
"The consideration of organizational, human and corporate cultural factors in the implementation of business process management projects: Social factors to prevent failure of BPM projects","Bulander, Rebecca",Rebecca,female,0.9999808188430196,True
"The consideration of organizational, human and corporate cultural factors in the implementation of business process management projects: Social factors to prevent failure of BPM projects","Dietel, Matthias",Matthias,male,0.9999337682187655,True
Business process management of synthetic biology workflows,"Reynolds, C. R.",,unknown,0,False
Business process management of synthetic biology workflows,"Exley, K.",,unknown,0,False
Business process management of synthetic biology workflows,"Bultelle, M. A.",,unknown,0,False
Business process management of synthetic biology workflows,"de Murieta, I. Sainz",,unknown,0,False
Business process management of synthetic biology workflows,"Kitney, R. I.",,unknown,0,False
SMARTBRICKS: Developing an intelligent web tool for Business Process Management,"Flores, Myrna",Myrna,female,0.9999979810934262,True
SMARTBRICKS: Developing an intelligent web tool for Business Process Management,"Sommaruga, Lorenzo",Lorenzo,male,0.9998394614331225,True
Using multiple criteria decision analysis for supporting decisions of Business Process Management,"Campos, A. C. S. M.",,unknown,0,False
Using multiple criteria decision analysis for supporting decisions of Business Process Management,"de Almeida, A. T.",,unknown,0,False
A Systematic Review of Business Process Management in E-Commerce,"Christy Nathaniela, Thalea",Thalea,female,0.9989913940523091,True
A Systematic Review of Business Process Management in E-Commerce,"Purnomo, Agung",Agung,male,0.9938229867218071,True
A Systematic Review of Business Process Management in E-Commerce,"Fadil Persada, Satria",Satria,male,0.9554897091054304,True
A Systematic Review of Business Process Management in E-Commerce,"Rosyidah, Elsa",Elsa,female,0.9999918665576765,True
A Business Process Management System Based on Workflow Technologies,"Fanbo, Meng",Meng,male,0.9320970818737262,True
A Business Process Management System Based on Workflow Technologies,"Minli, Jin",Jin,male,0.7377281243241545,False
A Business Process Management System Based on Workflow Technologies,"Wuliang, Peng",Peng,male,0.987794148873926,True
The Research of a Rule-Based Business Process Management Method for Virtual Organization,"Tang, Wenzhong",Wenzhong,male,0.9845222528605028,True
The Research of a Rule-Based Business Process Management Method for Virtual Organization,"Qin, Jingyi",Jingyi,female,0.996037064403839,True
Teaching Business Process Management with a Flipped-Classroom and Problem-Based Learning Approach with the Use of Apromore and Other BPM Software in Graduate Information Systems Courses,"Chow, Winn",Winn,male,0.9892368305536776,True
Base Frame of Algerian E-Health System: How to Ensure Consistency of Data Exchanged With Laboratory Management System Using BPM and IHE Profiles?,"Aouachria, Moufida",Moufida,female,0.9988233269933814,True
Base Frame of Algerian E-Health System: How to Ensure Consistency of Data Exchanged With Laboratory Management System Using BPM and IHE Profiles?,"Aouache, Mustapha",Mustapha,male,0.998603349675528,True
Base Frame of Algerian E-Health System: How to Ensure Consistency of Data Exchanged With Laboratory Management System Using BPM and IHE Profiles?,"Oudjoudi, Idir",Idir,male,0.9988056895156097,True
MaD: A Dataset for Interview-based BPM in Business Process Management,"Li, Xiaoxuan",Xiaoxuan,female,0.8960961947243915,True
MaD: A Dataset for Interview-based BPM in Business Process Management,"Ni, Lin",Lin,female,0.9884401263971199,True
MaD: A Dataset for Interview-based BPM in Business Process Management,"Li, Renee",Renee,female,0.999945939178646,True
MaD: A Dataset for Interview-based BPM in Business Process Management,"Liu, Jiamou",Jiamou,male,0.698407809006617,False
MaD: A Dataset for Interview-based BPM in Business Process Management,"Zhang, Mengxiao",Mengxiao,female,0.8914214489604044,True
Business Process Management as a driver for Digital Transformation : A case study in a higher education institution,"Cruz, Leandro",Leandro,male,0.9999459472101595,True
Business Process Management as a driver for Digital Transformation : A case study in a higher education institution,"Basto, Mário",Mário,male,0.9938603866943019,True
Business Process Management as a driver for Digital Transformation : A case study in a higher education institution,"Silva, Joaquim",Joaquim,male,0.9999847193699697,True
Business Process Management as a driver for Digital Transformation : A case study in a higher education institution,"Lopes, Nuno",Nuno,male,0.9999005263364984,True
Approaching to the Application of E-commerce and Business Process Management and Re-engineering,"Xin, Chen",Chen,male,0.8803324700638614,True
Research on the optimization of mini-enterprise business process management,"Wang, Long",Long,male,0.9929877184878725,True
Research on the optimization of mini-enterprise business process management,"Liu, Weining",Weining,unknown,0.7192162671872053,False
Research on the optimization of mini-enterprise business process management,"Wang, Zhe",Zhe,male,0.9817277068458309,True
Towards Business Process Management Based Workplace e-Learning,"Subramanian, Venkatapathy",Venkatapathy,unknown,0.52525757969461,False
A-Stein: A prototype for artifact-centric business process management systems,"Zhao, Danfeng",Danfeng,female,0.9854509611676608,True
A-Stein: A prototype for artifact-centric business process management systems,"Liu, Guohua",Guohua,male,0.9356322066961649,True
A-Stein: A prototype for artifact-centric business process management systems,"Wang, Ying",Ying,female,0.9976878084537152,True
A-Stein: A prototype for artifact-centric business process management systems,"Gao, Feng",Feng,male,0.9830753668861625,True
A-Stein: A prototype for artifact-centric business process management systems,"Li, Huifang",Huifang,female,0.9875625160785061,True
A-Stein: A prototype for artifact-centric business process management systems,"Zhang, Dawei",Dawei,male,0.9847517678376546,True
Effect of business process management on firm performance: An ambidexterity perspective,"Xie, Rong",Rong,unknown,0.7174724947670523,False
Effect of business process management on firm performance: An ambidexterity perspective,"Ling, Hong",Hong,female,0.711999011631038,False
Effect of business process management on firm performance: An ambidexterity perspective,"Zhang, Cheng",Cheng,male,0.9844419389561052,True
Selection of a Business Process Management system: An analysis based on a Multicriteria problem,"Silva, Lúcio Camara",Lúcio,male,0.9954026026069277,True
Selection of a Business Process Management system: An analysis based on a Multicriteria problem,"Poleto, Thiago",Thiago,male,0.9999637415449134,True
Selection of a Business Process Management system: An analysis based on a Multicriteria problem,"de Carvalho, Victor Diogho Heuer",Victor,male,0.9999862345379419,True
Selection of a Business Process Management system: An analysis based on a Multicriteria problem,"Costa, Ana Paula Cabral Seixa",Ana,female,0.9999965937600829,True
A Method for Inter-organizational Business Process Management,"Che, Haiying",Haiying,female,0.991036268195971,True
A Method for Inter-organizational Business Process Management,"Mevius, Marco",Marco,male,0.9998964214527616,True
A Method for Inter-organizational Business Process Management,"Ju, Yanbing",Yanbing,unknown,0.7469354770091988,False
A Method for Inter-organizational Business Process Management,"Stucky, Wolffried",Wolffried,unknown,0.7350240364889171,False
A Method for Inter-organizational Business Process Management,"Trunko, Ralf",Ralf,male,0.9999738177966511,True
Research on business process management system based on SOA,"Luo, Dan",Dan,male,0.9998938548042234,True
Research on business process management system based on SOA,"Jiang, Jianhua",Jianhua,male,0.72936040403948,False
Research on business process management system based on SOA,"Sheng, Buyun",Buyun,unknown,0.5692734692675616,False
Research on business process management system based on SOA,"Yang, Mingzhong",Mingzhong,male,0.9424985984911757,True
The perceived effects of business process management,"Kohlbacher, Markus",Markus,male,0.9999735872978276,True
A roadmap to risk-aware business process management,"Jakoubi, Stefan",Stefan,male,0.9999831604184807,True
A roadmap to risk-aware business process management,"Neubauer, Thomas",Thomas,male,0.9999981017477207,True
A roadmap to risk-aware business process management,"Tjoa, Simon",Simon,male,0.9999853866925988,True
Business Process Management Standardization in Operation Support System: Case Study of Fulfillment and Assurance Process in an Indonesian Telecommunication Company,"Saputra, Dimas Agung",Dimas,male,0.9999586053679013,True
Business Process Management Standardization in Operation Support System: Case Study of Fulfillment and Assurance Process in an Indonesian Telecommunication Company,"Handayani, Putu Wuri",Putu,male,0.984567460251213,True
Business Process Management Standardization in Operation Support System: Case Study of Fulfillment and Assurance Process in an Indonesian Telecommunication Company,"Hammi, Muhammad Kasfu",Muhammad,male,0.9999971836173159,True
API and Component Based Customization of an Open Source Business Process Management System: uEngine,"Yang, Le",Le,female,0.8993609361692895,True
API and Component Based Customization of an Open Source Business Process Management System: uEngine,"Choi, Yongsun",Yongsun,female,0.8663995154060852,True
API and Component Based Customization of an Open Source Business Process Management System: uEngine,"Jang, Jinyoung",Jinyoung,female,0.9768871796532923,True
A unified configurable architecture for human-centric Business Process Management application in SMEs,"Ao, Yintai",Yintai,unknown,0.5477398209948783,False
A unified configurable architecture for human-centric Business Process Management application in SMEs,"Xiao, Xuejian",Xuejian,male,0.9859590673572859,True
A unified configurable architecture for human-centric Business Process Management application in SMEs,"Song, Bin",Bin,male,0.9912955838328016,True
A Survey of Scientific Approaches Considering the Integration of Security and Risk Aspects into Business Process Management,"Jakoubi, Stefan",Stefan,male,0.9999831604184807,True
A Survey of Scientific Approaches Considering the Integration of Security and Risk Aspects into Business Process Management,"Tjoa, Simon",Simon,male,0.9999853866925988,True
A Survey of Scientific Approaches Considering the Integration of Security and Risk Aspects into Business Process Management,"Goluch, Gernot",Gernot,male,0.9974161018352536,True
A Survey of Scientific Approaches Considering the Integration of Security and Risk Aspects into Business Process Management,"Quirchmayr, Gerald",Gerald,male,0.9999556179892177,True
Integrate ERP system into business process management system,"Chen, Feng",Feng,male,0.9830753668861625,True
Integrate ERP system into business process management system,"Wang, Qinhua",Qinhua,female,0.6146429335910073,False
Integrate ERP system into business process management system,"Wei, Qiang",Qiang,male,0.9889567902465515,True
Integrate ERP system into business process management system,"Ren, Changrui",Changrui,male,0.9813918550272961,True
Integrate ERP system into business process management system,"Shao, Bing",Bing,male,0.9070266412590164,True
Integrate ERP system into business process management system,"Li, Jinfeng",Jinfeng,male,0.5636730448150306,False
The application study in business process management based on intelligent objects technology,"Zu, Qiaohong",Qiaohong,female,0.9815155238675446,True
The application study in business process management based on intelligent objects technology,"Wang, Hui",Hui,female,0.9846458138641376,True
Business Process Management and the challenge of dynamic services,"Kirkham, Tom",Tom,male,0.9999802916805114,True
Business Process Management and the challenge of dynamic services,"Winfield, Sandra",Sandra,female,0.999979542732284,True
Business Process Management and the challenge of dynamic services,"Raza, Muhammad Baqar",Muhammad,male,0.9999971836173159,True
Business Process Management and the challenge of dynamic services,"Haberecht, Thorsten",Thorsten,male,0.9999697100379872,True
Exploring factors that affect Business Process Management (BPM) adoption in South African State-Owned Enterprises,"Salamntu, Lumka P.T.",Lumka,female,0.9897812695221367,True
Exploring factors that affect Business Process Management (BPM) adoption in South African State-Owned Enterprises,"Makoza, Frank",Frank,male,0.999947578866658,True
Organizational Performance Measures for Business Process Management: A Performance Measurement Guideline,"Bosilj-Vuksic, Vesna",Vesna,female,0.9999954711225196,True
Organizational Performance Measures for Business Process Management: A Performance Measurement Guideline,"Milanovic, Ljubica",Ljubica,female,0.9996161114947132,True
Organizational Performance Measures for Business Process Management: A Performance Measurement Guideline,"Skrinjar, Rok",Rok,male,0.9974713811237507,True
Organizational Performance Measures for Business Process Management: A Performance Measurement Guideline,"Indihar-Stemberger, Mojca",Mojca,female,0.9973581527214593,True
Context-Aware Business Process Management for Personalized Healthcare Services,"Moon, Junho",Junho,male,0.9997276289575132,True
Context-Aware Business Process Management for Personalized Healthcare Services,"Kim, Dongsoo",Dongsoo,male,0.9997127631272084,True
Learning Business Process Management through Serious Games: Feedbacks on the Usage of INNOV8,"Tantan, Olfa Chourabi",Olfa,female,0.9929172824051062,True
Learning Business Process Management through Serious Games: Feedbacks on the Usage of INNOV8,"Lang, Daniel",Daniel,male,0.9999484956264236,True
Learning Business Process Management through Serious Games: Feedbacks on the Usage of INNOV8,"Boughzala, Imed",Imed,male,0.9998879697632816,True
Data Assets for Decision Support in Multi -Stage Production Systems Industrial Business Process Management using ADOxx,"Utz, Wilfrid",Wilfrid,male,0.9999871008153696,True
Data Assets for Decision Support in Multi -Stage Production Systems Industrial Business Process Management using ADOxx,"Falcioni, Damiano",Damiano,male,0.9997584540387234,True
Efficient Algorithms for Selecting Optimal Data Collection Locations in Business Process Management,"Zhang, Yue",Yue,female,0.9695755877908074,True
Efficient Algorithms for Selecting Optimal Data Collection Locations in Business Process Management,"Lin, Kwei-Jay",Kwei,male,0.9756835045590082,True
A Business Process Management Infrastructure of Ertan Hydropower Company,"Gao, Tian-peng",Tian,male,0.8391062594827517,True
Dynamic Update of Business Process Management,"Nahabedian, Leandro",Leandro,male,0.9999459472101595,True
A business process management approach for RFID enabled supply chain management,"Ao, Yintai",Yintai,male,0.5477398209948783,False
A business process management approach for RFID enabled supply chain management,"He, Wei",Wei,male,0.8353828445774668,True
A business process management approach for RFID enabled supply chain management,"Xiao, Xuejian",Xuejian,male,0.9859590673572859,True
A business process management approach for RFID enabled supply chain management,"Lee, Engwah",Engwah,male,0.9751471645182332,True
Transmission System Operator's market functions implementation based on Service Oriented Architecture and Business Process Management,"Janeš, Ivan",Ivan,male,0.9999776517681997,True
Transmission System Operator's market functions implementation based on Service Oriented Architecture and Business Process Management,Končar,Končar,unknown,0.7139172582802281,False
Transmission System Operator's market functions implementation based on Service Oriented Architecture and Business Process Management,"Plavšić, Tomislav",Tomislav,male,0.9999800652669941,True
Design and application of identify algorithm for coupling process structure in Business Process Management,"Liu, Liang",Liang,male,0.9782482259488245,True
Design and application of identify algorithm for coupling process structure in Business Process Management,"Chen, Jun-yan",Jun,male,0.9972113548054844,True
Application of SOA-based Business Process Management in Outage Management System,"Wu, Bo",Bo,male,0.9936897842165783,True
Application of SOA-based Business Process Management in Outage Management System,"Wang, Lei",Lei,female,0.9773825880925103,True
The Differences and Commonalities between Green and Conventional Business Process Management,"Nowak, Alexander",Alexander,male,0.9999914495946162,True
The Differences and Commonalities between Green and Conventional Business Process Management,"Leymann, Frank",Frank,male,0.999947578866658,True
The Differences and Commonalities between Green and Conventional Business Process Management,"Schumm, David",David,male,0.9999952928042082,True
Towards a reeingeniering of business process management lifecycle by the use of social networks,"El Hamali, Samiha",Samiha,female,0.999995618432558,True
Towards a reeingeniering of business process management lifecycle by the use of social networks,"Mahdaoui, Latifa",Latifa,female,0.9999976514586271,True
Integrated simulation modeling for business process management: A case study in the machine manufacturing industry,"Tan, Yifei",Yifei,unknown,0.7276877436574894,False
Using Blockchain to Improve Collaborative Business Process Management: Systematic Literature Review,"Garcia-Garcia, Julian Alberto",Julian,male,0.9999128116879805,True
Using Blockchain to Improve Collaborative Business Process Management: Systematic Literature Review,"Sánchez-Gómez, Nicolás",Nicolás,male,0.999005286725862,True
Using Blockchain to Improve Collaborative Business Process Management: Systematic Literature Review,"Lizcano, David",David,male,0.9999952928042082,True
Using Blockchain to Improve Collaborative Business Process Management: Systematic Literature Review,"Escalona, M. J.",,unknown,0,False
Using Blockchain to Improve Collaborative Business Process Management: Systematic Literature Review,"Wojdyński, Tomás",Tomás,male,0.9998568937429287,True
Towards a collaborative business process management methodology,"Meziani, Rachid",Rachid,male,0.9999913462472123,True
Towards a collaborative business process management methodology,"Saleh, Imad",Imad,male,0.9999893046627879,True
Architecture of Information System Combining SOA and BPM,"Liu, Yang",Yang,unknown,0.6608034619216988,False
Architecture of Information System Combining SOA and BPM,"Hu, Enzhao",Enzhao,unknown,0.6674899812912033,False
Architecture of Information System Combining SOA and BPM,"Chen, Xudong",Xudong,male,0.9871832056718493,True
Social BPM Lab – Characterization of a Collaborative Approach for Business Process Management Education,"Caporale, Timm",Timm,male,0.9998394559952749,True
Social BPM Lab – Characterization of a Collaborative Approach for Business Process Management Education,"Citak, Murat",Murat,male,0.9999117439328301,True
Social BPM Lab – Characterization of a Collaborative Approach for Business Process Management Education,"Lehner, Jonas",Jonas,male,0.9999883877686782,True
Social BPM Lab – Characterization of a Collaborative Approach for Business Process Management Education,"Schoknecht, Andreas",Andreas,male,0.9999763395171621,True
Social BPM Lab – Characterization of a Collaborative Approach for Business Process Management Education,"Ullrich, Meike",Meike,female,0.9999904352807103,True
Blockchain-as-a-Service for Business Process Management: Survey and Challenges,"Viriyasitavat, Wattana",Wattana,male,0.7747357739061322,True
Blockchain-as-a-Service for Business Process Management: Survey and Challenges,"Da Xu, Li",Li,female,0.9821247080400133,True
Blockchain-as-a-Service for Business Process Management: Survey and Challenges,"Dhiman, Gaurav",Gaurav,male,0.9999851368364395,True
Blockchain-as-a-Service for Business Process Management: Survey and Challenges,"Bi, Zhuming",Zhuming,male,0.8543022748751076,True
Adoption of BPM systems for process design in a higher education institution,"Karabegovic, A.",,unknown,0,False
Adoption of BPM systems for process design in a higher education institution,"Buza, E.",,unknown,0,False
Adoption of BPM systems for process design in a higher education institution,"Omanovic, S.",,unknown,0,False
Adoption of BPM systems for process design in a higher education institution,"Kahrovic, A.",,unknown,0,False
Achieving Business Agility by Integrating SOA and BPM Technology,"Ling, Chen",Chen,male,0.8803324700638614,True
Achieving Business Agility by Integrating SOA and BPM Technology,"Xin, Lu",Lu,female,0.9968039766756602,True
Evaluation of BPM tools open source/freeware,"Sousa, Marco",Marco,male,0.9998964214527616,True
Evaluation of BPM tools open source/freeware,"Lopes, Nuno",Nuno,male,0.9999005263364984,True
Evaluation of BPM tools open source/freeware,"Ribeiro, Óscar",Óscar,male,0.999498918373465,True
Evaluation of BPM tools open source/freeware,"Silva, Joaquim",Joaquim,male,0.9999847193699697,True
Design of Interoperability for Real-Time Integration of RFID and BPM,"Ahn, Hyungjin",Hyungjin,male,0.9940025526286074,True
Design of Interoperability for Real-Time Integration of RFID and BPM,"Kim, Kwanghoon",Kwanghoon,unknown,0.690362626434451,False
Extending the boundaries of business process management: from operational to creative business processes,"Marjanovic, Olivera",Olivera,female,0.9982887231498666,True
An approach to a pattern for business process management and deployment of software engineering for small companies in a crossplatform era,"Fernández-García, Antonio",Antonio,male,0.9999433950349952,True
An approach to a pattern for business process management and deployment of software engineering for small companies in a crossplatform era,"Iribarne, Luis",Luis,male,0.9999544636263329,True
An approach to a pattern for business process management and deployment of software engineering for small companies in a crossplatform era,"Criado, Javier",Javier,male,0.9999768372268597,True
An approach to a pattern for business process management and deployment of software engineering for small companies in a crossplatform era,"Vallecillos, Jesús",Jesús,male,0.9995255006793706,True
The study of ubiquitous computing and business process management convergence: A case of National Palace Museum,"Tsai, I.-Ju",I.,unknown,0.5266380495455669,False
The study of ubiquitous computing and business process management convergence: A case of National Palace Museum,"Chiang, Johannes K.",Johannes,male,0.9999887278356387,True
How Beneficial is Social Media for Business Process Management? A Systematic Literature Review,"Prodanova, Jana",Jana,female,0.9999717556402674,True
How Beneficial is Social Media for Business Process Management? A Systematic Literature Review,"Van Looy, Amy",Amy,female,0.9999688840881918,True
Towards an E-support framework for corporate governance in South Africa: A Business Process Management System approach,"Pretorius, HW",HW,male,0.9816236256568313,True
Towards an E-support framework for corporate governance in South Africa: A Business Process Management System approach,"Leonard, AC",AC,male,0.9960373825272516,True
Towards an E-support framework for corporate governance in South Africa: A Business Process Management System approach,"Strydom, I",I,unknown,0.5264890836387495,False
Digital Transformation of Islamic Banks using Business Process Management,"Mansori, Hafsa Abdjalil",Hafsa,female,0.9999879156472653,True
Digital Transformation of Islamic Banks using Business Process Management,"Maatuk, Abdelsalam M.",Abdelsalam,male,0.9963829808879229,True
A Hybrid Integration Approach to Business Process Management Implementation,"Gao, Ming",Ming,unknown,0.5866865921981015,False
A Hybrid Integration Approach to Business Process Management Implementation,"Jia, Hongyu",Hongyu,unknown,0.7288075961528151,False
Development of quality evaluation metrics for BPM (business process management) system,"YeongSeok, Lee",Lee,male,0.9847125107667325,True
Development of quality evaluation metrics for BPM (business process management) system,"JungHyun, Bae",Bae,female,0.972362230937993,True
Development of quality evaluation metrics for BPM (business process management) system,"Seokkoo, Shin",Shin,male,0.8055345113308964,True
Consulting experience regarding business process management software in Croatia — A case study,"Brkić, Ljiljana",Ljiljana,female,0.9999895046356956,True
Consulting experience regarding business process management software in Croatia — A case study,"Tomičić-Pupek, Katarina",Katarina,female,0.999998529339605,True
Consulting experience regarding business process management software in Croatia — A case study,"Pavlić, Dino",Dino,male,0.9998910096284832,True
Change Impact analysis and propagation in service based business process management systems preliminary results from a systematic review,"Amjad Alam, Khubaib",Khubaib,male,0.9984386318948232,True
Change Impact analysis and propagation in service based business process management systems preliminary results from a systematic review,"Ahmad, Rodina Binti",Rodina,female,0.9996439762734111,True
Change Impact analysis and propagation in service based business process management systems preliminary results from a systematic review,"Akhtar, Maria",Maria,female,0.9999948398304921,True
Semantic business process management: a vision towards using semantic Web services for business process management,"Hepp, M.",,unknown,0,False
Semantic business process management: a vision towards using semantic Web services for business process management,"Leymann, F.",,unknown,0,False
Semantic business process management: a vision towards using semantic Web services for business process management,"Domingue, J.",,unknown,0,False
Semantic business process management: a vision towards using semantic Web services for business process management,"Wahler, A.",,unknown,0,False
Semantic business process management: a vision towards using semantic Web services for business process management,"Fensel, D.",,unknown,0,False
"Integration and Implementation of an EA strategy based operating model with BPM technology - Case Study: Housing credit process, Banco Estado Ecuador","Salazar, Nancy Rodriguez",Nancy,female,0.9999657563620072,True
"Integration and Implementation of an EA strategy based operating model with BPM technology - Case Study: Housing credit process, Banco Estado Ecuador","Heyl, Bernhard Hitpass",Bernhard,male,0.9999742564512356,True
Green Business Process Management – A Definition and Research Framework,"Opitz, Nicky",Nicky,male,0.8806050756418814,True
Green Business Process Management – A Definition and Research Framework,"Krüp, Henning",Henning,male,0.9992889847609261,True
Green Business Process Management – A Definition and Research Framework,"Kolbe, Lutz M.",Lutz,male,0.9936954301368839,True
Integration of Internet of Things in BPM Lifecycle: Concepts and Comparison of Approaches,"Tair, Khadidja",Khadidja,female,0.9999785613682491,True
Integration of Internet of Things in BPM Lifecycle: Concepts and Comparison of Approaches,"Boukhedouma, Saida",Saida,female,0.9999889940849084,True
Business Process Management as Basis for Enterprise Management Systems,"Lux, Andreas",Andreas,male,0.9999763395171621,True
Business Process Management as Basis for Enterprise Management Systems,"Hess, Jörg",Jörg,male,0.9995939947892971,True
Business Process Management as Basis for Enterprise Management Systems,"Herterich, Rudi",Rudi,male,0.9934475361226113,True
Smart-IoT Business Process Management: A Case Study on Remote Digital Early Cardiac Arrhythmia Detection and Diagnosis,"Gómez-Valiente, Patricia",Patricia,female,0.9999876359107199,True
Smart-IoT Business Process Management: A Case Study on Remote Digital Early Cardiac Arrhythmia Detection and Diagnosis,"Benedí, Jennifer Pérez",Jennifer,female,0.9988421343723142,True
Smart-IoT Business Process Management: A Case Study on Remote Digital Early Cardiac Arrhythmia Detection and Diagnosis,"Lillo-Castellano, José María",José,male,0.9960913709996708,True
Smart-IoT Business Process Management: A Case Study on Remote Digital Early Cardiac Arrhythmia Detection and Diagnosis,"Marina-Breysse, Manuel",Manuel,male,0.9999796545255559,True
A comparison between business process management and information security management,"Wangen, Gaute",Gaute,male,0.9908317205122386,True
A comparison between business process management and information security management,"Snekkenes, Einar Arthur",Einar,male,0.999901771012873,True
Multi-Aspect Anomaly Detection with Graph Neural Networks and Kolmogorov-Arnold Networks in Business Process Management,"Ayaz, Teoman Berkay",Teoman,male,0.9999925027088638,True
Multi-Aspect Anomaly Detection with Graph Neural Networks and Kolmogorov-Arnold Networks in Business Process Management,"Gülce, Ege",Ege,male,0.9886753469643125,True
Multi-Aspect Anomaly Detection with Graph Neural Networks and Kolmogorov-Arnold Networks in Business Process Management,"Hsu, Stanley",Stanley,male,0.9998751609138088,True
Multi-Aspect Anomaly Detection with Graph Neural Networks and Kolmogorov-Arnold Networks in Business Process Management,"Özcan, Alper",Alper,male,0.9999692134342155,True
Multi-Aspect Anomaly Detection with Graph Neural Networks and Kolmogorov-Arnold Networks in Business Process Management,"Akbulut, Akhan",Akhan,male,0.9945097118335663,True
Next Generation Business Process Management: A Paradigm Shift,"Arora, Tanuj",Tanuj,male,0.999814828819091,True
Next Generation Business Process Management: A Paradigm Shift,"Nirpase, Amol",Amol,male,0.999983053058775,True
Project Management Suported by Business Process Management,"Carmo, Welkey Costa do",Welkey,unknown,0.6190296528355705,False
Project Management Suported by Business Process Management,"Albuquerque, Adriano Bessa",Adriano,male,0.9997230892960969,True
Service integration toward ubiquitous business process management,"Jung, Jae-Yoon",Jae,male,0.9756125269782338,True
Service integration toward ubiquitous business process management,"Kong, Jaehyun",Jaehyun,male,0.9883610020016116,True
Service integration toward ubiquitous business process management,"Park, Jinwoo",Jinwoo,male,0.9999643799688072,True
Holonic Modelling of Business Process Management,"Rahali, Essam",Essam,male,0.9999654727009138,True
Holonic Modelling of Business Process Management,"Chong, Wei Joon",Wei,male,0.8353828445774668,True
Holonic Modelling of Business Process Management,"Chaczko, Zenon",Zenon,male,0.999912317790403,True
Holonic Modelling of Business Process Management,"Braun, Robin",Robin,female,0.9831070203571547,True
Self-Managed Component-Based Software Architecture for Business Process Management,"Debbabi, Bassem",Bassem,male,0.9999699278082508,True
Self-Managed Component-Based Software Architecture for Business Process Management,"Calmant, Thomas",Thomas,male,0.9999981017477207,True
Self-Managed Component-Based Software Architecture for Business Process Management,"Gattaz, Olivier",Olivier,male,0.9998287181379905,True
Self-Managed Component-Based Software Architecture for Business Process Management,"Massonnat, Sandra",Sandra,female,0.999979542732284,True
Self-Managed Component-Based Software Architecture for Business Process Management,"Emin, Patrick",Patrick,male,0.9999373211096793,True
Towards collaborative business process management development current and future approaches,"Bekele, Teshome M.",Teshome,male,0.9896407374131132,True
Towards collaborative business process management development current and future approaches,"Zhu, Weihua",Weihua,unknown,0.5972490792606274,False
Facility Management by Means of Subject Oriented Cross Organizational Business Process Management,"Borgert, Stephan",Stephan,male,0.9999887311827451,True
Facility Management by Means of Subject Oriented Cross Organizational Business Process Management,"Münch, Daniel",Daniel,male,0.9999484956264236,True
Facility Management by Means of Subject Oriented Cross Organizational Business Process Management,"Heuser, Lutz",Lutz,male,0.9936954301368839,True
Business Process Management Anomaly Detection Through Semantic Embedding-Integrated Graph Neural Networks,"Ayaz, Teoman Berkay",Teoman,male,0.9999925027088638,True
Business Process Management Anomaly Detection Through Semantic Embedding-Integrated Graph Neural Networks,"Gülce, Ege",Ege,male,0.9886753469643125,True
Business Process Management Anomaly Detection Through Semantic Embedding-Integrated Graph Neural Networks,"Hsu, Stanley",Stanley,male,0.9998751609138088,True
Business Process Management Anomaly Detection Through Semantic Embedding-Integrated Graph Neural Networks,"Özcan, Alper",Alper,male,0.9999692134342155,True
Business Process Management Anomaly Detection Through Semantic Embedding-Integrated Graph Neural Networks,"Akbulut, Akhan",Akhan,male,0.9945097118335663,True
Application of Business Process Management in the Libyan International Medical University: History and Development,"Abdelnabi, Esra A.",Esra,female,0.9999688800388199,True
Application of Business Process Management in the Libyan International Medical University: History and Development,"Fadel, Maram A.",Maram,female,0.9995220477329892,True
Application of Business Process Management in the Libyan International Medical University: History and Development,"Erhoma, Latifa A.",Latifa,female,0.9999976514586271,True
Application of Business Process Management in the Libyan International Medical University: History and Development,"Elbarghathi, Bariq A.",Bariq,male,0.9936969067020354,True
Entity-centric operations modeling for business process management — A multidisciplinary review of the state-of-the-art,"Sanz, Jorge L. C.",Jorge,male,0.9999507614101812,True
An IT-driven business model design methodology and its evaluation,"Ide, Masahiro",Masahiro,male,0.9999081624641136,True
An IT-driven business model design methodology and its evaluation,"Aoyama, Mikio",Mikio,male,0.9999314566440802,True
An IT-driven business model design methodology and its evaluation,"Kishida, Tomoko",Tomoko,female,0.9991411678935707,True
An IT-driven business model design methodology and its evaluation,"Kikushima, Yasuhiro",Yasuhiro,male,0.999932949951326,True
An Automatic Business Process Modeling Method Based on Markov Transition Matrix in BPM,"Yan, Li",Li,female,0.9821247080400133,True
An Automatic Business Process Modeling Method Based on Markov Transition Matrix in BPM,"Yu-qiang, Feng",Feng,male,0.9830753668861625,True
Enhancing Heart Rate Detection Accuracy Through the Kalman Filter Algorithm,"Manullang, Mangasa A. S.",Mangasa,female,0.9906666010010734,True
Enhancing Heart Rate Detection Accuracy Through the Kalman Filter Algorithm,"Sihombing, Poltak",Poltak,male,0.9991670727784007,True
Enhancing Heart Rate Detection Accuracy Through the Kalman Filter Algorithm,"Nasution, Mahyuddin K. M.",Mahyuddin,male,0.9824663100430351,True
Applying Process Mining to Generate Business Process Models from Smart Environments,"El Kodssi, Iman",Iman,female,0.9071665072646034,True
Applying Process Mining to Generate Business Process Models from Smart Environments,"Hanae, Sbai",Sbai,male,0.999126306894922,True
Applying Process Mining to Generate Business Process Models from Smart Environments,"Mustapha, Kabil",Kabil,male,0.9877731487624681,True
Business process modeling language selection for research modelers,"Farshidi, Siamak",Siamak,male,0.9994337313264933,True
Business process modeling language selection for research modelers,"Kwantes, Izaak Beer",Izaak,male,0.9999599499742052,True
Business process modeling language selection for research modelers,"Jansen, Slinger",Slinger,unknown,0.7036747195959657,False
"AI for Declarative Processes: Representation, Mining, Synthesis","Montali, Marco",Marco,male,0.9998964214527616,True
Organizational Digital Transformation Readiness: An Exploratory Investigation,"Michelotto, Flavia",Flavia,female,0.9999615517482403,True
Organizational Digital Transformation Readiness: An Exploratory Investigation,"Joia, Luiz Antonio",Luiz,male,0.9996898239467037,True
Navigating Business Model Redesign: The Compass Method for Identifying Changes to the Operating Model,"Lara Machado, Paola",Paola,female,0.9999891372513092,True
Navigating Business Model Redesign: The Compass Method for Identifying Changes to the Operating Model,"van de Ven, Montijn",Montijn,unknown,0.5252763831985184,False
Navigating Business Model Redesign: The Compass Method for Identifying Changes to the Operating Model,"Aysolmaz, Banu",Banu,female,0.9985703440438994,True
Navigating Business Model Redesign: The Compass Method for Identifying Changes to the Operating Model,"Turetken, Oktay",Oktay,male,0.9999202279726761,True
Navigating Business Model Redesign: The Compass Method for Identifying Changes to the Operating Model,"vom Brocke, Jan",Jan,unknown,0.5504849119650672,False
Intelligent Low-Code Platform As a Rule Construction Environment: Practices for Resolving Differences in Understanding,"Rogozov, Yu. I.",Yu.,male,0.9840779919559881,True
Beam Orbital Parameter Prediction Based on the Deployment of Cascaded Neural Networks at Edge Intelligence Acceleration Nodes,"Hou, Mingyang",Mingyang,male,0.9058099908041624,True
Beam Orbital Parameter Prediction Based on the Deployment of Cascaded Neural Networks at Edge Intelligence Acceleration Nodes,"Guo, Yuhui",Yuhui,unknown,0.6157816317591642,False
Beam Orbital Parameter Prediction Based on the Deployment of Cascaded Neural Networks at Edge Intelligence Acceleration Nodes,"Yang, Guijin",Guijin,unknown,0.5627823169543731,False
Beam Orbital Parameter Prediction Based on the Deployment of Cascaded Neural Networks at Edge Intelligence Acceleration Nodes,"Yang, Xuhui",Xuhui,male,0.9882289196672652,True
Beam Orbital Parameter Prediction Based on the Deployment of Cascaded Neural Networks at Edge Intelligence Acceleration Nodes,"Cao, Zigeng",Zigeng,unknown,0.5530200889769172,False
Beam Orbital Parameter Prediction Based on the Deployment of Cascaded Neural Networks at Edge Intelligence Acceleration Nodes,"Chen, Youxin",Youxin,male,0.9831136946242092,True
Beam Orbital Parameter Prediction Based on the Deployment of Cascaded Neural Networks at Edge Intelligence Acceleration Nodes,"He, Yuan",Yuan,male,0.6305973625632009,False
Enabling Configurable Workflows in Smart Environments with Knowledge-based Process Fragment Reuse,"Ayadi, Mouhamed Gaith",Mouhamed,male,0.9999931963695092,True
Enabling Configurable Workflows in Smart Environments with Knowledge-based Process Fragment Reuse,"Mezni, Haithem",Haithem,male,0.9999604710984225,True
Conceptual Framework Introducing the Success Factors for Implementing Intelligent Automation-A Qualitative Multiple Case Study,"Dirnberger-Wild, Johannes",Johannes,male,0.9999887278356387,True
Conceptual Framework Introducing the Success Factors for Implementing Intelligent Automation-A Qualitative Multiple Case Study,"Roth, Maximilian",Maximilian,male,0.9998238213451786,True
PhD school: From Eavesdropping to Exploitation: Exposing Vulnerabilities in BLE-Enabled Wearable Medical Devices,"Alhussan, Mohammad",Mohammad,male,0.9999978931239886,True
PhD school: From Eavesdropping to Exploitation: Exposing Vulnerabilities in BLE-Enabled Wearable Medical Devices,"Boem, Francesca",Francesca,female,0.9999873243455307,True
PhD school: From Eavesdropping to Exploitation: Exposing Vulnerabilities in BLE-Enabled Wearable Medical Devices,"Ghoreishizadeh, Sara S.",Sara,female,0.999983890493743,True
PhD school: From Eavesdropping to Exploitation: Exposing Vulnerabilities in BLE-Enabled Wearable Medical Devices,"Mandalari, Anna Maria",Anna,female,0.9999976672321713,True
Machine learning in business process management: A systematic literature review,"Weinzierl, Sven",Sven,male,0.9999829597136491,True
Machine learning in business process management: A systematic literature review,"Zilker, Sandra",Sandra,female,0.999979542732284,True
Machine learning in business process management: A systematic literature review,"Dunzer, Sebastian",Sebastian,male,0.9999469726859632,True
Machine learning in business process management: A systematic literature review,"Matzner, Martin",Martin,male,0.9998539477569732,True
Analyzing Healthcare Processes with Incremental Process Discovery: Practical Insights from a Real-World Application,"Schuster, Daniel",Daniel,male,0.9999484956264236,True
Analyzing Healthcare Processes with Incremental Process Discovery: Practical Insights from a Real-World Application,"Benevento, Elisabetta",Elisabetta,female,0.9999981306903675,True
Analyzing Healthcare Processes with Incremental Process Discovery: Practical Insights from a Real-World Application,"Aloini, Davide",Davide,male,0.9995122693716512,True
Analyzing Healthcare Processes with Incremental Process Discovery: Practical Insights from a Real-World Application,"van der Aalst, Wil M. P.",Wil,male,0.9988491702309068,True
AI based smart business management and control analysis based decision making by machine learning model,"Wu, Meng",Meng,male,0.9320970818737262,True
AI based smart business management and control analysis based decision making by machine learning model,"Qin, Xue",Xue,female,0.9738490518370407,True
Automated BPMN Diagram Generation,"Ajmal, Farhath",Farhath,female,0.8966338092835359,True
Automated BPMN Diagram Generation,"Wijekoon, Poorna",Poorna,female,0.9814184596059703,True
Automated BPMN Diagram Generation,"Dhanamina, Haritha",Haritha,female,0.9995195805356745,True
Automated BPMN Diagram Generation,"Ravishan, Yasiru",Yasiru,male,0.981388253234619,True
Automated BPMN Diagram Generation,"Nawinna, Dasuni",Dasuni,female,0.9939771134426186,True
Automated BPMN Diagram Generation,"Attanayaka, Buddhima",Buddhima,unknown,0.6083140768323929,False
BPaaS placement over optimum cloud availability zones,"Hedhli, Ameni",Ameni,female,0.9937779754802933,True
BPaaS placement over optimum cloud availability zones,"Mezni, Haithem",Haithem,male,0.9999604710984225,True
BPaaS placement over optimum cloud availability zones,"Ben Said, Lamjed",Lamjed,male,0.9995355724289829,True
Selected Aspects of Supporting Smart City Investment Processes with the Use of Spatial Description Technology,"Turek, Tomasz",Tomasz,male,0.9999197981871946,True
Selected Aspects of Supporting Smart City Investment Processes with the Use of Spatial Description Technology,"Stepniak, Cezary",Cezary,male,0.9909475829866089,True
Reactive Synthesis for Expected Impacts,"Chini, Emanuele",Emanuele,male,0.9926012804049813,True
Reactive Synthesis for Expected Impacts,"Sala, Pietro",Pietro,male,0.999943521598246,True
Reactive Synthesis for Expected Impacts,"Simonetti, Andrea",Andrea,female,0.9990642945711071,True
Reactive Synthesis for Expected Impacts,"Zare, Omid",Omid,male,0.9999914407396333,True
Research on optimization of electrical parameters of EDM based on a neural network algorithm,"Ding, Haijuan",Haijuan,female,0.9398433485545261,True
Research on optimization of electrical parameters of EDM based on a neural network algorithm,"Zhao, Chengtao",Chengtao,male,0.9859990816688483,True
Research on optimization of electrical parameters of EDM based on a neural network algorithm,"Zhao, Debiao",Debiao,male,0.9991442293660968,True
Research on optimization of electrical parameters of EDM based on a neural network algorithm,"Dong, Hairong",Hairong,female,0.9854842316671792,True
An ambient assisted living architecture for hospital at home coupled with a process-oriented perspective,"Sulis, Emilio",Emilio,male,0.9998271675860951,True
An ambient assisted living architecture for hospital at home coupled with a process-oriented perspective,"Amantea, Ilaria Angela",Ilaria,female,0.999991246543736,True
An ambient assisted living architecture for hospital at home coupled with a process-oriented perspective,"Aldinucci, Marco",Marco,male,0.9998964214527616,True
An ambient assisted living architecture for hospital at home coupled with a process-oriented perspective,"Boella, Guido",Guido,male,0.999905551240006,True
An ambient assisted living architecture for hospital at home coupled with a process-oriented perspective,"Marinello, Renata",Renata,female,0.9999937852557952,True
An ambient assisted living architecture for hospital at home coupled with a process-oriented perspective,"Grosso, Marco",Marco,male,0.9998964214527616,True
An ambient assisted living architecture for hospital at home coupled with a process-oriented perspective,"Platter, Paolo",Paolo,male,0.9999357526976299,True
An ambient assisted living architecture for hospital at home coupled with a process-oriented perspective,"Ambrosini, Serena",Serena,female,0.9999962616780754,True
Building the Processes Behind the Product: How Digital Ventures Create Business Processes That Support Their Growth,"Wuttke, Tobias",Tobias,male,0.9999755650213412,True
Building the Processes Behind the Product: How Digital Ventures Create Business Processes That Support Their Growth,"Haskamp, Thomas",Thomas,male,0.9999981017477207,True
Building the Processes Behind the Product: How Digital Ventures Create Business Processes That Support Their Growth,"Perscheid, Michael",Michael,male,0.9999876221560686,True
Building the Processes Behind the Product: How Digital Ventures Create Business Processes That Support Their Growth,"Uebernickel, Falk",Falk,male,0.9971735623783525,True
An Information Distribution System for Realizing High-Speed Communication and Social Infrastructure Management Efficiently,"Kimura, Hideaki",Hideaki,male,0.9917023485481563,True
PREDICTIVE PROCESS MONITORING FOR REMAINING TIME PREDICTION WITH TRANSFER LEARNING,"Iman, Alif Nur",Alif,male,0.9992691262565306,True
PREDICTIVE PROCESS MONITORING FOR REMAINING TIME PREDICTION WITH TRANSFER LEARNING,"Kamal, Imam Mustafa",Imam,male,0.9998158449012277,True
PREDICTIVE PROCESS MONITORING FOR REMAINING TIME PREDICTION WITH TRANSFER LEARNING,"Ramadhan, Muhammad Hanif",Muhammad,male,0.9999971836173159,True
PREDICTIVE PROCESS MONITORING FOR REMAINING TIME PREDICTION WITH TRANSFER LEARNING,"Kim, Dohee",Dohee,female,0.9037388726208914,True
PREDICTIVE PROCESS MONITORING FOR REMAINING TIME PREDICTION WITH TRANSFER LEARNING,"Lee, Yongjae",Yongjae,male,0.9979688795758362,True
PREDICTIVE PROCESS MONITORING FOR REMAINING TIME PREDICTION WITH TRANSFER LEARNING,"Bae, Hyerim",Hyerim,female,0.9938731868327746,True
Information Technology for the Data Integration in Intelligent Systems of Business Analytics,"Vysotska, Victoria",Victoria,female,0.9999836954329988,True
Information Technology for the Data Integration in Intelligent Systems of Business Analytics,"Berko, Andrii",Andrii,male,0.9897421599356576,True
Information Technology for the Data Integration in Intelligent Systems of Business Analytics,"Burov, Yevhen",Yevhen,male,0.9993423573268215,True
Information Technology for the Data Integration in Intelligent Systems of Business Analytics,"Uhryn, Dmytro",Dmytro,male,0.9999025251665364,True
Information Technology for the Data Integration in Intelligent Systems of Business Analytics,"Hu, Zhengbing",Zhengbing,male,0.9896573268077878,True
Information Technology for the Data Integration in Intelligent Systems of Business Analytics,"Dvorzhak, Valentyna",Valentyna,female,0.999928644886819,True
The Role of ChatGPT in Elevating Customer Experience and Efficiency in Automotive After-Sales Business Processes,"Sliż, Piotr",Piotr,male,0.999885348508805,True
Towards a process selection method for embedded analytics,"Bender, Tobias",Tobias,male,0.9999755650213412,True
Maximizing the Impact of Process Mining Research: Four Strategic Guidelines,"Brennig, Katharina",Katharina,female,0.9999985016295945,True
Maximizing the Impact of Process Mining Research: Four Strategic Guidelines,"Löhr, Bernd",Bernd,male,0.9998846486900214,True
Maximizing the Impact of Process Mining Research: Four Strategic Guidelines,"Brock, Jonathan",Jonathan,male,0.9999909314378428,True
Maximizing the Impact of Process Mining Research: Four Strategic Guidelines,"Reineke, Malte",Malte,male,0.9918146394198525,True
Maximizing the Impact of Process Mining Research: Four Strategic Guidelines,"Bartelheimer, Christian",Christian,male,0.9993987974523811,True
Process Knowledge Extraction and Knowledge Graph Construction Through Prompting: A Quantitative Analysis,"Bellan, Patrizio",Patrizio,male,0.9994352517037481,True
Process Knowledge Extraction and Knowledge Graph Construction Through Prompting: A Quantitative Analysis,"Dragoni, Mauro",Mauro,male,0.9999639461270868,True
Process Knowledge Extraction and Knowledge Graph Construction Through Prompting: A Quantitative Analysis,"Ghidini, Chiara",Chiara,female,0.9999918135427956,True
"A Survey on Educational Processes Based on Agile, BPM, and PM","Bergaoui, Nisseb",Nisseb,unknown,0.7072156851768746,False
"A Survey on Educational Processes Based on Agile, BPM, and PM","Ghannouchi, Sonia Ayachi",Sonia,female,0.9999923290636098,True
Supporting business process variability through declarative process families,"Groefsema, H.",,unknown,0,False
Supporting business process variability through declarative process families,"van Beest, N.R.T.P.",N.R.T.P.,unknown,0.6241422659364959,False
Not yet another BPM lifecycle: A synthesis of existing approaches using BPMN,"Nousias, Nikolaos",Nikolaos,male,0.9999586731624346,True
Not yet another BPM lifecycle: A synthesis of existing approaches using BPMN,"Tsakalidis, George",George,male,0.9999684085414767,True
Not yet another BPM lifecycle: A synthesis of existing approaches using BPMN,"Vergidis, Kostas",Kostas,male,0.9999847389513317,True
Managing next generation BP-x initiatives: Managing next generation BP-x initiatives: M. Schaschek et al.,"Schaschek, Myriam",Myriam,female,0.9999019396640695,True
Managing next generation BP-x initiatives: Managing next generation BP-x initiatives: M. Schaschek et al.,"Gwinner, Fabian",Fabian,male,0.99994536757258,True
Managing next generation BP-x initiatives: Managing next generation BP-x initiatives: M. Schaschek et al.,"Neis, Nicolas",Nicolas,male,0.9999785911728513,True
Managing next generation BP-x initiatives: Managing next generation BP-x initiatives: M. Schaschek et al.,"Tomitza, Christoph",Christoph,male,0.9996583666010818,True
Managing next generation BP-x initiatives: Managing next generation BP-x initiatives: M. Schaschek et al.,"Zeiß, Christian",Christian,male,0.9993987974523811,True
Managing next generation BP-x initiatives: Managing next generation BP-x initiatives: M. Schaschek et al.,"Winkelmann, Axel",Axel,male,0.9999905585480233,True
Transformer models for mining intents and predicting activities from emails in knowledge-intensive processes,"Khandaker, Faria",Faria,female,0.9999674271260782,True
Transformer models for mining intents and predicting activities from emails in knowledge-intensive processes,"Senderovich, Arik",Arik,male,0.9997429292348146,True
Transformer models for mining intents and predicting activities from emails in knowledge-intensive processes,"Zhao, Junda",Junda,male,0.9021897665268195,True
Transformer models for mining intents and predicting activities from emails in knowledge-intensive processes,"Cohen, Eldan",Eldan,male,0.9997123273071854,True
Transformer models for mining intents and predicting activities from emails in knowledge-intensive processes,"Yu, Eric",Eric,male,0.9999798907567824,True
Transformer models for mining intents and predicting activities from emails in knowledge-intensive processes,"Carbajales, Sebastian",Sebastian,male,0.9999469726859632,True
Transformer models for mining intents and predicting activities from emails in knowledge-intensive processes,"Chan, Allen",Allen,male,0.9998909262310021,True
A 1 × 8 Optical Splitter Based on Polycarbonate Multicore Polymer Optical Fibers,"Lanziano, Liora",Liora,female,0.9999912057021652,True
A 1 × 8 Optical Splitter Based on Polycarbonate Multicore Polymer Optical Fibers,"Sherf, Ilay",Ilay,male,0.9862925050397049,True
A 1 × 8 Optical Splitter Based on Polycarbonate Multicore Polymer Optical Fibers,"Malka, Dror",Dror,male,0.9999717241438172,True
Cross-course Process Mining of Student Clickstream Data - Aggregation and Group Comparison,"Hildebrandt, Tobias",Tobias,male,0.9999755650213412,True
Cross-course Process Mining of Student Clickstream Data - Aggregation and Group Comparison,"Mehnen, Lars",Lars,male,0.9998276630707326,True
"SIMULATION-BASED PREDICTIVE PROCESS MINING WITH EBPMN: METHODS, CHALLENGES AND OPPORTUNITIES","Bocciarelli, Paolo",Paolo,male,0.9999357526976299,True
"SIMULATION-BASED PREDICTIVE PROCESS MINING WITH EBPMN: METHODS, CHALLENGES AND OPPORTUNITIES","D’Ambrogio, Andrea",Andrea,female,0.9990642945711071,True
Unraveling the Sustainability Components of Organizational Value Statements: A Q-Sort Methodology Approach,"Kwok, Man Lung Jonathan",Man,male,0.9958284996219018,True
Unraveling the Sustainability Components of Organizational Value Statements: A Q-Sort Methodology Approach,"Kwong, Raymond",Raymond,male,0.9999627275908509,True
Unraveling the Sustainability Components of Organizational Value Statements: A Q-Sort Methodology Approach,"Hui, Chun",Chun,male,0.9816926028175558,True
Unraveling the Sustainability Components of Organizational Value Statements: A Q-Sort Methodology Approach,"Liu, Ken H. K.",Ken,male,0.999961489624478,True
Optimization of Business Processes Through BPM Methodology: A Case Study on Data Analysis and Performance Improvement,"Teixeira, António Ricardo",António,male,0.9966459700084099,True
Optimization of Business Processes Through BPM Methodology: A Case Study on Data Analysis and Performance Improvement,"Ferreira, José Vasconcelos",José,male,0.9960913709996708,True
Optimization of Business Processes Through BPM Methodology: A Case Study on Data Analysis and Performance Improvement,"Ramos, Ana Luísa",Ana,female,0.9999965937600829,True
Analysis and optimization of vibration characteristics of gyratory crusher based on DEM-MBD and PSO,"Liu, Zhengbin",Zhengbin,male,0.9972169570590702,True
Analysis and optimization of vibration characteristics of gyratory crusher based on DEM-MBD and PSO,"Wang, Shuai",Shuai,male,0.9935429934772635,True
Analysis and optimization of vibration characteristics of gyratory crusher based on DEM-MBD and PSO,"Guo, Jianbo",Jianbo,male,0.9819855364010867,True
Analysis and optimization of vibration characteristics of gyratory crusher based on DEM-MBD and PSO,"Chen, Zeren",Zeren,unknown,0.6036685155679788,False
Analysis and optimization of vibration characteristics of gyratory crusher based on DEM-MBD and PSO,"Guan, Wei",Wei,male,0.8353828445774668,True
Analysis and optimization of vibration characteristics of gyratory crusher based on DEM-MBD and PSO,"Bi, Qiushi",Qiushi,unknown,0.7346548085626153,False
Analysis and optimization of vibration characteristics of gyratory crusher based on DEM-MBD and PSO,"Mao, Yiwei",Yiwei,male,0.5292285412566516,False
Analysis and optimization of vibration characteristics of gyratory crusher based on DEM-MBD and PSO,"Wang, Huimin",Huimin,female,0.9869698177625824,True
Analysis and optimization of vibration characteristics of gyratory crusher based on DEM-MBD and PSO,"Huang, Qingxue",Qingxue,unknown,0.5576004237565605,False
Demo: From Eavesdropping to Exploitation: Exposing Vulnerabilities in BLE-Enabled Wearable Medical Devices,"Alhussan, Mohammad",Mohammad,male,0.9999978931239886,True
Demo: From Eavesdropping to Exploitation: Exposing Vulnerabilities in BLE-Enabled Wearable Medical Devices,"Boem, Francesca",Francesca,female,0.9999873243455307,True
Demo: From Eavesdropping to Exploitation: Exposing Vulnerabilities in BLE-Enabled Wearable Medical Devices,"Ghoreishizadeh, Sara S.",Sara,female,0.999983890493743,True
Demo: From Eavesdropping to Exploitation: Exposing Vulnerabilities in BLE-Enabled Wearable Medical Devices,"Mandalari, Anna Maria",Anna,female,0.9999976672321713,True
A Comprehensive Bibliometric Analysis of Business Process Management and Knowledge Management Integration: Bridging the Scholarly Gap,"Berniak-Woźny, Justyna",Justyna,female,0.9999929808607716,True
A Comprehensive Bibliometric Analysis of Business Process Management and Knowledge Management Integration: Bridging the Scholarly Gap,"Szelągowski, Marek",Marek,male,0.9999483104588682,True
Blockchain-Enabled Pension System Innovations: A Hungarian Case Study on Business Process Management Integration,"Kovács, Dániel",Dániel,male,0.99573197978853,True
Blockchain-Enabled Pension System Innovations: A Hungarian Case Study on Business Process Management Integration,"Molnár, Bálint",Bálint,male,0.9867788093812618,True
Blockchain-Enabled Pension System Innovations: A Hungarian Case Study on Business Process Management Integration,"Weininger, Viktor",Viktor,male,0.9999856986222146,True
Linear-Time Verification of Data-Aware Processes Modulo Theories via Covers and Automata,"Gianola, Alessandro",Alessandro,male,0.9999636677574057,True
Linear-Time Verification of Data-Aware Processes Modulo Theories via Covers and Automata,"Montali, Marco",Marco,male,0.9998964214527616,True
Linear-Time Verification of Data-Aware Processes Modulo Theories via Covers and Automata,"Winkler, Sarah",Sarah,female,0.999855391232182,True
Improving Vulnerability Management Through Process Mining,"Meyer, Christina",Christina,female,0.9999986803241608,True
Improving Vulnerability Management Through Process Mining,"Heininger, Richard",Richard,male,0.9999944029565571,True
Improving Vulnerability Management Through Process Mining,"Stary, Christian",Christian,male,0.9993987974523811,True
Process mining-based business process management architecture: A case study in smart factories,"Olyai, Alireza",Alireza,male,0.9978879183887268,True
Process mining-based business process management architecture: A case study in smart factories,"Saraeian, Shideh",Shideh,female,0.9998910528713867,True
Process mining-based business process management architecture: A case study in smart factories,"Nodehi, Ali",Ali,male,0.988143397255068,True
A Grammatical Approach for Administrative Workflow Design and their Distributed Execution Using Structured and Cooperatively Edited Mobile Artifacts,"Tchendji, Maurice Tchoupé",Maurice,male,0.9993936234339806,True
A Grammatical Approach for Administrative Workflow Design and their Distributed Execution Using Structured and Cooperatively Edited Mobile Artifacts,"Ndadji, Milliam Maxime Zekeng",Milliam,female,0.9882618588733482,True
A Grammatical Approach for Administrative Workflow Design and their Distributed Execution Using Structured and Cooperatively Edited Mobile Artifacts,"Parigot, Didier",Didier,male,0.9999610178838032,True
Blockchain-based collaborative business process data sharing and access control,"Sun, Xiaoxiao",Xiaoxiao,female,0.9872749395814315,True
Blockchain-based collaborative business process data sharing and access control,"Wei, Yijie",Yijie,unknown,0.658148668953219,False
Blockchain-based collaborative business process data sharing and access control,"Shen, Hujun",Hujun,male,0.9846592657679631,True
AI Assisted Customer Review Sentiment Analysis and Department Classification Tool,"Selçuk, Burcu",Burcu,female,0.9997405747939867,True
AI Assisted Customer Review Sentiment Analysis and Department Classification Tool,"Dursun, Berat Ilgaz",Berat,male,0.9939129304093,True
AI Assisted Customer Review Sentiment Analysis and Department Classification Tool,"Serif, Tacha",Tacha,female,0.999791892467015,True
Algorithmic Business Process Optimization: Empowering Operational Excellence with Service-Oriented Architecture (SOA) and Microservices,"Trabelsi, Fatima Zohra",Fatima,female,0.9999968460591531,True
Algorithmic Business Process Optimization: Empowering Operational Excellence with Service-Oriented Architecture (SOA) and Microservices,"Khtira, Amal",Amal,female,0.9850188491302879,True
Algorithmic Business Process Optimization: Empowering Operational Excellence with Service-Oriented Architecture (SOA) and Microservices,"Asri, Bouchra El",Bouchra,female,0.9967392161809455,True
A Multidimensional Financial Data Model for User Interface with Process Mining Systems,"Lopata, Audrius",Audrius,male,0.9999708373022942,True
A Multidimensional Financial Data Model for User Interface with Process Mining Systems,"Gudonienė, Daina",Daina,female,0.9999973721843608,True
A Multidimensional Financial Data Model for User Interface with Process Mining Systems,"Butleris, Rimantas",Rimantas,male,0.9999780535518726,True
A Multidimensional Financial Data Model for User Interface with Process Mining Systems,"Veitaitė, Ilona",Ilona,female,0.999994891609944,True
A Multidimensional Financial Data Model for User Interface with Process Mining Systems,"Rudžionis, Vytautas",Vytautas,male,0.9999180995837659,True
A Multidimensional Financial Data Model for User Interface with Process Mining Systems,"Gudas, Saulius",Saulius,male,0.9998944895589089,True
P-R-Dash: A Dashboard-Constructing Tool for Twinning Business Processes,"Lê, Lam-Son",Lam,male,0.9880688424662691,True
Design of Wearable Device as a Fatigue Detector in Sports Activities Based on the Internet of Things,"Prastyo, Mohammad Fariza Iqbal",Mohammad,male,0.9999978931239886,True
Design of Wearable Device as a Fatigue Detector in Sports Activities Based on the Internet of Things,"Zaeni, Ilham A.E.",Ilham,unknown,0.7182516809969085,False
Design of Wearable Device as a Fatigue Detector in Sports Activities Based on the Internet of Things,"Sucipto, Putra Wisnu Agung",Putra,male,0.9706747424651123,True
Design of Wearable Device as a Fatigue Detector in Sports Activities Based on the Internet of Things,"Pratama, Aryansyah",Aryansyah,male,0.9939578162981224,True
Next activity prediction of ongoing business processes based on deep learning,"Sun, Xiaoxiao",Xiaoxiao,female,0.9872749395814315,True
Next activity prediction of ongoing business processes based on deep learning,"Yang, Siqing",Siqing,unknown,0.7177866906545838,False
Next activity prediction of ongoing business processes based on deep learning,"Ying, Yuke",Yuke,female,0.9766217876524,True
Next activity prediction of ongoing business processes based on deep learning,"Yu, Dongjin",Dongjin,male,0.9845686592885412,True
Bot log mining: An approach to the integrated analysis of Robotic Process Automation and process mining,"Egger, Andreas",Andreas,male,0.9999763395171621,True
Bot log mining: An approach to the integrated analysis of Robotic Process Automation and process mining,"ter Hofstede, Arthur H.M.",Arthur,male,0.9999849927075136,True
Bot log mining: An approach to the integrated analysis of Robotic Process Automation and process mining,"Kratsch, Wolfgang",Wolfgang,male,0.9998326674032032,True
Bot log mining: An approach to the integrated analysis of Robotic Process Automation and process mining,"Leemans, Sander J.J.",Sander,male,0.9998363444871542,True
Bot log mining: An approach to the integrated analysis of Robotic Process Automation and process mining,"Röglinger, Maximilian",Maximilian,male,0.9998238213451786,True
Bot log mining: An approach to the integrated analysis of Robotic Process Automation and process mining,"Wynn, Moe T.",Moe,male,0.9940126776092406,True
A methodology to support the execution of proficiency tests for software quality assessment,"Dallilo, Felipe Diniz",Felipe,male,0.9992350889370495,True
A methodology to support the execution of proficiency tests for software quality assessment,"Delamaro, Marcio Eduardo",Marcio,male,0.9999151030062827,True
A methodology to support the execution of proficiency tests for software quality assessment,"Souza, Simone Senger",Simone,female,0.9989115818066938,True
Business Process Model Diagram Similarity Measurement Using Pairwise Comparison,Kristina,Kristina,female,0.9999963618934286,True
Business Process Model Diagram Similarity Measurement Using Pairwise Comparison,"Shiddiqi, Ary Mazharuddin",Ary,unknown,0.5396265536918866,False
Business Process Model Diagram Similarity Measurement Using Pairwise Comparison,"Siahaan, Daniel",Daniel,male,0.9999484956264236,True
From zero to hero: ramp-up management as a new cross-cutting business process management capability,"Albrecht, Tobias",Tobias,male,0.9999755650213412,True
From zero to hero: ramp-up management as a new cross-cutting business process management capability,"Lösser, Benedict",Benedict,male,0.9997409277346089,True
From zero to hero: ramp-up management as a new cross-cutting business process management capability,"Röglinger, Maximilian",Maximilian,male,0.9998238213451786,True
The Future of Business Process Management: Robotic Process Automation; [Masa Hadapan Pengurusan Proses Bisnes: Automasi Proses Robotik],"Liao, Han",Han,male,0.8602843225353817,True
The Future of Business Process Management: Robotic Process Automation; [Masa Hadapan Pengurusan Proses Bisnes: Automasi Proses Robotik],"Singh, Dalbir",Dalbir,male,0.9825429198158775,True
The Future of Business Process Management: Robotic Process Automation; [Masa Hadapan Pengurusan Proses Bisnes: Automasi Proses Robotik],"Ma, Jiqiao",Jiqiao,unknown,0.694881027734538,False
The Future of Business Process Management: Robotic Process Automation; [Masa Hadapan Pengurusan Proses Bisnes: Automasi Proses Robotik],"Hu, Xuting",Xuting,female,0.9816792617476676,True
Enabling Reliable Collaboration in Legacy Business Process Systems,"Jiang, Liming",Liming,male,0.9737247989886653,True
Enabling Reliable Collaboration in Legacy Business Process Systems,"Zhang, Liang",Liang,male,0.9782482259488245,True
ENHANCING THUNDERSTORM PREDICTION AND USER PROTECTION: THE EVOLUTION OF DIGITAL PROCESSING SYSTEM ZEUS 2.0,"Krzelj, Josip",Josip,male,0.9999780664852802,True
ENHANCING THUNDERSTORM PREDICTION AND USER PROTECTION: THE EVOLUTION OF DIGITAL PROCESSING SYSTEM ZEUS 2.0,"Rakic, Kresimir",Kresimir,male,0.9984952681806728,True
ENHANCING THUNDERSTORM PREDICTION AND USER PROTECTION: THE EVOLUTION OF DIGITAL PROCESSING SYSTEM ZEUS 2.0,"Seremet, Zeljko",Zeljko,male,0.9998700032963709,True
Idea generation in exploitative and explorative business process redesign techniques,"Groß, Steven",Steven,male,0.9999938645828961,True
Idea generation in exploitative and explorative business process redesign techniques,"Grisold, Thomas",Thomas,male,0.9999981017477207,True
Idea generation in exploitative and explorative business process redesign techniques,"Mendling, Jan",Jan,unknown,0.5504849119650672,False
Idea generation in exploitative and explorative business process redesign techniques,"Haase, Jennifer",Jennifer,female,0.9988421343723142,True
On the application of process management and process mining to Industry 4.0,"Monti, Flavia",Flavia,female,0.9999615517482403,True
On the application of process management and process mining to Industry 4.0,"Mathew, Jerin George",Jerin,male,0.9879468410723494,True
On the application of process management and process mining to Industry 4.0,"Leotta, Francesco",Francesco,male,0.9999449415190484,True
On the application of process management and process mining to Industry 4.0,"Koschmider, Agnes",Agnes,female,0.9996094304167977,True
On the application of process management and process mining to Industry 4.0,"Mecella, Massimo",Massimo,male,0.9998962669439312,True
Simulation and Optimisation of Business Process Management: Case Study of IT Company,"Serhiienko, Olena",Olena,female,0.9999963137368277,True
Simulation and Optimisation of Business Process Management: Case Study of IT Company,"Mashchenko, Maryna",Maryna,female,0.9999987693555802,True
Simulation and Optimisation of Business Process Management: Case Study of IT Company,"Samorodov, Borys",Borys,male,0.9998689273901178,True
Simulation and Optimisation of Business Process Management: Case Study of IT Company,"Babichev, Anatoliy",Anatoliy,male,0.9994340261510567,True
Simulation and Optimisation of Business Process Management: Case Study of IT Company,"Klimenko, Olena",Olena,female,0.9999963137368277,True
Reading between the Lines: Process Mining on OPC UA Network Data,"Hornsteiner, Markus",Markus,male,0.9999735872978276,True
Reading between the Lines: Process Mining on OPC UA Network Data,"Empl, Philip",Philip,male,0.9999254046730869,True
Reading between the Lines: Process Mining on OPC UA Network Data,"Bunghardt, Timo",Timo,male,0.9997459028917776,True
Reading between the Lines: Process Mining on OPC UA Network Data,"Schönig, Stefan",Stefan,male,0.9999831604184807,True
Intelligent automation computational modelling for contextual consulting services using Industry 4.0,"Pandey, Vijay Kumar",Vijay,male,0.9996641041030339,True
Intelligent automation computational modelling for contextual consulting services using Industry 4.0,"Rathore, Neeraj Kumar",Neeraj,male,0.999545144170873,True
Intelligent automation computational modelling for contextual consulting services using Industry 4.0,"Bhosale, Narayan P.",Narayan,male,0.9997727035320141,True
Design-time business process compliance assessment based on multi-granularity semantic information,"Sun, Xiaoxiao",Xiaoxiao,female,0.9872749395814315,True
Design-time business process compliance assessment based on multi-granularity semantic information,"Yang, Siqing",Siqing,unknown,0.7177866906545838,False
Design-time business process compliance assessment based on multi-granularity semantic information,"Zhao, Chenying",Chenying,female,0.9916900151353516,True
Design-time business process compliance assessment based on multi-granularity semantic information,"Yu, Dongjin",Dongjin,male,0.9845686592885412,True
Business process management and digital transition. The case study of an Italian Public University,"Ammirato, Salvatore",Salvatore,male,0.9995071484491044,True
Business process management and digital transition. The case study of an Italian Public University,"Cutrì, Laura",Laura,female,0.9999801813992499,True
Business process management and digital transition. The case study of an Italian Public University,"Felicetti, Alberto Michele",Alberto,male,0.9998864566720463,True
Business process management and digital transition. The case study of an Italian Public University,"Di Maio, Fabrizio",Fabrizio,male,0.9999395873949303,True
Leveraging the industrial internet of things for business process improvement: a metamodel and patterns,"Stoiber, Christoph",Christoph,male,0.9996583666010818,True
Leveraging the industrial internet of things for business process improvement: a metamodel and patterns,"Schönig, Stefan",Stefan,male,0.9999831604184807,True
A systematic literature review on the application of process mining to Industry 4.0,"Akhramovich, Katsiaryna",Katsiaryna,female,0.9999983067870558,True
A systematic literature review on the application of process mining to Industry 4.0,"Serral, Estefanía",Estefanía,female,0.9998639714042346,True
A systematic literature review on the application of process mining to Industry 4.0,"Cetina, Carlos",Carlos,male,0.9999630239120895,True
Still doing it yourself? Investigating determinants for the adoption of intelligent process automation,"Mayr, Alexander",Alexander,male,0.9999914495946162,True
Still doing it yourself? Investigating determinants for the adoption of intelligent process automation,"Stahmann, Philip",Philip,male,0.9999254046730869,True
Still doing it yourself? Investigating determinants for the adoption of intelligent process automation,"Nebel, Maximilian",Maximilian,male,0.9998238213451786,True
Still doing it yourself? Investigating determinants for the adoption of intelligent process automation,"Janiesch, Christian",Christian,male,0.9993987974523811,True
Wireless Need Sharing and Home Appliance Control for Quadriplegic Patients Using Head Motion Detection Via 3-Axis Accelerometer,"Kader, Mohammed Abdul",Mohammed,male,0.99999732840862,True
Wireless Need Sharing and Home Appliance Control for Quadriplegic Patients Using Head Motion Detection Via 3-Axis Accelerometer,"Orna, Sadia Safa",Sadia,female,0.9999495296320269,True
Wireless Need Sharing and Home Appliance Control for Quadriplegic Patients Using Head Motion Detection Via 3-Axis Accelerometer,"Tasnim, Zarin",Zarin,female,0.9771246188173005,True
Wireless Need Sharing and Home Appliance Control for Quadriplegic Patients Using Head Motion Detection Via 3-Axis Accelerometer,"Hassain, Md Mehedi",Md,male,0.9994954985908354,True
Marketing Logistics and its Digitalization,"Polishchuk, Iryna",Iryna,female,0.9999967696300486,True
Marketing Logistics and its Digitalization,"Dovhan, Yuriy",Yuriy,male,0.9990705272302415,True
Marketing Logistics and its Digitalization,"Kramar, Iryna",Iryna,female,0.9999967696300486,True
Marketing Logistics and its Digitalization,"Dovhan, Larysa",Larysa,female,0.999998181319414,True
Marketing Logistics and its Digitalization,"Yakushevska, Oksana",Oksana,female,0.9999894886955644,True
INTEGRATED MODEL OF RISK MANAGEMENT IN BUSINESS PROCESSES IN INDUSTRIAL SYSTEMS,"Stojic, N.",,unknown,0,False
INTEGRATED MODEL OF RISK MANAGEMENT IN BUSINESS PROCESSES IN INDUSTRIAL SYSTEMS,"Delic, M.",,unknown,0,False
INTEGRATED MODEL OF RISK MANAGEMENT IN BUSINESS PROCESSES IN INDUSTRIAL SYSTEMS,"Bojanic, T.",,unknown,0,False
INTEGRATED MODEL OF RISK MANAGEMENT IN BUSINESS PROCESSES IN INDUSTRIAL SYSTEMS,"Jokanovic, B.",,unknown,0,False
INTEGRATED MODEL OF RISK MANAGEMENT IN BUSINESS PROCESSES IN INDUSTRIAL SYSTEMS,"Tasic, N.",,unknown,0,False
Improving Process Mining Maturity – From Intentions to Actions,"Brock, Jonathan",Jonathan,male,0.9999909314378428,True
Improving Process Mining Maturity – From Intentions to Actions,"Brennig, Katharina",Katharina,female,0.9999985016295945,True
Improving Process Mining Maturity – From Intentions to Actions,"Löhr, Bernd",Bernd,male,0.9998846486900214,True
Improving Process Mining Maturity – From Intentions to Actions,"Bartelheimer, Christian",Christian,male,0.9993987974523811,True
Improving Process Mining Maturity – From Intentions to Actions,"von Enzberg, Sebastian",Sebastian,male,0.9999469726859632,True
Improving Process Mining Maturity – From Intentions to Actions,"Dumitrescu, Roman",Roman,male,0.9999958558456321,True
BPMN extension evaluation for security requirements engineering framework,"Zareen, Saima",Saima,female,0.9999971623740592,True
BPMN extension evaluation for security requirements engineering framework,"Anwar, Syed Muhammad",Syed,male,0.9999781471136275,True
Communication Semantics for IoT-aware Business Process Management Systems,"Babaei, Majid",Majid,male,0.9998567579880754,True
MODELING AND ANALYSIS OF BUSINESS PROCESS MANAGEMENT SYSTEMS USING TIMED WORKFLOW NETS WITH TABLES,"Song, Jian",Jian,male,0.9975103869595472,True
MODELING AND ANALYSIS OF BUSINESS PROCESS MANAGEMENT SYSTEMS USING TIMED WORKFLOW NETS WITH TABLES,"Liu, Guanjun",Guanjun,male,0.9915075785391172,True
How do digital startups manage their activities? Insights and opportunities for business process management,"ER, Mahendrawathi",Mahendrawathi,unknown,0.5404087578547828,False
How do digital startups manage their activities? Insights and opportunities for business process management,"Mulyono, Natasha Ratna Puspita",Natasha,female,0.9999955854516355,True
How do digital startups manage their activities? Insights and opportunities for business process management,"Rentio, Ivan Althirafi",Ivan,male,0.9999776517681997,True
How do digital startups manage their activities? Insights and opportunities for business process management,"Nurkasanah, Ika",Ika,female,0.9905752507317671,True
"Process Query Language: Design, Implementation, and Evaluation","Polyvyanyy, Artem",Artem,male,0.9999327131072471,True
"Process Query Language: Design, Implementation, and Evaluation","ter Hofstede, Arthur H.M.",Arthur,male,0.9999849927075136,True
"Process Query Language: Design, Implementation, and Evaluation","La Rosa, Marcello",Marcello,male,0.9996360264682205,True
"Process Query Language: Design, Implementation, and Evaluation","Ouyang, Chun",Chun,male,0.9816926028175558,True
"Process Query Language: Design, Implementation, and Evaluation","Pika, Anastasiia",Anastasiia,female,0.9997969655631055,True
Business Process Performance: Investigating the Impact of Process-Oriented Appraisals and Rewards on Success,"Ahmad, Tahir",Tahir,male,0.9999588148147504,True
Business Process Performance: Investigating the Impact of Process-Oriented Appraisals and Rewards on Success,"Van Looy, Amy",Amy,female,0.9999688840881918,True
Business Process Performance: Investigating the Impact of Process-Oriented Appraisals and Rewards on Success,"Shafagatova, Aygun",Aygun,female,0.8962151755049415,True
A Critical Investigation of Rationalities in Automation with BPM,"Klessascheck, Finn",Finn,male,0.9997309612559414,True
A Critical Investigation of Rationalities in Automation with BPM,"Bein, Leon",Leon,male,0.9999449619698267,True
A Critical Investigation of Rationalities in Automation with BPM,"Haase, Jennifer",Jennifer,female,0.9988421343723142,True
A Critical Investigation of Rationalities in Automation with BPM,"Pufahl, Luise",Luise,female,0.9998936197750643,True
Multi-Aspect Anomaly Detection with Graph Neural Networks and Kolmogorov-Arnold Networks in Business Process Management,"Ayaz, Teoman Berkay",Teoman,male,0.9999925027088638,True
Multi-Aspect Anomaly Detection with Graph Neural Networks and Kolmogorov-Arnold Networks in Business Process Management,"Gülce, Ege",Ege,male,0.9886753469643125,True
Multi-Aspect Anomaly Detection with Graph Neural Networks and Kolmogorov-Arnold Networks in Business Process Management,"Hsu, Stanley",Stanley,male,0.9998751609138088,True
Multi-Aspect Anomaly Detection with Graph Neural Networks and Kolmogorov-Arnold Networks in Business Process Management,"Özcan, Alper",Alper,male,0.9999692134342155,True
Multi-Aspect Anomaly Detection with Graph Neural Networks and Kolmogorov-Arnold Networks in Business Process Management,"Akbulut, Akhan",Akhan,male,0.9945097118335663,True
SafeRoute: Pioneering Online Ride Booking with Pega & ML-Powered Safety Measures,"Rajalakshmi, D.",,unknown,0,False
SafeRoute: Pioneering Online Ride Booking with Pega & ML-Powered Safety Measures,"Immaculate, P.S.",P.S.,male,0.9813833658887202,True
SafeRoute: Pioneering Online Ride Booking with Pega & ML-Powered Safety Measures,"Pandi, S. Senthil",,unknown,0,False
SafeRoute: Pioneering Online Ride Booking with Pega & ML-Powered Safety Measures,"Pavitra, A. Rehash Rushmi",,unknown,0,False
SafeRoute: Pioneering Online Ride Booking with Pega & ML-Powered Safety Measures,"Vijayalakshmi, V.",,unknown,0,False
SafeRoute: Pioneering Online Ride Booking with Pega & ML-Powered Safety Measures,"Sharanya, S.",,unknown,0,False
Signal Processing Units for BPMs of VEPP-2000 and VEPP-4M Colliders,"Grebnev, Matthew",Matthew,male,0.9999843324261093,True
Signal Processing Units for BPMs of VEPP-2000 and VEPP-4M Colliders,"Karpov, Gennadiy",Gennadiy,male,0.999712391561105,True
Consistency Analysis of Collaborative Process Data Change Based on a Rule-Driven Method,"Wang, Qianqian",Qianqian,female,0.9839378933579991,True
Consistency Analysis of Collaborative Process Data Change Based on a Rule-Driven Method,"Shao, Chifeng",Chifeng,male,0.9936816377938062,True
A BPM methodology for Artificial Intelligence Compliance,"Amantea, Ilaria Angela",Ilaria,female,0.999991246543736,True
A BPM methodology for Artificial Intelligence Compliance,"Governatori, Guido",Guido,male,0.999905551240006,True
A BPM methodology for Artificial Intelligence Compliance,"Quaranta, Marinella",Marinella,female,0.9999990070213655,True
A BPM methodology for Artificial Intelligence Compliance,"Molinari, Marianna",Marianna,female,0.999999170297645,True
A BPM methodology for Artificial Intelligence Compliance,"Motsi-Omoijiade, Immaculate",Immaculate,female,0.9997696465704686,True
Conversing with business process-aware large language models: the BPLLM framework,"Bernardi, Mario Luca",Mario,male,0.9998285831560244,True
Conversing with business process-aware large language models: the BPLLM framework,"Casciani, Angelo",Angelo,male,0.9998562882400411,True
Conversing with business process-aware large language models: the BPLLM framework,"Cimitile, Marta",Marta,female,0.9999974882383316,True
Conversing with business process-aware large language models: the BPLLM framework,"Marrella, Andrea",Andrea,female,0.9990642945711071,True
A User Study on Modeling IoT-Aware Processes with BPMN 2.0,"Kirikkayis, Yusuf",Yusuf,male,0.9999914998034448,True
A User Study on Modeling IoT-Aware Processes with BPMN 2.0,"Winter, Michael",Michael,male,0.9999876221560686,True
A User Study on Modeling IoT-Aware Processes with BPMN 2.0,"Reichert, Manfred",Manfred,male,0.9999883382145358,True
Identifying Use Cases for Large Language Models in the Business Process Management Lifecycle,"Bennoit, Christian",Christian,male,0.9993987974523811,True
Identifying Use Cases for Large Language Models in the Business Process Management Lifecycle,"Greff, Tobias",Tobias,male,0.9999755650213412,True
Identifying Use Cases for Large Language Models in the Business Process Management Lifecycle,"Baum, Deborah",Deborah,female,0.9992934188934005,True
Identifying Use Cases for Large Language Models in the Business Process Management Lifecycle,"Bajwa, Imran Abdullah",Imran,male,0.9991398072144694,True
Artificial Intelligence of Digital Production Management,"Azarov, Vladimir N.",Vladimir,male,0.9999351319225824,True
Artificial Intelligence of Digital Production Management,"Chekmarev, Anatoliy V.",Anatoliy,male,0.9994340261510567,True
Should knowledge management in organizations be rebranded?,"Nakash, Maayan",Maayan,female,0.9980939619687215,True
Should knowledge management in organizations be rebranded?,"Bouhnik, Dan",Dan,male,0.9998938548042234,True
Event log anomaly detection method based on auto-encoder and control flow,"Kan, Daoyu",Daoyu,unknown,0.5573841010418572,False
Event log anomaly detection method based on auto-encoder and control flow,"Fang, Xianwen",Xianwen,male,0.9470768352005097,True
"A Web-based System for Business Process Discovery: Leveraging the SICN-Oriented Process Mining Algorithm with Django, Cytoscape, and Graphviz","Nguyen, Thanh-Hai",Thanh,male,0.9801043135052536,True
"A Web-based System for Business Process Discovery: Leveraging the SICN-Oriented Process Mining Algorithm with Django, Cytoscape, and Graphviz","Kim, Kyoung-Sook",Kyoung,female,0.7380283080828,False
"A Web-based System for Business Process Discovery: Leveraging the SICN-Oriented Process Mining Algorithm with Django, Cytoscape, and Graphviz","Pham, Dinh-Lam",Dinh,male,0.9820941138175523,True
"A Web-based System for Business Process Discovery: Leveraging the SICN-Oriented Process Mining Algorithm with Django, Cytoscape, and Graphviz","Kim, Kwanghoon Pio",Kwanghoon,unknown,0.690362626434451,False
Management Decision of Using Building Information Modeling in Recent Residential Construction Projects in Bahrain,"Elzefzafy, Hend",Hend,female,0.9903054749248744,True
Management Decision of Using Building Information Modeling in Recent Residential Construction Projects in Bahrain,"Sedki, Ali",Ali,male,0.988143397255068,True
Management Decision of Using Building Information Modeling in Recent Residential Construction Projects in Bahrain,"Mohamed, Hamdy",Hamdy,male,0.9978572080558333,True
Management Decision of Using Building Information Modeling in Recent Residential Construction Projects in Bahrain,"Ibrahim, Wafeek Mohamed",Wafeek,male,0.9995478079962856,True
Process mining beyond workflows,"van der Aalst, Wil M.P.",Wil,male,0.9988491702309068,True
Process mining beyond workflows,"Reijers, Hajo A.",Hajo,unknown,0.6060434118944652,False
Process mining beyond workflows,"Maruster, Laura",Laura,female,0.9999801813992499,True
Towards a Digital Transformation and Human Factors Integrated Framework: Application of Structural Equation Modelling,"Chrusciak, Camilla Buttura",Camilla,female,0.9999978833600935,True
Towards a Digital Transformation and Human Factors Integrated Framework: Application of Structural Equation Modelling,"Szejka, Anderson Luis",Anderson,male,0.9998133282336189,True
Towards a Digital Transformation and Human Factors Integrated Framework: Application of Structural Equation Modelling,"Schaefer, Jones Luis",Jones,male,0.9993680693623065,True
Towards a Digital Transformation and Human Factors Integrated Framework: Application of Structural Equation Modelling,"Canciglieri Junior, Osiris",Osiris,unknown,0.6232148829454839,False
Data Governance to Counter Hybrid Threats against Critical Infrastructures,"Pestana, Gabriel",Gabriel,male,0.9999678001289709,True
Data Governance to Counter Hybrid Threats against Critical Infrastructures,"Sofou, Souzanna",Souzanna,female,0.9998678069830051,True
Defining and Improving the Processes of the Portuguese Project Management Observatory,"Fernandes, Tiago",Tiago,male,0.9999637692020446,True
Defining and Improving the Processes of the Portuguese Project Management Observatory,"Tereso, Anabela",Anabela,female,0.999996990744639,True
Defining and Improving the Processes of the Portuguese Project Management Observatory,"Sousa, Rui Dinis",Rui,male,0.993836254526766,True
Defining and Improving the Processes of the Portuguese Project Management Observatory,"Sousa, Paulo",Paulo,male,0.9999412882539611,True
Enabling BPM Competencies Through Real-Life Student Consulting Projects,"Lippe, Sonia",Sonia,female,0.9999923290636098,True
Enabling BPM Competencies Through Real-Life Student Consulting Projects,"Bärtsch, Franziska",Franziska,female,0.9999948013846526,True
Enabling BPM Competencies Through Real-Life Student Consulting Projects,"Brönimann, Claudia",Claudia,female,0.9999814071022761,True
Enabling BPM Competencies Through Real-Life Student Consulting Projects,"Mader, Clemens",Clemens,male,0.9997642752089578,True
Hidden Markov model: Method for building a business process model,"Varnukhov, Artem Yu.",Artem,male,0.9999327131072471,True
Scheduling Robotic Assisted Surgery within the Perioperative Process,"Ryan, Jim",Jim,male,0.999978699711865,True
Scheduling Robotic Assisted Surgery within the Perioperative Process,"Ou, Po-Yi",Po,male,0.9930066795983815,True
Fostering BPM Learning Through PBL: Development and Application of an Educational Framework,"de Pádua, Silvia Inês Dallavalle",Silvia,female,0.9999810313224872,True
Fostering BPM Learning Through PBL: Development and Application of an Educational Framework,"Lourenção, Marina",Marina,female,0.9999894884765053,True
Fostering BPM Learning Through PBL: Development and Application of an Educational Framework,"Moreira, Sérgio Adriany Santos",Sérgio,male,0.9989384818665544,True
Fostering BPM Learning Through PBL: Development and Application of an Educational Framework,"Ribeiro, Luiz Ricardo Brito",Luiz,male,0.9996898239467037,True
Conversational AI for Framed Autonomy in AI-augmented Business Process Management,"Casciani, Angelo",Angelo,male,0.9998562882400411,True
Adapting to the Dynamic Nature of Business Processes in the Digital Age,"Szelągowski, Marek",Marek,male,0.9999483104588682,True
Adapting to the Dynamic Nature of Business Processes in the Digital Age,"Potoczek, Natalia",Natalia,female,0.999997044243537,True
Adapting to the Dynamic Nature of Business Processes in the Digital Age,"Sliż, Piotr",Piotr,male,0.999885348508805,True
Adapting to the Dynamic Nature of Business Processes in the Digital Age,"Berniak-Woźny, Justyna",Justyna,female,0.9999929808607716,True
Adapting to the Dynamic Nature of Business Processes in the Digital Age,"Napieraj, Aneta",Aneta,female,0.9999974642645675,True
Adapting to the Dynamic Nature of Business Processes in the Digital Age,"Podobińska-Staniec, Marta",Marta,female,0.9999974882383316,True
Adapting to the Dynamic Nature of Business Processes in the Digital Age,"Kozłowski, Arkadiusz",Arkadiusz,male,0.9993474345840776,True
Adapting to the Dynamic Nature of Business Processes in the Digital Age,"Senkus, Piotr",Piotr,male,0.999885348508805,True
Semantic Framework to automatically generate process aware IoT,"Iman, Elkodssi",Elkodssi,unknown,0.5606742356157256,False
Semantic Framework to automatically generate process aware IoT,"Hanae, Sbai",Sbai,male,0.999126306894922,True
Semantic Framework to automatically generate process aware IoT,"Mustapha, Kabil",Kabil,male,0.9877731487624681,True
Knowledge management through the lens of business process management: a bibliometric analysis,"de Souza Mayrink Resende, Nélia",Nélia,female,0.9999175709235932,True
Knowledge management through the lens of business process management: a bibliometric analysis,"Vieira, Darli Rodrigues",Darli,female,0.9772061643743603,True
Knowledge management through the lens of business process management: a bibliometric analysis,"Moresi, Eduardo Amadeu Dutra",Eduardo,male,0.9999664554772328,True
Knowledge management through the lens of business process management: a bibliometric analysis,"Bravo, Alencar",Alencar,male,0.9859211739248365,True
Knowledge management through the lens of business process management: a bibliometric analysis,"Hedler, Helga Cristina",Helga,female,0.9999820793515048,True
Decomposed Fuzzy Analytical Hierarchy Process Method for Business Processes Management Software Selection,"Sarucan, Ahmet",Ahmet,male,0.9999521468623074,True
Decomposed Fuzzy Analytical Hierarchy Process Method for Business Processes Management Software Selection,"Baysal, Mehmet Emin",Mehmet,male,0.9999939737476609,True
Decomposed Fuzzy Analytical Hierarchy Process Method for Business Processes Management Software Selection,"Engin, Orhan",Orhan,male,0.999993933425908,True
Relevance of Topics in Workflow-Based Student Projects,"Dannecker, A.",,unknown,0,False
Relevance of Topics in Workflow-Based Student Projects,"Meyer, L.",,unknown,0,False
A Systematic Approach to Derive Conceptual Models from BPMN Models,"Lopes, Ricardo",Ricardo,male,0.99996029299145,True
A Systematic Approach to Derive Conceptual Models from BPMN Models,"Araújo, João",João,male,0.9999597809713936,True
A Systematic Approach to Derive Conceptual Models from BPMN Models,"da Silveira, Denis Silva",Denis,male,0.9965813436278006,True
A Systematic Approach to Derive Conceptual Models from BPMN Models,"Sardinha, Alberto",Alberto,male,0.9998864566720463,True
LLM4PM: A Case Study on Using Large Language Models for Process Modeling in Enterprise Organizations,"Ziche, Clara",Clara,female,0.9999914242978518,True
LLM4PM: A Case Study on Using Large Language Models for Process Modeling in Enterprise Organizations,"Apruzzese, Giovanni",Giovanni,male,0.999396045165578,True
Multimodal Process Mining,"Gavric, Aleksandar",Aleksandar,male,0.999981406971485,True
Multimodal Process Mining,"Bork, Dominik",Dominik,male,0.9999341703754147,True
Multimodal Process Mining,"Proper, Henderik",Henderik,male,0.9965895319682689,True
"Simulation-Based Predictive Process Mining with eBPMN: Methods, Challenges and Opportunities","Bocciarelli, Paolo",Paolo,male,0.9999357526976299,True
"Simulation-Based Predictive Process Mining with eBPMN: Methods, Challenges and Opportunities","D'Ambrogio, Andrea",Andrea,female,0.9990642945711071,True
Remaining Cycle Time Prediction in Business Processes with TPOT Regression for Automated Machine Learning,"Bousdekis, Alexandros",Alexandros,male,0.9999884351175863,True
Remaining Cycle Time Prediction in Business Processes with TPOT Regression for Automated Machine Learning,"Kaftantzis, Savvas",Savvas,male,0.9999951091747501,True
Remaining Cycle Time Prediction in Business Processes with TPOT Regression for Automated Machine Learning,"Theodoropoulou, Georgia",Georgia,female,0.9999481351356873,True
Remaining Cycle Time Prediction in Business Processes with TPOT Regression for Automated Machine Learning,"Miaoulis, Georgios",Georgios,male,0.9999721163040117,True
Analysis of the Strengths of Process Mining Techniques in the Optimization of Logistics Processes,"Dolak, Radim",Radim,male,0.9965903320630739,True
Analysis of the Strengths of Process Mining Techniques in the Optimization of Logistics Processes,"Halaska, Michal",Michal,male,0.9682849291876642,True
Analysis of the Strengths of Process Mining Techniques in the Optimization of Logistics Processes,"Chmelicek, Jakub",Jakub,male,0.9999955070492953,True
Digitalization and Business Automation for an Effective Supply Chain Integration: A literature review,"Najat, Toufah",Toufah,unknown,0.6798510562849718,False
Digitalization and Business Automation for an Effective Supply Chain Integration: A literature review,"Alaa Eddine, El Moussaoui",El,male,0.9973893330398813,True
Towards Sustainable BPM Excellence: A Maturity Model Grounded in Paradox Theory,"Nurkasanah, Ika",Ika,female,0.9905752507317671,True
Enhancing Procurement Performance in Project-Oriented Organizations: A Process Analysis Approach,"Kermani, Mehrdad Agha Mohammad Ali",Mehrdad,male,0.9999961563267528,True
Enhancing Procurement Performance in Project-Oriented Organizations: A Process Analysis Approach,"Maghsoudi, Mehrdad",Mehrdad,male,0.9999961563267528,True
Enhancing Procurement Performance in Project-Oriented Organizations: A Process Analysis Approach,"Darzi, Elmira",Elmira,female,0.9999937010417433,True
Project-Based Learning in BPM: Lessons from Flipped Classroom vs. Lecture-Based Instruction,"Revoredo, Kate",Kate,female,0.9999802829370112,True
Project-Based Learning in BPM: Lessons from Flipped Classroom vs. Lecture-Based Instruction,"Bala, Saimir",Saimir,male,0.99969475071354,True
Access control based on roles and groups: Case study Building a secure Smart Hospital using BPMS,"Asma, Daassa",Daassa,unknown,0.6175989654533274,False
Access control based on roles and groups: Case study Building a secure Smart Hospital using BPMS,"Mohsen, MacHhout",MacHhout,unknown,0.6759465167548004,False
Access control based on roles and groups: Case study Building a secure Smart Hospital using BPMS,"Ghannouchi, Sonia Ayachi",Sonia,female,0.9999923290636098,True
Access control based on roles and groups: Case study Building a secure Smart Hospital using BPMS,"Taoufik, Aguili",Aguili,male,0.9887692935471334,True
Towards a Knowledge Management Capability for ESG Accounting with the Help of Enterprise Modeling and Knowledge Graphs,"Osman, Cristina-Claudia",Cristina,female,0.9999968566271442,True
Towards a Knowledge Management Capability for ESG Accounting with the Help of Enterprise Modeling and Knowledge Graphs,"Ghiran, Ana-Maria",Ana,female,0.9999965937600829,True
Towards a Knowledge Management Capability for ESG Accounting with the Help of Enterprise Modeling and Knowledge Graphs,"Buchmann, Robert Andrei",Robert,male,0.9999776797436909,True
Balancing Autonomy and Trust to Enable Intelligent Robotic Process Automation,"Marrella, Andrea",Andrea,female,0.9990642945711071,True
Telemedicine and BPM in Cardiac Rehabilitation: A Comprehensive Post-Myocardial Infarction Care Program Case Study,"Szelągowski, Marek",Marek,male,0.9999483104588682,True
Telemedicine and BPM in Cardiac Rehabilitation: A Comprehensive Post-Myocardial Infarction Care Program Case Study,"Berniak-Woźny, Justyna",Justyna,female,0.9999929808607716,True
Telemedicine and BPM in Cardiac Rehabilitation: A Comprehensive Post-Myocardial Infarction Care Program Case Study,"Lupeikienė, Audronė",Audronė,female,0.9976208568854754,True
Telemedicine and BPM in Cardiac Rehabilitation: A Comprehensive Post-Myocardial Infarction Care Program Case Study,"Szewczyk, Jerzy",Jerzy,male,0.9814612466979058,True
A Scalable and Efficient Architecture for Binary Polynomial Multiplication in BIKE Utilizing Inter-/Inner-Wise Sparsity and Block-by-Block Pipeline,"Hou, Jia",Jia,female,0.9786046630795809,True
A Scalable and Efficient Architecture for Binary Polynomial Multiplication in BIKE Utilizing Inter-/Inner-Wise Sparsity and Block-by-Block Pipeline,"Wang, Jianfei",Jianfei,male,0.9788864548515375,True
A Scalable and Efficient Architecture for Binary Polynomial Multiplication in BIKE Utilizing Inter-/Inner-Wise Sparsity and Block-by-Block Pipeline,"Meng, Yishuo",Yishuo,male,0.7236643431929798,False
A Scalable and Efficient Architecture for Binary Polynomial Multiplication in BIKE Utilizing Inter-/Inner-Wise Sparsity and Block-by-Block Pipeline,"Zhang, Fahong",Fahong,female,0.8933234790804254,True
A Scalable and Efficient Architecture for Binary Polynomial Multiplication in BIKE Utilizing Inter-/Inner-Wise Sparsity and Block-by-Block Pipeline,"Su, Yang",Yang,unknown,0.6608034619216988,False
A Scalable and Efficient Architecture for Binary Polynomial Multiplication in BIKE Utilizing Inter-/Inner-Wise Sparsity and Block-by-Block Pipeline,"Yang, Chen",Chen,male,0.8803324700638614,True
Navigating the Landscape of Organizational Process Mining Setups: A Taxonomy Approach,"Marcus, Laura",Laura,female,0.9999801813992499,True
Navigating the Landscape of Organizational Process Mining Setups: A Taxonomy Approach,"Schmid, Sebastian Johannes",Sebastian,male,0.9999469726859632,True
Navigating the Landscape of Organizational Process Mining Setups: A Taxonomy Approach,"Friedrich, Franziska",Franziska,female,0.9999948013846526,True
Navigating the Landscape of Organizational Process Mining Setups: A Taxonomy Approach,"Röglinger, Maximilian",Maximilian,male,0.9998238213451786,True
Navigating the Landscape of Organizational Process Mining Setups: A Taxonomy Approach,"Grindemann, Philipp",Philipp,male,0.9999372005997167,True
PET Annotation Visualizer: A Tool to Visualize the Process Model Extraction from Text (PET) Dataset,"Bellan, Patrizio",Patrizio,male,0.9994352517037481,True
PET Annotation Visualizer: A Tool to Visualize the Process Model Extraction from Text (PET) Dataset,"Dragoni, Mauro",Mauro,male,0.9999639461270868,True
Adapting to Change: Employees Ambidexterity as a Driver for Operational Adaptability and Organizational Development,"Hofman, Mariusz",Mariusz,male,0.9992572892933651,True
Adapting to Change: Employees Ambidexterity as a Driver for Operational Adaptability and Organizational Development,"Grela, Grzegorz",Grzegorz,male,0.9998641275902351,True
Adapting to Change: Employees Ambidexterity as a Driver for Operational Adaptability and Organizational Development,"Orzelska, Paulina",Paulina,female,0.9999971295998051,True
Adapting to Change: Employees Ambidexterity as a Driver for Operational Adaptability and Organizational Development,"Banaś, Jarosław",Jarosław,male,0.9999764416570486,True
Towards the Path of Process Digitalization: A Systematic Literature Review,"Bianchi, Isaias",Isaias,male,0.9999078806491872,True
Towards the Path of Process Digitalization: A Systematic Literature Review,"Galguinho, António",António,male,0.9966459700084099,True
Towards the Path of Process Digitalization: A Systematic Literature Review,"Shurenov, Nursultan",Nursultan,male,0.9940348041118822,True
Towards the Path of Process Digitalization: A Systematic Literature Review,"Tovma, Nataliya",Nataliya,female,0.9999994410696567,True
Towards the Path of Process Digitalization: A Systematic Literature Review,"Pereira, Ruben",Ruben,male,0.999984445852665,True
Discovering Organizational Models from Event Logs for Workforce Analytics (Extended Abstract),"Yang, Jing",Jing,female,0.990305236721775,True
Combining Process Mining and Process Simulation in Healthcare: A Literature Review,"Salas, Evelyn",Evelyn,female,0.9999608528124582,True
Combining Process Mining and Process Simulation in Healthcare: A Literature Review,"Arias, Michael",Michael,male,0.9999876221560686,True
Combining Process Mining and Process Simulation in Healthcare: A Literature Review,"Aguirre, Santiago",Santiago,male,0.9999155344399705,True
Combining Process Mining and Process Simulation in Healthcare: A Literature Review,"Rojas, Eric",Eric,male,0.9999798907567824,True
Can Business Process Design Space Help Students Generate Innovative Process Redesign Ideas?,"ER, Mahendrawathi",Mahendrawathi,unknown,0.5404087578547828,False
Can Business Process Design Space Help Students Generate Innovative Process Redesign Ideas?,"Deviana, Angelica",Angelica,female,0.9999968346115239,True
Can Business Process Design Space Help Students Generate Innovative Process Redesign Ideas?,"Nurkasanah, Ika",Ika,female,0.9905752507317671,True
Monitoring Employee Well-Being with Process Mining,"Braakman, Mari A.J.",Mari,female,0.9998847397145564,True
"A Survey on Educational Processes Based on Agile, BPM, and PM","Bergaoui, Nisseb",Nisseb,unknown,0.7072156851768746,False
"A Survey on Educational Processes Based on Agile, BPM, and PM","Ghannouchi, Sonia Ayachi",Sonia,female,0.9999923290636098,True
Process-Led Digital Transformation: Mastering the Journey Towards the Composable Enterprise,"Kirchmer, Mathias",Mathias,male,0.999948038650782,True
STATUS: A Low-Code Business Process Compliance Management System,"Bernal, Álvaro",Álvaro,male,0.9988471183341155,True
STATUS: A Low-Code Business Process Compliance Management System,"Montero, Francisco",Francisco,male,0.9999572464565292,True
STATUS: A Low-Code Business Process Compliance Management System,"Cabanillas, Cristina",Cristina,female,0.9999968566271442,True
STATUS: A Low-Code Business Process Compliance Management System,"Fernández, Pablo",Pablo,male,0.9999522824750242,True
STATUS: A Low-Code Business Process Compliance Management System,"Resinas, Manuel",Manuel,male,0.9999796545255559,True
Pathomorphological Diagnosis Process Modeling for Machine Learning Algorithms' Applying,"Pańkowska, Małgorzata",Małgorzata,female,0.9999980725981475,True
Pathomorphological Diagnosis Process Modeling for Machine Learning Algorithms' Applying,"Zytniewski, Mariusz",Mariusz,male,0.9992572892933651,True
Pathomorphological Diagnosis Process Modeling for Machine Learning Algorithms' Applying,"Kozak, Mateusz",Mateusz,male,0.9996485042211498,True
Pathomorphological Diagnosis Process Modeling for Machine Learning Algorithms' Applying,"Tomaszek, Krzysztof",Krzysztof,male,0.9999579894277437,True
Pathomorphological Diagnosis Process Modeling for Machine Learning Algorithms' Applying,"Spinczyk, Dominik",Dominik,male,0.9999341703754147,True
Process Mining Enabled Cognitive RPA to Automate Data Entry Tasks in ERP Systems,"Suleiman, Ali",Ali,male,0.988143397255068,True
Process Mining Enabled Cognitive RPA to Automate Data Entry Tasks in ERP Systems,"Kassem, Gamal",Gamal,male,0.9999868786579087,True
DT4BPM: A proposed approach for combining Digital Transformation and Business Process Management,"Saidane, Mariem",Mariem,female,0.9999300014329606,True
DT4BPM: A proposed approach for combining Digital Transformation and Business Process Management,"Hassani, Asma",Asma,female,0.9999509248063684,True
DT4BPM: A proposed approach for combining Digital Transformation and Business Process Management,"Ghannouchi, Sonia Ayachi",Sonia,female,0.9999923290636098,True
MDD: Process Drift Detection in Event Logs Integrating Multiple Perspectives,"Cao, Yunuo",Yunuo,female,0.9682887913181178,True
MDD: Process Drift Detection in Event Logs Integrating Multiple Perspectives,"Lin, Leilei",Leilei,female,0.9820990628002977,True
MDD: Process Drift Detection in Event Logs Integrating Multiple Perspectives,"Di, Ying",Ying,female,0.9976878084537152,True
MDD: Process Drift Detection in Event Logs Integrating Multiple Perspectives,"Li, Xiaohe",Xiaohe,female,0.8062282048646137,True
MDD: Process Drift Detection in Event Logs Integrating Multiple Perspectives,"Chen, Wenlong",Wenlong,male,0.9847096422234497,True
Towards algorithmic and software solution for business process model analysis and correction,"Yanholenko, Olha",Olha,female,0.9999610895780094,True
Towards algorithmic and software solution for business process model analysis and correction,"Kopp, Andrii",Andrii,male,0.9897421599356576,True
Towards algorithmic and software solution for business process model analysis and correction,"Orlovskyi, Dmytro",Dmytro,male,0.9999025251665364,True
Towards algorithmic and software solution for business process model analysis and correction,"Litvinova, Uliya",Uliya,female,0.9998060343897316,True
Digital Industry transformation strategy analysis and decision-based on intelligent decision technology,"Liu, Yishu",Yishu,unknown,0.691979002718174,False
Digital Industry transformation strategy analysis and decision-based on intelligent decision technology,"Hou, Jia",Jia,female,0.9786046630795809,True
An XES Extension for the Distributed Simulation of Process Collaborations,"Bocciarelli, Paolo",Paolo,male,0.9999357526976299,True
An XES Extension for the Distributed Simulation of Process Collaborations,"D'Ambrogio, Andrea",Andrea,female,0.9990642945711071,True
3DCR: A Tool for Immersive Process Mining,"Caballero-Villalobos, Juanita",Juanita,female,0.9999936278976568,True
3DCR: A Tool for Immersive Process Mining,"Jensen, Simon James",Simon,male,0.9999853866925988,True
3DCR: A Tool for Immersive Process Mining,"López, Hugo A.",Hugo,male,0.9999959578630685,True
Automatic Generation of a Business Process Model Diagram Based on Natural Language Processing,"Mößlang, Madline",Madline,female,0.9999940352098101,True
Automatic Generation of a Business Process Model Diagram Based on Natural Language Processing,"Bernsteiner, Reinhard",Reinhard,male,0.9999789678768612,True
Automatic Generation of a Business Process Model Diagram Based on Natural Language Processing,"Ploder, Christian",Christian,male,0.9993987974523811,True
Automatic Generation of a Business Process Model Diagram Based on Natural Language Processing,"Schlögl, Stephan",Stephan,male,0.9999887311827451,True
Enhancing Deep Sequence Generation with Logical Temporal Knowledge,"Umili, Elena",Elena,female,0.9999927696536459,True
Enhancing Deep Sequence Generation with Logical Temporal Knowledge,"Licks, Gabriel Paludo",Gabriel,male,0.9999678001289709,True
Enhancing Deep Sequence Generation with Logical Temporal Knowledge,"Patrizi, Fabio",Fabio,male,0.9999554817772992,True
BPMS Blockchain Technology Soft Integration For Non-tamperable Logging,"Loebbecke, Johannes",Johannes,male,0.9999887278356387,True
BPMS Blockchain Technology Soft Integration For Non-tamperable Logging,"van Loo, Thomas",Thomas,male,0.9999981017477207,True
BPMS Blockchain Technology Soft Integration For Non-tamperable Logging,"Mangler, Juergen",Juergen,male,0.9999859704826187,True
BPMS Blockchain Technology Soft Integration For Non-tamperable Logging,"Ma, Zhendong",Zhendong,male,0.9843032081670253,True
BPMS Blockchain Technology Soft Integration For Non-tamperable Logging,"Pitner, Tomáš",Tomáš,male,0.9998876726683571,True
BPMS Blockchain Technology Soft Integration For Non-tamperable Logging,"Rinderle-Ma, Stefanie",Stefanie,female,0.999951936822069,True
Eco-Sustainability and Efficiency of Healthcare Complex Systems,"Amantea, Ilaria Angela",Ilaria,female,0.999991246543736,True
Eco-Sustainability and Efficiency of Healthcare Complex Systems,"Quaranta, Marinella",Marinella,female,0.9999990070213655,True
Performance measurement of reading teaching-learning Business Processes: Case of whole-word and syllabic reading methods in primary schools,"Sahli, Amel",Amel,female,0.6885738073834725,False
Performance measurement of reading teaching-learning Business Processes: Case of whole-word and syllabic reading methods in primary schools,"Mejri, Asma",Asma,female,0.9999509248063684,True
Performance measurement of reading teaching-learning Business Processes: Case of whole-word and syllabic reading methods in primary schools,"Louati, Aymen",Aymen,male,0.9998603997191416,True
Business process patterns for improving social sustainability,"Schoormann, Thorsten",Thorsten,male,0.9999697100379872,True
Business process patterns for improving social sustainability,"Maria, Marco Di",Marco,male,0.9998964214527616,True
"Is the Rule-based Order in AI Dead, or Is Still Kicking?","Vassilev, Vassil",Vassil,male,0.9911478863432776,True
The Interplay Between Machine Learning Techniques and Supply Chain Performance: A Structured Content Analysis,"Es-satty, Asmaa",Asmaa,female,0.9998867629826916,True
The Interplay Between Machine Learning Techniques and Supply Chain Performance: A Structured Content Analysis,"Naimi, Mohamed",Mohamed,male,0.9999971268152898,True
The Interplay Between Machine Learning Techniques and Supply Chain Performance: A Structured Content Analysis,"Lemghari, Radouane",Radouane,male,0.9966969733789537,True
The Interplay Between Machine Learning Techniques and Supply Chain Performance: A Structured Content Analysis,"Okar, Chafik",Chafik,male,0.9940240528144563,True
Automated Event Log Analysis With Causal Dependency Graphs for Impact Assessment of Business Processes,"Raptaki, Melina",Melina,female,0.9999990463348801,True
Automated Event Log Analysis With Causal Dependency Graphs for Impact Assessment of Business Processes,"Stergiopoulos, George",George,male,0.9999684085414767,True
Automated Event Log Analysis With Causal Dependency Graphs for Impact Assessment of Business Processes,"Gritzalis, Dimitris",Dimitris,male,0.9999193920782357,True
Contributions of Process Mining and Simulation to the Process Management Lifecycle Using the Example of Healthcare Case Studies,"Schmolke, Marianne",Marianne,female,0.9999966684761136,True
A preliminary study on Business Process-aware Large Language Models,"Bernardi, Mario Luca",Mario,male,0.9998285831560244,True
A preliminary study on Business Process-aware Large Language Models,"Casciani, Angelo",Angelo,male,0.9998562882400411,True
A preliminary study on Business Process-aware Large Language Models,"Cimitile, Marta",Marta,female,0.9999974882383316,True
A preliminary study on Business Process-aware Large Language Models,"Marrella, Andrea",Andrea,female,0.9990642945711071,True
BPM-based atmospheric turbulence propagator for optical ground-to-space links through extended Rayleigh Sommerfield theory and phase screen generation,"Monopoli, Davide",Davide,male,0.9995122693716512,True
BPM-based atmospheric turbulence propagator for optical ground-to-space links through extended Rayleigh Sommerfield theory and phase screen generation,"Cantore, Carla",Carla,female,0.999996784390149,True
BPM-based atmospheric turbulence propagator for optical ground-to-space links through extended Rayleigh Sommerfield theory and phase screen generation,"Magno, Giovanni",Giovanni,male,0.999396045165578,True
BPM-based atmospheric turbulence propagator for optical ground-to-space links through extended Rayleigh Sommerfield theory and phase screen generation,"D'Orazio, Antonella",Antonella,female,0.9999976482666009,True
Discovering Process Framing for AI-Augmented BPM Systems in a Multi-Process Setting,"Alman, Anti",Anti,female,0.98476769711088,True
Discovering Process Framing for AI-Augmented BPM Systems in a Multi-Process Setting,"Cohen, Izack",Izack,male,0.9998903929191054,True
Discovering Process Framing for AI-Augmented BPM Systems in a Multi-Process Setting,"Gal, Avigdor",Avigdor,male,0.9999809112919494,True
Discovering Process Framing for AI-Augmented BPM Systems in a Multi-Process Setting,"Maggi, Fabrizio Maria",Fabrizio,male,0.9999395873949303,True
Discovering Process Framing for AI-Augmented BPM Systems in a Multi-Process Setting,"Montali, Marco",Marco,male,0.9998964214527616,True
A systemic framework for Enterprise Resource Planning systems: A bibliometric networking analysis,"Martins, Emanuel João",Emanuel,male,0.9999580610451408,True
A systemic framework for Enterprise Resource Planning systems: A bibliometric networking analysis,"Belfo, Fernando Paulo",Fernando,male,0.9998906875755088,True
Design and Implementation of Environmental Monitoring Information Management System Based on Android,"Li, Haitao",Haitao,male,0.9829042863316133,True
Design and Implementation of Environmental Monitoring Information Management System Based on Android,"Yao, Yao",Yao,male,0.9931221313871769,True
R-IO SUITE: integration of LLM-based AI into a knowledge management and model-driven based platform dedicated to crisis management,"Congès, Aurélie",Aurélie,female,0.9990719888566209,True
R-IO SUITE: integration of LLM-based AI into a knowledge management and model-driven based platform dedicated to crisis management,"Fertier, Audrey",Audrey,female,0.9996509612157868,True
R-IO SUITE: integration of LLM-based AI into a knowledge management and model-driven based platform dedicated to crisis management,"Salatgé, Nicolas",Nicolas,male,0.9999785911728513,True
R-IO SUITE: integration of LLM-based AI into a knowledge management and model-driven based platform dedicated to crisis management,"Rebière, Sébastien",Sébastien,male,0.9969569837859285,True
R-IO SUITE: integration of LLM-based AI into a knowledge management and model-driven based platform dedicated to crisis management,"Benaben, Frederick",Frederick,male,0.999942547328335,True
"BPMN Analyzer 2.0: Instantaneous, Comprehensible, and Fixable Control Flow Analysis for Realistic BPMN Models","Kräuter, Tim",Tim,male,0.9999194162795334,True
"BPMN Analyzer 2.0: Instantaneous, Comprehensible, and Fixable Control Flow Analysis for Realistic BPMN Models","Stünkel, Patrick",Patrick,male,0.9999373211096793,True
"BPMN Analyzer 2.0: Instantaneous, Comprehensible, and Fixable Control Flow Analysis for Realistic BPMN Models","Rutle, Adrian",Adrian,male,0.998830188234461,True
"BPMN Analyzer 2.0: Instantaneous, Comprehensible, and Fixable Control Flow Analysis for Realistic BPMN Models","Lamo, Yngve",Yngve,male,0.9914115672242029,True
"BPMN Analyzer 2.0: Instantaneous, Comprehensible, and Fixable Control Flow Analysis for Realistic BPMN Models","König, Harald",Harald,male,0.9999263057035207,True
On complexity of modeling the business process lifecycle,"Bider, Ilia",Ilia,female,0.7355633110002426,False
Design Thinking and Innovative Tool Use in Business Model,"Singhi, Nitika",Nitika,female,0.999999100691498,True
Design Thinking and Innovative Tool Use in Business Model,"Verma, Ankush",Ankush,male,0.9998860433858728,True
Design Thinking and Innovative Tool Use in Business Model,"Agrawal, Atul",Atul,male,0.9998818540437993,True
Design Thinking and Innovative Tool Use in Business Model,"Khan, Irfan",Irfan,male,0.999976727801009,True
"NLP4PBM: a systematic review on process extraction using natural language processing with rule-based, machine and deep learning methods","Van Woensel, William",William,male,0.999948625742716,True
"NLP4PBM: a systematic review on process extraction using natural language processing with rule-based, machine and deep learning methods","Motie, Soroor",Soroor,female,0.9855733636820606,True
Teaching Enterprise Resource Planning Systems and Business Process Management in Tandem Using the Enterprise Online Guide,"Scheruhn, Hans-Jürgen",Hans,male,0.9999270008633634,True
Teaching Enterprise Resource Planning Systems and Business Process Management in Tandem Using the Enterprise Online Guide,"Mendling, Jan",Jan,unknown,0.5504849119650672,False
Complex Responsive Processes: The Emergence of Enabling Constraints in the Living Present of a Cyber-Physical Social System,"Willemsen, Guido T. H. J.",Guido,male,0.999905551240006,True
Complex Responsive Processes: The Emergence of Enabling Constraints in the Living Present of a Cyber-Physical Social System,"Correia, Luis",Luis,male,0.9999544636263329,True
Complex Responsive Processes: The Emergence of Enabling Constraints in the Living Present of a Cyber-Physical Social System,"Janssen, Marco A.",Marco,male,0.9998964214527616,True
Improving Comprehensibility of IoT-Driven Business Processes through BPMN 2.0 Extension: A User Study,"Kirikkayis, Yusuf",Yusuf,male,0.9999914998034448,True
Improving Comprehensibility of IoT-Driven Business Processes through BPMN 2.0 Extension: A User Study,"Gallik, Florian",Florian,male,0.9999672042878258,True
Improving Comprehensibility of IoT-Driven Business Processes through BPMN 2.0 Extension: A User Study,"Winter, Michael",Michael,male,0.9999876221560686,True
Improving Comprehensibility of IoT-Driven Business Processes through BPMN 2.0 Extension: A User Study,"Reichert, Manfred",Manfred,male,0.9999883382145358,True
Enhancing Business Process Management Through Nature Assessment: Development and Deployment of the Business Process Nature Assessment Tool,"Grzesiak, Marzena",Marzena,female,0.9999991294523666,True
Enhancing Business Process Management Through Nature Assessment: Development and Deployment of the Business Process Nature Assessment Tool,"Szelągowski, Marek",Marek,male,0.9999483104588682,True
Enhancing Business Process Management Through Nature Assessment: Development and Deployment of the Business Process Nature Assessment Tool,"Moszyński, Marek",Marek,male,0.9999483104588682,True
Enhancing Business Process Management Through Nature Assessment: Development and Deployment of the Business Process Nature Assessment Tool,"Berniak-Woźny, Justyna",Justyna,female,0.9999929808607716,True
Beyond Traditional Learning: The LLM Revolution in BPM Education at University,"Grzesiak, Marzena",Marzena,female,0.9999991294523666,True
Beyond Traditional Learning: The LLM Revolution in BPM Education at University,"Kluza, Krzysztof",Krzysztof,male,0.9999579894277437,True
Beyond Traditional Learning: The LLM Revolution in BPM Education at University,"Potoczek, Natalia R.",Natalia,female,0.999997044243537,True
Beyond Traditional Learning: The LLM Revolution in BPM Education at University,"Szała, Leszek",Leszek,male,0.9998250014704523,True
Business Process Management Anomaly Detection Through Semantic Embedding-Integrated Graph Neural Networks,"Ayaz, Teoman Berkay",Teoman,male,0.9999925027088638,True
Business Process Management Anomaly Detection Through Semantic Embedding-Integrated Graph Neural Networks,"Gülce, Ege",Ege,male,0.9886753469643125,True
Business Process Management Anomaly Detection Through Semantic Embedding-Integrated Graph Neural Networks,"Hsu, Stanley",Stanley,male,0.9998751609138088,True
Business Process Management Anomaly Detection Through Semantic Embedding-Integrated Graph Neural Networks,"Özcan, Alper",Alper,male,0.9999692134342155,True
Business Process Management Anomaly Detection Through Semantic Embedding-Integrated Graph Neural Networks,"Akbulut, Akhan",Akhan,male,0.9945097118335663,True
Design and Implementation of an Open Daylight Event Management System Through the Integration of a Business Process Management,"Benavides Castillo, Luis E.",Luis,male,0.9999544636263329,True
Design and Implementation of an Open Daylight Event Management System Through the Integration of a Business Process Management,"Castro González, Christian X.",Christian,male,0.9993987974523811,True
