A Hybrid Approach for Improving the Design Quality of Web Service Interfaces,"Ouni, Ali",Ali,male,0.988143397255068,True
A Hybrid Approach for Improving the Design Quality of Web Service Interfaces,"Wang, Hanzhang",Hanzhang,female,0.5828545913356064,False
A Hybrid Approach for Improving the Design Quality of Web Service Interfaces,"Kessentini, Marouane",Marouane,male,0.9980790613576767,True
A Hybrid Approach for Improving the Design Quality of Web Service Interfaces,"Bouktif, Salah",Salah,male,0.9979862399704431,True
A Hybrid Approach for Improving the Design Quality of Web Service Interfaces,"Inoue, Katsuro",Katsuro,male,0.9984062821080226,True
Features of automation of business processes of interaction with customers,"Volik, Mariya",Mariya,female,0.999996324853987,True
Features of automation of business processes of interaction with customers,"Kovaleva, Maria",Maria,female,0.9999948398304921,True
Supporting and assisting the execution of flexible healthcare processes,"Mertens, Steven",Steven,male,0.9999938645828961,True
Supporting and assisting the execution of flexible healthcare processes,"Gailly, Frederik",Frederik,male,0.9999404558005246,True
Supporting and assisting the execution of flexible healthcare processes,"Poels, Geert",Geert,male,0.9998608924148286,True
Managing legal interpretation in regulatory compliance,"Boella, Guido",Guido,male,0.999905551240006,True
Managing legal interpretation in regulatory compliance,"Janssen, Marijn",Marijn,unknown,0.6991258488869239,False
Managing legal interpretation in regulatory compliance,"Hulstijn, Joris",Joris,male,0.999780103301615,True
Managing legal interpretation in regulatory compliance,"Humphreys, Llio",Llio,female,0.9938153214624298,True
Managing legal interpretation in regulatory compliance,"van der Torre, Leendert",Leendert,male,0.9936933147063741,True
Reasoning About Property Preservation in Adaptive Case Management,"Eshuis, Rik",Rik,male,0.999965618838259,True
Reasoning About Property Preservation in Adaptive Case Management,"Hull, Richard",Richard,male,0.9999944029565571,True
Reasoning About Property Preservation in Adaptive Case Management,"Yi, Mengfei",Mengfei,unknown,0.7393762958972218,False
Modeling and implementing a business process using WebSphere Lombardi Edition 7.1,"Yang, Shili",Shili,female,0.8584408617631518,True
Modeling and implementing a business process using WebSphere Lombardi Edition 7.1,"Sun, Ying",Ying,female,0.9976878084537152,True
Modeling and implementing a business process using WebSphere Lombardi Edition 7.1,"Waterhouse, Julie",Julie,female,0.9999708986968754,True
Modeling and implementing a business process using WebSphere Lombardi Edition 7.1,"Lau, Diana",Diana,female,0.999995961950494,True
Modeling and implementing a business process using WebSphere Lombardi Edition 7.1,"Al-Hamwy, Tammam",Tammam,male,0.997737662757366,True
Grouping Peers Based on Complementary Degree and Social Relationship using Genetic Algorithm,"Shih, Timothy K.",Timothy,male,0.9999470920340167,True
Grouping Peers Based on Complementary Degree and Social Relationship using Genetic Algorithm,"Gunarathne, W. K. T. M.",,unknown,0,False
Grouping Peers Based on Complementary Degree and Social Relationship using Genetic Algorithm,"Ochirbat, Ankhtuya",Ankhtuya,female,0.9995221900096782,True
Grouping Peers Based on Complementary Degree and Social Relationship using Genetic Algorithm,"Su, Huang-Ming",Huang,unknown,0.5549666842350425,False
Making Constrained Things Reachable: A Secure IP-Agnostic NAT Traversal Approach for IoT,"Novo, Oscar",Oscar,male,0.9999898920259033,True
Modeling evidence-based medicine applications with provenance data in pathways,"Yildiz, Ustun",Ustun,male,0.9846511611366539,True
Modeling evidence-based medicine applications with provenance data in pathways,"Belhajjame, Khalid",Khalid,male,0.999949361127034,True
Modeling evidence-based medicine applications with provenance data in pathways,"Grigori, Daniela",Daniela,female,0.9999978509319162,True
Towards a change-aware process environment for system and software process,"Hajmoosaei, Mojtaba",Mojtaba,male,0.9879105262227434,True
Towards a change-aware process environment for system and software process,"Tran, Hanh-Nhi",Hanh,female,0.9980197341321809,True
Towards a change-aware process environment for system and software process,"Percebois, Christian",Christian,male,0.9993987974523811,True
Towards a change-aware process environment for system and software process,"Front, Agnes",Agnes,female,0.9996094304167977,True
Towards a change-aware process environment for system and software process,"Roncancio, Claudia",Claudia,female,0.9999814071022761,True
Model driven interoperability in practice: preliminary evidences and issues from an industrial project,"Lemrabet, Youness",Youness,male,0.999920205466547,True
Model driven interoperability in practice: preliminary evidences and issues from an industrial project,"Bigand, Michel",Michel,male,0.9997252558451084,True
Model driven interoperability in practice: preliminary evidences and issues from an industrial project,"Clin, David",David,male,0.9999952928042082,True
Model driven interoperability in practice: preliminary evidences and issues from an industrial project,"Benkeltoum, Nordine",Nordine,male,0.9713694006510899,True
Model driven interoperability in practice: preliminary evidences and issues from an industrial project,"Bourey, Jean-Pierre",Jean,female,0.6637228001271365,False
A method for analyzing work tasks and status by video-and-PC-monitoring system,"Toba, Minako",Minako,female,0.9996428313054879,True
A method for analyzing work tasks and status by video-and-PC-monitoring system,"Mori, Yasuhide",Yasuhide,male,0.9913747261695368,True
A method for analyzing work tasks and status by video-and-PC-monitoring system,"Egi, Masashi",Masashi,male,0.999606524324927,True
A method for analyzing work tasks and status by video-and-PC-monitoring system,"Sakurai, Takao",Takao,male,0.9999882344197668,True
A method for analyzing work tasks and status by video-and-PC-monitoring system,"Naono, Ken",Ken,male,0.999961489624478,True
Simulation-based operation management of outpatient departments in university hospitals,"Choi, Byoung K.",Byoung,male,0.9910301572685754,True
Simulation-based operation management of outpatient departments in university hospitals,"Kang, Donghun",Donghun,male,0.9994863143510884,True
Simulation-based operation management of outpatient departments in university hospitals,"Kong, Joohoe",Joohoe,unknown,0.7131183588656498,False
Simulation-based operation management of outpatient departments in university hospitals,"Kim, Hyeonsik",Hyeonsik,unknown,0.6800281476215685,False
Simulation-based operation management of outpatient departments in university hospitals,"Jamjoom, Arwa A.",Arwa,female,0.9999631158007555,True
Simulation-based operation management of outpatient departments in university hospitals,"Mogbil, Aisha M.",Aisha,female,0.999989844691546,True
Simulation-based operation management of outpatient departments in university hospitals,"Alghamdi, Thoria A.",Thoria,female,0.9980644709824926,True
Incorporating semantic bridges into information flow of cross-organizational business process models,"Barnickel, Nils",Nils,male,0.999609305827729,True
Incorporating semantic bridges into information flow of cross-organizational business process models,"Böttcher, Johannes",Johannes,male,0.9999887278356387,True
Incorporating semantic bridges into information flow of cross-organizational business process models,"Paschke, Adrian",Adrian,male,0.998830188234461,True
An integrated approach for modeling and facilitating RFID-based collaborative logistics processes,"Li, Yu",Yu,female,0.8656251027956705,True
An integrated approach for modeling and facilitating RFID-based collaborative logistics processes,"Oberweis, Andreas",Andreas,male,0.9999763395171621,True
An integrated approach for modeling and facilitating RFID-based collaborative logistics processes,"Zhang, Huayu",Huayu,unknown,0.6735190604753195,False
Measuring Method Complexity of the Case Management Modeling and Notation (CMMN),"Marin, Mike A.",Mike,male,0.9993471735902227,True
Measuring Method Complexity of the Case Management Modeling and Notation (CMMN),"Lotriet, Hugo",Hugo,male,0.9999959578630685,True
Measuring Method Complexity of the Case Management Modeling and Notation (CMMN),"Van Der Poll, John A.",John,male,0.9999985032120171,True
Activity-centric support for weakly-structured business processes,"Schmidt, Benedikt",Benedikt,male,0.9978531130796385,True
Activity-centric support for weakly-structured business processes,"Stoitsev, Todor",Todor,male,0.9999963027530435,True
Activity-centric support for weakly-structured business processes,"Mühlhäuser, Max",Max,male,0.9999943791406495,True
Editorial: “Business Process Intelligence: Connecting Data and Processes”,"Aalst, Wil Van Der",Wil,male,0.9988491702309068,True
Editorial: “Business Process Intelligence: Connecting Data and Processes”,"Zhao, J. Leon",,unknown,0,False
Editorial: “Business Process Intelligence: Connecting Data and Processes”,"Wang, Harry Jiannan",Harry,male,0.9997201104874271,True
Quality and perceived usefulness of process models,"Rittgen, Peter",Peter,male,0.9999580684529622,True
inBOX: your future mail box,"Mahtemu, Gashaye",Gashaye,unknown,0.533771421934971,False
inBOX: your future mail box,"Mudgal, Jahnvi",Jahnvi,female,0.9998068291097794,True
inBOX: your future mail box,"Parvathy, V. R.",,unknown,0,False
inBOX: your future mail box,"Bhakat, Rajib",Rajib,male,0.9999626415120703,True
inBOX: your future mail box,"VSSS Andukuri, Sri Harsha",Sri,female,0.9752043151330871,True
Solving resource planning problems: a heuristical solution,"Eckert, Julian",Julian,male,0.9999128116879805,True
Solving resource planning problems: a heuristical solution,"Lehrig, Tim",Tim,male,0.9999194162795334,True
Solving resource planning problems: a heuristical solution,"Papageorgiou, Apostolos",Apostolos,male,0.9999804466096464,True
Solving resource planning problems: a heuristical solution,"Repp, Nicolas",Nicolas,male,0.9999785911728513,True
Solving resource planning problems: a heuristical solution,"Steinmetz, Ralf",Ralf,male,0.9999738177966511,True
A knowledge-based formalization of UBL processes using hybrid programs,"Bihary, Sidharth",Sidharth,male,0.9989528048131509,True
A knowledge-based formalization of UBL processes using hybrid programs,"Roy, Suman",Suman,unknown,0.6303416799007425,False
A knowledge-based formalization of UBL processes using hybrid programs,"Han, Tan Zi",Tan,male,0.9903192206498632,True
A knowledge-based formalization of UBL processes using hybrid programs,"Sawant, Kiran Prakash",Kiran,unknown,0.7224624887283022,False
"Modeling, Enacting, and Integrating Custom Crowdsourcing Processes","Tranquillini, Stefano",Stefano,male,0.9999619769884374,True
"Modeling, Enacting, and Integrating Custom Crowdsourcing Processes","Daniel, Florian",Florian,male,0.9999672042878258,True
"Modeling, Enacting, and Integrating Custom Crowdsourcing Processes","Kucherbaev, Pavel",Pavel,male,0.9999915029945373,True
"Modeling, Enacting, and Integrating Custom Crowdsourcing Processes","Casati, Fabio",Fabio,male,0.9999554817772992,True
Conflict resolution for on-the-fly change propagation in business processes,"Mafazi, Shamila",Shamila,female,0.9999965581350782,True
Conflict resolution for on-the-fly change propagation in business processes,"Mayer, Wolfgang",Wolfgang,male,0.9998326674032032,True
Conflict resolution for on-the-fly change propagation in business processes,"Stumptner, Markus",Markus,male,0.9999735872978276,True
Causes-based problems in business process compliance based management,"Hantry, Francois",Francois,male,0.9999775911572618,True
Causes-based problems in business process compliance based management,"Hacid, Mohand-Said",Mohand,male,0.9993254287025714,True
Automatic Validation of Knowledge-intensive Process Models through Alloy,"Barboza, Tatiana",Tatiana,female,0.9999984801405577,True
Automatic Validation of Knowledge-intensive Process Models through Alloy,"Santoro, Flávia Maria",Flávia,female,0.9980152096934121,True
Automatic Validation of Knowledge-intensive Process Models through Alloy,"Baião, Fernanda",Fernanda,female,0.9999823446075592,True
Business Process Modeling and simulation,"Hook, Geoffrey",Geoffrey,male,0.9999655859107274,True
Keeping decisions and rationale explicit in business process analysis,"da Silva Neto, Manoel Sancho",Manoel,male,0.9985932935315001,True
Keeping decisions and rationale explicit in business process analysis,"de Araujo, Renata Mendes",Renata,female,0.9999937852557952,True
Static analysis of BPMN-based process-driven applications,"Schneid, Konrad",Konrad,male,0.9999905818871407,True
Static analysis of BPMN-based process-driven applications,"Usener, Claus A.",Claus,male,0.9938606674611371,True
Static analysis of BPMN-based process-driven applications,"Thöne, Sebastian",Sebastian,male,0.9999469726859632,True
Static analysis of BPMN-based process-driven applications,"Kuchen, Herbert",Herbert,male,0.9998681607262365,True
Static analysis of BPMN-based process-driven applications,"Tophinke, Christian",Christian,male,0.9993987974523811,True
Managing simulation workflow patterns using dynamic service-oriented compositions,"Al-Zoubi, Khaldoon",Khaldoon,male,0.994013743449657,True
Managing simulation workflow patterns using dynamic service-oriented compositions,"Wainer, Gabriel",Gabriel,male,0.9999678001289709,True
Simulation model for analysis and management of the no-show in outpatient clinic,"Pepino, Alessandro",Alessandro,male,0.9999636677574057,True
Simulation model for analysis and management of the no-show in outpatient clinic,"Vallefuoco, Ersilia",Ersilia,female,0.9999956285322908,True
Simulation model for analysis and management of the no-show in outpatient clinic,"Cuccaro, Patrizia",Patrizia,female,0.9999938209586131,True
Simulation model for analysis and management of the no-show in outpatient clinic,"D'Onofrio, Gaetano",Gaetano,male,0.999869460043815,True
Towards Improving Context Interpretation in the IoT Paradigm: a Solution to Integrate Context Information in Process Models,"Song, Rongjia",Rongjia,unknown,0.5239890340315129,False
Towards Improving Context Interpretation in the IoT Paradigm: a Solution to Integrate Context Information in Process Models,"Wang, Ying",Ying,female,0.9976878084537152,True
Towards Improving Context Interpretation in the IoT Paradigm: a Solution to Integrate Context Information in Process Models,"Cui, Weiping",Weiping,unknown,0.6944698644234264,False
Towards Improving Context Interpretation in the IoT Paradigm: a Solution to Integrate Context Information in Process Models,"Vanthienen, Jan",Jan,unknown,0.5504849119650672,False
Towards Improving Context Interpretation in the IoT Paradigm: a Solution to Integrate Context Information in Process Models,"Huang, Lei",Lei,female,0.9773825880925103,True
Process spaceship: discovering and exploring process views from event logs in data spaces,"Motahari, Hamid",Hamid,male,0.9999253565264725,True
Process spaceship: discovering and exploring process views from event logs in data spaces,"Benatallah, Boualem",Boualem,male,0.9984720819877133,True
Process spaceship: discovering and exploring process views from event logs in data spaces,"Saint-Paul, Regis",Regis,male,0.9996892497756127,True
Process spaceship: discovering and exploring process views from event logs in data spaces,"Casati, Fabio",Fabio,male,0.9999554817772992,True
Process spaceship: discovering and exploring process views from event logs in data spaces,"Andritsos, Periklis",Periklis,male,0.9959682021453282,True
Providing fault-tolerant execution of web-service-based workflows within clouds,"Behl, Johannes",Johannes,male,0.9999887278356387,True
Providing fault-tolerant execution of web-service-based workflows within clouds,"Distler, Tobias",Tobias,male,0.9999755650213412,True
Providing fault-tolerant execution of web-service-based workflows within clouds,"Heisig, Florian",Florian,male,0.9999672042878258,True
Providing fault-tolerant execution of web-service-based workflows within clouds,"Kapitza, Rüdiger",Rüdiger,male,0.9990950014728264,True
Providing fault-tolerant execution of web-service-based workflows within clouds,"Schunter, Matthias",Matthias,male,0.9999337682187655,True
Revisiting Interoperability Issues and Challenges in the Era of Ubiquitous Social Web of Everything,"Kajan, Ejub",Ejub,male,0.9997010549192551,True
Architecture-centric support for adaptive service collaborations,"Haesevoets, Robrecht",Robrecht,male,0.99707005449328,True
Architecture-centric support for adaptive service collaborations,"Weyns, Danny",Danny,male,0.995743731261355,True
Architecture-centric support for adaptive service collaborations,"Holvoet, Tom",Tom,male,0.9999802916805114,True
Workflow management versus case handling: results from a controlled software experiment,"Mutschler, Bela",Bela,female,0.9847875101573145,True
Workflow management versus case handling: results from a controlled software experiment,"Weber, Barbara",Barbara,female,0.999979214602181,True
Workflow management versus case handling: results from a controlled software experiment,"Reichert, Manfred",Manfred,male,0.9999883382145358,True
A BPMN extension for modeling non functional properties of business processes,"Bocciarelli, Paolo",Paolo,male,0.9999357526976299,True
A BPMN extension for modeling non functional properties of business processes,"D'Ambrogio, Andrea",Andrea,female,0.9990642945711071,True
A business process explorer: recovering and visualizing e-commerce business processes,"Guo, Jin",Jin,unknown,0.7377281243241545,False
A business process explorer: recovering and visualizing e-commerce business processes,"Foo, King Chun",King,male,0.9984243999043484,True
A business process explorer: recovering and visualizing e-commerce business processes,"Barbour, Liliane",Liliane,female,0.999997145400113,True
A business process explorer: recovering and visualizing e-commerce business processes,"Zou, Ying",Ying,female,0.9976878084537152,True
Using a mobile app to improve performance of management of services orders and teams processes,"de Andrade, Paulo R. M.",Paulo,male,0.9999412882539611,True
Using a mobile app to improve performance of management of services orders and teams processes,"Albuquerque, Adriano B.",Adriano,male,0.9997230892960969,True
Using a mobile app to improve performance of management of services orders and teams processes,"Frota, Otávio F.",Otávio,male,0.999658275991619,True
Using a mobile app to improve performance of management of services orders and teams processes,"Morais, Mirko A. N.",Mirko,male,0.9997269613326661,True
Towards quality-aware development and evolution of enterprise information systems,"Hummel, Oliver",Oliver,male,0.9999907881390401,True
Towards quality-aware development and evolution of enterprise information systems,"Momm, Christof",Christof,male,0.9999768680855999,True
Towards quality-aware development and evolution of enterprise information systems,"Hickl, Susan",Susan,female,0.99882862785003,True
Verifiable UML Artifact-Centric Business Process Models,"Calvanese, Diego",Diego,male,0.9999727834593694,True
Verifiable UML Artifact-Centric Business Process Models,"Montali, Marco",Marco,male,0.9998964214527616,True
Verifiable UML Artifact-Centric Business Process Models,"Estañol, Montserrat",Montserrat,female,0.9996665718044369,True
Verifiable UML Artifact-Centric Business Process Models,"Teniente, Ernest",Ernest,male,0.9998256071543871,True
A tool for the analysis of hierarchical service-oriented extended open fork/join queueing networks,"Arns, Markus",Markus,male,0.9999735872978276,True
ModelER: Abordagem baseada em modelos aplicada ao processo de elicitação de requisitos,"de O. Souza, Rafael X.",Rafael,male,0.9999801002723208,True
ModelER: Abordagem baseada em modelos aplicada ao processo de elicitação de requisitos,"de Oliveira, Adicinéia A.",Adicinéia,unknown,0.6182122050648033,False
ModelER: Abordagem baseada em modelos aplicada ao processo de elicitação de requisitos,"do Nascimento, Rogério P. C.",Rogério,male,0.998403039540056,True
Three-layered QoS for eGovernment web services,"Candiello, Antonio",Antonio,male,0.9999433950349952,True
Three-layered QoS for eGovernment web services,"Albarelli, Andrea",Andrea,female,0.9990642945711071,True
Three-layered QoS for eGovernment web services,"Cortesi, Agostino",Agostino,male,0.99979393303736,True
E = MA2 (e-learning in a Moodle-based adaptive and accumulative system),"Indzhov, Hristo",Hristo,male,0.9998991955309443,True
E = MA2 (e-learning in a Moodle-based adaptive and accumulative system),"Totkov, George",George,male,0.9999684085414767,True
E = MA2 (e-learning in a Moodle-based adaptive and accumulative system),"Doneva, Rositsa",Rositsa,female,0.999617681618712,True
Business process performance prediction on a tracked simulation model,"Solomon, Andrei",Andrei,male,0.9999084569407676,True
Business process performance prediction on a tracked simulation model,"Litoiu, Marin",Marin,female,0.8558238590301718,True
Integrated service engineering workbench: service engineering for digital ecosystems,"Scheithauer, Gregor",Gregor,male,0.9999917847917771,True
Integrated service engineering workbench: service engineering for digital ecosystems,"Voigt, Konrad",Konrad,male,0.9999905818871407,True
Integrated service engineering workbench: service engineering for digital ecosystems,"Bicer, Veli",Veli,male,0.9886877000893133,True
Integrated service engineering workbench: service engineering for digital ecosystems,"Heinrich, Matthias",Matthias,male,0.9999337682187655,True
Integrated service engineering workbench: service engineering for digital ecosystems,"Strunk, Anja",Anja,female,0.9999958128177637,True
Integrated service engineering workbench: service engineering for digital ecosystems,"Winkler, Matthias",Matthias,male,0.9999337682187655,True
Modeling and simulation competency center for mature enterprises,"Duarte, Jorge Cordeiro",Jorge,male,0.9999507614101812,True
Modeling and simulation competency center for mature enterprises,"Lima-Marques, Mamede",Mamede,male,0.9915670069675485,True
Business Process Modelling Augmented: Model Driven transformation of User Stories to Processes,"Baïna, Karim",Karim,male,0.9982261835394265,True
Business Process Modelling Augmented: Model Driven transformation of User Stories to Processes,"El Hamlaoui, Mahmoud",Mahmoud,male,0.9999916452287316,True
Business Process Modelling Augmented: Model Driven transformation of User Stories to Processes,"Kabbaj, Hibatallah",Hibatallah,unknown,0.5413490884376858,False
Design of a four-branch optical power splitter using III-nitride semiconductors,"Purnamaningsih, Retno Wigajatri",Retno,female,0.9825361067943518,True
Design of a four-branch optical power splitter using III-nitride semiconductors,"Poespawati, Nyi Raden",Nyi,male,0.8469742722406794,True
Design of a four-branch optical power splitter using III-nitride semiconductors,"Dogheche, Elhadj",Elhadj,male,0.9999796030624862,True
Structuring a process management center of excellence,"Paim, Rafael",Rafael,male,0.9999801002723208,True
Structuring a process management center of excellence,"Nunes, Vanessa",Vanessa,female,0.9999939452932908,True
Structuring a process management center of excellence,"Pinho, Bruno",Bruno,male,0.9999652389475681,True
Structuring a process management center of excellence,"Santoro, Flavia",Flavia,female,0.9999615517482403,True
Structuring a process management center of excellence,"Cappelli, Claudia",Claudia,female,0.9999814071022761,True
Structuring a process management center of excellence,"Baiño, Fernanda Araujo",Fernanda,female,0.9999823446075592,True
Investigating the Potential of Service Oriented Architectures to Realize Dynamic Capabilities,"Luthria, Haresh",Haresh,male,0.9993978507999637,True
Investigating the Potential of Service Oriented Architectures to Realize Dynamic Capabilities,"Rabhi, Fethi",Fethi,male,0.9920597474084483,True
Investigating the Potential of Service Oriented Architectures to Realize Dynamic Capabilities,"Briers, Michael",Michael,male,0.9999876221560686,True
A Framework for Classifying and Comparing Process Technology Domains,"Bendraou, Reda",Reda,female,0.8916149426696766,True
A Framework for Classifying and Comparing Process Technology Domains,"Gervais, Marie-Pierre",Marie,female,0.9999816569870623,True
Modeling Data Transformations in Data-Aware Service Choreographies,"Hahn, Michael",Michael,male,0.9999876221560686,True
Modeling Data Transformations in Data-Aware Service Choreographies,"Breitenbücher, Uwe",Uwe,male,0.9993723681134667,True
Modeling Data Transformations in Data-Aware Service Choreographies,"Leymann, Frank",Frank,male,0.999947578866658,True
Modeling Data Transformations in Data-Aware Service Choreographies,"Wurster, Michael",Michael,male,0.9999876221560686,True
Modeling Data Transformations in Data-Aware Service Choreographies,"Yussupov, Vladimir",Vladimir,male,0.9999351319225824,True
Ontology-Based Behavioral Constraint Authoring,"Czepa, Christoph",Christoph,male,0.9996583666010818,True
Ontology-Based Behavioral Constraint Authoring,"Tran, Huy",Huy,male,0.9999060157211702,True
Ontology-Based Behavioral Constraint Authoring,"Zdun, Uwe",Uwe,male,0.9993723681134667,True
Ontology-Based Behavioral Constraint Authoring,"Tran Thi Kim, Thanh",Thanh,male,0.9801043135052536,True
Ontology-Based Behavioral Constraint Authoring,"Weiss, Erhard",Erhard,male,0.9999903834092392,True
Ontology-Based Behavioral Constraint Authoring,"Ruhsam, Christoph",Christoph,male,0.9996583666010818,True
Time in Blockchain-Based Process Execution,"Ladleif, Jan",Jan,unknown,0.5504849119650672,False
Time in Blockchain-Based Process Execution,"Weske, Mathias",Mathias,male,0.999948038650782,True
A Management Life Cycle for Data-Aware Service Choreographies,"Hahn, Michael",Michael,male,0.9999876221560686,True
A Management Life Cycle for Data-Aware Service Choreographies,"Karastoyanova, Dimka",Dimka,male,0.8876209879608038,True
A Management Life Cycle for Data-Aware Service Choreographies,"Leymann, Frank",Frank,male,0.999947578866658,True
On the Capability Compliance of Annotated Process Model,"Gong, Ping",Ping,female,0.9897941603132419,True
On the Capability Compliance of Annotated Process Model,"He, Keqing",Keqing,unknown,0.5699241016451004,False
Implementing Managed Loosely-Coupled Distributed Business Processes: A New Approach Using DIME Networks,"Goyal, Pankaj",Pankaj,male,0.9999652603290254,True
Implementing Managed Loosely-Coupled Distributed Business Processes: A New Approach Using DIME Networks,"Mikkilineni, Rao",Rao,male,0.9996092956533906,True
A similarity measurement based on structure of Business Process,"Lu, Yahui",Yahui,female,0.9124155241259584,True
A similarity measurement based on structure of Business Process,"Yu, Haofei",Haofei,male,0.9825592746044542,True
A similarity measurement based on structure of Business Process,"Ming, Zhong",Zhong,male,0.9445154882042616,True
A similarity measurement based on structure of Business Process,"Wang, Hui",Hui,female,0.9846458138641376,True
Blueprint for Business Middleware as a Managed Cloud Service,"Dettori, Paolo",Paolo,male,0.9999357526976299,True
Blueprint for Business Middleware as a Managed Cloud Service,"Frank, David",David,male,0.9999952928042082,True
Blueprint for Business Middleware as a Managed Cloud Service,"Seelam, Seetharami R.",Seetharami,unknown,0.5272076896742102,False
Blueprint for Business Middleware as a Managed Cloud Service,"Feillet, Pierre",Pierre,male,0.999741392176316,True
Enabling customer-driven processes in value-added networks using an architecture for e-collaboration,"Adam, O.",,unknown,0,False
Enabling customer-driven processes in value-added networks using an architecture for e-collaboration,"Chikova, P.",,unknown,0,False
Enabling customer-driven processes in value-added networks using an architecture for e-collaboration,"Hofer, A.",,unknown,0,False
Supporting Doctors through Mobile Multimodal Interaction and Process-Aware Execution of Clinical Guidelines,"Cossu, Fabrizio",Fabrizio,male,0.9999395873949303,True
Supporting Doctors through Mobile Multimodal Interaction and Process-Aware Execution of Clinical Guidelines,"Marrella, Andrea",Andrea,female,0.9990642945711071,True
Supporting Doctors through Mobile Multimodal Interaction and Process-Aware Execution of Clinical Guidelines,"Mecella, Massimo",Massimo,male,0.9998962669439312,True
Supporting Doctors through Mobile Multimodal Interaction and Process-Aware Execution of Clinical Guidelines,"Russo, Alessandro",Alessandro,male,0.9999636677574057,True
Supporting Doctors through Mobile Multimodal Interaction and Process-Aware Execution of Clinical Guidelines,"Kimani, Stephen",Stephen,male,0.9999906814314838,True
Supporting Doctors through Mobile Multimodal Interaction and Process-Aware Execution of Clinical Guidelines,"Bertazzoni, Giuliano",Giuliano,male,0.9997723527000716,True
Supporting Doctors through Mobile Multimodal Interaction and Process-Aware Execution of Clinical Guidelines,"Colabianchi, Annunziata",Annunziata,female,0.9999946333003743,True
Supporting Doctors through Mobile Multimodal Interaction and Process-Aware Execution of Clinical Guidelines,"Corona, Alessandro",Alessandro,male,0.9999636677574057,True
Supporting Doctors through Mobile Multimodal Interaction and Process-Aware Execution of Clinical Guidelines,"De Luise, Aldo",Aldo,male,0.9999677563708546,True
Supporting Doctors through Mobile Multimodal Interaction and Process-Aware Execution of Clinical Guidelines,"Grasso, Francesco",Francesco,male,0.9999449415190484,True
Supporting Doctors through Mobile Multimodal Interaction and Process-Aware Execution of Clinical Guidelines,"Suppa, Marianna",Marianna,female,0.999999170297645,True
Using a process modeling language for the design and implementation of process-driven applications,"Rossi, Davide",Davide,male,0.9995122693716512,True
Using a process modeling language for the design and implementation of process-driven applications,"Turrini, Elisa",Elisa,female,0.9999962405105229,True
Executable product models - The intelligent way,"Kress, Markus",Markus,male,0.9999735872978276,True
Executable product models - The intelligent way,"Seese, Detlef",Detlef,male,0.999424955918421,True
A Machine Learning Based Approach for Recommending Unfamiliar Process Activities,"Pika, Anastasiia",Anastasiia,female,0.9997969655631055,True
A Machine Learning Based Approach for Recommending Unfamiliar Process Activities,"Wynn, Moe Thandar",Moe,male,0.9940126776092406,True
ePBPM: a graphical language supporting interoperability of participatory process,"Alfaro, Cesar",Cesar,male,0.9999749818326019,True
ePBPM: a graphical language supporting interoperability of participatory process,"Lavın, Jose M.",Jose,male,0.9999804924850862,True
ePBPM: a graphical language supporting interoperability of participatory process,"Gomez, Javier",Javier,male,0.9999768372268597,True
ePBPM: a graphical language supporting interoperability of participatory process,"Rıos Insua, David Rıos",David,male,0.9999952928042082,True
Fast Conformance Analysis Based on Activity Log Abstraction,"Dixit, Prabhakar M.",Prabhakar,male,0.9999826750261029,True
Fast Conformance Analysis Based on Activity Log Abstraction,"Verbeek, H.M.W.",H.M.W.,unknown,0.6613134659769525,False
Fast Conformance Analysis Based on Activity Log Abstraction,"van der Aalst, Wil M.P.",Wil,male,0.9988491702309068,True
From the dark net to the cloudy data - Cloud network governance guidelines,"Oliveira, Ana Cristina",Ana,female,0.9999965937600829,True
From the dark net to the cloudy data - Cloud network governance guidelines,"Dora, Pryscilla",Pryscilla,female,0.9999964403508481,True
From the dark net to the cloudy data - Cloud network governance guidelines,"Spohn, Marco",Marco,male,0.9998964214527616,True
From the dark net to the cloudy data - Cloud network governance guidelines,"Oliveira, Karolyne",Karolyne,female,0.9999949559940229,True
Organizing Documented Processes,"Srivastava, Biplav",Biplav,male,0.999297923594243,True
Organizing Documented Processes,"Mukherjee, Debdoot",Debdoot,unknown,0.7204635521851914,False
Towards goal-driven access to process warehouse: Integrating goals with process warehouse for business process analysis,"Shahzad, Khurram",Khurram,male,0.9999693299205058,True
Towards goal-driven access to process warehouse: Integrating goals with process warehouse for business process analysis,"Zdravkovic, Jelena",Jelena,female,0.9999959150470483,True
Workflow based approach for designing and executing mobile agents,"Mislevics, Antons",Antons,male,0.9952864061199883,True
Workflow based approach for designing and executing mobile agents,"Grundspenkis, Janis",Janis,female,0.9996407283595674,True
Value added on integrated solution of RFID enhanced asset traceability system,"Yang, Bo",Bo,male,0.9936897842165783,True
Value added on integrated solution of RFID enhanced asset traceability system,"Liu, Peini",Peini,female,0.9841439148162445,True
On Similarity of Object-Aware Workflows,"Amiri, Mohammad Javad",Mohammad,male,0.9999978931239886,True
On Similarity of Object-Aware Workflows,"Koupaee, Mahnaz",Mahnaz,female,0.9995910642674702,True
On Similarity of Object-Aware Workflows,"Agrawal, Divyakant",Divyakant,male,0.9936754166724492,True
Conceptualization of an Integrated Procedure Model for Business Process Monitoring and Prediction,"Becker, Jörg",Jörg,male,0.9995939947892971,True
Conceptualization of an Integrated Procedure Model for Business Process Monitoring and Prediction,"Brunk, Jens",Jens,male,0.9999725010363429,True
Conceptualization of an Integrated Procedure Model for Business Process Monitoring and Prediction,"Ding, Wenying",Wenying,female,0.9910947701879619,True
Conceptualization of an Integrated Procedure Model for Business Process Monitoring and Prediction,"Niemann, Marco",Marco,male,0.9998964214527616,True
Managing simulation Workflow patterns using dynamic service-oriented compositions,"Al-Zoubi, Khaldoon",Khaldoon,male,0.994013743449657,True
Managing simulation Workflow patterns using dynamic service-oriented compositions,"Wainer, Gabriel",Gabriel,male,0.9999678001289709,True
Research on Cloud Workflow Engine Supporting Three-Level Isolation and Privacy Protection,"Huang, Hua",Hua,unknown,0.6612283433060475,False
Research on Cloud Workflow Engine Supporting Three-Level Isolation and Privacy Protection,"Zhang, Yi-lai",Yi,female,0.8940381462246494,True
Research on Cloud Workflow Engine Supporting Three-Level Isolation and Privacy Protection,"Zhang, Min",Min,unknown,0.7232168581934333,False
Generalizing STNU to Model Non-functional Constraints for Business Processes,"Peng, Jun",Jun,male,0.9972113548054844,True
Generalizing STNU to Model Non-functional Constraints for Business Processes,"Zhu, Jingwei",Jingwei,male,0.9728891620019617,True
Generalizing STNU to Model Non-functional Constraints for Business Processes,"Zhang, Liang",Liang,male,0.9782482259488245,True
Engineering Informatics and Industrial Information Integration Engineering,"Li, Da Xu",Da,male,0.9786953531348239,True
Towards automatic incremental synchronization of multiple process models via information flow optimization,"Wang, Qinhua",Qinhua,unknown,0.6146429335910073,False
Towards automatic incremental synchronization of multiple process models via information flow optimization,"Ren, Changrui",Changrui,male,0.9813918550272961,True
Towards automatic incremental synchronization of multiple process models via information flow optimization,"Dong, Jin",Jin,male,0.7377281243241545,False
Towards automatic incremental synchronization of multiple process models via information flow optimization,"Chen, Feng",Feng,male,0.9830753668861625,True
Towards automatic incremental synchronization of multiple process models via information flow optimization,"Li, Jinfeng",Jinfeng,unknown,0.5636730448150306,False
Towards automatic incremental synchronization of multiple process models via information flow optimization,"He, Miao",Miao,female,0.9816344360472885,True
Towards automatic incremental synchronization of multiple process models via information flow optimization,"Shao, Bing",Bing,male,0.9070266412590164,True
An intelligent multiagent system for the management of strategic business processes,"Debenham, J.",,unknown,0,False
Information Retrieval from Facebook for Social Network Analysis,"Persia, Fabio",Fabio,male,0.9999554817772992,True
Information Retrieval from Facebook for Social Network Analysis,"D’Auria, Daniela",Daniela,female,0.9999978509319162,True
Impact Analysis of Process Change at Run-Time,"Hajmoosaei, Mojtaba",Mojtaba,male,0.9879105262227434,True
Impact Analysis of Process Change at Run-Time,"Tran, Hanh-Nhi",Hanh,female,0.9980197341321809,True
Impact Analysis of Process Change at Run-Time,"Percebois, Christian",Christian,male,0.9993987974523811,True
Impact Analysis of Process Change at Run-Time,"Front, Agnes",Agnes,female,0.9996094304167977,True
Impact Analysis of Process Change at Run-Time,"Roncancio, Claudia",Claudia,female,0.9999814071022761,True
Auto-Generation of Domain-Specific Systems: Cloud-Hosted DevOps for Business Users,"Sinha, Saurabh",Saurabh,male,0.9996365699754134,True
Auto-Generation of Domain-Specific Systems: Cloud-Hosted DevOps for Business Users,"Astigarraga, Tara",Tara,female,0.9999606336271871,True
Auto-Generation of Domain-Specific Systems: Cloud-Hosted DevOps for Business Users,"Hull, Richard B.",Richard,male,0.9999944029565571,True
Auto-Generation of Domain-Specific Systems: Cloud-Hosted DevOps for Business Users,"Jean-Louis, Nerla",Nerla,female,0.9998936338784431,True
Auto-Generation of Domain-Specific Systems: Cloud-Hosted DevOps for Business Users,"Sreedhar, Vugranam",Vugranam,unknown,0.5939494627007919,False
Auto-Generation of Domain-Specific Systems: Cloud-Hosted DevOps for Business Users,"Chen, Hao",Hao,male,0.9989380817683122,True
Auto-Generation of Domain-Specific Systems: Cloud-Hosted DevOps for Business Users,"Hu, Lian Xue",Lian,female,0.779598239685771,True
Auto-Generation of Domain-Specific Systems: Cloud-Hosted DevOps for Business Users,"Carpi, Federico E.",Federico,male,0.999947511448034,True
Auto-Generation of Domain-Specific Systems: Cloud-Hosted DevOps for Business Users,"Cannata, Juan Ariel Brusco",Juan,male,0.9999978969254493,True
Auto-Generation of Domain-Specific Systems: Cloud-Hosted DevOps for Business Users,"Loach, William",William,male,0.999948625742716,True
"BI-Enabled, Human-Centric Business Process Improvement in a Large Retail Company","Marjanovic, Olivera",Olivera,female,0.9982887231498666,True
"BI-Enabled, Human-Centric Business Process Improvement in a Large Retail Company","Roose, Richard",Richard,male,0.9999944029565571,True
Hire me fairly: towards dynamic resource-binding with smart contracts,"Henry, Tiphaine",Tiphaine,female,0.9999915926022913,True
Hire me fairly: towards dynamic resource-binding with smart contracts,"Laga, Nassim",Nassim,male,0.9978159784451607,True
Hire me fairly: towards dynamic resource-binding with smart contracts,"Hatin, Julien",Julien,male,0.9998832693215475,True
Hire me fairly: towards dynamic resource-binding with smart contracts,"Beck, Roman",Roman,male,0.9999958558456321,True
Hire me fairly: towards dynamic resource-binding with smart contracts,"Gaaloul, Walid",Walid,male,0.9999190638369029,True
A Review of Monitoring Techniques for Service Based Applications,"Saralaya, Sridevi",Sridevi,female,0.9999573684173865,True
A Review of Monitoring Techniques for Service Based Applications,"DSouza, Rio",Rio,male,0.9806813284068606,True
Subject-oriented process design across organizational control layers,"Neubauer, Matthias",Matthias,male,0.9999337682187655,True
Subject-oriented process design across organizational control layers,"Stary, Chris",Chris,male,0.9947324204288283,True
Subject-oriented process design across organizational control layers,"Krenn, Florian",Florian,male,0.9999672042878258,True
Workflow for a multi-agent system with voice user interfaces in a changing environment,"Sebestyénová, J.",,unknown,0,False
Workflow for a multi-agent system with voice user interfaces in a changing environment,"Kurdel, P.",,unknown,0,False
Verifying Petri Net-Based Process Models using Automated Planning,"Agostinelli, Simone",Simone,female,0.9989115818066938,True
Verifying Petri Net-Based Process Models using Automated Planning,"Maggi, Fabrizio Maria",Fabrizio,male,0.9999395873949303,True
Verifying Petri Net-Based Process Models using Automated Planning,"Marrella, Andrea",Andrea,female,0.9990642945711071,True
Verifying Petri Net-Based Process Models using Automated Planning,"Mecella, Massimo",Massimo,male,0.9998962669439312,True
Managing on Purpose: A Practitioner's Goal for a Recalcitrant Bank,"Frew, B.",,unknown,0,False
A Corpus for Measuring Retrieval Performance of Process Matching Methods,"Asmat, Ayesha",Ayesha,female,0.9999910579911216,True
A Corpus for Measuring Retrieval Performance of Process Matching Methods,"Iftikhar, Afnan",Afnan,unknown,0.7234586547152597,False
Promoting Professional Competencies Through Interdisciplinary PBL: An Experience Report in Computing Higher Education,"Dos Santos, Simone C.",Simone,female,0.9989115818066938,True
Promoting Professional Competencies Through Interdisciplinary PBL: An Experience Report in Computing Higher Education,"Vilela, Jéssyka",Jéssyka,female,0.9994501235542745,True
Promoting Professional Competencies Through Interdisciplinary PBL: An Experience Report in Computing Higher Education,"Vasconcelos, Alexandre",Alexandre,male,0.9994086190609315,True
An Analysis of the Concept of Cognitive Enterprise Architecture Foundation of Cognitive Enterprise Archtecture,"Molnár, Bálint",Bálint,male,0.9867788093812618,True
A goal-based configurable transaction model of artifact-centric workflows,"Qin, Haihuan",Haihuan,unknown,0.7227272482290501,False
A goal-based configurable transaction model of artifact-centric workflows,"Chen, Leilei",Leilei,female,0.9820990628002977,True
To Enhance Municipal Revenue Department Processes Using Process Mining Techniques (A Case Study: Hamedan Province),"Jafari, Mohammad Amin",Mohammad,male,0.9999978931239886,True
To Enhance Municipal Revenue Department Processes Using Process Mining Techniques (A Case Study: Hamedan Province),"Esmaeilpour, Mansour",Mansour,male,0.9999626573050784,True
Enabling Reliable Collaboration in Legacy Business Process Systems,"Jiang, Liming",Liming,male,0.9737247989886653,True
Enabling Reliable Collaboration in Legacy Business Process Systems,"Zhang, Liang",Liang,male,0.9782482259488245,True
Integration of cross-organizational business processes with blockchain: identifying key activities for on-chain execution based on behavioral profiles,"Lei, Jiaxin",Jiaxin,female,0.9787410385963408,True
Integration of cross-organizational business processes with blockchain: identifying key activities for on-chain execution based on behavioral profiles,"Wang, Lili",Lili,female,0.9999840264828512,True
Identifying the data quality terminology used by business people,"Ortega-Ruiz, Luis",Luis,male,0.9999544636263329,True
Identifying the data quality terminology used by business people,"Caro, Angelica",Angelica,female,0.9999968346115239,True
Identifying the data quality terminology used by business people,"Rodriguez, Alfonso",Alfonso,male,0.9999645358026298,True
Information logistics as a paradigm,"Bobkowska, Anna E.",Anna,female,0.9999976672321713,True
Kaizen Philosophy to Improve Service Levels at an OTR Tire Distribution Company,"Quispe-Romani, Milagros",Milagros,female,0.9996542775531833,True
Kaizen Philosophy to Improve Service Levels at an OTR Tire Distribution Company,"Cespedes-Saric, Paulo",Paulo,male,0.9999412882539611,True
Kaizen Philosophy to Improve Service Levels at an OTR Tire Distribution Company,"Altamirano-Flores, Ernesto",Ernesto,male,0.9998480650905026,True
Kaizen Philosophy to Improve Service Levels at an OTR Tire Distribution Company,"Viacava-Campos, Gino",Gino,male,0.9998775510996063,True
A predictive schedule model for satellite subsystem hardware delivery in an earned value environment,"Barlow, Dewey E.",Dewey,male,0.9999507860613557,True
A predictive schedule model for satellite subsystem hardware delivery in an earned value environment,"Miranda, Christine M.",Christine,female,0.9999938686823988,True
A predictive schedule model for satellite subsystem hardware delivery in an earned value environment,"Hunter, Howard J.",Howard,male,0.9999916206546391,True
[WiP] Formal Modelling of IT Resource Allocation in Business Processes,"Garfatta, Ikram",Ikram,female,0.9386345047345194,True
[WiP] Formal Modelling of IT Resource Allocation in Business Processes,"Klai, Kais",Kais,male,0.999946650104223,True
[WiP] Formal Modelling of IT Resource Allocation in Business Processes,"Graiet, Mohamed",Mohamed,male,0.9999971268152898,True
[WiP] Formal Modelling of IT Resource Allocation in Business Processes,"Gaaloul, Walid",Walid,male,0.9999190638369029,True
Pathomorphological Diagnosis Process Modeling for Machine Learning Algorithms’ Applying,"Pańkowska, Małgorzata",Małgorzata,female,0.9999980725981475,True
Pathomorphological Diagnosis Process Modeling for Machine Learning Algorithms’ Applying,"Żytniewski, Mariusz",Mariusz,male,0.9992572892933651,True
Pathomorphological Diagnosis Process Modeling for Machine Learning Algorithms’ Applying,"Kozak, Mateusz",Mateusz,male,0.9996485042211498,True
Pathomorphological Diagnosis Process Modeling for Machine Learning Algorithms’ Applying,"Tomaszek, Krzysztof",Krzysztof,male,0.9999579894277437,True
Pathomorphological Diagnosis Process Modeling for Machine Learning Algorithms’ Applying,"Spinczyk, Dominik",Dominik,male,0.9999341703754147,True
Identifying factors of Migration Intention from the Sri Lankan Software Engineering Industry: An Analysis using the Theory of Planned Behavior,"Dodanwala, Thushan",Thushan,male,0.9995843151335205,True
Identifying factors of Migration Intention from the Sri Lankan Software Engineering Industry: An Analysis using the Theory of Planned Behavior,"Asanka, Dinesh",Dinesh,male,0.9995552327189386,True
Identifying factors of Migration Intention from the Sri Lankan Software Engineering Industry: An Analysis using the Theory of Planned Behavior,"Rajapakse, Chathura",Chathura,male,0.9896756934704651,True
Identifying factors of Migration Intention from the Sri Lankan Software Engineering Industry: An Analysis using the Theory of Planned Behavior,"Withanaarachchi, Amila",Amila,female,0.9998269919506857,True
Privacy preserving BPMS for collaborative BPaaS,"Glöckner, Michael",Michael,male,0.9999876221560686,True
Privacy preserving BPMS for collaborative BPaaS,"Schwarzbach, Björn",Björn,male,0.9997078412618494,True
Privacy preserving BPMS for collaborative BPaaS,"Makarov, Sergei",Sergei,male,0.9999302755554712,True
Privacy preserving BPMS for collaborative BPaaS,"Franczyk, Bogdan",Bogdan,male,0.9999861052531946,True
Privacy preserving BPMS for collaborative BPaaS,"Ludwig, André",André,male,0.9937443143503205,True
Constraint Specification for Active Process Models,"Finch, Kevin",Kevin,male,0.9999799402805698,True
Constraint Specification for Active Process Models,"Wang, Weigang",Weigang,male,0.9900661127084482,True
Inside Agile Processes: A Practitioner's Perspective,"Marjanovic, O.",,unknown,0,False
Enhancing Procurement Performance in Project-Oriented Organizations: A Process Analysis Approach,"Kermani, Mehrdad Agha Mohammad Ali",Mehrdad,male,0.9999961563267528,True
Enhancing Procurement Performance in Project-Oriented Organizations: A Process Analysis Approach,"Maghsoudi, Mehrdad",Mehrdad,male,0.9999961563267528,True
Enhancing Procurement Performance in Project-Oriented Organizations: A Process Analysis Approach,"Darzi, Elmira",Elmira,female,0.9999937010417433,True
Powerful Equivalence Checking in the Bank Supply Process,"De Ruvo, Giuseppe",Giuseppe,male,0.9998656437376092,True
Powerful Equivalence Checking in the Bank Supply Process,"Santone, Antonella",Antonella,female,0.9999976482666009,True
Powerful Equivalence Checking in the Bank Supply Process,"Raucci, Domenico",Domenico,male,0.9999598086754721,True
Comparative Analysis of Patient Care Processes with Process Mining and Graph Edit Distance in Patient Data on the Indonesia National Health Insurance,"Mujantara, Muhammad Dicky",Muhammad,male,0.9999971836173159,True
Comparative Analysis of Patient Care Processes with Process Mining and Graph Edit Distance in Patient Data on the Indonesia National Health Insurance,"Kurniati, Angelina Prima",Angelina,female,0.9999985608863713,True
Comparative Analysis of Patient Care Processes with Process Mining and Graph Edit Distance in Patient Data on the Indonesia National Health Insurance,"Wisudiawan, Gede Agung Ary",Gede,male,0.9892740117226948,True
Automated Event Log Analysis With Causal Dependency Graphs for Impact Assessment of Business Processes,"Raptaki, Melina",Melina,female,0.9999990463348801,True
Automated Event Log Analysis With Causal Dependency Graphs for Impact Assessment of Business Processes,"Stergiopoulos, George",George,male,0.9999684085414767,True
Automated Event Log Analysis With Causal Dependency Graphs for Impact Assessment of Business Processes,"Gritzalis, Dimitris",Dimitris,male,0.9999193920782357,True
"Software engineering and business process management: Interpretatio, imitatio, aemulatio","Reijers, Hajo A.",Hajo,unknown,0.6060434118944652,False
Introduction to Business Process Management Minitrack,"Marjanovic, Olivera",Olivera,female,0.9982887231498666,True
Introduction to Business Process Management Minitrack,"vom Brocke, Jan",Jan,unknown,0.5504849119650672,False
Message from the EVL-BP 2015 Workshop Co-Chairs,"Governatori, Guido",Guido,male,0.999905551240006,True
Message from the EVL-BP 2015 Workshop Co-Chairs,"Grossmann, Georg",Georg,male,0.9999050343867972,True
Message from the EVL-BP 2015 Workshop Co-Chairs,"Kolb, Jens",Jens,male,0.9999725010363429,True
Message from the EVL-BP 2011 Workshop Chairs,"Gaševic, Dragan",Dragan,male,0.999987607841517,True
Message from the EVL-BP 2011 Workshop Chairs,"Grossmann, Georg",Georg,male,0.9999050343867972,True
Message from the EVL-BP 2011 Workshop Chairs,"Hallé, Sylvain",Sylvain,male,0.9998098716816849,True
Message from the EVL-BP 2011 Workshop Chairs,"Rosenberg, Florian",Florian,male,0.9999672042878258,True
The power of business processes in e-commerce,"Scheer, A.-W.",A.,unknown,0.5342810281499752,False
Ongoing research agenda on the Internet of Things (IoT) in the context of Artificial Intelligence (AI),"Maamar, Zakaria",Zakaria,male,0.9847095380844968,True
MADYNE Track Report,"Tazi, Said",Said,male,0.9999674758165055,True
MADYNE Track Report,"Guermouche, Nawal",Nawal,female,0.9953561393814838,True
Message from the SoEA4EE 2017 Workshop Chairs,"Nurcan, Selmin",Selmin,female,0.8544568454027446,True
Message from the SoEA4EE 2017 Workshop Chairs,"Schmidt, Rainer",Rainer,male,0.9999264596357705,True
A posteriori process security control,"Accorsi, Rafael",Rafael,male,0.9999801002723208,True
Business Intelligence and Business Process Management in Banking Operations,"Curko, Katarina",Katarina,female,0.999998529339605,True
Business Intelligence and Business Process Management in Banking Operations,"Bach, Mirjana Pejic",Mirjana,female,0.9999937463645924,True
Business Intelligence and Business Process Management in Banking Operations,"Radonic, Goran",Goran,male,0.999975937233812,True
Challenges in the Design of an Impulse Radio Based Ultra Wide Band Transceiver,"Kalghatgi, A.T.",A.T.,male,0.9815188705037134,True
"The “Selection, Training, Follow and Evaluation Framework” (STFEF) for manager's in business innovation transformation projects” a holistic overview","Trad, Antoine",Antoine,male,0.9984813566222036,True
"The “Selection, Training, Follow and Evaluation Framework” (STFEF) for manager's in business innovation transformation projects” a holistic overview","Kalpic, Damir",Damir,male,0.9999660318290263,True
Reference Business Processes-Based Method for Multi-Tenant SaaS Architecture Deployment and Adaptation,"Levchenko, Artem",Artem,male,0.9999327131072471,True
Reference Business Processes-Based Method for Multi-Tenant SaaS Architecture Deployment and Adaptation,"Taratukhin, Victor",Victor,male,0.9999862345379419,True
"Towards Increased Comparability of Business Process Models: Design, Implementation and Evaluation of Semantic Standardization Functionality","Shitkova, Maria",Maria,female,0.9999948398304921,True
"Towards Increased Comparability of Business Process Models: Design, Implementation and Evaluation of Semantic Standardization Functionality","Clever, Nico",Nico,male,0.9970057349139636,True
"Towards Increased Comparability of Business Process Models: Design, Implementation and Evaluation of Semantic Standardization Functionality","Holler, Justus",Justus,male,0.9995254274459374,True
"Towards Increased Comparability of Business Process Models: Design, Implementation and Evaluation of Semantic Standardization Functionality","Becker, Jörg",Jörg,male,0.9995939947892971,True
An Interactive Approach to Support Event Log Generation for Data Pipeline Discovery,"Benvenuti, Dario",Dario,male,0.9998855689399296,True
An Interactive Approach to Support Event Log Generation for Data Pipeline Discovery,"Falleroni, Leonardo",Leonardo,male,0.9999184146751624,True
An Interactive Approach to Support Event Log Generation for Data Pipeline Discovery,"Marrella, Andrea",Andrea,female,0.9990642945711071,True
An Interactive Approach to Support Event Log Generation for Data Pipeline Discovery,"Perales, Fernando",Fernando,male,0.9998906875755088,True
Incident Notification Process as a Service for Electricity Supply Systems,"Xu, Lai",Lai,female,0.9803786993618021,True
Incident Notification Process as a Service for Electricity Supply Systems,"Vrieze, Paul de",Paul,male,0.999990342528266,True
Incident Notification Process as a Service for Electricity Supply Systems,"Jiang, Nan",Nan,female,0.9991138495979253,True
Handling Concurrent Changes in Collaborative Process Model Development: A Change-Pattern Based Approach,"Erol, Selim",Selim,male,0.999445949899448,True
Handling Concurrent Changes in Collaborative Process Model Development: A Change-Pattern Based Approach,"Neumann, Gustaf",Gustaf,male,0.9999942884633342,True
Towards IoT-Driven Predictive Business Process Analytics,"Elhami, Erfan",Erfan,male,0.9998850678222841,True
Towards IoT-Driven Predictive Business Process Analytics,"Ansari, Abolfazl",Abolfazl,male,0.9966313170670301,True
Towards IoT-Driven Predictive Business Process Analytics,"Farahani, Bahar",Bahar,female,0.9915076806041917,True
Towards IoT-Driven Predictive Business Process Analytics,"Aliee, Fereidoon Shams",Fereidoon,male,0.9987161239459109,True
Automating Workflows with Service Oriented Media Applications,"Van der Weken, D.",,unknown,0,False
Automating Workflows with Service Oriented Media Applications,"Van Assche, S.",,unknown,0,False
Automating Workflows with Service Oriented Media Applications,"Clabaut, D.",,unknown,0,False
Automating Workflows with Service Oriented Media Applications,"Desmet, S.",,unknown,0,False
Automating Workflows with Service Oriented Media Applications,"Volckaert, B.",,unknown,0,False
From Data-centric Business Processes to Enterprise Process Frameworks,"Su, Jianwen",Jianwen,male,0.8837649764597039,True
From Data-centric Business Processes to Enterprise Process Frameworks,"Wen, Lijie",Lijie,female,0.9790060744846031,True
From Data-centric Business Processes to Enterprise Process Frameworks,"Yang, Jian",Jian,male,0.9975103869595472,True
Addressing the Log Representativeness Problem using Species Discovery,"Kabierski, Martin",Martin,male,0.9998539477569732,True
Addressing the Log Representativeness Problem using Species Discovery,"Richter, Markus",Markus,male,0.9999735872978276,True
Addressing the Log Representativeness Problem using Species Discovery,"Weidlich, Matthias",Matthias,male,0.9999337682187655,True
Standing Processes in Service-Oriented Environments,"Preißler, Steffen",Steffen,male,0.9999847608326736,True
Standing Processes in Service-Oriented Environments,"Habich, Dirk",Dirk,male,0.9999427916159628,True
Standing Processes in Service-Oriented Environments,"Lehner, Wolfgang",Wolfgang,male,0.9998326674032032,True
Formal Approach for Authorization in Distributed Business Process Related Task Document Role Based Access Control,"Maroua, Nouioua",Nouioua,unknown,0.6178636703058384,False
Formal Approach for Authorization in Distributed Business Process Related Task Document Role Based Access Control,"Belhassen, Zouari",Zouari,unknown,0.5383842297119286,False
Formal Approach for Authorization in Distributed Business Process Related Task Document Role Based Access Control,"Adel, Alti",Alti,female,0.9079669124286744,True
Toward a Game-like Experience: Design of a Modern User Interface of a Simulation Game for Teaching Business Process Digitalization,"Levkovskyi, Borys",Borys,male,0.9998689273901178,True
Toward a Game-like Experience: Design of a Modern User Interface of a Simulation Game for Teaching Business Process Digitalization,"Bondarenko, Maksym",Maksym,male,0.9998839021436755,True
Toward a Game-like Experience: Design of a Modern User Interface of a Simulation Game for Teaching Business Process Digitalization,"Ring, Marco",Marco,male,0.9998964214527616,True
Toward a Game-like Experience: Design of a Modern User Interface of a Simulation Game for Teaching Business Process Digitalization,"Strimbu, George",George,male,0.9999684085414767,True
Toward a Game-like Experience: Design of a Modern User Interface of a Simulation Game for Teaching Business Process Digitalization,"Utesch, Matthias",Matthias,male,0.9999337682187655,True
Toward a Game-like Experience: Design of a Modern User Interface of a Simulation Game for Teaching Business Process Digitalization,"Krcmar, Helmut",Helmut,male,0.9999521700733057,True
A flexible exception handling framework for Semantic Programming Language,"Zhao, Kai",Kai,male,0.9819597256365221,True
A flexible exception handling framework for Semantic Programming Language,"Zhang, Linlin",Linlin,female,0.9938729656520001,True
A flexible exception handling framework for Semantic Programming Language,"Ying, Shi",Shi,female,0.820710424060958,True
Applying big data and linked data concepts in supply chains management,"Robak, Silva",Silva,female,0.9994564646647451,True
Applying big data and linked data concepts in supply chains management,"Franczyk, Bogdan",Bogdan,male,0.9999861052531946,True
Applying big data and linked data concepts in supply chains management,"Robak, Marcin",Marcin,male,0.999854736332431,True
A combined process mining for improving business process,"Djedović, Almir",Almir,male,0.999949165966399,True
A combined process mining for improving business process,"Żunić, Emir",Emir,male,0.9995335932347928,True
A combined process mining for improving business process,"Karabegović, Almir",Almir,male,0.999949165966399,True
Business Process Complexity Measurement: A Systematic Literature Review,"Zhou, Changhong",Changhong,unknown,0.5527436688645682,False
Business Process Complexity Measurement: A Systematic Literature Review,"Zhang, Dengliang",Dengliang,unknown,0.5385276901578887,False
Business Process Complexity Measurement: A Systematic Literature Review,"Chen, Deyan",Deyan,male,0.9971947662235201,True
Business Process Complexity Measurement: A Systematic Literature Review,"Liu, Cong",Cong,male,0.9891634952979704,True
Towards Business Process Modeling in Business Contracting–Analyzing Collaboration Contracts as a Field of Application for Process Models,"Becker, Jorg",Jorg,male,0.9996020992530961,True
Towards Business Process Modeling in Business Contracting–Analyzing Collaboration Contracts as a Field of Application for Process Models,"Heddier, Marcel",Marcel,male,0.9997303200563393,True
Towards Business Process Modeling in Business Contracting–Analyzing Collaboration Contracts as a Field of Application for Process Models,"Knackstedt, Ralf",Ralf,male,0.9999738177966511,True
A One-Dimensional Kalman Filter for Real-Time Progress Prediction in Object Lifecycle Processes,"Arnold, Lisa",Lisa,female,0.9999920796870457,True
A One-Dimensional Kalman Filter for Real-Time Progress Prediction in Object Lifecycle Processes,"Breitmayer, Marius",Marius,male,0.9998722870386663,True
A One-Dimensional Kalman Filter for Real-Time Progress Prediction in Object Lifecycle Processes,"Reichert, Manfred",Manfred,male,0.9999883382145358,True
Categories of Change Triggers in Business Processes,"Kaplan, Angelika",Angelika,female,0.9999984946960455,True
Categories of Change Triggers in Business Processes,"Busch, Kiana",Kiana,female,0.9999975347078776,True
Categories of Change Triggers in Business Processes,"Koziolek, Anne",Anne,female,0.9999910090887604,True
Categories of Change Triggers in Business Processes,"Heinrich, Robert",Robert,male,0.9999776797436909,True
BPMN4CARS: A Car-Tailored Workflow Engine,"König, Simone",Simone,female,0.9989115818066938,True
BPMN4CARS: A Car-Tailored Workflow Engine,"Vogel-Heuser, Birgit",Birgit,female,0.9997177939291074,True
BPMN4CARS: A Car-Tailored Workflow Engine,"Wilch, Jan",Jan,unknown,0.5504849119650672,False
BPMN4CARS: A Car-Tailored Workflow Engine,"Unger, Tobias",Tobias,male,0.9999755650213412,True
BPMN4CARS: A Car-Tailored Workflow Engine,"Hahn, Michael",Michael,male,0.9999876221560686,True
BPMN4CARS: A Car-Tailored Workflow Engine,"Soldo, Stjepan",Stjepan,male,0.9992096433482931,True
BPMN4CARS: A Car-Tailored Workflow Engine,"Kopp, Oliver",Oliver,male,0.9999907881390401,True
A multi-commodity flow based approach to scheduling multi-model synchronization,"Wang, Qinhua",Qinhua,female,0.6146429335910073,False
A multi-commodity flow based approach to scheduling multi-model synchronization,"Ren, Changrui",Changrui,male,0.9813918550272961,True
A multi-commodity flow based approach to scheduling multi-model synchronization,"Chen, Feng",Feng,male,0.9830753668861625,True
A multi-commodity flow based approach to scheduling multi-model synchronization,"Li, Jinfeng",Jinfeng,male,0.5636730448150306,False
A multi-commodity flow based approach to scheduling multi-model synchronization,"Laumanns, Marco",Marco,male,0.9998964214527616,True
IIoT Mobile Business Data Placement Strategy Based on Bayesian Optimization Algorithm,"Shen, Zhijie",Zhijie,male,0.8893259625344121,True
IIoT Mobile Business Data Placement Strategy Based on Bayesian Optimization Algorithm,"Liu, Bowen",Bowen,male,0.9999682658808446,True
IIoT Mobile Business Data Placement Strategy Based on Bayesian Optimization Algorithm,"Xu, Xiaolong",Xiaolong,male,0.9905625874249027,True
IIoT Mobile Business Data Placement Strategy Based on Bayesian Optimization Algorithm,"Qi, Lianyong",Lianyong,male,0.9006853108693187,True
IIoT Mobile Business Data Placement Strategy Based on Bayesian Optimization Algorithm,"Dai, Fei",Fei,unknown,0.524875276973862,False
IIoT Mobile Business Data Placement Strategy Based on Bayesian Optimization Algorithm,"Dou, Wanchun",Wanchun,unknown,0.701100417745625,False
Enterprise Systems: State-of-the-Art and Future Trends,"Xu, Li Da",Li,female,0.9821247080400133,True
"Security, Performance, and Applications of Smart Contracts: A Systematic Survey","Rouhani, Sara",Sara,female,0.999983890493743,True
"Security, Performance, and Applications of Smart Contracts: A Systematic Survey","Deters, Ralph",Ralph,male,0.9997605015413181,True
Managing business processes as an information resource,"Leymann, F.",,unknown,0,False
Managing business processes as an information resource,"Altenhuber, W.",,unknown,0,False
Automatic control of workflow processes using ECA rules,"Bae, Joonsoo",Joonsoo,male,0.7722804660547181,True
Automatic control of workflow processes using ECA rules,"Bae, Hyerim",Hyerim,female,0.9938731868327746,True
Automatic control of workflow processes using ECA rules,"Kang, Suk-Ho",Suk,unknown,0.5838175417281809,False
Automatic control of workflow processes using ECA rules,"Kim, Yeongho",Yeongho,unknown,0.6883364602170186,False
Managing Process Model Complexity Via Abstract Syntax Modifications,"La Rosa, Marcello",Marcello,male,0.9996360264682205,True
Managing Process Model Complexity Via Abstract Syntax Modifications,"Wohed, Petia",Petia,female,0.999916611117753,True
Managing Process Model Complexity Via Abstract Syntax Modifications,"Mendling, Jan",Jan,unknown,0.5504849119650672,False
Managing Process Model Complexity Via Abstract Syntax Modifications,"ter Hofstede, Arthur H. M.",Arthur,male,0.9999849927075136,True
Managing Process Model Complexity Via Abstract Syntax Modifications,"Reijers, Hajo A.",Hajo,unknown,0.6060434118944652,False
Managing Process Model Complexity Via Abstract Syntax Modifications,"van der Aalst, Wil M. P.",Wil,male,0.9988491702309068,True
A Survey on the Flexibility Requirements Related to Business Processes and Modeling Artifacts,"Nurcan, Selmin",Selmin,female,0.8544568454027446,True
Adaptive Case Management: Overview and Research Challenges,"Motahari-Nezhad, Hamid R.",Hamid,male,0.9999253565264725,True
Adaptive Case Management: Overview and Research Challenges,"Swenson, Keith D.",Keith,male,0.9982254263219633,True
A systematic review of goal-oriented requirements management frameworks for business process compliance,"Ghanavati, Sepideh",Sepideh,female,0.999941572271039,True
A systematic review of goal-oriented requirements management frameworks for business process compliance,"Amyot, Daniel",Daniel,male,0.9999484956264236,True
A systematic review of goal-oriented requirements management frameworks for business process compliance,"Peyton, Liam",Liam,male,0.9998655862005859,True
Knowledge Intensive Business Processes: Theoretical Foundations and Research Challenges,"Marjanovic, Olivera",Olivera,female,0.9982887231498666,True
Knowledge Intensive Business Processes: Theoretical Foundations and Research Challenges,"Freeze, Ronald",Ronald,male,0.9999832565645149,True
Towards Living Inter-organizational Processes,"Breu, Ruth",Ruth,female,0.999933024733147,True
Towards Living Inter-organizational Processes,"Dustdar, Schahram",Schahram,unknown,0.7299774829155605,False
Towards Living Inter-organizational Processes,"Eder, Johann",Johann,male,0.998553661423518,True
Towards Living Inter-organizational Processes,"Huemer, Christian",Christian,male,0.9993987974523811,True
Towards Living Inter-organizational Processes,"Kappel, Gerti",Gerti,male,0.9789269961221956,True
Towards Living Inter-organizational Processes,"Köpke, Julius",Julius,male,0.9999231781568044,True
Towards Living Inter-organizational Processes,"Langer, Philip",Philip,male,0.9999254046730869,True
Towards Living Inter-organizational Processes,"Mangler, Jürgen",Jürgen,male,0.9977530655334812,True
Towards Living Inter-organizational Processes,"Mendling, Jan",Jan,unknown,0.5504849119650672,False
Towards Living Inter-organizational Processes,"Neumann, Gustaf",Gustaf,male,0.9999942884633342,True
Towards Living Inter-organizational Processes,"Rinderle-Ma, Stefanie",Stefanie,female,0.999951936822069,True
Towards Living Inter-organizational Processes,"Schulte, Stefan",Stefan,male,0.9999831604184807,True
Towards Living Inter-organizational Processes,"Sobernig, Stefan",Stefan,male,0.9999831604184807,True
Towards Living Inter-organizational Processes,"Weber, Barbara",Barbara,female,0.999979214602181,True
Research Challenges in Adaptive Case Management: A Literature Review,"Hauder, Matheus",Matheus,male,0.9999472348210907,True
Research Challenges in Adaptive Case Management: A Literature Review,"Pigat, Simon",Simon,male,0.9999853866925988,True
Research Challenges in Adaptive Case Management: A Literature Review,"Matthes, Florian",Florian,male,0.9999672042878258,True
MiraMap: A We-Government Tool for Smart Peripheries in Smart Cities,"De Filippi, Francesca",Francesca,female,0.9999873243455307,True
MiraMap: A We-Government Tool for Smart Peripheries in Smart Cities,"Coscia, Cristina",Cristina,female,0.9999968566271442,True
MiraMap: A We-Government Tool for Smart Peripheries in Smart Cities,"Boella, Guido",Guido,male,0.999905551240006,True
MiraMap: A We-Government Tool for Smart Peripheries in Smart Cities,"Antonini, Alessio",Alessio,male,0.9999651092443104,True
MiraMap: A We-Government Tool for Smart Peripheries in Smart Cities,"Calafiore, Alessia",Alessia,female,0.9999792340046969,True
MiraMap: A We-Government Tool for Smart Peripheries in Smart Cities,"Cantini, Anna",Anna,female,0.9999976672321713,True
MiraMap: A We-Government Tool for Smart Peripheries in Smart Cities,"Guido, Roberta",Roberta,female,0.9999886292612962,True
MiraMap: A We-Government Tool for Smart Peripheries in Smart Cities,"Salaroglio, Carlo",Carlo,male,0.9997840566904899,True
MiraMap: A We-Government Tool for Smart Peripheries in Smart Cities,"Sanasi, Luigi",Luigi,male,0.9997527871316405,True
MiraMap: A We-Government Tool for Smart Peripheries in Smart Cities,"Schifanella, Claudio",Claudio,male,0.9999607633184376,True
Enhancing Business Impact Analysis and Risk Assessment Applying a Risk-Aware Business Process Modeling and Simulation Methodology,"Tjoa, Simon",Simon,male,0.9999853866925988,True
Enhancing Business Impact Analysis and Risk Assessment Applying a Risk-Aware Business Process Modeling and Simulation Methodology,"Jakoubi, Stefan",Stefan,male,0.9999831604184807,True
Enhancing Business Impact Analysis and Risk Assessment Applying a Risk-Aware Business Process Modeling and Simulation Methodology,"Quirchmayr, Gerald",Gerald,male,0.9999556179892177,True
Some Complexity Results for the Soundness Problem of Workflow Nets,"Liu, GuanJun",GuanJun,male,0.9915075785391172,True
Visual Drift Detection for Event Sequence Data of Business Processes,"Yeshchenko, Anton",Anton,male,0.9999464363559706,True
Visual Drift Detection for Event Sequence Data of Business Processes,"Di Ciccio, Claudio",Claudio,male,0.9999607633184376,True
Visual Drift Detection for Event Sequence Data of Business Processes,"Mendling, Jan",Jan,unknown,0.5504849119650672,False
Visual Drift Detection for Event Sequence Data of Business Processes,"Polyvyanyy, Artem",Artem,male,0.9999327131072471,True
Using Computer Simulation in Operating Room Management: Impacts on Process Engineering and Performance,"Baumgart, Andre",Andre,male,0.9998504933161846,True
Using Computer Simulation in Operating Room Management: Impacts on Process Engineering and Performance,"Zoeller, Anja",Anja,female,0.9999958128177637,True
Using Computer Simulation in Operating Room Management: Impacts on Process Engineering and Performance,"Denz, Christof",Christof,male,0.9999768680855999,True
Using Computer Simulation in Operating Room Management: Impacts on Process Engineering and Performance,"Bender, Hans-joachim",Hans,male,0.9999270008633634,True
Using Computer Simulation in Operating Room Management: Impacts on Process Engineering and Performance,"Heinzl, Armin",Armin,male,0.9999658640564734,True
Using Computer Simulation in Operating Room Management: Impacts on Process Engineering and Performance,"Badreddin, Essameddin",Essameddin,unknown,0.6057338955149384,False
"Enterprise Capability Modeling: Concepts, Method, and Application","Loucopoulos, Pericles",Pericles,male,0.999940905883874,True
"Enterprise Capability Modeling: Concepts, Method, and Application","Stratigaki, Christina",Christina,female,0.9999986803241608,True
"Enterprise Capability Modeling: Concepts, Method, and Application","Danesh, Mohammad Hossein",Mohammad,male,0.9999978931239886,True
"Enterprise Capability Modeling: Concepts, Method, and Application","Bravos, George",George,male,0.9999684085414767,True
"Enterprise Capability Modeling: Concepts, Method, and Application","Anagnostopoulos, Dimosthenis",Dimosthenis,male,0.9980820683468926,True
"Enterprise Capability Modeling: Concepts, Method, and Application","Dimitrakopoulos, George",George,male,0.9999684085414767,True
Knowledge Management Systems for Knowledge-Intensive Processes: Design Approach and an Illustrative Example,"Sarnikar, Surendra",Surendra,male,0.99837290055443,True
Knowledge Management Systems for Knowledge-Intensive Processes: Design Approach and an Illustrative Example,"Deokar, Amit",Amit,male,0.9985253474283259,True
Prescriptive Process Monitoring for Cost-Aware Cycle Time Reduction,"Bozorgi, Zahra Dasht",Zahra,female,0.9999211412874248,True
Prescriptive Process Monitoring for Cost-Aware Cycle Time Reduction,"Teinemaa, Irene",Irene,female,0.9999787388905271,True
Prescriptive Process Monitoring for Cost-Aware Cycle Time Reduction,"Dumas, Marlon",Marlon,male,0.9996458113945667,True
Prescriptive Process Monitoring for Cost-Aware Cycle Time Reduction,"Rosa, Marcello La",Marcello,male,0.9996360264682205,True
Prescriptive Process Monitoring for Cost-Aware Cycle Time Reduction,"Polyvyanyy, Artem",Artem,male,0.9999327131072471,True
"Understanding Knowledge-Intensive, Practice-Oriented Business Processes","Marjanovic, Olivera",Olivera,female,0.9982887231498666,True
"Understanding Knowledge-Intensive, Practice-Oriented Business Processes","Seethamraju, Ravi",Ravi,male,0.9998295880717626,True
Predictive Analysis of Business Processes Using Neural Networks with Attention Mechanism,"Philipp, Patrick",Patrick,male,0.9999373211096793,True
Predictive Analysis of Business Processes Using Neural Networks with Attention Mechanism,"Jacob, Ruben",Ruben,male,0.999984445852665,True
Predictive Analysis of Business Processes Using Neural Networks with Attention Mechanism,"Robert, Sebastian",Sebastian,male,0.9999469726859632,True
Predictive Analysis of Business Processes Using Neural Networks with Attention Mechanism,"Beyerer, Jürgen",Jürgen,male,0.9977530655334812,True
Six Sigma DMAIC Enhanced with Capability Modelling,"Basios, Athanasios",Athanasios,male,0.9999857563188396,True
Six Sigma DMAIC Enhanced with Capability Modelling,"Loucopoulos, Pericles",Pericles,male,0.999940905883874,True
Process Instance Query Language to Include Process Performance Indicators in DMN,"Perez-Alvarez, Jose Miguel",Jose,male,0.9999804924850862,True
Process Instance Query Language to Include Process Performance Indicators in DMN,"Gomez-Lopez, Maria Teresa",Maria,female,0.9999948398304921,True
Process Instance Query Language to Include Process Performance Indicators in DMN,"Parody, Luisa",Luisa,female,0.9999960147175538,True
Process Instance Query Language to Include Process Performance Indicators in DMN,"Gasca, Rafael M.",Rafael,male,0.9999801002723208,True
Enterprise-scale cloud migration orchestrator,"Hwang, Jinho",Jinho,male,0.9999023257874917,True
Enterprise-scale cloud migration orchestrator,"Huang, Yun-Wu",Yun,female,0.9855945587294108,True
Enterprise-scale cloud migration orchestrator,"Vukovic, Maja",Maja,female,0.9999911553938743,True
Enterprise-scale cloud migration orchestrator,"Anerousis, Nikos",Nikos,male,0.9999790924669226,True
The Entanglement of Enterprise Architecture and IT-Governance: The Cases of Norway and the Netherlands,"Aagesen, Gustav",Gustav,male,0.9999889917977837,True
The Entanglement of Enterprise Architecture and IT-Governance: The Cases of Norway and the Netherlands,"van Veenstra, Anne Fleur",Anne,female,0.9999910090887604,True
The Entanglement of Enterprise Architecture and IT-Governance: The Cases of Norway and the Netherlands,"Janssen, Marijn",Marijn,unknown,0.6991258488869239,False
The Entanglement of Enterprise Architecture and IT-Governance: The Cases of Norway and the Netherlands,"Krogstie, John",John,male,0.9999985032120171,True
Influence Analysis Based Expert Finding Model and Its Applications in Enterprise Social Network,"Liu, Dong",Dong,male,0.9925219904784107,True
Influence Analysis Based Expert Finding Model and Its Applications in Enterprise Social Network,"Wang, Li",Li,female,0.9821247080400133,True
Influence Analysis Based Expert Finding Model and Its Applications in Enterprise Social Network,"Zheng, Jianhua",Jianhua,unknown,0.72936040403948,False
Influence Analysis Based Expert Finding Model and Its Applications in Enterprise Social Network,"Ning, Ke",Ke,male,0.859750987543556,True
Influence Analysis Based Expert Finding Model and Its Applications in Enterprise Social Network,"Zhang, Liang-Jie",Liang,male,0.9782482259488245,True
Semantic variability modeling in business processes: A comparative study,"Faquih, Loubna El",Loubna,female,0.9999927230703592,True
Semantic variability modeling in business processes: A comparative study,"Sbai, Hanae",Hanae,female,0.9999551736829082,True
Semantic variability modeling in business processes: A comparative study,"Fredj, Mounia",Mounia,female,0.9999617223402388,True
From trading to eCommunity population: Responding to social and contractual challenges,"Kutvonen, Lea",Lea,female,0.9999869862070226,True
From trading to eCommunity population: Responding to social and contractual challenges,"Metso, Janne",Janne,female,0.9992972316926068,True
From trading to eCommunity population: Responding to social and contractual challenges,"Ruohomaa, Sini",Sini,female,0.9878417317544366,True
Process- and Resource-Aware Information Systems,"Cabanillas, Cristina",Cristina,female,0.9999968566271442,True
Message Correlation and Web Service Protocol Mining from Inaccurate Logs,"Musaraj, Kreshnik",Kreshnik,male,0.9999496611530125,True
Message Correlation and Web Service Protocol Mining from Inaccurate Logs,"Yoshida, Tetsuya",Tetsuya,male,0.9933928473956375,True
Message Correlation and Web Service Protocol Mining from Inaccurate Logs,"Daniel, Florian",Florian,male,0.9999672042878258,True
Message Correlation and Web Service Protocol Mining from Inaccurate Logs,"Hacid, Mohand-Said",Mohand,male,0.9993254287025714,True
Message Correlation and Web Service Protocol Mining from Inaccurate Logs,"Casati, Fabio",Fabio,male,0.9999554817772992,True
Message Correlation and Web Service Protocol Mining from Inaccurate Logs,"Benatallah, Boualem",Boualem,male,0.9984720819877133,True
A Lifecycle Approach towards Business Rules Management,"Nelson, Matthew L.",Matthew,male,0.9999843324261093,True
A Lifecycle Approach towards Business Rules Management,"Rariden, Robert L.",Robert,male,0.9999776797436909,True
A Lifecycle Approach towards Business Rules Management,"Sen, Ravi",Ravi,male,0.9998295880717626,True
Token analysis of graph-oriented process models,"Gotz, Mathias",Mathias,male,0.999948038650782,True
Token analysis of graph-oriented process models,"Roser, Stephan",Stephan,male,0.9999887311827451,True
Token analysis of graph-oriented process models,"Lautenbacher, Florian",Florian,male,0.9999672042878258,True
Token analysis of graph-oriented process models,"Bauer, Bernhard",Bernhard,male,0.9999742564512356,True
ProDiGy : Human-in-the-loop process discovery,"Dixit, P. M.",,unknown,0,False
ProDiGy : Human-in-the-loop process discovery,"Buijs, J. C. A. M.",,unknown,0,False
ProDiGy : Human-in-the-loop process discovery,"van der Aalst, W. M. P.",,unknown,0,False
Checking Correctness and Compliance of Integrated Process Models,"Worzberger, Rene",Rene,male,0.9861613482078176,True
Checking Correctness and Compliance of Integrated Process Models,"Kurpick, Thomas",Thomas,male,0.9999981017477207,True
Checking Correctness and Compliance of Integrated Process Models,"Heer, Thomas",Thomas,male,0.9999981017477207,True
Self-Healing for Distributed Workflows in the Internet of Things,"Seiger, Ronny",Ronny,male,0.9976439092588669,True
Self-Healing for Distributed Workflows in the Internet of Things,"Herrmann, Stefan",Stefan,male,0.9999831604184807,True
Self-Healing for Distributed Workflows in the Internet of Things,"Aßmann, Uwe",Uwe,male,0.9993723681134667,True
eXFlow: a Web services-compliant system to support B2B process integration,"Chung, N.C.-N.",N.C.,male,0.9819196200350335,True
eXFlow: a Web services-compliant system to support B2B process integration,"Huang, Wen-Shih",Wen,female,0.8707008596774066,True
eXFlow: a Web services-compliant system to support B2B process integration,"Tsai, Tse-Ming",Tse,unknown,0.6573957662828923,False
eXFlow: a Web services-compliant system to support B2B process integration,"Chou, S.-cT.",S.,unknown,0.5266261552454428,False
Extension of a Methodology for Risk-Aware Business Process Modeling and Simulation Enabling Process-Oriented Incident Handling Support,"Tjoa, Simon",Simon,male,0.9999853866925988,True
Extension of a Methodology for Risk-Aware Business Process Modeling and Simulation Enabling Process-Oriented Incident Handling Support,"Jakoubi, Stefan",Stefan,male,0.9999831604184807,True
Extension of a Methodology for Risk-Aware Business Process Modeling and Simulation Enabling Process-Oriented Incident Handling Support,"Goluch, Gernot",Gernot,male,0.9974161018352536,True
Extension of a Methodology for Risk-Aware Business Process Modeling and Simulation Enabling Process-Oriented Incident Handling Support,"Quirchmayr, Gerald",Gerald,male,0.9999556179892177,True
Towards a Process-Centered Resilience Framework,"Zahoransky, Richard M.",Richard,male,0.9999944029565571,True
Towards a Process-Centered Resilience Framework,"Brenig, Christian",Christian,male,0.9993987974523811,True
Towards a Process-Centered Resilience Framework,"Koslowski, Thomas",Thomas,male,0.9999981017477207,True
Efficient Transition Adjacency Relation Computation for Process Model Similarity,"Pei, Jisheng",Jisheng,male,0.9857768916479621,True
Efficient Transition Adjacency Relation Computation for Process Model Similarity,"Wen, Lijie",Lijie,female,0.9790060744846031,True
Efficient Transition Adjacency Relation Computation for Process Model Similarity,"Ye, Xiaojun",Xiaojun,unknown,0.7192442714430732,False
Efficient Transition Adjacency Relation Computation for Process Model Similarity,"Kumar, Akhil",Akhil,male,0.999973180302116,True
PUBLIC HEALTH MANAGEMENT FACING DISASTER RESPONSE: A BUSINESS PROCESS SIMULATION PERSPECTIVE,"Sulis, Emilio",Emilio,male,0.9998271675860951,True
PUBLIC HEALTH MANAGEMENT FACING DISASTER RESPONSE: A BUSINESS PROCESS SIMULATION PERSPECTIVE,"Di Leva, Antonio",Antonio,male,0.9999433950349952,True
Using Process Models for the Design of Service-Oriented Architectures: Methodology and E-Commerce Case Study,"Thomas, Oliver",Oliver,male,0.9999907881390401,True
Using Process Models for the Design of Service-Oriented Architectures: Methodology and E-Commerce Case Study,"Leyking, Katrina",Katrina,female,0.9999974197673427,True
Using Process Models for the Design of Service-Oriented Architectures: Methodology and E-Commerce Case Study,"Dreifus, Florian",Florian,male,0.9999672042878258,True
Detecting Difference Between Process Models Using Edge Network,"Wang, Jiaxing",Jiaxing,unknown,0.7293637233250325,False
Detecting Difference Between Process Models Using Edge Network,"Cao, Bin",Bin,male,0.9912955838328016,True
Detecting Difference Between Process Models Using Edge Network,"Zheng, Xi",Xi,unknown,0.6241046773770502,False
Detecting Difference Between Process Models Using Edge Network,"Tan, Dapeng",Dapeng,male,0.98452479281844,True
Detecting Difference Between Process Models Using Edge Network,"Fan, Jing",Jing,female,0.990305236721775,True
WebSphere Application Server: A foundation for on demand computing,"Herness, E. N.",,unknown,0,False
WebSphere Application Server: A foundation for on demand computing,"High, R. J.",,unknown,0,False
WebSphere Application Server: A foundation for on demand computing,"McGee, J. R.",,unknown,0,False
Managing Security and Privacy Integration across Enterprise Business Process and Infrastructure,"Rachamadugu, Vijaykumar",Vijaykumar,male,0.9993434927420268,True
Managing Security and Privacy Integration across Enterprise Business Process and Infrastructure,"Anderson, John A.",John,male,0.9999985032120171,True
Multi-Layered Process Modeling for Business and IT Alignment,"Lind, Mikael",Mikael,male,0.9998799766835778,True
Multi-Layered Process Modeling for Business and IT Alignment,"Seigerroth, Ulf",Ulf,male,0.999198922828611,True
Using Virtual Reality Technology to Visualize Management of College Assets in the Internet of Things Environment,"Zhang, Xiaoying",Xiaoying,female,0.999506660425593,True
Using Virtual Reality Technology to Visualize Management of College Assets in the Internet of Things Environment,"Zheng, Bing",Bing,male,0.9070266412590164,True
Using Virtual Reality Technology to Visualize Management of College Assets in the Internet of Things Environment,"Pan, Ling",Ling,female,0.9977768216941388,True
Artificial Intelligence and Digital Transformation: Analyzing Future Trends,"Simões, Rachel Vital",Rachel,female,0.9978421076654355,True
Artificial Intelligence and Digital Transformation: Analyzing Future Trends,"Parreiras, Marcus Vinícius Coutinho",Marcus,male,0.9999591517595477,True
Artificial Intelligence and Digital Transformation: Analyzing Future Trends,"Silva, Ana Clara Correa Da",Ana,female,0.9999965937600829,True
Artificial Intelligence and Digital Transformation: Analyzing Future Trends,"Barbosa, Carlos Eduardo",Carlos,male,0.9999630239120895,True
Artificial Intelligence and Digital Transformation: Analyzing Future Trends,"Lima, Yuri Oliveira de",Yuri,female,0.8615516334081819,True
Artificial Intelligence and Digital Transformation: Analyzing Future Trends,"Souza, Jano Moreira de",Jano,male,0.9822468409987096,True
Increasing Availability of Workflows Executing in a Pervasive Environment,"Schäfer, David Richard",David,male,0.9999952928042082,True
Increasing Availability of Workflows Executing in a Pervasive Environment,"Bach, Thomas",Thomas,male,0.9999981017477207,True
Increasing Availability of Workflows Executing in a Pervasive Environment,"Tariq, Muhammad Adnan",Muhammad,male,0.9999971836173159,True
Increasing Availability of Workflows Executing in a Pervasive Environment,"Rothermel, Kurt",Kurt,male,0.9999499590383706,True
Exploring Process-Modelling Practice: Towards a Conceptual Model,"Eikebrokk, Tom R.",Tom,male,0.9999802916805114,True
Exploring Process-Modelling Practice: Towards a Conceptual Model,"Iden, Jon",Jon,male,0.9999919704452336,True
Exploring Process-Modelling Practice: Towards a Conceptual Model,"Olsen, Dag H.",Dag,male,0.9997430154622119,True
Exploring Process-Modelling Practice: Towards a Conceptual Model,"Opdahl, Andreas L.",Andreas,male,0.9999763395171621,True
Automation and orchestration framework for large-scale enterprise cloud migration,"Hwang, J.",,unknown,0,False
Automation and orchestration framework for large-scale enterprise cloud migration,"Bai, K.",,unknown,0,False
Automation and orchestration framework for large-scale enterprise cloud migration,"Tacci, M.",,unknown,0,False
Automation and orchestration framework for large-scale enterprise cloud migration,"Vukovic, M.",,unknown,0,False
Automation and orchestration framework for large-scale enterprise cloud migration,"Anerousis, N.",,unknown,0,False
Business Value Creation through Business Processes Management and Operational Business Intelligence Integration,"Marjanovic, Olivera",Olivera,female,0.9982887231498666,True
A Model-Driven Service Specification Approach from BPMN Models,"Blal, Redouane",Redouane,male,0.9994883768234722,True
A Model-Driven Service Specification Approach from BPMN Models,"Leshob, Abderrahmane",Abderrahmane,male,0.9939931992190564,True
Generating process model collection with diverse label and structural features,"Shahzad, Khurram",Khurram,male,0.9999693299205058,True
Generating process model collection with diverse label and structural features,"Shareef, Kareem",Kareem,male,0.9995624121694713,True
Generating process model collection with diverse label and structural features,"Ali, Rao Faizan",Rao,male,0.9996092956533906,True
Generating process model collection with diverse label and structural features,"Nawab, Rao Muhammad Adeel",Rao,male,0.9996092956533906,True
Generating process model collection with diverse label and structural features,"Abid, Adnan",Adnan,male,0.9999596751967326,True
FB-Diff: A Feature Based Difference Detection Algorithm for Process Models,"Wang, Jiaxing",Jiaxing,unknown,0.7293637233250325,False
FB-Diff: A Feature Based Difference Detection Algorithm for Process Models,"Cao, Bin",Bin,male,0.9912955838328016,True
FB-Diff: A Feature Based Difference Detection Algorithm for Process Models,"Fan, Jing",Jing,female,0.990305236721775,True
FB-Diff: A Feature Based Difference Detection Algorithm for Process Models,"Dong, Tianyang",Tianyang,male,0.9825012542091311,True
How Much Flexibility is Good for Knowledge Intensive Business Processes: A Study of the Effects of Informal Work Practices,"Unger, Malte",Malte,male,0.9918146394198525,True
How Much Flexibility is Good for Knowledge Intensive Business Processes: A Study of the Effects of Informal Work Practices,"Leopold, Henrik",Henrik,male,0.9999612355431858,True
How Much Flexibility is Good for Knowledge Intensive Business Processes: A Study of the Effects of Informal Work Practices,"Mendling, Jan",Jan,unknown,0.5504849119650672,False
PEM: a framework enabling continual optimization of workflow process executions based upon business value metrics,"Buco, M.J.",M.J.,male,0.7776062719213189,True
PEM: a framework enabling continual optimization of workflow process executions based upon business value metrics,"Chang, R.N.",R.N.,male,0.8690737005088885,True
PEM: a framework enabling continual optimization of workflow process executions based upon business value metrics,"Luan, L.Z.",L.Z.,unknown,0.5682177353718505,False
PEM: a framework enabling continual optimization of workflow process executions based upon business value metrics,"So, E.",,unknown,0,False
PEM: a framework enabling continual optimization of workflow process executions based upon business value metrics,"Tang, Chunqiang",Chunqiang,male,0.9905011195445302,True
PEM: a framework enabling continual optimization of workflow process executions based upon business value metrics,"Ward, C.",,unknown,0,False
The Impact of COVID-19 on Digital Enterprise Management,"Miethlich, Boris",Boris,male,0.9999402198111599,True
The Impact of COVID-19 on Digital Enterprise Management,"Belotserkovich, Denis",Denis,male,0.9965813436278006,True
The Impact of COVID-19 on Digital Enterprise Management,"Abasova, Samira",Samira,female,0.9999943895539187,True
The Impact of COVID-19 on Digital Enterprise Management,"Zatsarinnaya, Еlena",Еlena,unknown,0.6810161121816353,False
The Impact of COVID-19 on Digital Enterprise Management,"Veselitsky, Oleg",Oleg,male,0.9999661623801392,True
The Role of Workflow in Next Generation Business Oriented Grids: Two Different Approaches Leading to a Unified Vision,"Beco, Stefano",Stefano,male,0.9999619769884374,True
The Role of Workflow in Next Generation Business Oriented Grids: Two Different Approaches Leading to a Unified Vision,"Cantalupo, Barbara",Barbara,female,0.999979214602181,True
The Role of Workflow in Next Generation Business Oriented Grids: Two Different Approaches Leading to a Unified Vision,"Terracina, Annalisa",Annalisa,female,0.9999981433795735,True
An information infrastructure and e-services for supporting Internet-based scalable e-business enterprises,"Su, S.Y.W.",S.Y.W.,unknown,0.5509118344876046,False
An information infrastructure and e-services for supporting Internet-based scalable e-business enterprises,"Lam, H.",,unknown,0,False
An information infrastructure and e-services for supporting Internet-based scalable e-business enterprises,"Lee, Minsoo",Minsoo,male,0.9844713311846426,True
An information infrastructure and e-services for supporting Internet-based scalable e-business enterprises,"Bai, S.",,unknown,0,False
An information infrastructure and e-services for supporting Internet-based scalable e-business enterprises,"Shen, Zuo-Jun",Zuo,unknown,0.6656506156985194,False
Exploration and Analysis of Undocumented Processes Using Heterogeneous and Unstructured Business Data,"Pospiech, Sebastian",Sebastian,male,0.9999469726859632,True
Exploration and Analysis of Undocumented Processes Using Heterogeneous and Unstructured Business Data,"Mielke, Sven",Sven,male,0.9999829597136491,True
Exploration and Analysis of Undocumented Processes Using Heterogeneous and Unstructured Business Data,"Mertens, Robert",Robert,male,0.9999776797436909,True
Exploration and Analysis of Undocumented Processes Using Heterogeneous and Unstructured Business Data,"Pelke, Martin",Martin,male,0.9998539477569732,True
Exploration and Analysis of Undocumented Processes Using Heterogeneous and Unstructured Business Data,"Jagannath, Kavitha",Kavitha,female,0.9999945835831399,True
Exploration and Analysis of Undocumented Processes Using Heterogeneous and Unstructured Business Data,"Stadler, Michael",Michael,male,0.9999876221560686,True
Next Activity Prediction: An Application of Shallow Learning Techniques Against Deep Learning Over the BPI Challenge 2020,"Impedovo, Donato",Donato,male,0.9999086526118218,True
Next Activity Prediction: An Application of Shallow Learning Techniques Against Deep Learning Over the BPI Challenge 2020,"Pirlo, Giuseppe",Giuseppe,male,0.9998656437376092,True
Next Activity Prediction: An Application of Shallow Learning Techniques Against Deep Learning Over the BPI Challenge 2020,"Semeraro, Gianfranco",Gianfranco,male,0.999867440926219,True
Bootstrapping Natural Language Querying on Process Automation Data,"Han, Xue",Xue,female,0.9738490518370407,True
Bootstrapping Natural Language Querying on Process Automation Data,"Hu, Lianxue",Lianxue,unknown,0.5286420713124921,False
Bootstrapping Natural Language Querying on Process Automation Data,"Sen, Jaydeep",Jaydeep,male,0.9999714462443984,True
Bootstrapping Natural Language Querying on Process Automation Data,"Dang, Yabin",Yabin,unknown,0.7164889412493363,False
Bootstrapping Natural Language Querying on Process Automation Data,"Gao, Buyu",Buyu,male,0.9338950312836664,True
Bootstrapping Natural Language Querying on Process Automation Data,"Isahagian, Vatche",Vatche,male,0.9992000861886523,True
Bootstrapping Natural Language Querying on Process Automation Data,"Lei, Chuan",Chuan,male,0.9968071297539562,True
Bootstrapping Natural Language Querying on Process Automation Data,"Efthymiou, Vasilis",Vasilis,male,0.9997307252837163,True
Bootstrapping Natural Language Querying on Process Automation Data,"Özcan, Fatma",Fatma,female,0.9999927638246316,True
Bootstrapping Natural Language Querying on Process Automation Data,"Quamar, Abdul",Abdul,male,0.9999849121594339,True
Bootstrapping Natural Language Querying on Process Automation Data,"Huang, Ziming",Ziming,male,0.9035720004979392,True
Bootstrapping Natural Language Querying on Process Automation Data,"Muthusamy, Vinod",Vinod,male,0.9998793519109005,True
An innovation model in curriculum design for teaching engineering at universidad EAFIT,"Zea, Claudia M.",Claudia,female,0.9999814071022761,True
An innovation model in curriculum design for teaching engineering at universidad EAFIT,"Rodriguez, Alberto",Alberto,male,0.9998864566720463,True
An innovation model in curriculum design for teaching engineering at universidad EAFIT,"Bueno, Natalia A.",Natalia,female,0.999997044243537,True
The Process-Rule Continuum - Can BPMN & SBVR Cope with the Challenge?,"Koehler, Jana",Jana,female,0.9999717556402674,True
Simulation-based operation management of outpatient departments in university hospitals,"Choi, Byoung K.",Byoung,male,0.9910301572685754,True
Simulation-based operation management of outpatient departments in university hospitals,"Kang, Donghun",Donghun,male,0.9994863143510884,True
Simulation-based operation management of outpatient departments in university hospitals,"Kong, Joohoe",Joohoe,male,0.7131183588656498,False
Simulation-based operation management of outpatient departments in university hospitals,"Kim, Hyeonsik",Hyeonsik,male,0.6800281476215685,False
Simulation-based operation management of outpatient departments in university hospitals,"Jamjoom, Arwa A.",Arwa,female,0.9999631158007555,True
Simulation-based operation management of outpatient departments in university hospitals,"Mogbil, Aisha M.",Aisha,female,0.999989844691546,True
Simulation-based operation management of outpatient departments in university hospitals,"Alghamdi, Thoria A.",Thoria,female,0.9980644709824926,True
Using Fractal Enterprise Model in Technology-Driven Organisational Change Projects: A Case of a Water Utility Company,"Leego, Steven",Steven,male,0.9999938645828961,True
Using Fractal Enterprise Model in Technology-Driven Organisational Change Projects: A Case of a Water Utility Company,"Bider, Ilia",Ilia,unknown,0.7355633110002426,False
"An overview of Process Mining and its applicability to complex, real-life scenarios","Chaydy, Najwa",Najwa,female,0.9999839908942257,True
"An overview of Process Mining and its applicability to complex, real-life scenarios","Madani, Abdellah",Abdellah,male,0.9999336775700703,True
Introducing Trust in Service-Oriented Distributed Systems through Blockchain,"Autili, Marco",Marco,male,0.9998964214527616,True
Introducing Trust in Service-Oriented Distributed Systems through Blockchain,"Gallo, Francesco",Francesco,male,0.9999449415190484,True
Introducing Trust in Service-Oriented Distributed Systems through Blockchain,"Inverardi, Paola",Paola,female,0.9999891372513092,True
Introducing Trust in Service-Oriented Distributed Systems through Blockchain,"Pompilio, Claudio",Claudio,male,0.9999607633184376,True
Introducing Trust in Service-Oriented Distributed Systems through Blockchain,"Tivoli, Massimo",Massimo,male,0.9998962669439312,True
Combination of Interoperability Registries with Process and Data Management Tools for Governmental Services Transformation,"Charalabidis, Y.",,unknown,0,False
Combination of Interoperability Registries with Process and Data Management Tools for Governmental Services Transformation,"Lampathaki, F.",,unknown,0,False
Combination of Interoperability Registries with Process and Data Management Tools for Governmental Services Transformation,"Psarras, J.",,unknown,0,False
Goal-Oriented Service Selection in Business Processes,"Ukor, Roland",Roland,male,0.9999303059295966,True
Goal-Oriented Service Selection in Business Processes,"Carpenter, Andy",Andy,male,0.9977305491548136,True
Towards A Service-Oriented Architecture for Demand-Driven e Government,"Lankhorst, M.M.",M.M.,male,0.9835858823212391,True
Towards A Service-Oriented Architecture for Demand-Driven e Government,"Derks, W.L.A.",W.L.A.,unknown,0.7096854873087585,False
IMPROVING BUSINESS PROCESS IN SEMICONDUCTOR MANUFACTURING BY DISCOVERING BUSINESS RULES,"Khemiri, Abdelhak",Abdelhak,male,0.9998297681249757,True
IMPROVING BUSINESS PROCESS IN SEMICONDUCTOR MANUFACTURING BY DISCOVERING BUSINESS RULES,"Amine Hamri, Maamar El",Maamar,male,0.9992216435729123,True
IMPROVING BUSINESS PROCESS IN SEMICONDUCTOR MANUFACTURING BY DISCOVERING BUSINESS RULES,"Frydman, Claudia",Claudia,female,0.9999814071022761,True
IMPROVING BUSINESS PROCESS IN SEMICONDUCTOR MANUFACTURING BY DISCOVERING BUSINESS RULES,"Pinaton, Jacques",Jacques,male,0.9999799945534292,True
Optimization of the Business Process metrics definition according to the BPDM standard and its formal definition in OCL,"Debnath, N.",,unknown,0,False
Optimization of the Business Process metrics definition according to the BPDM standard and its formal definition in OCL,"Salgado, C.",,unknown,0,False
Optimization of the Business Process metrics definition according to the BPDM standard and its formal definition in OCL,"Peralta, M.",,unknown,0,False
Optimization of the Business Process metrics definition according to the BPDM standard and its formal definition in OCL,"Riesco, D.",,unknown,0,False
Optimization of the Business Process metrics definition according to the BPDM standard and its formal definition in OCL,"Montejano, G.",,unknown,0,False
Estimating Structures of Business Process Models from Execution Logs,"Ogasawara, Shiro",Shiro,male,0.9935325060536913,True
Estimating Structures of Business Process Models from Execution Logs,"Tayama, Kenichi",Kenichi,male,0.9989648646648727,True
Estimating Structures of Business Process Models from Execution Logs,"Yamamura, Tetsuya",Tetsuya,male,0.9933928473956375,True
Towards Dependable Business Processes with Fault-Tolerance Approach,"Varela-Vaca, Angel Jesus",Angel,male,0.9932384210708509,True
Towards Dependable Business Processes with Fault-Tolerance Approach,"Gasca, Rafael M.",Rafael,male,0.9999801002723208,True
Towards Dependable Business Processes with Fault-Tolerance Approach,"Borrego, Diana",Diana,female,0.999995961950494,True
Towards Dependable Business Processes with Fault-Tolerance Approach,"Pozo, Sergio",Sergio,male,0.9999761025266936,True
Context Model Based SOA Policy Framework,"Zhou, Yu Chen",Yu,female,0.8656251027956705,True
Context Model Based SOA Policy Framework,"Liu, Xin Peng",Xin,unknown,0.7003246185087639,False
Context Model Based SOA Policy Framework,"Wang, Xi Ning",Xi,unknown,0.6241046773770502,False
Context Model Based SOA Policy Framework,"Xue, Liang",Liang,male,0.9782482259488245,True
Context Model Based SOA Policy Framework,"Tian, Chen",Chen,male,0.8803324700638614,True
Context Model Based SOA Policy Framework,"Liang, Xiao Xing",Xiao,unknown,0.7140596202174592,False
Management Framework for Business Integration Projects,"Keller, Thomas",Thomas,male,0.9999981017477207,True
Management Framework for Business Integration Projects,"Marko, Thomas",Thomas,male,0.9999981017477207,True
Improving Business Process Resilience to Long-tailed Business Events via Low-code,"Zhu, Jingwei",Jingwei,male,0.9728891620019617,True
Improving Business Process Resilience to Long-tailed Business Events via Low-code,"Peng, Jun",Jun,male,0.9972113548054844,True
Improving Business Process Resilience to Long-tailed Business Events via Low-code,"Zhang, Liang",Liang,male,0.9782482259488245,True
Improving Business Process Resilience to Long-tailed Business Events via Low-code,"Truong, Hong-Linh",Hong,unknown,0.711999011631038,False
Managing Digital Transformation in Public Administration,"Glavaš, Jerko",Jerko,male,0.9967602942057412,True
Managing Digital Transformation in Public Administration,"Uroda, Ivan",Ivan,male,0.9999776517681997,True
Managing Digital Transformation in Public Administration,"Mandić, Bruno",Bruno,male,0.9999652389475681,True
The challenges of the move from the desktop to the cloud,"Pohorec, Sandi",Sandi,female,0.9923347331005891,True
The challenges of the move from the desktop to the cloud,"Zorman, Milan",Milan,male,0.9915096207012155,True
The Impact of Information System: A Network Analysis Perspective,"Sulis, Emilio",Emilio,male,0.9998271675860951,True
The Impact of Information System: A Network Analysis Perspective,"De Lellis, Angela",Angela,female,0.9999936221211898,True
Communication-Enabled Business Processes as a Service,"Rake, Jannis",Jannis,female,0.9842267932312584,True
Communication-Enabled Business Processes as a Service,"Holschke, Oliver",Oliver,male,0.9999907881390401,True
Communication-Enabled Business Processes as a Service,"Offermann, Philipp",Philipp,male,0.9999372005997167,True
Communication-Enabled Business Processes as a Service,"Bub, Udo",Udo,male,0.9993990197381508,True
Process and Services Fusion Impact Assessment,"Demirkan, Haluk",Haluk,male,0.9999599208552783,True
Process and Services Fusion Impact Assessment,"Goul, Michael",Michael,male,0.9999876221560686,True
Minimum Interference Model in Wireless Sensor Network for Foul Environment in Workshop and Warehouse,"Zhang, Yi-sheng",Yi,female,0.8940381462246494,True
Minimum Interference Model in Wireless Sensor Network for Foul Environment in Workshop and Warehouse,"Li, Min",Min,female,0.7232168581934333,False
Service-Oriented Computing Kit,"Shan, Tony C",Tony,male,0.9996329230975256,True
Service-Oriented Computing Kit,"Hua, Winnie W",Winnie,female,0.9999627953317687,True
Improving ERP integration,"Devi, Sreekeessoon Jaya",Sreekeessoon,unknown,0.7207090069044595,False
Improving ERP integration,"Zarine, Cadersaib Bibi",Cadersaib,unknown,0.6461632782124218,False
Modeling of A-Posteriori Access Control in Business Processes,"Aroua, Mohamed Karim",Mohamed,male,0.9999971268152898,True
Modeling of A-Posteriori Access Control in Business Processes,"Zouari, Belhassen",Belhassen,male,0.9984704118379608,True
Extension BPML for Sub-Process,"Gao, Meng",Meng,male,0.9320970818737262,True
Extension BPML for Sub-Process,"Zhang, Liqun",Liqun,unknown,0.7382852890314497,False
Extension BPML for Sub-Process,"Ling, Yong",Yong,male,0.9844618295633396,True
Rallye Game: Learning by Playing with Racing Cars,"Kutun, Bahar",Bahar,female,0.9915076806041917,True
Rallye Game: Learning by Playing with Racing Cars,"Schmidt, Werner",Werner,male,0.9999697709027106,True
DMC - Distributed and Mobile Collaboration Workshop Report,"Dustdar, S.",,unknown,0,False
DMC - Distributed and Mobile Collaboration Workshop Report,"Gall, H.",,unknown,0,False
Modeling Business Diagnosis with Dynamic Workflow Construction,"Espinosa, Enrique",Enrique,male,0.9985890391614565,True
Modeling Business Diagnosis with Dynamic Workflow Construction,"Bueno, Abel",Abel,male,0.9999931229245255,True
Modeling Business Diagnosis with Dynamic Workflow Construction,"Molina, Martin",Martin,male,0.9998539477569732,True
Modeling Business Diagnosis with Dynamic Workflow Construction,"Munoz, Jesus",Jesus,male,0.9999895267646162,True
KS-Diff: A Key Structure Based Difference Detection Method for Process Models,"Wang, Jiaxing",Jiaxing,unknown,0.7293637233250325,False
KS-Diff: A Key Structure Based Difference Detection Method for Process Models,"Lu, Jianchao",Jianchao,male,0.9954510955358545,True
KS-Diff: A Key Structure Based Difference Detection Method for Process Models,"Cao, Bin",Bin,male,0.9912955838328016,True
KS-Diff: A Key Structure Based Difference Detection Method for Process Models,"Fan, Jing",Jing,female,0.990305236721775,True
KS-Diff: A Key Structure Based Difference Detection Method for Process Models,"Tan, Dapeng",Dapeng,male,0.98452479281844,True
Study on a flexible workflow technology and its application,"Wu, Jinxiang",Jinxiang,unknown,0.709132752200338,False
Study on a flexible workflow technology and its application,"Peng, Yan",Yan,unknown,0.5336648310743305,False
Study on a flexible workflow technology and its application,"Zhang, Wei",Wei,male,0.8353828445774668,True
An Organizational Framework for Building Secure Software,"Hamou-Lhadj, Abdelwahab",Abdelwahab,male,0.9998549058246902,True
An Organizational Framework for Building Secure Software,"Hamou-Lhadj, AbdelKrim",AbdelKrim,male,0.9992354656937411,True
A Solution to Extending Dynamic Web Project Wizard,"Wang, Rong",Rong,unknown,0.7174724947670523,False
A Solution to Extending Dynamic Web Project Wizard,"Wu, Budan",Budan,male,0.9838465107323487,True
A Solution to Extending Dynamic Web Project Wizard,"Chen, Junliang",Junliang,male,0.9564774619621866,True
Towards More Flexible Internal Workflow Change: Weakly Equivalence Concept for Inter-organizational Workflow Design,"Liang, Geng",Geng,male,0.9088166631132569,True
Towards More Flexible Internal Workflow Change: Weakly Equivalence Concept for Inter-organizational Workflow Design,"Lau, Sim Kim",Sim,male,0.9908213855792254,True
Process Management Systems and public healthcare in Brazil: Technology to improve service delivery,"dos Santos, D. G. S.",,unknown,0,False
Evaluating Enterprise Integration Middleware Technologies,"Gordon, Ian",Ian,male,0.9998971717022419,True
BKQoS – a business knowledge-based QoS provisioning framework,"Bök, Patrick-Benjamin",Patrick,male,0.9999373211096793,True
BKQoS – a business knowledge-based QoS provisioning framework,"Tüchelmann, York",York,male,0.9998383390517225,True
A Study of Interorganizational Process Refactoring Based on Inheritance Technology,"Yan, Zhijun",Zhijun,male,0.9748659257022954,True
A Study of Interorganizational Process Refactoring Based on Inheritance Technology,"Wang, Tianmei",Tianmei,female,0.9690920704711741,True
Teaching conceptual modelling: The OMiLAB best practice,"Miron, Elena-Teodora",Elena,female,0.9999927696536459,True
Teaching conceptual modelling: The OMiLAB best practice,"Douligeris, Christos",Christos,male,0.9999396981478821,True
"Improving Architectural Composability and Consumability using Communities: Lessons learned from Eclipse, SOA and MDA","Iyengar, Sridhar",Sridhar,male,0.9999842428653053,True
Efforts towards an open electronic commerce infrastructure for the tourism industry,"Constanta, P.",,unknown,0,False
Efforts towards an open electronic commerce infrastructure for the tourism industry,"Marazakis, M.",,unknown,0,False
Efforts towards an open electronic commerce infrastructure for the tourism industry,"Papadakis, D.",,unknown,0,False
Efforts towards an open electronic commerce infrastructure for the tourism industry,"Nikolaou, C.",,unknown,0,False
Efforts towards an open electronic commerce infrastructure for the tourism industry,"Roenke, D.",,unknown,0,False
A Modeling Method of Role-Based Team Organization Structure in E-Business,"Li, Yan",Yan,unknown,0.5336648310743305,False
A label-free similarity measure between workflow nets,"Zha, Haiping",Haiping,unknown,0.5542715197973602,False
A label-free similarity measure between workflow nets,"Wang, Jianmin",Jianmin,male,0.8695557433766125,True
A label-free similarity measure between workflow nets,"Wen, Lijie",Lijie,female,0.9790060744846031,True
A label-free similarity measure between workflow nets,"Wang, Chaokun",Chaokun,unknown,0.7205735560832696,False
EliXir: a framework for Building e-business applications,"Joukhadar, Ammar",Ammar,male,0.9999900159544832,True
Topics in organizational systems and technology,"Richards, R.M.",R.M.,male,0.9008054967524639,True
Management of Cross-enterprise Processes based on a Service-oriented Workflow Framework,"Wei, Wei",Wei,male,0.8353828445774668,True
Management of Cross-enterprise Processes based on a Service-oriented Workflow Framework,"Zhang, Weihui",Weihui,unknown,0.5701426496479577,False
Management of Cross-enterprise Processes based on a Service-oriented Workflow Framework,"Lu, Huijuan",Huijuan,female,0.8825664241260227,True
SafeRoute: Pioneering Online Ride Booking with Pega & ML-Powered Safety Measures,"Rajalakshmi, D.",,unknown,0,False
SafeRoute: Pioneering Online Ride Booking with Pega & ML-Powered Safety Measures,"Immaculate, P.S.",P.S.,male,0.9813833658887202,True
SafeRoute: Pioneering Online Ride Booking with Pega & ML-Powered Safety Measures,"Pandi, S. Senthil",,unknown,0,False
SafeRoute: Pioneering Online Ride Booking with Pega & ML-Powered Safety Measures,"Pavitra, A. Rehash Rushmi",,unknown,0,False
SafeRoute: Pioneering Online Ride Booking with Pega & ML-Powered Safety Measures,"Vijayalakshmi, V.",,unknown,0,False
SafeRoute: Pioneering Online Ride Booking with Pega & ML-Powered Safety Measures,"Sharanya, S.",,unknown,0,False
Business ecology in the digital ecosystem,"Soley, Richard Mark",Richard,male,0.9999944029565571,True
Research on Key Technology of Process Equipment Service Platform Based on SOA,"Guo, Hong",Hong,female,0.711999011631038,False
Research on Key Technology of Process Equipment Service Platform Based on SOA,"Pang, Siqin",Siqin,female,0.9791010914445448,True
Research on Key Technology of Process Equipment Service Platform Based on SOA,"Yan, Xianguo",Xianguo,male,0.9846322980663338,True
Research on Key Technology of Process Equipment Service Platform Based on SOA,"Li, Jianwei",Jianwei,male,0.9844999857322118,True
Research on Key Technology of Process Equipment Service Platform Based on SOA,"Liu, Zhong",Zhong,male,0.9445154882042616,True
RBAC for Supply Chain Process Monitoring,"Yahya, Bernardo N.",Bernardo,male,0.9999183032961876,True
RBAC for Supply Chain Process Monitoring,"Kwon, Minjung",Minjung,female,0.999889019468861,True
RBAC for Supply Chain Process Monitoring,"Bae, Hyerim",Hyerim,female,0.9938731868327746,True
Process Integration Using SOA: An Implementation Case in a Municipality,"Torres, Norberto A.",Norberto,male,0.9996073410266136,True
A framework to profile corporate projects,"Quintero, Juan Bernardo",Juan,male,0.9999978969254493,True
A framework to profile corporate projects,"Villanueva, David Manuel",David,male,0.9999952928042082,True
A framework to profile corporate projects,"Manrique-Losada, Bell",Bell,female,0.9943566283998503,True
"An Interdisciplinary Model-Driven Approach for Flipped Learning Design and Enactment Integrating Gamification, Agile, BPMN, IoT, and AI","Hammami, Jihed",Jihed,male,0.9981910112003017,True
"An Interdisciplinary Model-Driven Approach for Flipped Learning Design and Enactment Integrating Gamification, Agile, BPMN, IoT, and AI","Khemaja, Maha",Maha,female,0.999697825817296,True
"An Interdisciplinary Model-Driven Approach for Flipped Learning Design and Enactment Integrating Gamification, Agile, BPMN, IoT, and AI","Sierra-Rodríguez, José-Luis",José,male,0.9960913709996708,True
MADYNE 2015 Track Report: Management of Dynamic Networked Enterprises,"Guermouche, Nawal",Nawal,female,0.9953561393814838,True
MADYNE 2015 Track Report: Management of Dynamic Networked Enterprises,"Tazi, Said",Said,male,0.9999674758165055,True
WhiteMech: White-Box Self-Programming Mechanisms,"de Giacomo, Giuseppe",Giuseppe,male,0.9998656437376092,True
Research on Collaboration-Based Organization Structure Modeling in E-Business,"Li, Yan",Yan,unknown,0.5336648310743305,False
Modeling reconfigurable information systems by using an executable algebraic framework,"Huang, Y.",,unknown,0,False
Modeling reconfigurable information systems by using an executable algebraic framework,"Koo, B. H. Y.",,unknown,0,False
Modeling reconfigurable information systems by using an executable algebraic framework,"Zheng, L.",,unknown,0,False
Construction of the full life cycle data management model for complex aerospace products based on digital twins,"Yu, Wentao",Wentao,male,0.988261513127505,True
Construction of the full life cycle data management model for complex aerospace products based on digital twins,"Wu, Jieyu",Jieyu,female,0.9844303337497458,True
Construction of the full life cycle data management model for complex aerospace products based on digital twins,"Yu, Yucheng",Yucheng,male,0.9632969197642729,True
Construction of the full life cycle data management model for complex aerospace products based on digital twins,"Huang, Kai",Kai,male,0.9819597256365221,True
Construction of the full life cycle data management model for complex aerospace products based on digital twins,"Shen, Yan",Yan,unknown,0.5336648310743305,False
Construction of the full life cycle data management model for complex aerospace products based on digital twins,"Xu, Fan",Fan,unknown,0.7049472782559173,False
Construction of the full life cycle data management model for complex aerospace products based on digital twins,"Li, Peng",Peng,male,0.987794148873926,True
Construction of the full life cycle data management model for complex aerospace products based on digital twins,"Peng, Siping",Siping,unknown,0.6394098569270235,False
Management of SOA in public administration: A case study,"Keller, Thomas",Thomas,male,0.9999981017477207,True
Management of SOA in public administration: A case study,"Dietrich, Martin",Martin,male,0.9998539477569732,True
The study on college education management based on workflow technology,"Hualin, Bao",Bao,male,0.8996232469430655,True
Management Decision of Using Building Information Modeling in Recent Residential Construction Projects in Bahrain,"ElZefzafy, Hend",Hend,female,0.9903054749248744,True
Management Decision of Using Building Information Modeling in Recent Residential Construction Projects in Bahrain,"Sedki, Ali",Ali,male,0.988143397255068,True
Management Decision of Using Building Information Modeling in Recent Residential Construction Projects in Bahrain,"Mohamed, Hamdy",Hamdy,male,0.9978572080558333,True
Management Decision of Using Building Information Modeling in Recent Residential Construction Projects in Bahrain,"Ibrahim, Wafeek Mohamed",Wafeek,male,0.9995478079962856,True
Business Processes Management Implementation in Health Sector,"López, Juan",Juan,male,0.9999978969254493,True
Business Processes Management Implementation in Health Sector,"Vélez, Francisco",Francisco,male,0.9999572464565292,True
Business Processes Management Implementation in Health Sector,"Hernán, Jorge",Jorge,male,0.9999507614101812,True
Business Processes Management Implementation in Health Sector,"López, Francisco",Francisco,male,0.9999572464565292,True
Business Processes Management Implementation in Health Sector,"Vélez, Jorge",Jorge,male,0.9999507614101812,True
Business Processes Management Implementation in Health Sector,"Gutierrez, Jairo",Jairo,male,0.9999353727761416,True
Business Processes Management Implementation in Health Sector,"Gómez, Liliana",Liliana,female,0.9999990854144832,True
Business Processes Management Implementation in Health Sector,"Hernández, Felipe",Felipe,male,0.9992350889370495,True
Business Processes Management Implementation in Health Sector,"Medina, Harold",Harold,male,0.9999747884156611,True
Business Processes Management Implementation in Health Sector,"Aristizabal, William Fernando",William,male,0.999948625742716,True
Modeling evidence-based medicine applications with provenance data in pathways,"Yildiz, Ustun",Ustun,male,0.9846511611366539,True
Modeling evidence-based medicine applications with provenance data in pathways,"Belhajjame, Khalid",Khalid,male,0.999949361127034,True
Modeling evidence-based medicine applications with provenance data in pathways,"Grigori, Daniela",Daniela,female,0.9999978509319162,True
Evaluating effectiveness of risk identification and management using organisational models,"Bhuiyan, Moshiur",Moshiur,male,0.9999740785430802,True
Evaluating effectiveness of risk identification and management using organisational models,"Rana, Sohel",Sohel,male,0.9999915638263979,True
Evaluating effectiveness of risk identification and management using organisational models,"Krishna, Aneesh",Aneesh,male,0.9989807132747123,True
Decision support systems in controlling and optimizing of diagnostic processes,"Hujer, Tomas",Tomas,male,0.999996989207828,True
Decision support systems in controlling and optimizing of diagnostic processes,"Steiner, Frantisek",Frantisek,male,0.9999716260625395,True
Improve performance of enterprises information portal using RFC and IDOC technique,"Lamey, Ahmed Mohamed",Ahmed,male,0.9999977341795334,True
Improve performance of enterprises information portal using RFC and IDOC technique,"Keshk, Arabi",Arabi,unknown,0.7379210681128949,False
Improve performance of enterprises information portal using RFC and IDOC technique,"Mmousa, Hamdy",Hamdy,male,0.9978572080558333,True
Media-Aware Workflows,"Dettori, Paolo",Paolo,male,0.9999357526976299,True
Media-Aware Workflows,"Nogima, Julio",Julio,male,0.9999149411605313,True
Media-Aware Workflows,"Schaffa, Frank A.",Frank,male,0.999947578866658,True
Media-Aware Workflows,"Westerink, Peter",Peter,male,0.9999580684529622,True
An Empirical Evaluation of Deep Neural Networks in Federated Learning,"Wu, Xiaotong",Xiaotong,female,0.9806834896246196,True
An Empirical Evaluation of Deep Neural Networks in Federated Learning,"Xue, Zilong",Zilong,male,0.9845708566773154,True
An Empirical Evaluation of Deep Neural Networks in Federated Learning,"Shen, Lingling",Lingling,female,0.9998235926591907,True
Improving enterprise resource planning results using knowledge extraction and learning,"Berzosa, Alba",Alba,female,0.9999830884018904,True
Improving enterprise resource planning results using knowledge extraction and learning,"Sedano, Javier",Javier,male,0.9999768372268597,True
Improving enterprise resource planning results using knowledge extraction and learning,"Villar, José R.",José,male,0.9960913709996708,True
Improving enterprise resource planning results using knowledge extraction and learning,"García-Tamargo, Marco",Marco,male,0.9998964214527616,True
Improving enterprise resource planning results using knowledge extraction and learning,"Corchado, Emilio",Emilio,male,0.9998271675860951,True
Application of process mining approach to the developmental process of the roundworm C. elegans,"Chervenkov, Trifon",Trifon,male,0.9999759159782711,True
Application of process mining approach to the developmental process of the roundworm C. elegans,"Pavlov, Stoyan",Stoyan,male,0.9999613777808406,True
Application of process mining approach to the developmental process of the roundworm C. elegans,"Marinov, Damyan",Damyan,male,0.9999378792174446,True
Application of process mining approach to the developmental process of the roundworm C. elegans,"Hristov, Hristo",Hristo,male,0.9998991955309443,True
Application of process mining approach to the developmental process of the roundworm C. elegans,"Momcheva, Galina",Galina,female,0.9999989381654265,True
Automatic Analysis of Inconsistencies in Inter-Enterprise Business Processes: Introducing a Formal Adaptation Patterns Catalog,"Ashourian, Somayeh",Somayeh,female,0.9947238288391659,True
Automatic Analysis of Inconsistencies in Inter-Enterprise Business Processes: Introducing a Formal Adaptation Patterns Catalog,"Ajoudanian, Shohreh",Shohreh,female,0.9935880045183815,True
Track Report of Management of Dynamic Networked Enterprises (MADYNE 2014),"Guermouche, Nawal",Nawal,female,0.9953561393814838,True
Track Report of Management of Dynamic Networked Enterprises (MADYNE 2014),"Tazi, Saïd",Saïd,male,0.9988267707430593,True
Wiki-based enterprise knowledge management system,"Mu, Bin",Bin,male,0.9912955838328016,True
Wiki-based enterprise knowledge management system,"Ren, Yi Ping",Yi,female,0.8940381462246494,True
Wiki-based enterprise knowledge management system,"Sun, Zhiwei",Zhiwei,male,0.9799244874527846,True
Developing flexible service portals,"Liver, B.",,unknown,0,False
Developing flexible service portals,"Braun, J.",,unknown,0,False
Developing flexible service portals,"Rentsch, B.",,unknown,0,False
Developing flexible service portals,"Roth, P.",,unknown,0,False
Agile Logistics Management Model to Reduce Service Times and Improve Processes Using Lean Service Methodology in Companies in the Electrical Sector,"Palomino, Viviana Barriga",Viviana,female,0.9999966588298028,True
Agile Logistics Management Model to Reduce Service Times and Improve Processes Using Lean Service Methodology in Companies in the Electrical Sector,"Raffo, Sotelo",Sotelo,male,0.9629271991025202,True
Agile Logistics Management Model to Reduce Service Times and Improve Processes Using Lean Service Methodology in Companies in the Electrical Sector,"Fernando, Juan Luis",Juan,male,0.9999978969254493,True
Analysis of Russian Experience in Utilities’ Plant Assets Management,"Khalyasmaa, Alexandra",Alexandra,female,0.9999520604841557,True
Analysis of Russian Experience in Utilities’ Plant Assets Management,"Zinovieva, Elena",Elena,female,0.9999927696536459,True
An XES Extension for the Distributed Simulation of Process Collaborations,"Bocciarelli, Paolo",Paolo,male,0.9999357526976299,True
An XES Extension for the Distributed Simulation of Process Collaborations,"D’Ambrogio, Andrea",Andrea,female,0.9990642945711071,True
Towards a Human Reliability Analysis in process modelling: An empirical investigation,"Nielen, Alexander",Alexander,male,0.9999914495946162,True
Towards a Human Reliability Analysis in process modelling: An empirical investigation,"Költer, Denise",Denise,female,0.9999800274983086,True
Towards a Human Reliability Analysis in process modelling: An empirical investigation,"Mütze-Niewóhner, Susanne",Susanne,female,0.9999892357121019,True
Towards a Human Reliability Analysis in process modelling: An empirical investigation,"Karla, Jürgen",Jürgen,male,0.9977530655334812,True
Towards a Human Reliability Analysis in process modelling: An empirical investigation,"Schlick, Christopher M.",Christopher,male,0.9999877129093514,True
A Design of EAI Platform Based on Event-Driven Publish-Subscribe Systems for e-Business,"Xu, Ping",Ping,female,0.9897941603132419,True
Competitive Landscape of IT Industry in the 5G ecosystem: A management decision case study of AMDOCS,"Baidya, Anik",Anik,male,0.969433121099253,True
Competitive Landscape of IT Industry in the 5G ecosystem: A management decision case study of AMDOCS,"Gundu Hallur, Giri",Giri,male,0.9909886244142518,True
Evaluating the use of IT by the third party logistics in South East Asia to achieve competitive advantage and its future trend,"Leung, Stephen C. H.",Stephen,male,0.9999906814314838,True
Evaluating the use of IT by the third party logistics in South East Asia to achieve competitive advantage and its future trend,"Lim, Ming K",Ming,unknown,0.5866865921981015,False
Evaluating the use of IT by the third party logistics in South East Asia to achieve competitive advantage and its future trend,"Tan, Albert Wee Kwan",Albert,male,0.9999213683449588,True
Evaluating the use of IT by the third party logistics in South East Asia to achieve competitive advantage and its future trend,"Yu, Yong Keong",Yong,male,0.9844618295633396,True
"A Role of RMAS, Blockchain, and Zero-Knowledge Proof in Sustainable Supply Chains","Pirani, Massimiliano",Massimiliano,male,0.9997809476578167,True
"A Role of RMAS, Blockchain, and Zero-Knowledge Proof in Sustainable Supply Chains","Cucchiarelli, Alessandro",Alessandro,male,0.9999636677574057,True
"A Role of RMAS, Blockchain, and Zero-Knowledge Proof in Sustainable Supply Chains","Spalazzi, Luca",Luca,male,0.994050482423027,True
Managing Process Model Complexity via Concrete Syntax Modifications,"La Rosa, Marcello",Marcello,male,0.9996360264682205,True
Managing Process Model Complexity via Concrete Syntax Modifications,"ter Hofstede, Arthur H. M.",Arthur,male,0.9999849927075136,True
Managing Process Model Complexity via Concrete Syntax Modifications,"Wohed, Petia",Petia,female,0.999916611117753,True
Managing Process Model Complexity via Concrete Syntax Modifications,"Reijers, Hajo A.",Hajo,unknown,0.6060434118944652,False
Managing Process Model Complexity via Concrete Syntax Modifications,"Mendling, Jan",Jan,unknown,0.5504849119650672,False
Managing Process Model Complexity via Concrete Syntax Modifications,"van der Aalst, Wil M. P.",Wil,male,0.9988491702309068,True
"Unleashing the Effectiveness of Process-Oriented Information Systems: Problem Analysis, Critical Success Factors, and Implications","Mutschler, Bela",Bela,female,0.9847875101573145,True
"Unleashing the Effectiveness of Process-Oriented Information Systems: Problem Analysis, Critical Success Factors, and Implications","Reichert, Manfred",Manfred,male,0.9999883382145358,True
"Unleashing the Effectiveness of Process-Oriented Information Systems: Problem Analysis, Critical Success Factors, and Implications","Bumiller, Johannes",Johannes,male,0.9999887278356387,True
A Business Process Intelligence System for Enterprise Process Performance Management,"Tan, WenAn",WenAn,unknown,0.6417305287201885,False
A Business Process Intelligence System for Enterprise Process Performance Management,"Shen, Weiming",Weiming,male,0.972155460970355,True
A Business Process Intelligence System for Enterprise Process Performance Management,"Xu, Lida",Lida,female,0.9999951359967486,True
A Business Process Intelligence System for Enterprise Process Performance Management,"Zhou, Bosheng",Bosheng,male,0.9942847291780385,True
A Business Process Intelligence System for Enterprise Process Performance Management,"Li, Ling",Ling,female,0.9977768216941388,True
Process SEER: A Tool for Semantic Effect Annotation of Business Process Models,"Hinge, Kerry",Kerry,female,0.8513517753833991,True
Process SEER: A Tool for Semantic Effect Annotation of Business Process Models,"Ghose, Aditya",Aditya,male,0.9930058833426924,True
Process SEER: A Tool for Semantic Effect Annotation of Business Process Models,"Koliadis, George",George,male,0.9999684085414767,True
Process Discovery from Model and Text Artefacts,"Ghose, Aditya",Aditya,male,0.9930058833426924,True
Process Discovery from Model and Text Artefacts,"Koliadis, George",George,male,0.9999684085414767,True
Process Discovery from Model and Text Artefacts,"Chueng, Arthur",Arthur,male,0.9999849927075136,True
Self-Adaptive Resource Allocation for Elastic Process Execution,"Hoenisch, Philipp",Philipp,male,0.9999372005997167,True
Self-Adaptive Resource Allocation for Elastic Process Execution,"Schulte, Stefan",Stefan,male,0.9999831604184807,True
Self-Adaptive Resource Allocation for Elastic Process Execution,"Dustdar, Schahram",Schahram,unknown,0.7299774829155605,False
Self-Adaptive Resource Allocation for Elastic Process Execution,"Venugopal, Srikumar",Srikumar,male,0.9981734282728584,True
Leveraging process discovery with trace clustering and text mining for intelligent analysis of incident management processes,"De Weerdt, Jochen",Jochen,male,0.999994958067544,True
Leveraging process discovery with trace clustering and text mining for intelligent analysis of incident management processes,"vanden Broucke, Seppe K.L.M.",Seppe,male,0.9843615460127191,True
Leveraging process discovery with trace clustering and text mining for intelligent analysis of incident management processes,"Vanthienen, Jan",Jan,unknown,0.5504849119650672,False
Leveraging process discovery with trace clustering and text mining for intelligent analysis of incident management processes,"Baesens, Bart",Bart,male,0.9998763825923659,True
Petri Net Based Data-Flow Error Detection and Correction Strategy for Business Processes,"Liu, Cong",Cong,male,0.9891634952979704,True
Petri Net Based Data-Flow Error Detection and Correction Strategy for Business Processes,"Zeng, Qingtian",Qingtian,male,0.978532770620606,True
Petri Net Based Data-Flow Error Detection and Correction Strategy for Business Processes,"Duan, Hua",Hua,male,0.6612283433060475,False
Petri Net Based Data-Flow Error Detection and Correction Strategy for Business Processes,"Wang, Lei",Lei,female,0.9773825880925103,True
Petri Net Based Data-Flow Error Detection and Correction Strategy for Business Processes,"Tan, Jie",Jie,unknown,0.5239159993068604,False
Petri Net Based Data-Flow Error Detection and Correction Strategy for Business Processes,"Ren, Chongguang",Chongguang,male,0.9915002055974965,True
Petri Net Based Data-Flow Error Detection and Correction Strategy for Business Processes,"Yu, Wangyang",Wangyang,male,0.8734976945046713,True
Service Oriented Architecture: Challenges for Business and Academia,"Maurizio, Amelia",Amelia,female,0.9999937252483142,True
Service Oriented Architecture: Challenges for Business and Academia,"Sager, James",James,male,0.9999966559619894,True
Service Oriented Architecture: Challenges for Business and Academia,"Jones, Peter",Peter,male,0.9999580684529622,True
Service Oriented Architecture: Challenges for Business and Academia,"Corbitt, Gail",Gail,female,0.9971371008357923,True
Service Oriented Architecture: Challenges for Business and Academia,"Girolami, Louis",Louis,male,0.9999719875784328,True
Outcome-Oriented Predictive Process Monitoring with Attention-Based Bidirectional LSTM Neural Networks,"Wang, Jiaojiao",Jiaojiao,female,0.9603044278216348,True
Outcome-Oriented Predictive Process Monitoring with Attention-Based Bidirectional LSTM Neural Networks,"Yu, Dongjin",Dongjin,male,0.9845686592885412,True
Outcome-Oriented Predictive Process Monitoring with Attention-Based Bidirectional LSTM Neural Networks,"Liu, Chengfei",Chengfei,male,0.9108119020212339,True
Outcome-Oriented Predictive Process Monitoring with Attention-Based Bidirectional LSTM Neural Networks,"Sun, Xiaoxiao",Xiaoxiao,female,0.9872749395814315,True
CoReL: Policy-Based and Model-Driven Regulatory Compliance Management,"El Kharbili, Marwane",Marwane,male,0.9855668173803149,True
CoReL: Policy-Based and Model-Driven Regulatory Compliance Management,"Ma, Qin",Qin,unknown,0.7284987969614756,False
CoReL: Policy-Based and Model-Driven Regulatory Compliance Management,"Kelsen, Pierre",Pierre,male,0.999741392176316,True
CoReL: Policy-Based and Model-Driven Regulatory Compliance Management,"Pulvermueller, Elke",Elke,female,0.9999770229790401,True
Combining Rules and Activities for Modeling Service-Based Business Processes,"Milanovic, Milan",Milan,male,0.9915096207012155,True
Combining Rules and Activities for Modeling Service-Based Business Processes,"Gaševic, Dragan",Dragan,male,0.999987607841517,True
Combining Rules and Activities for Modeling Service-Based Business Processes,"Wagner, Gerd",Gerd,male,0.8598633871655845,True
Business Process Adaptations via Protocols,"Desai, Nirmit",Nirmit,male,0.9948726067475879,True
Business Process Adaptations via Protocols,"Chopra, Amit K.",Amit,male,0.9985253474283259,True
Business Process Adaptations via Protocols,"Singh, Munindar P.",Munindar,male,0.9981206385335935,True
A Novel Framework to Automatically Generate Executable Web Services From BPMN Models,"Zafar, Iqra",Iqra,female,0.9999771430676827,True
A Novel Framework to Automatically Generate Executable Web Services From BPMN Models,"Azam, Farooque",Farooque,male,0.9937398971560809,True
A Novel Framework to Automatically Generate Executable Web Services From BPMN Models,"Anwar, Muhammad Waseem",Muhammad,male,0.9999971836173159,True
A Novel Framework to Automatically Generate Executable Web Services From BPMN Models,"Maqbool, Bilal",Bilal,male,0.9999214532480581,True
A Novel Framework to Automatically Generate Executable Web Services From BPMN Models,"Butt, Wasi Haider",Wasi,male,0.9936713000170175,True
A Novel Framework to Automatically Generate Executable Web Services From BPMN Models,"Nazir, Aiman",Aiman,male,0.9951643458253941,True
Querying Process Models Based on the Temporal Relations between Tasks,"Song, Liang",Liang,male,0.9782482259488245,True
Querying Process Models Based on the Temporal Relations between Tasks,"Wang, Jianmin",Jianmin,male,0.8695557433766125,True
Querying Process Models Based on the Temporal Relations between Tasks,"Wen, Lijie",Lijie,female,0.9790060744846031,True
Querying Process Models Based on the Temporal Relations between Tasks,"Wang, Wenxing",Wenxing,male,0.9795548200203636,True
Querying Process Models Based on the Temporal Relations between Tasks,"Tan, Shijie",Shijie,male,0.9496238842275445,True
Querying Process Models Based on the Temporal Relations between Tasks,"Kong, Hui",Hui,female,0.9846458138641376,True
OntoMove: A Knowledge Based Framework for Semantic Requirement Profiling and Resource Acquisition,"Bhatt, Mehul",Mehul,male,0.9999833250045386,True
OntoMove: A Knowledge Based Framework for Semantic Requirement Profiling and Resource Acquisition,"Rahayu, Wenny",Wenny,female,0.9996378080614124,True
OntoMove: A Knowledge Based Framework for Semantic Requirement Profiling and Resource Acquisition,"Soni, Sury Prakash",Sury,female,0.9752800769740053,True
OntoMove: A Knowledge Based Framework for Semantic Requirement Profiling and Resource Acquisition,"Wouters, Carlo",Carlo,male,0.9997840566904899,True
"An Empirical Study on Emotions, Knowledge Management Processes, and Performance within Integrated Business Process Teams","Caya, Olivier",Olivier,male,0.9998287181379905,True
"An Empirical Study on Emotions, Knowledge Management Processes, and Performance within Integrated Business Process Teams","Brunelle, Éric",Éric,male,0.9988850944663507,True
"An Empirical Study on Emotions, Knowledge Management Processes, and Performance within Integrated Business Process Teams","Leger, Pierre-Majorique",Pierre,male,0.999741392176316,True
"An Empirical Study on Emotions, Knowledge Management Processes, and Performance within Integrated Business Process Teams","Grebot, Tristan",Tristan,male,0.9995737401878756,True
Extending BPMN with Submit/Response-Style User Interaction Modeling,"Auer, Dagmar",Dagmar,female,0.9978924592191896,True
Extending BPMN with Submit/Response-Style User Interaction Modeling,"Geist, Verena",Verena,female,0.999996786682216,True
Extending BPMN with Submit/Response-Style User Interaction Modeling,"Draheim, Dirk",Dirk,male,0.9999427916159628,True
Unraveling Process Evolution by Handling Concept Drifts in Process Mining,"Li, Tianyang",Tianyang,male,0.9825012542091311,True
Unraveling Process Evolution by Handling Concept Drifts in Process Mining,"He, Ting",Ting,female,0.9934231487912134,True
Unraveling Process Evolution by Handling Concept Drifts in Process Mining,"Wang, Zhongjie",Zhongjie,male,0.985358725839747,True
Unraveling Process Evolution by Handling Concept Drifts in Process Mining,"Zhang, Yufeng",Yufeng,unknown,0.7197641757353035,False
Unraveling Process Evolution by Handling Concept Drifts in Process Mining,"Chu, Dianhui",Dianhui,unknown,0.615357554975412,False
Enabling Intelligent Business Processes with Context Awareness,"Zhao, Xiaohui",Xiaohui,female,0.8933139697047824,True
Enabling Intelligent Business Processes with Context Awareness,"Yongchareon, Sira",Sira,female,0.9999386399285821,True
Enabling Intelligent Business Processes with Context Awareness,"Cho, Namwook",Namwook,unknown,0.7101560322003633,False
Enabling Intelligent Business Processes with Context Awareness,"Shen, Jun",Jun,male,0.9972113548054844,True
Enabling Intelligent Business Processes with Context Awareness,"Dewan, Saif",Saif,male,0.9999859998660352,True
Dynamic Implementation of Security Requirements in Business Processes,"Yang, Benyuan",Benyuan,male,0.9981210666476835,True
Dynamic Implementation of Security Requirements in Business Processes,"Hu, Hesuan",Hesuan,unknown,0.7383758640120786,False
An Empirical Investigation of the Effectiveness of Optical Recognition of Hand-Drawn Business Process Elements by Applying Machine Learning,"Polančič, Gregor",Gregor,male,0.9999917847917771,True
An Empirical Investigation of the Effectiveness of Optical Recognition of Hand-Drawn Business Process Elements by Applying Machine Learning,"Jagečič, Slavica",Slavica,female,0.9999936416971197,True
An Empirical Investigation of the Effectiveness of Optical Recognition of Hand-Drawn Business Process Elements by Applying Machine Learning,"Kous, Katja",Katja,female,0.9999975278579903,True
Toward the Automation of Business Process Ontology Generation,"De Cesare, Sergio",Sergio,male,0.9999761025266936,True
Toward the Automation of Business Process Ontology Generation,"Juric, Damir",Damir,male,0.9999660318290263,True
Toward the Automation of Business Process Ontology Generation,"Lycett, Mark",Mark,male,0.999973238313618,True
Avoiding Policy-based Deadlocks in Business Processes,"Kohler, Mathias",Mathias,male,0.999948038650782,True
Avoiding Policy-based Deadlocks in Business Processes,"Schaad, Andreas",Andreas,male,0.9999763395171621,True
Evaluating the Expressiveness of Domain Specific Modeling Languages Using the Bunge-Wand-Weber Ontology,"Becker, Jorg",Jorg,male,0.9996020992530961,True
Evaluating the Expressiveness of Domain Specific Modeling Languages Using the Bunge-Wand-Weber Ontology,"Bergener, Philipp",Philipp,male,0.9999372005997167,True
Evaluating the Expressiveness of Domain Specific Modeling Languages Using the Bunge-Wand-Weber Ontology,"Breuker, Dominic",Dominic,male,0.9999608949001698,True
Evaluating the Expressiveness of Domain Specific Modeling Languages Using the Bunge-Wand-Weber Ontology,"Rackers, Michael",Michael,male,0.9999876221560686,True
Organizational Readiness for Business Process Outsourcing: A Model of Determinants and Impact on Outsourcing Success,"Martin, Sebastian F.",Sebastian,male,0.9999469726859632,True
Organizational Readiness for Business Process Outsourcing: A Model of Determinants and Impact on Outsourcing Success,"Beimborn, Daniel",Daniel,male,0.9999484956264236,True
Organizational Readiness for Business Process Outsourcing: A Model of Determinants and Impact on Outsourcing Success,"Parikh, Mihir A.",Mihir,male,0.999935666662704,True
Organizational Readiness for Business Process Outsourcing: A Model of Determinants and Impact on Outsourcing Success,"Weitzel, Tim",Tim,male,0.9999194162795334,True
LCDD: Detecting Business Process Drifts Based on Local Completeness,"Lin, Leilei",Leilei,female,0.9820990628002977,True
LCDD: Detecting Business Process Drifts Based on Local Completeness,"Wen, Lijie",Lijie,female,0.9790060744846031,True
LCDD: Detecting Business Process Drifts Based on Local Completeness,"Lin, Li",Li,female,0.9821247080400133,True
LCDD: Detecting Business Process Drifts Based on Local Completeness,"Pei, Jisheng",Jisheng,male,0.9857768916479621,True
LCDD: Detecting Business Process Drifts Based on Local Completeness,"Yang, Hedong",Hedong,male,0.9967136044084749,True
Enabling end-user driven business process composition through programming by example in a Collaborative Task management system,"Stoitsev, Todor",Todor,male,0.9999963027530435,True
Enabling end-user driven business process composition through programming by example in a Collaborative Task management system,"Scheidl, Stefan",Stefan,male,0.9999831604184807,True
Enabling end-user driven business process composition through programming by example in a Collaborative Task management system,"Flentge, Felix",Felix,male,0.9998848338420872,True
Enabling end-user driven business process composition through programming by example in a Collaborative Task management system,"Muhlhauser, Max",Max,male,0.9999943791406495,True
Actionable Enterprise Architecture,"Jung, Chan-ki",Chan,male,0.9080221740413936,True
Change Management in Business Process Modeling Survey,"Rajabi, Bassam Atieh",Bassam,male,0.9999783096229927,True
Change Management in Business Process Modeling Survey,"Lee, Sai Peck",Sai,male,0.9716499335660027,True
Communication-Based Business Process Task Detection - Application in the CRM Context,"Laga, Nassim",Nassim,male,0.9978159784451607,True
Communication-Based Business Process Task Detection - Application in the CRM Context,"Kherbouche, Mohammed Oussama",Mohammed,male,0.99999732840862,True
Communication-Based Business Process Task Detection - Application in the CRM Context,"Masse, Pierre-Aymeric",Pierre,male,0.999741392176316,True
TAI: A workflow-based automated testing management system,"Gao, Aozi",Aozi,unknown,0.5269001112742515,False
TAI: A workflow-based automated testing management system,"Liu, Zheng",Zheng,male,0.9827194073256851,True
"A Literature Review on Business Continuity Based on ISO 22301, Six Sigma and Customer Satisfaction Evaluation","Hersyah, Mohammad Hafiz",Mohammad,male,0.9999978931239886,True
"A Literature Review on Business Continuity Based on ISO 22301, Six Sigma and Customer Satisfaction Evaluation",Derisma,Derisma,unknown,0.6974399009442992,False
Configurable Process Mining: Variability Discovery Approach,"Sikal, Rabab",Rabab,female,0.9982057586091436,True
Configurable Process Mining: Variability Discovery Approach,"Sbai, Hanae",Hanae,female,0.9999551736829082,True
Configurable Process Mining: Variability Discovery Approach,"Kjiri, Laila",Laila,female,0.9999984691375184,True
BPML : a process modeling language for dynamic business models,"Thiagarajan, R.K.",R.K.,male,0.9861808983771063,True
BPML : a process modeling language for dynamic business models,"Srivastava, A.K.",A.K.,male,0.9824101655515772,True
BPML : a process modeling language for dynamic business models,"Pujari, A.K.",A.K.,male,0.9824101655515772,True
BPML : a process modeling language for dynamic business models,"Bulusu, V.K.",V.K.,male,0.9982038014750397,True
Taming Diversity: A Distributed ACM-Based Approach for Cross-Enterprise Knowledge Work,"Kurz, Matthias",Matthias,male,0.9999337682187655,True
Two-stage Process Analysis Using the Process-based Performance Measurement Framework and Process Simulation,"Han, Kwan Hee",Kwan,male,0.9959872502650928,True
Two-stage Process Analysis Using the Process-based Performance Measurement Framework and Process Simulation,"Kang, Jin Gu",Jin,male,0.7377281243241545,False
A framework for semantic telco process management - An industrial case study,"Assy, Nour",Nour,unknown,0.6792643083964383,False
A framework for semantic telco process management - An industrial case study,"Yongsiriwit, Karn",Karn,unknown,0.724257655727375,False
A framework for semantic telco process management - An industrial case study,"Gaaloul, Walid",Walid,male,0.9999190638369029,True
A framework for semantic telco process management - An industrial case study,"Ben Yahia, Imen Grida",Imen,female,0.974283695293582,True
A Comprehensive Device Collaboration Model for Integrating Devices with Web Services under Internet of Things,"Chen, Feng",Feng,male,0.9830753668861625,True
A Comprehensive Device Collaboration Model for Integrating Devices with Web Services under Internet of Things,"Ren, Changrui",Changrui,male,0.9813918550272961,True
A Comprehensive Device Collaboration Model for Integrating Devices with Web Services under Internet of Things,"Dong, Jin",Jin,male,0.7377281243241545,False
A Comprehensive Device Collaboration Model for Integrating Devices with Web Services under Internet of Things,"Wang, Qinhua",Qinhua,female,0.6146429335910073,False
A Comprehensive Device Collaboration Model for Integrating Devices with Web Services under Internet of Things,"Li, Jinfeng",Jinfeng,male,0.5636730448150306,False
A Comprehensive Device Collaboration Model for Integrating Devices with Web Services under Internet of Things,"Shao, Bing",Bing,male,0.9070266412590164,True
The Effect of Duration Heteroscedasticity to the Bottleneck in Business Process Discovered by Inductive Miner Algorithm,"Prasetyo, Hanung Nindito",Hanung,male,0.9789690025761351,True
The Effect of Duration Heteroscedasticity to the Bottleneck in Business Process Discovered by Inductive Miner Algorithm,"Sarno, Riyanarto",Riyanarto,unknown,0.5283243191216946,False
The Effect of Duration Heteroscedasticity to the Bottleneck in Business Process Discovered by Inductive Miner Algorithm,"Budiraharjo, Raden",Raden,male,0.9997941519864586,True
The Effect of Duration Heteroscedasticity to the Bottleneck in Business Process Discovered by Inductive Miner Algorithm,"Sungkono, Kelly Rossa",Kelly,female,0.9987832260441922,True
Service-Oriented Architecture and Process Modeling,"Mohammadi, Mohsen",Mohsen,male,0.9999898944899944,True
Service-Oriented Architecture and Process Modeling,"Mukhtar, Muriati",Muriati,female,0.9960263700319976,True
Design and Application of Big Data Technology Management for the Analysis System of High Speed Railway Operation Safety Rules,"Yang, Na",Na,female,0.9990768384860073,True
Design and Application of Big Data Technology Management for the Analysis System of High Speed Railway Operation Safety Rules,"Chen, Mingxiu",Mingxiu,female,0.9465260077508711,True
Architecture on a Hybrid Business Process Design and Verification System,"Li, Bing",Bing,male,0.9070266412590164,True
Architecture on a Hybrid Business Process Design and Verification System,"Iijima, Junichi",Junichi,male,0.9995262395130728,True
Evolution of Enterprise Systems,"Lorincz, P.",,unknown,0,False
An Integrated Framework for Modeling Process-Oriented Enterprise Applications and Its Application to a Logistics Server System,"Auer, Dagmar",Dagmar,female,0.9978924592191896,True
An Integrated Framework for Modeling Process-Oriented Enterprise Applications and Its Application to a Logistics Server System,"Geist, Verena",Verena,female,0.999996786682216,True
An Integrated Framework for Modeling Process-Oriented Enterprise Applications and Its Application to a Logistics Server System,"Erhart, Wolfgang",Wolfgang,male,0.9998326674032032,True
An Integrated Framework for Modeling Process-Oriented Enterprise Applications and Its Application to a Logistics Server System,"Gunz, Christof",Christof,male,0.9999768680855999,True
Business metadata with the STA data modelling technique,"Mohamed, Ibrahim",Ibrahim,male,0.9999626675391333,True
Business metadata with the STA data modelling technique,"Noordin, Mohamad Fauzan",Mohamad,male,0.9999973956079922,True
Business Process based initial modeling at software development,"Tick, J.",,unknown,0,False
Situation-driven processes for Semantic Web Services,"Dietze, Stefan",Stefan,male,0.9999831604184807,True
Situation-driven processes for Semantic Web Services,"Gugliotta, Alessio",Alessio,male,0.9999651092443104,True
Situation-driven processes for Semantic Web Services,"Domingue, John",John,male,0.9999985032120171,True
Querying Workflow Logs,"Tang, Yan",Yan,unknown,0.5336648310743305,False
Querying Workflow Logs,"Su, Jianwen",Jianwen,male,0.8837649764597039,True
Research of SOA-Based dynamic enterprise workflow integration platform,"Jia, Aihua",Aihua,female,0.9909721878349935,True
Research of SOA-Based dynamic enterprise workflow integration platform,"Li, Wenfeng",Wenfeng,male,0.9589519540698156,True
Research of SOA-Based dynamic enterprise workflow integration platform,"Chen, Dingfang",Dingfang,unknown,0.5979277159510471,False
Research of SOA-Based dynamic enterprise workflow integration platform,"Zhang, Xiaowei",Xiaowei,unknown,0.6964155315583831,False
Design and implementation of flexible E-Government platform based on XML Data-Bus and lightweight MVC execution framework ASSH,"Wang, Zhidong",Zhidong,male,0.97165181261237,True
Design and implementation of flexible E-Government platform based on XML Data-Bus and lightweight MVC execution framework ASSH,"Liu, Zhi",Zhi,male,0.9843741412639924,True
Design and implementation of flexible E-Government platform based on XML Data-Bus and lightweight MVC execution framework ASSH,"Yang, Yun",Yun,female,0.9855945587294108,True
A visual editor for language-independent scripting for BPMN modeling,"Wiriyakul, Jessada",Jessada,male,0.9801656544088573,True
A visual editor for language-independent scripting for BPMN modeling,"Senivongse, Twittie",Twittie,unknown,0.5350964888470491,False
Customer management model for telecommunication services,"Udaya, B.",,unknown,0,False
Customer management model for telecommunication services,"Indhumathi, T.",,unknown,0,False
Customer management model for telecommunication services,"Varshini, R. Amrutha",,unknown,0,False
Customer management model for telecommunication services,"Kumar, S. Sathish",,unknown,0,False
Enhancing Business Process modelling for e-Government processes using semantic web technologies and Linked Data principles,"Maalouf, Eliane",Eliane,female,0.9999906972508694,True
Enhancing Business Process modelling for e-Government processes using semantic web technologies and Linked Data principles,"Sokhn, Maria",Maria,female,0.9999948398304921,True
Predicting Halal Critical Control Points of Microbial-based Ingredients: A Self-Assessment for MSMEs,"Ahmadiyah, Adhatus S.",Adhatus,unknown,0.7305770683285303,False
Predicting Halal Critical Control Points of Microbial-based Ingredients: A Self-Assessment for MSMEs,"Kinanggit, Fara D.M.",Fara,female,0.9998815295621069,True
Predicting Halal Critical Control Points of Microbial-based Ingredients: A Self-Assessment for MSMEs,"Sungkono, Kelly R.",Kelly,female,0.9987832260441922,True
Process model matching using heuristic search,"Abdelkader, Mostefai",Mostefai,unknown,0.574013886849099,False
Process model matching using heuristic search,"Rodriguez De Guzman, Ignacio Garcia",Ignacio,male,0.9999054231007377,True
Causes-based problems in business process compliance based management,"Hantry, Francois",Francois,male,0.9999775911572618,True
Causes-based problems in business process compliance based management,"Hacid, Mohand-Said",Mohand,male,0.9993254287025714,True
Towards Integrating Collaborative Business Process Based on a Process Ontology and EbXML Collaboration Scenario,"Driouche, R.",,unknown,0,False
Towards Integrating Collaborative Business Process Based on a Process Ontology and EbXML Collaboration Scenario,"Boufaida, Z.",,unknown,0,False
Towards Integrating Collaborative Business Process Based on a Process Ontology and EbXML Collaboration Scenario,"Kordon, F.",,unknown,0,False
A Model For Policy-aware Execution of Business Process in Federated Clouds,"Nasiriasayesh, Hamidreza",Hamidreza,male,0.984722067181092,True
A Model For Policy-aware Execution of Business Process in Federated Clouds,"Yari, Alireza",Alireza,male,0.9978879183887268,True
Application component development of OSGi & JBPM -based RFID middleware,"Liu, Fang",Fang,female,0.9891921110977769,True
Application component development of OSGi & JBPM -based RFID middleware,"Liu, Fagui",Fagui,female,0.9931307724567388,True
Application component development of OSGi & JBPM -based RFID middleware,"Liu, Zehao",Zehao,male,0.9983909196877473,True
Application component development of OSGi & JBPM -based RFID middleware,"Zhang, Yang",Yang,unknown,0.6608034619216988,False
BAGH – Comparative Study,"KAMALA, B.",,unknown,0,False
A Study on Workflow Technology for RP Application,"Wu, Di",Di,female,0.9711486446287069,True
A Study on Workflow Technology for RP Application,"Hu, Qingxi",Qingxi,male,0.9315771218699691,True
A Study on Workflow Technology for RP Application,"Yao, Yuan",Yuan,unknown,0.6305973625632009,False
A Study on Workflow Technology for RP Application,"Xu, Gaochun",Gaochun,unknown,0.7252669155063329,False
A Study on Workflow Technology for RP Application,"Fang, Minglun",Minglun,unknown,0.5739896903388031,False
Applying Protocol Service for the monitoring of business process,"Du, Xiaofeng",Xiaofeng,male,0.8626461853220857,True
Applying Protocol Service for the monitoring of business process,"Bordbar, Behzad",Behzad,male,0.9999961286827491,True
Applying Protocol Service for the monitoring of business process,"Alodib, Mohammed",Mohammed,male,0.99999732840862,True
Applying Protocol Service for the monitoring of business process,"Majeed, Basim",Basim,male,0.9998300911000032,True
Workflow testing,"Robić, Damir",Damir,male,0.9999660318290263,True
CuteFlow: A Refined Modeling-Driven Business Process Designer,"Tang, Wenwei",Wenwei,male,0.9887348894435496,True
CuteFlow: A Refined Modeling-Driven Business Process Designer,"Shen, Beijun",Beijun,female,0.886684444009684,True
CuteFlow: A Refined Modeling-Driven Business Process Designer,"Chen, Cheng",Cheng,male,0.9844419389561052,True
Algorithmic Design and Implementation for Performance Optimization of Workflows Based on Trac,"Li, Weijia",Weijia,female,0.8651724210045737,True
Algorithmic Design and Implementation for Performance Optimization of Workflows Based on Trac,"Jia, Liwei",Liwei,unknown,0.5541756551717477,False
Change Propagation in Process Models Using Behavioural Profiles,"Weidlich, Matthias",Matthias,male,0.9999337682187655,True
Change Propagation in Process Models Using Behavioural Profiles,"Weske, Mathias",Mathias,male,0.999948038650782,True
Change Propagation in Process Models Using Behavioural Profiles,"Mendling, Jan",Jan,unknown,0.5504849119650672,False
Business Process Analytics and Big Data Systems: A Roadmap to Bridge the Gap,"Sakr, Sherif",Sherif,male,0.9999709009816719,True
Business Process Analytics and Big Data Systems: A Roadmap to Bridge the Gap,"Maamar, Zakaria",Zakaria,male,0.9847095380844968,True
Business Process Analytics and Big Data Systems: A Roadmap to Bridge the Gap,"Awad, Ahmed",Ahmed,male,0.9999977341795334,True
Business Process Analytics and Big Data Systems: A Roadmap to Bridge the Gap,"Benatallah, Boualem",Boualem,male,0.9984720819877133,True
Business Process Analytics and Big Data Systems: A Roadmap to Bridge the Gap,"Van Der Aalst, Wil M. P.",Wil,male,0.9988491702309068,True
A Comprehensive Process Similarity Measure Based on Models and Logs,"Zhou, Changhong",Changhong,unknown,0.5527436688645682,False
A Comprehensive Process Similarity Measure Based on Models and Logs,"Liu, Cong",Cong,male,0.9891634952979704,True
A Comprehensive Process Similarity Measure Based on Models and Logs,"Zeng, Qingtian",Qingtian,male,0.978532770620606,True
A Comprehensive Process Similarity Measure Based on Models and Logs,"Lin, Zedong",Zedong,male,0.9717697103119588,True
A Comprehensive Process Similarity Measure Based on Models and Logs,"Duan, Hua",Hua,male,0.6612283433060475,False
On the Evolution of BPMN 2.0 Support and Implementation,"Geiger, Matthias",Matthias,male,0.9999337682187655,True
On the Evolution of BPMN 2.0 Support and Implementation,"Harrer, Simon",Simon,male,0.9999853866925988,True
On the Evolution of BPMN 2.0 Support and Implementation,"Lenhard, Jörg",Jörg,male,0.9995939947892971,True
On the Evolution of BPMN 2.0 Support and Implementation,"Wirtz, Guido",Guido,male,0.999905551240006,True
A Conceptual Model for Information Security Risk Considering Business Process Perspective,"Hariyanti, Eva",Eva,female,0.9999952482167518,True
A Conceptual Model for Information Security Risk Considering Business Process Perspective,"Djunaidy, Arif",Arif,male,0.9999908562680327,True
A Conceptual Model for Information Security Risk Considering Business Process Perspective,"Siahaan, Daniel Oranova",Daniel,male,0.9999484956264236,True
Business Process Maturity Assessment: State of the Art and Key Characteristics,"Tarhan, Ayca",Ayca,female,0.9999913235317374,True
Business Process Maturity Assessment: State of the Art and Key Characteristics,"Turetken, Oktay",Oktay,male,0.9999202279726761,True
Business Process Maturity Assessment: State of the Art and Key Characteristics,"Ilisulu, Fadime",Fadime,female,0.9988077722630293,True
Towards a unified vision of business process and organizational data,"Delgado, Andrea",Andrea,female,0.9990642945711071,True
Towards a unified vision of business process and organizational data,"Calegari, Daniel",Daniel,male,0.9999484956264236,True
An Ontology for Workflow Organizational Model Mining,"Sellami, Rami",Rami,male,0.991522592305844,True
An Ontology for Workflow Organizational Model Mining,"Gaaloul, Walid",Walid,male,0.9999190638369029,True
An Ontology for Workflow Organizational Model Mining,"Moalla, Samir",Samir,male,0.9999472082708237,True
A Formal Approach Towards Risk-Aware Service Level Analysis and Planning,"Jakoubi, Stefan",Stefan,male,0.9999831604184807,True
A Formal Approach Towards Risk-Aware Service Level Analysis and Planning,"Tjoa, Simon",Simon,male,0.9999853866925988,True
A Formal Approach Towards Risk-Aware Service Level Analysis and Planning,"Goluch, Sigrun",Sigrun,female,0.9996336217776591,True
A Formal Approach Towards Risk-Aware Service Level Analysis and Planning,"Kitzler, Gerhard",Gerhard,male,0.9999803048551524,True
Scenario-Based Petri Net Approach for Collaborative Business Process Modelling,"Wang, Xin",Xin,female,0.7003246185087639,False
Scenario-Based Petri Net Approach for Collaborative Business Process Modelling,"Zhang, Yanchun",Yanchun,female,0.8894957341523554,True
Scenario-Based Petri Net Approach for Collaborative Business Process Modelling,"Shi, Hao",Hao,male,0.9989380817683122,True
A Framework for Embedding Analytics in a Business Process,"Shankararaman, Venky",Venky,male,0.9867760123703313,True
A Framework for Embedding Analytics in a Business Process,"Gottipati, Swapna",Swapna,female,0.9999938709909919,True
Scenario-Based Method for Business Process Analysis and Improvement in SOA,"Wang, Jianyi",Jianyi,unknown,0.6761189851084629,False
Scenario-Based Method for Business Process Analysis and Improvement in SOA,"Jiang, Lihong",Lihong,female,0.9739253459595598,True
Scenario-Based Method for Business Process Analysis and Improvement in SOA,"Cai, Hongming",Hongming,male,0.9391859751901778,True
ePVM - An Embeddable Process Virtual Machine,"Weigold, Thomas",Thomas,male,0.9999981017477207,True
ePVM - An Embeddable Process Virtual Machine,"Kramp, Thorsten",Thorsten,male,0.9999697100379872,True
ePVM - An Embeddable Process Virtual Machine,"Buhler, Peter",Peter,male,0.9999580684529622,True
Business Process Representation Analysis in the RPA Context,"Niculescu, Virginia",Virginia,female,0.9999959536407043,True
Business Process Representation Analysis in the RPA Context,"Osman, Cristina-Claudia",Cristina,female,0.9999968566271442,True
Business Process Representation Analysis in the RPA Context,"Chisăliţă-Creţu, Camelia",Camelia,female,0.9999938084283828,True
Business Process Representation Analysis in the RPA Context,"Sterca, Adrian",Adrian,male,0.998830188234461,True
Business process model matching: An approach based on semantics and structure,"Makni, Lobna",Lobna,female,0.9951801687448607,True
Business process model matching: An approach based on semantics and structure,"Haddar, Nahla Zaaboub",Nahla,female,0.9999916768069279,True
Business process model matching: An approach based on semantics and structure,"Ben-Abdallah, Hanêne",Hanêne,female,0.9994449701980372,True
Discovering Service Opportunities through Capability Modeling,"Kramer, Joseph",Joseph,male,0.9999763849079151,True
Discovering Service Opportunities through Capability Modeling,"Gerloff, Gary",Gary,male,0.9997261213475382,True
Discovering Service Opportunities through Capability Modeling,"van den Boer, Genevieve",Genevieve,female,0.999984234194334,True
A transactional nested process management system,"Chen, I.",,unknown,0,False
A transactional nested process management system,"Dayal, U.",,unknown,0,False
CLAWER: Context-aware Cloud-Fog based Workflow Management Framework for Health Emergency Services,"Ghosh, Shreya",Shreya,female,0.9999963678625061,True
CLAWER: Context-aware Cloud-Fog based Workflow Management Framework for Health Emergency Services,"Das, Jaydeep",Jaydeep,male,0.9999714462443984,True
CLAWER: Context-aware Cloud-Fog based Workflow Management Framework for Health Emergency Services,"Ghosh, Soumya K",Soumya,female,0.998259318485912,True
CLAWER: Context-aware Cloud-Fog based Workflow Management Framework for Health Emergency Services,"Buyya, Rajkumar",Rajkumar,male,0.9999887507233017,True
Towards Automated Process and Workflow Management: A Feasibility Study on Tool-Supported and Automated Engineering Process Modeling Approaches,"Winkler, Dietmar",Dietmar,male,0.999991274897892,True
Towards Automated Process and Workflow Management: A Feasibility Study on Tool-Supported and Automated Engineering Process Modeling Approaches,"Schönbauer, Michaela",Michaela,female,0.9999954728976184,True
Towards Automated Process and Workflow Management: A Feasibility Study on Tool-Supported and Automated Engineering Process Modeling Approaches,"Biffl, Stefan",Stefan,male,0.9999831604184807,True
Supporting collaborative work with process management enhanced corporate portal,"Mou, Yujie",Yujie,unknown,0.6076935135162396,False
Supporting collaborative work with process management enhanced corporate portal,"Zhang, Shensheng",Shensheng,male,0.9055637926216422,True
Supporting collaborative work with process management enhanced corporate portal,"cao, Jian",Jian,male,0.9975103869595472,True
Integrating machine learning and workflow management to support acquisition and adaptation of workflow models,"Herbst, J.",,unknown,0,False
Integrating machine learning and workflow management to support acquisition and adaptation of workflow models,"Karagiannis, D.",,unknown,0,False
The Transition of Croatian Seaports into Smart Ports,"Jović, M.",,unknown,0,False
The Transition of Croatian Seaports into Smart Ports,"Kavran, N.",,unknown,0,False
The Transition of Croatian Seaports into Smart Ports,"Aksentijević, S.",,unknown,0,False
The Transition of Croatian Seaports into Smart Ports,"Tijan, E.",,unknown,0,False
Development Prospect and Application Feasibility Analysis of Robotic Process Automation,"Maalla, Allam",Allam,male,0.9990772955442612,True
Exploring Business Process Transparency Concepts,"Cappelli, Claudia",Claudia,female,0.9999814071022761,True
Exploring Business Process Transparency Concepts,"Leite, Julio Cesar Sampaio do Prado",Julio,male,0.9999149411605313,True
Exploring Business Process Transparency Concepts,"Oliveira, Antonio de Padua Albuquerque",Antonio,male,0.9999433950349952,True
Modelling and transforming security constraints in privacy-aware business processes,"Mülle, Jutta",Jutta,female,0.999995137882791,True
Modelling and transforming security constraints in privacy-aware business processes,"von Stackelberg, Silvia",Silvia,female,0.9999810313224872,True
Modelling and transforming security constraints in privacy-aware business processes,"Böhm, Klemens",Klemens,male,0.9937719503158381,True
Knowledge and Process Based Decision Support in Business Intelligence System,"Ou, Luan",Luan,male,0.9828054565554664,True
Knowledge and Process Based Decision Support in Business Intelligence System,"Peng, Hong",Hong,female,0.711999011631038,False
Infrastructure for a clinical-decision-intelligence system,"Wang, X. S.",,unknown,0,False
Infrastructure for a clinical-decision-intelligence system,"Nayda, L.",,unknown,0,False
Infrastructure for a clinical-decision-intelligence system,"Dettinger, R.",,unknown,0,False
Process Mining – the Enhancement of Elements Industry 4.0,"Halaška, Michal",Michal,male,0.9682849291876642,True
Process Mining – the Enhancement of Elements Industry 4.0,"Šperka, Roman",Roman,male,0.9999958558456321,True
Heuristic and meta-heuristic workflow scheduling algorithms in multi-cloud environments — A survey,"Nandhakumar, C.",,unknown,0,False
Heuristic and meta-heuristic workflow scheduling algorithms in multi-cloud environments — A survey,"Ranjithprabhu, K.",,unknown,0,False
Introducing EAI and service components into process management,"Wu, Zhaohui",Zhaohui,male,0.9592622697752676,True
Introducing EAI and service components into process management,"Deng, Shuiguang",Shuiguang,unknown,0.568331144404461,False
Introducing EAI and service components into process management,"Li, Ying",Ying,female,0.9976878084537152,True
The Role of Service Abstraction and Service Variability and Its Impact on Requirements Engineering for Service-Oriented Systems,"Adam, Sebastian",Sebastian,male,0.9999469726859632,True
The Role of Service Abstraction and Service Variability and Its Impact on Requirements Engineering for Service-Oriented Systems,"Doerr, Joerg",Joerg,male,0.9999455409174016,True
High-Performance Complex Event Processing,"Volkova, M.M.",M.M.,male,0.9835858823212391,True
High-Performance Complex Event Processing,"Antonova, P.V.",P.V.,male,0.985854844994254,True
High-Performance Complex Event Processing,"Shameeva, A.R.",A.R.,male,0.9824484240806245,True
Agent-Based Service-Oriented Computing and Applications,"Shen, Weiming",Weiming,male,0.972155460970355,True
Agent-Based Service-Oriented Computing and Applications,"Ghenniwa, Hamada",Hamada,male,0.9758213695410578,True
Agent-Based Service-Oriented Computing and Applications,"Li, Yinsheng",Yinsheng,male,0.9908545303192965,True
Collaborative Enterprise Applications Based on Business and Social Artifacts,"Maamar, Zakaria",Zakaria,male,0.9847095380844968,True
Collaborative Enterprise Applications Based on Business and Social Artifacts,"Burégio, Vanilson",Vanilson,male,0.9940599462802722,True
Collaborative Enterprise Applications Based on Business and Social Artifacts,"Sellami, Mohamed",Mohamed,male,0.9999971268152898,True
Model Predictive Analysis for AutonomicWorkflow Management in Large-scale Scientific Computing Environments,"Nordstrom, Steve",Steve,male,0.9996350238609107,True
Model Predictive Analysis for AutonomicWorkflow Management in Large-scale Scientific Computing Environments,"Dubey, Abhishek",Abhishek,male,0.9999964018659365,True
Model Predictive Analysis for AutonomicWorkflow Management in Large-scale Scientific Computing Environments,"Keskinpala, Turker",Turker,male,0.9994658396603927,True
Model Predictive Analysis for AutonomicWorkflow Management in Large-scale Scientific Computing Environments,"Datta, Rahul",Rahul,male,0.9999903584256897,True
Model Predictive Analysis for AutonomicWorkflow Management in Large-scale Scientific Computing Environments,"Neema, Sandeep",Sandeep,male,0.9976197418104102,True
Model Predictive Analysis for AutonomicWorkflow Management in Large-scale Scientific Computing Environments,"Bapty, Ted",Ted,male,0.9999892058528194,True
Towards a methodology and instrumentation toolset for cloud manufacturing,"Skarlat, Olena",Olena,female,0.9999963137368277,True
Towards a methodology and instrumentation toolset for cloud manufacturing,"Borkowski, Michael",Michael,male,0.9999876221560686,True
Towards a methodology and instrumentation toolset for cloud manufacturing,"Schulte, Stefan",Stefan,male,0.9999831604184807,True
Implementation of an e-Services Hub for Small and Medium Enterprises,"Jimenez, G.",,unknown,0,False
Implementation of an e-Services Hub for Small and Medium Enterprises,"Espadas, J.",,unknown,0,False
Managing Business Process Risk Using Rich Organizational Models,"Bhuiyan, Moshiur",Moshiur,male,0.9999740785430802,True
Managing Business Process Risk Using Rich Organizational Models,"Islam, M.M.Zahidul",M.M.Zahidul,unknown,0.6998438555131035,False
Managing Business Process Risk Using Rich Organizational Models,"Koliadis, George",George,male,0.9999684085414767,True
Managing Business Process Risk Using Rich Organizational Models,"Krishna, Aneesh",Aneesh,male,0.9989807132747123,True
Managing Business Process Risk Using Rich Organizational Models,"Ghose, Aditya",Aditya,male,0.9930058833426924,True
A Process Driven Software Platform to Full Support Process Assessment Method,"Silva, Davi C.",Davi,male,0.9763730785646684,True
A Process Driven Software Platform to Full Support Process Assessment Method,"Raldi, Alan",Alan,male,0.9999595127093575,True
A Process Driven Software Platform to Full Support Process Assessment Method,"Messias, Thiago",Thiago,male,0.9999637415449134,True
A Process Driven Software Platform to Full Support Process Assessment Method,"Alves, Angela M.",Angela,female,0.9999936221211898,True
A Process Driven Software Platform to Full Support Process Assessment Method,"Salviano, Clenio F.",Clenio,male,0.9949777610790462,True
Enhanced cloud patterns: A case studyof multi-tenancy patterns,"Adewojo, A.A.",A.A.,male,0.9846221441784312,True
Enhanced cloud patterns: A case studyof multi-tenancy patterns,"Bass, J.M.",J.M.,male,0.9884007926112052,True
Enhanced cloud patterns: A case studyof multi-tenancy patterns,"Allison, I.K.",I.K.,male,0.9842327958675333,True
Enterprise Application Integration: An Overview,"Du, Yan",Yan,unknown,0.5336648310743305,False
Enterprise Application Integration: An Overview,"Peng, Wuliang",Wuliang,male,0.8613348434082233,True
Enterprise Application Integration: An Overview,"Zhou, Li",Li,female,0.9821247080400133,True
Online Simulation for Logistics and Decision Making,"Espinosa, Enrique",Enrique,male,0.9985890391614565,True
Online Simulation for Logistics and Decision Making,"Pacheco, Ernesto",Ernesto,male,0.9998480650905026,True
Modeling and matching business processes using Web services,"Belouadha, Fatima-Zahra",Fatima,female,0.9999968460591531,True
Modeling and matching business processes using Web services,"Omrana, Hajar",Hajar,female,0.9957631382951425,True
Modeling and matching business processes using Web services,"Roudiès, Ounsa",Ounsa,unknown,0.6684054102691227,False
Redesigning Processes for Decision-Awareness: Strategies for Integrated Modelling,"Hasić, Faruk",Faruk,male,0.9998204416776344,True
Redesigning Processes for Decision-Awareness: Strategies for Integrated Modelling,"De Smedt, Johannes",Johannes,male,0.9999887278356387,True
Redesigning Processes for Decision-Awareness: Strategies for Integrated Modelling,"Vanthienen, Jan",Jan,unknown,0.5504849119650672,False
Wireless Communication Management Model of Workshop and Warehouse Manufacturing System,"Zhang, Yisheng",Yisheng,male,0.9284802870534761,True
Wireless Communication Management Model of Workshop and Warehouse Manufacturing System,"Li, Min",Min,female,0.7232168581934333,False
Large Scale Order Processing through Navigation Plan Concept,"Ferreira, Joao Eduardo",Joao,male,0.9999988877948677,True
Large Scale Order Processing through Navigation Plan Concept,"Takai, Osvaldo K.",Osvaldo,male,0.9999651817246129,True
Large Scale Order Processing through Navigation Plan Concept,"Braghetto, Kelly R.",Kelly,female,0.9987832260441922,True
Large Scale Order Processing through Navigation Plan Concept,"Pu, Calton",Calton,male,0.9998598966256211,True
Workflow based design for blending services over IP Multimedia Subsystems (IMS) with service capability interaction manager,"Goveas, Rohan Pascal Savio",Rohan,male,0.9999954085940249,True
Workflow based design for blending services over IP Multimedia Subsystems (IMS) with service capability interaction manager,"Sunku, Raghavendra",Raghavendra,male,0.9900279448464536,True
Workflow based design for blending services over IP Multimedia Subsystems (IMS) with service capability interaction manager,"Pande, Madan",Madan,male,0.9996819279083193,True
Workflow based design for blending services over IP Multimedia Subsystems (IMS) with service capability interaction manager,"Das, Debabrata",Debabrata,male,0.9931069504226935,True
Automating media processes in a service oriented architecture,"Van der Weken, D.",,unknown,0,False
Automating media processes in a service oriented architecture,"Desmet, S.",,unknown,0,False
Automating media processes in a service oriented architecture,"Muylaert, B.",,unknown,0,False
Automating media processes in a service oriented architecture,"Van Assche, S.",,unknown,0,False
Automating media processes in a service oriented architecture,"Volckaert, B.",,unknown,0,False
The Empirical study and analysis of the Blockchain Technology,"Bharti, Vishal",Vishal,male,0.9999835055584453,True
The Empirical study and analysis of the Blockchain Technology,"Anand, Darpan",Darpan,male,0.9981144294058916,True
Who does what in a multi-agent system for emergent process management,"Debenham, J.",,unknown,0,False
Process modeling methodologies for improvement and automation,"Demirörs, O.",,unknown,0,False
Process modeling methodologies for improvement and automation,"Çelik, F.",,unknown,0,False
Reflections on the use of chord diagrams in social network visualization in process mining,"Jalali, Amin",Amin,male,0.999758654462319,True
A Process-Aware Inter-organizational Service Integration Platform to Support Collaborative Organizations,"Delgado, Andrea",Andrea,female,0.9990642945711071,True
A Process-Aware Inter-organizational Service Integration Platform to Support Collaborative Organizations,"González, Laura",Laura,female,0.9999801813992499,True
A Process-Aware Inter-organizational Service Integration Platform to Support Collaborative Organizations,"Ruggia, Raúl",Raúl,male,0.9989432436427723,True
QoS implementation in Web Services selection and ranking using data analysis,"Mishra, Triveni",Triveni,female,0.9091042241371725,True
QoS implementation in Web Services selection and ranking using data analysis,"Raj, Gaurav",Gaurav,male,0.9999851368364395,True
Study on a New System for Inventory Control,"Zhu, Xiaoyu",Xiaoyu,female,0.9695133068571509,True
Study on a New System for Inventory Control,"Li, Xiaojiu",Xiaojiu,male,0.9977080886965788,True
Robotic Advancements in Business Process Automation using Artificial Intelligence: An Investigative Study,"Sharma, Ranjana",Ranjana,female,0.9999717966110854,True
Robotic Advancements in Business Process Automation using Artificial Intelligence: An Investigative Study,"Bharadwaj, Shambhu",Shambhu,male,0.9899411308658068,True
Robotic Advancements in Business Process Automation using Artificial Intelligence: An Investigative Study,"Dutt, Sarthika",Sarthika,unknown,0.7235058763078733,False
Robotic Advancements in Business Process Automation using Artificial Intelligence: An Investigative Study,"Tomar, Mayank",Mayank,male,0.999702861482306,True
Semantic Business Registry Information Model,"Roh, Yohan",Yohan,male,0.9999922472461493,True
Semantic Business Registry Information Model,"Kim, Hangkyu",Hangkyu,unknown,0.5317369584946556,False
Semantic Business Registry Information Model,"Kim, Hak Soo",Hak,male,0.9900075566721674,True
Semantic Business Registry Information Model,"Kim, Myoung Ho",Myoung,unknown,0.5262848323647048,False
Semantic Business Registry Information Model,"Son, Jin Hyun",Jin,male,0.7377281243241545,False
Graph-based Process Discovery containing Invisible Non-Prime Task in Procurement of Animal-Based Ingredient of Halal Restaurants,"Sungkono, Kelly Rossa",Kelly,female,0.9987832260441922,True
Graph-based Process Discovery containing Invisible Non-Prime Task in Procurement of Animal-Based Ingredient of Halal Restaurants,"Ahmadiyah, Adhatus Solichah",Adhatus,male,0.7305770683285303,False
Graph-based Process Discovery containing Invisible Non-Prime Task in Procurement of Animal-Based Ingredient of Halal Restaurants,"Sarno, Riyanarto",Riyanarto,unknown,0.5283243191216946,False
Graph-based Process Discovery containing Invisible Non-Prime Task in Procurement of Animal-Based Ingredient of Halal Restaurants,"Haykal, Muhammad Farhan",Muhammad,male,0.9999971836173159,True
Graph-based Process Discovery containing Invisible Non-Prime Task in Procurement of Animal-Based Ingredient of Halal Restaurants,"Hakim, Muhammad Rayhan",Muhammad,male,0.9999971836173159,True
Graph-based Process Discovery containing Invisible Non-Prime Task in Procurement of Animal-Based Ingredient of Halal Restaurants,"Priambodo, Bagas Juwono",Bagas,male,0.9881455797176647,True
Graph-based Process Discovery containing Invisible Non-Prime Task in Procurement of Animal-Based Ingredient of Halal Restaurants,"Fauzan, Muhammad Amir",Muhammad,male,0.9999971836173159,True
Graph-based Process Discovery containing Invisible Non-Prime Task in Procurement of Animal-Based Ingredient of Halal Restaurants,"Farhan, Muhammad Kiantaqwa",Muhammad,male,0.9999971836173159,True
One step beyond: making B2B decisions with business activity monitoring and soccer,"Espinosa, E.",,unknown,0,False
One step beyond: making B2B decisions with business activity monitoring and soccer,"Junco, A.",,unknown,0,False
One step beyond: making B2B decisions with business activity monitoring and soccer,"Ramos, F.",,unknown,0,False
One step beyond: making B2B decisions with business activity monitoring and soccer,"Ramirez, J.",,unknown,0,False
Developing tool for Odoo platform,"Almugadam, Shrif Hago",Shrif,male,0.9906952188352917,True
Developing tool for Odoo platform,"Bashir, Bashir Idris",Bashir,male,0.9999032451580571,True
Developing tool for Odoo platform,"Hassan, Amr Abd-Alkrim",Amr,male,0.9992686570667324,True
Developing tool for Odoo platform,"Adam, Mohammed Alwathig Alhaj",Mohammed,male,0.99999732840862,True
Enterprise Regulatory Compliance Modeling Using CoReL: An Illustrative Example,"El Kharbili, Marwane",Marwane,male,0.9855668173803149,True
Enterprise Regulatory Compliance Modeling Using CoReL: An Illustrative Example,"Ma, Qin",Qin,female,0.7284987969614756,False
Enterprise Regulatory Compliance Modeling Using CoReL: An Illustrative Example,"Kelsen, Pierre",Pierre,male,0.999741392176316,True
Enterprise Regulatory Compliance Modeling Using CoReL: An Illustrative Example,"Pulvermueller, Elke",Elke,female,0.9999770229790401,True
Blockchain Based Cloud Storage of Patients Health Records,"Shaikh, Rizwana",Rizwana,female,0.9999963150827527,True
The intelligent web: Tools for knowledge management and sharing,"Sommaruga, Lorenzo",Lorenzo,male,0.9998394614331225,True
The intelligent web: Tools for knowledge management and sharing,"Catenazzi, Nadia",Nadia,female,0.9999924993899152,True
The intelligent web: Tools for knowledge management and sharing,"Canetta, Luca",Luca,male,0.994050482423027,True
Modeling Software Architecture Process with a Decision-Making Approach,"Pedraza-García, Gilberto",Gilberto,male,0.9997060892294664,True
Modeling Software Architecture Process with a Decision-Making Approach,"Astudillo, Hernán",Hernán,male,0.998023785476919,True
Modeling Software Architecture Process with a Decision-Making Approach,"Correal, Dario",Dario,male,0.9998855689399296,True
Applying Process Mining Techniques to DNS Traces Analysis,"Bustos-Jiménez, Javier",Javier,male,0.9999768372268597,True
Applying Process Mining Techniques to DNS Traces Analysis,"Saint-Pierre, Cecilia",Cecilia,female,0.9999947886932218,True
Applying Process Mining Techniques to DNS Traces Analysis,"Graves, Alvaro",Alvaro,male,0.9999757446770866,True
How face the top MDE adoption problems,"Quintero, Juan",Juan,male,0.9999978969254493,True
How face the top MDE adoption problems,"Rucinque, Pamela",Pamela,female,0.9999892666329062,True
How face the top MDE adoption problems,"Anaya, Raquel",Raquel,female,0.9985335531340606,True
How face the top MDE adoption problems,"Piedrahita, Gustavo",Gustavo,male,0.9999547032163499,True
A Fast Method to Analyze the Fiber Amplifier With the GTWave Pumping Configuration,"Liu, Qinyong",Qinyong,male,0.9032366670160015,True
A Fast Method to Analyze the Fiber Amplifier With the GTWave Pumping Configuration,"Liu, Xiaomeng",Xiaomeng,female,0.976097105167621,True
A Fast Method to Analyze the Fiber Amplifier With the GTWave Pumping Configuration,"Ke, Weiwei",Weiwei,female,0.9841585000191304,True
"Simulation-Based Predictive Process Mining with eBPMN: Methods, Challenges and Opportunities","Bocciarelli, Paolo",Paolo,male,0.9999357526976299,True
"Simulation-Based Predictive Process Mining with eBPMN: Methods, Challenges and Opportunities","D’Ambrogio, Andrea",Andrea,female,0.9990642945711071,True
A Scalable and Efficient Architecture for Binary Polynomial Multiplication in BIKE Utilizing Inter-/Inner-Wise Sparsity and Block-by-Block Pipeline,"Hou, Jia",Jia,female,0.9786046630795809,True
A Scalable and Efficient Architecture for Binary Polynomial Multiplication in BIKE Utilizing Inter-/Inner-Wise Sparsity and Block-by-Block Pipeline,"Wang, Jianfei",Jianfei,male,0.9788864548515375,True
A Scalable and Efficient Architecture for Binary Polynomial Multiplication in BIKE Utilizing Inter-/Inner-Wise Sparsity and Block-by-Block Pipeline,"Meng, Yishuo",Yishuo,unknown,0.7236643431929798,False
A Scalable and Efficient Architecture for Binary Polynomial Multiplication in BIKE Utilizing Inter-/Inner-Wise Sparsity and Block-by-Block Pipeline,"Zhang, Fahong",Fahong,female,0.8933234790804254,True
A Scalable and Efficient Architecture for Binary Polynomial Multiplication in BIKE Utilizing Inter-/Inner-Wise Sparsity and Block-by-Block Pipeline,"Su, Yang",Yang,unknown,0.6608034619216988,False
A Scalable and Efficient Architecture for Binary Polynomial Multiplication in BIKE Utilizing Inter-/Inner-Wise Sparsity and Block-by-Block Pipeline,"Yang, Chen",Chen,male,0.8803324700638614,True
Using Formative Assessment and Feedback to Train Novice Modelers in Business Process Modeling,"Vemuri, Pavani",Pavani,female,0.9998092626689431,True
Using Formative Assessment and Feedback to Train Novice Modelers in Business Process Modeling,"Poelmans, Stephan",Stephan,male,0.9999887311827451,True
Using Formative Assessment and Feedback to Train Novice Modelers in Business Process Modeling,"Compagnucci, Ivan",Ivan,male,0.9999776517681997,True
Using Formative Assessment and Feedback to Train Novice Modelers in Business Process Modeling,"Snoeck, Monique",Monique,female,0.9999698902791753,True
Data advanced management system based in workflows and structured languages analysis,"Bravo, Víctor",Víctor,male,0.9993763434433499,True
Data advanced management system based in workflows and structured languages analysis,"Solé, Solazver",Solazver,unknown,0.7019412740384646,False
Impact of socio-technical network on process performance,"Liu, Rong",Rong,unknown,0.7174724947670523,False
Impact of socio-technical network on process performance,"Kumar, Akhil",Akhil,male,0.999973180302116,True
Role of social networks and paperless citizens' claims processing in strengthening democracy in the Arab world: The case of Morocco: Towards a CIRM* across the state,"Elmahfoudi, Mohamed Amine",Mohamed,male,0.9999971268152898,True
Role of social networks and paperless citizens' claims processing in strengthening democracy in the Arab world: The case of Morocco: Towards a CIRM* across the state,"Hayar, Awatif",Awatif,female,0.9907723162885118,True
Role of social networks and paperless citizens' claims processing in strengthening democracy in the Arab world: The case of Morocco: Towards a CIRM* across the state,"Miranda, Serge",Serge,male,0.9997217883126452,True
Role of social networks and paperless citizens' claims processing in strengthening democracy in the Arab world: The case of Morocco: Towards a CIRM* across the state,"Meyer, Vincent",Vincent,male,0.9996829861436367,True
Design and Analysis of New Structure for High-Performance Low-Index Defect-Based Photonic Lattice VCSEL,"Monfared, Yousef Mohammadi",Yousef,male,0.9999924778472273,True
Design and Analysis of New Structure for High-Performance Low-Index Defect-Based Photonic Lattice VCSEL,"Ahmadi, Vahid",Vahid,male,0.9999710261496059,True
Motivational assessment framework: An approach of alignment strategic-operational,"Serrano, Victor Edwin Collazos",Victor,male,0.9999862345379419,True
Motivational assessment framework: An approach of alignment strategic-operational,"Amaya, Helga Duarte",Helga,female,0.9999820793515048,True
Context-Aware Enterprise Modelling towards Agile Models Development,"Bilinkis, Julia",Julia,female,0.9999893408100505,True
Context-Aware Enterprise Modelling towards Agile Models Development,"Zueva, Anastasia",Anastasia,female,0.9999927253779876,True
Context-Aware Enterprise Modelling towards Agile Models Development,"Zaytseva, Elina",Elina,female,0.9999863469840129,True
Business Process Model Diagram Similarity Measurement Using Pairwise Comparison,Kristina,Kristina,female,0.9999963618934286,True
Business Process Model Diagram Similarity Measurement Using Pairwise Comparison,"Shiddiqi, Ary Mazharuddin",Ary,unknown,0.5396265536918866,False
Business Process Model Diagram Similarity Measurement Using Pairwise Comparison,"Siahaan, Daniel",Daniel,male,0.9999484956264236,True
Channel Modeling and Multi-Island Recording Scheme on Bit-Patterned Media With Long-Range Island Orientation Fluctuations,"Wang, Yao",Yao,male,0.9931221313871769,True
Channel Modeling and Multi-Island Recording Scheme on Bit-Patterned Media With Long-Range Island Orientation Fluctuations,"Kumar, B. V. K. Vijaya",,unknown,0,False
Channel Modeling and Multi-Island Recording Scheme on Bit-Patterned Media With Long-Range Island Orientation Fluctuations,"Wen, Yumei",Yumei,female,0.9980763501494262,True
Channel Modeling and Multi-Island Recording Scheme on Bit-Patterned Media With Long-Range Island Orientation Fluctuations,"Li, Ping",Ping,female,0.9897941603132419,True
Using Emergent Synthetic Processes for Travel Approval,"Swenson, Keith",Keith,male,0.9982254263219633,True
An event-model for constraint-based person-centric flows,"Unger, Tobias",Tobias,male,0.9999755650213412,True
An event-model for constraint-based person-centric flows,"Eberle, Hanna",Hanna,female,0.9999970479455866,True
An event-model for constraint-based person-centric flows,"Leymann, Frank",Frank,male,0.999947578866658,True
An event-model for constraint-based person-centric flows,"Wagner, Sebastian",Sebastian,male,0.9999469726859632,True
Mejora de la monitorización y ejecución de procesos de negocio con integración y socialización,"Bazán, Patricia",Patricia,female,0.9999876359107199,True
Mejora de la monitorización y ejecución de procesos de negocio con integración y socialización,"Garro, Jose Martinez",Jose,male,0.9999804924850862,True
Mejora de la monitorización y ejecución de procesos de negocio con integración y socialización,"Giandini, Roxana",Roxana,female,0.9999876434582177,True
Mejora de la monitorización y ejecución de procesos de negocio con integración y socialización,"Diaz, Javier",Javier,male,0.9999768372268597,True
An Empirical Analysis of Diagnosis of Industrial Business Processes at Sub-process Levels,"Roy, Suman",Suman,female,0.6303416799007425,False
An Empirical Analysis of Diagnosis of Industrial Business Processes at Sub-process Levels,"Sajeev, A.S.M.",A.S.M.,unknown,0.6748036833378245,False
An Empirical Analysis of Diagnosis of Industrial Business Processes at Sub-process Levels,"Gopichand, A.",,unknown,0,False
An Empirical Analysis of Diagnosis of Industrial Business Processes at Sub-process Levels,"Bhattacharya, Adrija",Adrija,female,0.9999880739077535,True
Study on the Architecture of Platform for Internet of Things Service Based on EDSOA,"Li, Songtai",Songtai,unknown,0.6176119329399035,False
Study on the Architecture of Platform for Internet of Things Service Based on EDSOA,"Qiao, Xiuquan",Xiuquan,male,0.9840090347751176,True
Study on the Architecture of Platform for Internet of Things Service Based on EDSOA,"Li, Xiaofeng",Xiaofeng,male,0.8626461853220857,True
Multiperspective Quality Model for Process Design,"Mosquera, Estefanía Patricia Gálvez",Estefanía,female,0.9998639714042346,True
Multiperspective Quality Model for Process Design,"Santórum Gaibor, Marco Oswaldo",Marco,male,0.9998964214527616,True
Design of Wearable Device as a Fatigue Detector in Sports Activities Based on the Internet of Things,"Iqbal Prastyo, Mohammad Fariza",Mohammad,male,0.9999978931239886,True
Design of Wearable Device as a Fatigue Detector in Sports Activities Based on the Internet of Things,"Zaeni, Ilham A.E.",Ilham,unknown,0.7182516809969085,False
Design of Wearable Device as a Fatigue Detector in Sports Activities Based on the Internet of Things,"Agung Sucipto, Putra Wisnu",Putra,male,0.9706747424651123,True
Design of Wearable Device as a Fatigue Detector in Sports Activities Based on the Internet of Things,"Pratama, Aryansyah",Aryansyah,male,0.9939578162981224,True
A Data Mining Approach for Analysis of Telco Customer Churn,"Al-Shakarchi, Ali H.",Ali,male,0.988143397255068,True
A Data Mining Approach for Analysis of Telco Customer Churn,"Mostafa, Salama A.",Salama,female,0.9994364739355468,True
A Data Mining Approach for Analysis of Telco Customer Churn,"Saringat, Mohd Zainuri",Mohd,male,0.9999652934861983,True
A Data Mining Approach for Analysis of Telco Customer Churn,"Mohammed, Dheyaa Abdulameer",Dheyaa,male,0.9757195590578672,True
A Data Mining Approach for Analysis of Telco Customer Churn,"Khaleefah, Shihab Hamad",Shihab,male,0.999924492593761,True
A Data Mining Approach for Analysis of Telco Customer Churn,"Jaber, Mustafa Musa",Mustafa,male,0.9989517290145173,True
Methodology for Applying IIoT Architecture to Design IIOT Systems in the Agricultural Sector of the Russian Federation,"Makoveichuk, Krystina A.",Krystina,female,0.9999972795650953,True
Methodology for Applying IIoT Architecture to Design IIOT Systems in the Agricultural Sector of the Russian Federation,"Olifirov, Alexander V.",Alexander,male,0.9999914495946162,True
Methodology for Applying IIoT Architecture to Design IIOT Systems in the Agricultural Sector of the Russian Federation,"Petrenko, Sergei A.",Sergei,male,0.9999302755554712,True
Methodology for Applying IIoT Architecture to Design IIOT Systems in the Agricultural Sector of the Russian Federation,"Makoveichuk, Yan T.",Yan,unknown,0.5336648310743305,False
Methodology for Applying IIoT Architecture to Design IIOT Systems in the Agricultural Sector of the Russian Federation,"Kazak, Anatoliy N.",Anatoliy,male,0.9994340261510567,True
Generating Domain-Specific Process Studios,"Mos, Adrian",Adrian,male,0.998830188234461,True
Generating Domain-Specific Process Studios,"Cortes-Cornax, Mario",Mario,male,0.9998285831560244,True
Towards Simplifying and Automating Business Process Lifecycle Management in Hybrid Clouds,"Liu, Hua",Hua,male,0.6612283433060475,False
Towards Simplifying and Automating Business Process Lifecycle Management in Hybrid Clouds,"Charif, Yasmine",Yasmine,female,0.9999912906789054,True
Towards Simplifying and Automating Business Process Lifecycle Management in Hybrid Clouds,"Jung, Gueyoung",Gueyoung,unknown,0.5260164427744731,False
Towards Simplifying and Automating Business Process Lifecycle Management in Hybrid Clouds,"Quiroz, Andres",Andres,male,0.9999800590994908,True
Towards Simplifying and Automating Business Process Lifecycle Management in Hybrid Clouds,"Goetz, Frank",Frank,male,0.999947578866658,True
Towards Simplifying and Automating Business Process Lifecycle Management in Hybrid Clouds,"Sharma, Naveen",Naveen,male,0.9974383365018991,True
Change Mining in Business Process Variability: A Comparative Study,"Hmami, Asmae",Asmae,female,0.9911172883211593,True
Change Mining in Business Process Variability: A Comparative Study,"Sbai, Hanae",Hanae,female,0.9999551736829082,True
Change Mining in Business Process Variability: A Comparative Study,"Fredj, Mounia",Mounia,female,0.9999617223402388,True
Survey of Explainability within Process Mining: A case study of BPI challenge 2020,"Hoogendoorn, Tjalling",Tjalling,male,0.9886170012988424,True
Survey of Explainability within Process Mining: A case study of BPI challenge 2020,"Arachchige, Jeewanie Jayasinghe",Jeewanie,unknown,0.5309426391259765,False
Survey of Explainability within Process Mining: A case study of BPI challenge 2020,"Bukhsh, Faiza A.",Faiza,female,0.999989594919902,True
A Comparison of Business Process Modeling Methods,"Wang, Wei",Wei,male,0.8353828445774668,True
A Comparison of Business Process Modeling Methods,"Ding, Hongwei",Hongwei,male,0.9801076454958466,True
A Comparison of Business Process Modeling Methods,"Dong, Jin",Jin,male,0.7377281243241545,False
A Comparison of Business Process Modeling Methods,"Ren, Changrui",Changrui,male,0.9813918550272961,True
Research on Key Performance Indicator (KPI) of Business Process,"Pan, Wang",Wang,male,0.9203221744198354,True
Research on Key Performance Indicator (KPI) of Business Process,"Wei, He",He,male,0.9119018856117466,True
Research and Design of Document Flow Model Based on JBPM Workflow Engine,"Bing, Han",Han,male,0.8602843225353817,True
Research and Design of Document Flow Model Based on JBPM Workflow Engine,"Dan-Mei, Xia",Xia,female,0.9994599114648915,True
A business process explorer,"Guo, Jin",Jin,male,0.7377281243241545,False
A business process explorer,"Foo, King",King,male,0.9984243999043484,True
A business process explorer,"Barbour, Liliane",Liliane,female,0.999997145400113,True
A business process explorer,"Zou, Ying",Ying,female,0.9976878084537152,True
Risk driven process engineering in digital ecosystems: Modelling risk,"Sienou, Amadou",Amadou,male,0.9996903612858196,True
Risk driven process engineering in digital ecosystems: Modelling risk,"Lamine, Elyes",Elyes,male,0.9994890660614956,True
Risk driven process engineering in digital ecosystems: Modelling risk,"Pingaud, Hervé",Hervé,male,0.9909853703451528,True
Risk driven process engineering in digital ecosystems: Modelling risk,"Karduck, Achim P.",Achim,male,0.9999018238288356,True
Access Control for Human Tasks in Service Oriented Architecture,"Wang, Xin",Xin,female,0.7003246185087639,False
Access Control for Human Tasks in Service Oriented Architecture,"Zhang, Yanchun",Yanchun,female,0.8894957341523554,True
Access Control for Human Tasks in Service Oriented Architecture,"Shi, Hao",Hao,male,0.9989380817683122,True
Supporting and assisting the execution of flexible healthcare processes,"Mertens, Steven",Steven,male,0.9999938645828961,True
Supporting and assisting the execution of flexible healthcare processes,"Gailly, Frederik",Frederik,male,0.9999404558005246,True
Supporting and assisting the execution of flexible healthcare processes,"Poels, Geert",Geert,male,0.9998608924148286,True
Process Mining and Deep Neural Network approach for the Prediction of Business Process Outcome,"Kamala, B.",,unknown,0,False
Process Mining and Deep Neural Network approach for the Prediction of Business Process Outcome,"Latha, B.",,unknown,0,False
Semantic queries in BPMN 2.0: A contemporary method for information retrieval,"Kalogeraki, Eleni-Maria",Eleni,female,0.9999854551985455,True
Semantic queries in BPMN 2.0: A contemporary method for information retrieval,"Panayiotopoulos, Themis",Themis,male,0.8814966572250219,True
Semantic queries in BPMN 2.0: A contemporary method for information retrieval,"Apostolou, Dimitris",Dimitris,male,0.9999193920782357,True
Business process Execution: a contextual approach,"Bouroumi, Jamal EL",Jamal,male,0.9999917095460958,True
Business process Execution: a contextual approach,"Guermah, Hatim",Hatim,male,0.9996440793061352,True
Business process Execution: a contextual approach,"Nassar, Mahmoud",Mahmoud,male,0.9999916452287316,True
Flexible Analysis of Cross-Organizational Process Modeling Based on π Calculus,"Xu, Ninglin",Ninglin,male,0.9804600221601584,True
Flexible Analysis of Cross-Organizational Process Modeling Based on π Calculus,"Jiang, Jiulei",Jiulei,unknown,0.5892785835437975,False
Flexible Analysis of Cross-Organizational Process Modeling Based on π Calculus,"Wang, Xiaofeng",Xiaofeng,male,0.8626461853220857,True
Business Process Continuous Improvement System Based on Workflow Mining Technology,"Chen, Liang",Liang,male,0.9782482259488245,True
Business Process Continuous Improvement System Based on Workflow Mining Technology,"Xue, Tao",Tao,male,0.9969686446299408,True
Business Process Continuous Improvement System Based on Workflow Mining Technology,"Yang, Ali",Ali,male,0.988143397255068,True
Linking Business Goals to Process Models in Semantic Business Process Modeling,"Markovic, Ivan",Ivan,male,0.9999776517681997,True
Linking Business Goals to Process Models in Semantic Business Process Modeling,"Kowalkiewicz, Marek",Marek,male,0.9999483104588682,True
SSC4Cloud Tooling: An Integrated Environment for the Development of Business Processes with Security Requirements in the Cloud,"Lins, F.",,unknown,0,False
SSC4Cloud Tooling: An Integrated Environment for the Development of Business Processes with Security Requirements in the Cloud,"Medeiros, R.",,unknown,0,False
SSC4Cloud Tooling: An Integrated Environment for the Development of Business Processes with Security Requirements in the Cloud,"Silva, B.",,unknown,0,False
SSC4Cloud Tooling: An Integrated Environment for the Development of Business Processes with Security Requirements in the Cloud,"Souza, A.",,unknown,0,False
SSC4Cloud Tooling: An Integrated Environment for the Development of Business Processes with Security Requirements in the Cloud,"Aragão, D.",,unknown,0,False
SSC4Cloud Tooling: An Integrated Environment for the Development of Business Processes with Security Requirements in the Cloud,"Damasceno, J.",,unknown,0,False
SSC4Cloud Tooling: An Integrated Environment for the Development of Business Processes with Security Requirements in the Cloud,"Maciel, P.",,unknown,0,False
SSC4Cloud Tooling: An Integrated Environment for the Development of Business Processes with Security Requirements in the Cloud,"Rosa, N.",,unknown,0,False
SSC4Cloud Tooling: An Integrated Environment for the Development of Business Processes with Security Requirements in the Cloud,"Stephenson, B.",,unknown,0,False
SSC4Cloud Tooling: An Integrated Environment for the Development of Business Processes with Security Requirements in the Cloud,"Li, J.",,unknown,0,False
Simulation-Based Decision Support for the Reduction of the Energy Consumption of Complex Business Processes,"Lübbecke, Patrick",Patrick,male,0.9999373211096793,True
Simulation-Based Decision Support for the Reduction of the Energy Consumption of Complex Business Processes,"Reiter, Markus",Markus,male,0.9999735872978276,True
Simulation-Based Decision Support for the Reduction of the Energy Consumption of Complex Business Processes,"Fettke, Peter",Peter,male,0.9999580684529622,True
Simulation-Based Decision Support for the Reduction of the Energy Consumption of Complex Business Processes,"Loos, Peter",Peter,male,0.9999580684529622,True
Developing a Process-Oriented Notation for Modeling Operational Risks - A Conceptual Metamodel Approach to Operational Risk Management in Knowledge Intensive Business Processes within the Financial Industry,"Weiss, Burkhard",Burkhard,male,0.9991339329514457,True
Developing a Process-Oriented Notation for Modeling Operational Risks - A Conceptual Metamodel Approach to Operational Risk Management in Knowledge Intensive Business Processes within the Financial Industry,"Winkelmann, Axel",Axel,male,0.9999905585480233,True
Towards Consistency Management for a Business-Driven Development of SOA,"Dahman, Karim",Karim,male,0.9982261835394265,True
Towards Consistency Management for a Business-Driven Development of SOA,"Charoy, Francois",Francois,male,0.9999775911572618,True
Towards Consistency Management for a Business-Driven Development of SOA,"Godart, Claude",Claude,male,0.9979920763238813,True
Towards Formalization and Verification of Unified Business Process Model Based on Pi Calculus,"Ma, Shuailiang",Shuailiang,unknown,0.5570171336742331,False
Towards Formalization and Verification of Unified Business Process Model Based on Pi Calculus,"Zhang, Li",Li,female,0.9821247080400133,True
Towards Formalization and Verification of Unified Business Process Model Based on Pi Calculus,"He, Jimei",Jimei,female,0.9257532703953009,True
Application of Process Management Tools for PCB Manufacturing and Diagnostics,"Tupa, Jiri",Jiri,male,0.9998761880270778,True
Application of Process Management Tools for PCB Manufacturing and Diagnostics,"Basl, Josef",Josef,male,0.9999977561192824,True
Application of Process Management Tools for PCB Manufacturing and Diagnostics,"Skocil, Vlastimil",Vlastimil,male,0.9967089134755069,True
Service Oriented Enterprise-Architecture for enterprise engineering introduction,"Nurcan, Selmin",Selmin,female,0.8544568454027446,True
Service Oriented Enterprise-Architecture for enterprise engineering introduction,"Schmidt, Rainer",Rainer,male,0.9999264596357705,True
Risk-Aware Business Process Modeling: A Comparison of Discrete Event And Agent-Based Approaches,"Sulis, Emilio",Emilio,male,0.9998271675860951,True
Risk-Aware Business Process Modeling: A Comparison of Discrete Event And Agent-Based Approaches,"Amantea, Ilaria Angela",Ilaria,female,0.999991246543736,True
Risk-Aware Business Process Modeling: A Comparison of Discrete Event And Agent-Based Approaches,"Fornero, Giulio",Giulio,male,0.9999319678528888,True
Towards a Subject-Oriented Evolutionary Business Information System,"Schiffner, Stephan",Stephan,male,0.9999887311827451,True
Towards a Subject-Oriented Evolutionary Business Information System,"Rothschädl, Thomas",Thomas,male,0.9999981017477207,True
Towards a Subject-Oriented Evolutionary Business Information System,"Meyer, Nils",Nils,male,0.999609305827729,True
Semantic Enterprise Description for the Needs of Business Process Automation,"Filipowska, Agata",Agata,female,0.9999959543121029,True
Semantic Enterprise Description for the Needs of Business Process Automation,"Kaczmarek, Monika",Monika,female,0.999996989457821,True
Semantic Enterprise Description for the Needs of Business Process Automation,"Starzecka, Monika",Monika,female,0.999996989457821,True
Semantic Enterprise Description for the Needs of Business Process Automation,"Stolarski, Piotr",Piotr,male,0.999885348508805,True
Semantic Enterprise Description for the Needs of Business Process Automation,"Walczak, Adam",Adam,male,0.999989304097136,True
Evolution of Compliance Checking in Process Mining Discipline,"Elhagaly, Moustafa",Moustafa,male,0.9990056680977777,True
Evolution of Compliance Checking in Process Mining Discipline,"Drvoderić, Karlo",Karlo,male,0.9997504503402633,True
Evolution of Compliance Checking in Process Mining Discipline,"Kippers, Richard G.",Richard,male,0.9999944029565571,True
Evolution of Compliance Checking in Process Mining Discipline,"Bukhsh, Faiza Allah",Faiza,female,0.999989594919902,True
A solution of Web Services combination based on JBPM,Tala,Tala,female,0.9999009145984983,True
A solution of Web Services combination based on JBPM,"Song, Meina",Meina,female,0.999982223672529,True
A solution of Web Services combination based on JBPM,"Zhang, Xiaoqi",Xiaoqi,unknown,0.7406859809418803,False
A solution of Web Services combination based on JBPM,"Xu, Huiyang",Huiyang,female,0.9077545622275824,True
A solution of Web Services combination based on JBPM,"Song, Junde",Junde,male,0.9712570762906415,True
Formalization of security patterns as a means to infer security controls in business processes,"Varela-Vaca, Angel Jesus",Angel,male,0.9932384210708509,True
Formalization of security patterns as a means to infer security controls in business processes,"Gasca, Rafael M.",Rafael,male,0.9999801002723208,True
Impact of Critical Success Factors in Oracle EBS Enterprise Resource Planning Post Go Live Implementation:A Case Study on SriLankan Airlines,"Dissanayake, Isuru",Isuru,male,0.9846309373509652,True
Impact of Critical Success Factors in Oracle EBS Enterprise Resource Planning Post Go Live Implementation:A Case Study on SriLankan Airlines,"Thelijjagoda, Samantha",Samantha,female,0.9999898584815097,True
Knowledge management and decision support in adaptive case management platforms,"Osuszek, Łukasz",Łukasz,male,0.9973502889660565,True
Knowledge management and decision support in adaptive case management platforms,"Stanek, Stanisław",Stanisław,male,0.9999664455353938,True
Enhancing business process flexibility in an emergency care process,"Mejri, Asma",Asma,female,0.9999509248063684,True
Enhancing business process flexibility in an emergency care process,"Ghannouchi, Sonia Ayachi",Sonia,female,0.9999923290636098,True
Enhancing business process flexibility in an emergency care process,"Martinho, Ricardo",Ricardo,male,0.99996029299145,True
Enhancing business process flexibility in an emergency care process,"Elhadj, Feteh",Feteh,female,0.9962926447231119,True
A Case Study of Process Modelling,"Farr, D.",,unknown,0,False
Temporal consistency management of artifact-centric business processes,"Qin, Haihuan",Haihuan,male,0.7227272482290501,False
Temporal consistency management of artifact-centric business processes,"Chen, Leilei",Leilei,female,0.9820990628002977,True
Enhancement of Semantic Business Processes with Information Profiles: Application of Mobile Context Information,"Szymanski, Jacek",Jacek,male,0.9999820410306303,True
Enhancement of Semantic Business Processes with Information Profiles: Application of Mobile Context Information,"Abramowicz, Witold",Witold,male,0.999973414620794,True
A Study on the Development of a Process Designer for Logistics Process Modeling,"Kim, Dongsoo",Dongsoo,male,0.9997127631272084,True
A Study on the Development of a Process Designer for Logistics Process Modeling,"Kim, Minsoo",Minsoo,male,0.9844713311846426,True
A Context Model for Individual Process Management,"Khiari, Bochra",Bochra,female,0.9883332151977651,True
A Context Model for Individual Process Management,"Labed, Lamia",Lamia,female,0.9999890835932181,True
APPLICATION OF BUSINESS IN℡LIGENCE TOOLS FOR EFFICIENT MANAGING BUSINESS PROCESSES AND DATA IN DISTRIBUTED SYSTEM OPERATOR ELEKTROPRIVREDA B&H,"Aščerić, A.",,unknown,0,False
APPLICATION OF BUSINESS IN℡LIGENCE TOOLS FOR EFFICIENT MANAGING BUSINESS PROCESSES AND DATA IN DISTRIBUTED SYSTEM OPERATOR ELEKTROPRIVREDA B&H,"Kovačević, S.",,unknown,0,False
Using intelligent agents to manage business processes,"Jennings, N.R.",N.R.,unknown,0.6011616449441191,False
Business process customization using process merging techniques,"Bulanov, Pavel",Pavel,male,0.9999915029945373,True
Business process customization using process merging techniques,"Lazovik, Alexander",Alexander,male,0.9999914495946162,True
Business process customization using process merging techniques,"Aiello, Marco",Marco,male,0.9998964214527616,True
Research and Implementation of Financial Approval System Based on jBPM Engine,"Jiang, Hui",Hui,female,0.9846458138641376,True
CIMflow: a workflow management system based on integration platform environment,"Luo, Haibin",Haibin,male,0.9760008151384457,True
CIMflow: a workflow management system based on integration platform environment,"Fan, Yushun",Yushun,unknown,0.6632278235035368,False
Improvement of test management in BPMN with ARIS,"Barforooshi, Sahar Yousefi",Sahar,female,0.9938483766727564,True
Improvement of test management in BPMN with ARIS,"Moghadam, Solmaz Moradi",Solmaz,female,0.991404533438902,True
Improvement of test management in BPMN with ARIS,"Nasiri, R.",,unknown,0,False
An Effective Algorithm for Business Process Mining Based on Modified FP-Tree Algorithm,"Kim, Gun-Woo",Gun,unknown,0.6480013460273919,False
An Effective Algorithm for Business Process Mining Based on Modified FP-Tree Algorithm,"Lee, Seung Hoon",Seung,male,0.988856259803844,True
An Effective Algorithm for Business Process Mining Based on Modified FP-Tree Algorithm,"Kim, Jae Hyung",Jae,male,0.9756125269782338,True
An Effective Algorithm for Business Process Mining Based on Modified FP-Tree Algorithm,"Son, Jin Hyun",Jin,male,0.7377281243241545,False
Towards formal verification of business process using a graphical specification,"El Hichami, Outman",Outman,male,0.999365636165705,True
Towards formal verification of business process using a graphical specification,"El Mohajir, Badr Eddine",Badr,male,0.9998355115368831,True
Towards formal verification of business process using a graphical specification,"Al Achhab, Mohammed",Mohammed,male,0.99999732840862,True
Towards formal verification of business process using a graphical specification,"Berrada, Ismail",Ismail,male,0.9999380756964177,True
Towards formal verification of business process using a graphical specification,"Oucheikh, Rachid",Rachid,male,0.9999913462472123,True
Putting Business into Business Process Models,"Decreus, Ken",Ken,male,0.999961489624478,True
Putting Business into Business Process Models,"Poels, Geert",Geert,male,0.9998608924148286,True
"Process Analysis, Modeling and Simulation for Crisis Management","Rousseaux, Francis",Francis,male,0.9985350745014073,True
"Process Analysis, Modeling and Simulation for Crisis Management","Lhoste, Kevin",Kevin,male,0.9999799402805698,True
TxFlowGen: Generation of Failure Atomic transactional workflows for B2B applications,"Rajaram, Kanchana",Kanchana,female,0.9978187937951072,True
TxFlowGen: Generation of Failure Atomic transactional workflows for B2B applications,"Babu, Chitra",Chitra,female,0.9999340071936786,True
TxFlowGen: Generation of Failure Atomic transactional workflows for B2B applications,"Murali Krishnan, K. S",,unknown,0,False
Represent The Discovered Proportional Information Control Net Using Extended XPDL Format,"Pham, Dinh-Lam",Dinh,male,0.9820941138175523,True
Represent The Discovered Proportional Information Control Net Using Extended XPDL Format,"Ahn, Hyun",Hyun,unknown,0.6602337656838952,False
Represent The Discovered Proportional Information Control Net Using Extended XPDL Format,"Kim, Kyoung-Sook",Kyoung,female,0.7380283080828,False
Represent The Discovered Proportional Information Control Net Using Extended XPDL Format,"Kim, Kwanghoon Pio",Kwanghoon,unknown,0.690362626434451,False
"Integration of Business Process Definition, Analysis and Execution Tools Based on Block-structured Approach","Vasiliev, Nikolay V.",Nikolay,male,0.9999162559793521,True
"Integration of Business Process Definition, Analysis and Execution Tools Based on Block-structured Approach","Yashin, Alexander I.",Alexander,male,0.9999914495946162,True
"Integration of Business Process Definition, Analysis and Execution Tools Based on Block-structured Approach","Dovzhikov, Sergei N.",Sergei,male,0.9999302755554712,True
Demo IV Service Oriented Architecture governance using semantics and BPMN,"Lang, Michael",Michael,male,0.9999876221560686,True
A layered model approach for care process monitoring,"Mokahhal, Mohamed Anis",Mohamed,male,0.9999971268152898,True
A layered model approach for care process monitoring,"Baarah, Aladdin Hussein",Aladdin,male,0.9999274940291942,True
A layered model approach for care process monitoring,"Peyton, Liam",Liam,male,0.9998655862005859,True
A framework for process-based collaborative systems design,"Bouchbout, Khoutir",Khoutir,unknown,0.6670352566472404,False
A framework for process-based collaborative systems design,"Iklef, Nassim",Nassim,male,0.9978159784451607,True
A framework for process-based collaborative systems design,"Khaldoun, Sara",Sara,female,0.999983890493743,True
A Pi-calculus based role network model for E-government,"Guangxin, Niu",Niu,unknown,0.6032156920987286,False
A Pi-calculus based role network model for E-government,"Xin, Ye",Ye,unknown,0.6594656342428559,False
A Pi-calculus based role network model for E-government,"Zailin, Dai",Dai,male,0.8039046810933356,True
Workflow-based design and implementation of flexible enterprise business,"Yang, Chang Chun",Chang,male,0.9834684501913633,True
Workflow-based design and implementation of flexible enterprise business,"Yang, Li Bo",Li,female,0.9821247080400133,True
Workflow-based design and implementation of flexible enterprise business,"Liu, Yu Xiu",Yu,female,0.8656251027956705,True
Modeling flexibility on internal quality assurance system business process,Yulherniwati,Yulherniwati,unknown,0.5596998069302652,False
Modeling flexibility on internal quality assurance system business process,"Jama, Jalius",Jalius,male,0.9960009640277229,True
Modeling flexibility on internal quality assurance system business process,Ganefri,Ganefri,unknown,0.5254726412514914,False
Modeling flexibility on internal quality assurance system business process,"Ikhsan, Aidil",Aidil,unknown,0.5513548442628682,False
OSGi-jBPM-Based Component Development of Third-party Logistics RFID Application,"Fagui, Liu",Liu,unknown,0.5773432113006706,False
OSGi-jBPM-Based Component Development of Third-party Logistics RFID Application,"Zehao, Liu",Liu,female,0.5773432113006706,False
Semantic Querying of Business Process Models,"Awad, Ahmed",Ahmed,male,0.9999977341795334,True
Semantic Querying of Business Process Models,"Polyvyanyy, Artem",Artem,male,0.9999327131072471,True
Semantic Querying of Business Process Models,"Weske, Mathias",Mathias,male,0.999948038650782,True
Conversation support for business process integration,"Hanson, J.E.",J.E.,male,0.9918050408105469,True
Conversation support for business process integration,"Nandi, P.",,unknown,0,False
Conversation support for business process integration,"Kumaran, S.",,unknown,0,False
Factors Influencing Business Process Standardization: A Multiple Case Study,"Schafermeyer, Markus",Markus,male,0.9999735872978276,True
Factors Influencing Business Process Standardization: A Multiple Case Study,"Grgecic, Daniel",Daniel,male,0.9999484956264236,True
Factors Influencing Business Process Standardization: A Multiple Case Study,"Rosenkranz, Christoph",Christoph,male,0.9996583666010818,True
Towards agricultural marketing reforms: Web services orchestration approach,"Sorathia, Vikram",Vikram,male,0.9999813415234036,True
Towards agricultural marketing reforms: Web services orchestration approach,"Laliwala, Zakir",Zakir,male,0.999926014887043,True
Towards agricultural marketing reforms: Web services orchestration approach,"Chaudhary, Sanjay",Sanjay,male,0.9999101327503482,True
Structuring Business Process Context Information for Process Monitoring and Prediction,"Brunk, Jens",Jens,male,0.9999725010363429,True
A Contribution to Organizational and Operational Strategic Alignment: Incorporating Business Level Agreements into Business Process Modeling,"Salles, Guilherme",Guilherme,male,0.9990789917780888,True
A Contribution to Organizational and Operational Strategic Alignment: Incorporating Business Level Agreements into Business Process Modeling,"Fantinato, Marcelo",Marcelo,male,0.9998735221664624,True
A Contribution to Organizational and Operational Strategic Alignment: Incorporating Business Level Agreements into Business Process Modeling,"de Albuquerque, João",João,male,0.9999597809713936,True
A Contribution to Organizational and Operational Strategic Alignment: Incorporating Business Level Agreements into Business Process Modeling,"Nishijima, Marislei",Marislei,female,0.9979075807450963,True
BPMM: a grid-based architectural framework for business process meta management,"Jeng, Jun-Jang",Jun,male,0.9972113548054844,True
BPMM: a grid-based architectural framework for business process meta management,"Chang, H.",,unknown,0,False
BPMM: a grid-based architectural framework for business process meta management,"Chung, Jen-Yao",Jen,female,0.9965547301996304,True
Simulation of Agent-Based and Discrete Event for Analyzing Multi Organizational Performance,"Fauzan, Abd. Charis",Abd.,male,0.9995756100797374,True
Simulation of Agent-Based and Discrete Event for Analyzing Multi Organizational Performance,"Sarno, Riyanarto",Riyanarto,unknown,0.5283243191216946,False
Simulation of Agent-Based and Discrete Event for Analyzing Multi Organizational Performance,"Machfud, Imam",Imam,male,0.9998158449012277,True
The role of alignment for the impact of business intelligence maturity on business process performance in Croatian and Slovenian companies,"Vukšić, V. Bosilj",,unknown,0,False
The role of alignment for the impact of business intelligence maturity on business process performance in Croatian and Slovenian companies,"Bach, M. Pejić",,unknown,0,False
The role of alignment for the impact of business intelligence maturity on business process performance in Croatian and Slovenian companies,"Grublješič, T.",,unknown,0,False
The role of alignment for the impact of business intelligence maturity on business process performance in Croatian and Slovenian companies,"Jaklić, J.",,unknown,0,False
The role of alignment for the impact of business intelligence maturity on business process performance in Croatian and Slovenian companies,"Stjepić, A.M.",A.M.,male,0.8009080738527218,True
Extending the Multiple Domain Matrix by Using Business Process Model and Notation for Business Process Analysis,"Lee, Wen-Tin",Wen,female,0.8707008596774066,True
Extending the Multiple Domain Matrix by Using Business Process Model and Notation for Business Process Analysis,"Ma, Shang-Pin",Shang,male,0.983408490858732,True
Extending the Multiple Domain Matrix by Using Business Process Model and Notation for Business Process Analysis,"Lee, Shin-Jie",Shin,male,0.8055345113308964,True
Extending the Multiple Domain Matrix by Using Business Process Model and Notation for Business Process Analysis,"Law, Po-Jen",Po,male,0.9930066795983815,True
Extending the Multiple Domain Matrix by Using Business Process Model and Notation for Business Process Analysis,"Chang, Ting-Shao",Ting,female,0.9934231487912134,True
Applying Structuration Theory to Investigate Business Process Change,"Grgecic, Daniel",Daniel,male,0.9999484956264236,True
Transactional Business Process Redesign of Procurement Planning System using Heuristic Method,"Darmayanti, Nungki Dian Sulistyo",Nungki,female,0.9715694450674048,True
Transactional Business Process Redesign of Procurement Planning System using Heuristic Method,"Nastiti, Arti Dian",Arti,female,0.9998196993132032,True
Transactional Business Process Redesign of Procurement Planning System using Heuristic Method,"Karsanti, Hayuning Titi",Hayuning,female,0.9986592527037487,True
Assessment of Supply Management Maturity Through Information Extraction and Enterprise Modelling at PT Indosat Tbk,"Lubis, Muharman",Muharman,male,0.99964816133824,True
Assessment of Supply Management Maturity Through Information Extraction and Enterprise Modelling at PT Indosat Tbk,"Dewi, Fitriyana",Fitriyana,female,0.9916503665100702,True
Assessment of Supply Management Maturity Through Information Extraction and Enterprise Modelling at PT Indosat Tbk,"Anggraito, Kusumah",Kusumah,male,0.9985369803943289,True
Assessment of Supply Management Maturity Through Information Extraction and Enterprise Modelling at PT Indosat Tbk,"Ramadhan, Yumna Zahran",Yumna,female,0.9999064201809457,True
Assessment of Supply Management Maturity Through Information Extraction and Enterprise Modelling at PT Indosat Tbk,"Ramadhani, Rafian",Rafian,male,0.9981224432079433,True
MOOD Applied to EMIS Based on jBPM,"Wang, Yichen",Yichen,unknown,0.6827494510770445,False
MOOD Applied to EMIS Based on jBPM,"Han, Qiang",Qiang,male,0.9889567902465515,True
MOOD Applied to EMIS Based on jBPM,"Liu, Haide",Haide,female,0.9999104253827648,True
MOOD Applied to EMIS Based on jBPM,"He, Feng",Feng,male,0.9830753668861625,True
MOOD Applied to EMIS Based on jBPM,"Liu, Cong",Cong,male,0.9891634952979704,True
MOOD Applied to EMIS Based on jBPM,"Mao, Zijian",Zijian,male,0.986653818369657,True
Subject-Oriented Process Modeling Interface: A Tangible Approach for Subject Process Modeling,"Fleischmann, Christoph",Christoph,male,0.9996583666010818,True
Subject-Oriented Process Modeling Interface: A Tangible Approach for Subject Process Modeling,"Bachinger, Alexander",Alexander,male,0.9999914495946162,True
Using software support to implement enterprise controlling,"Teplická, Katarína",Katarína,female,0.9999233892413663,True
Using software support to implement enterprise controlling,"Hurná, Soňa",Soňa,female,0.9994446942145673,True
An agent for web-based process management,"Debenham, J.",,unknown,0,False
The BPI of Price Management Process Based on Workflow Management in 3C Distribution,"Cheng-guo, Han",Han,male,0.8602843225353817,True
The BPI of Price Management Process Based on Workflow Management in 3C Distribution,"Zuo-bin, Liang",Liang,male,0.9782482259488245,True
An Automatic Configuration Algorithm for Distributed Service Process Engine Based on Fuzzy Control,"Cao, Jian",Jian,male,0.9975103869595472,True
An Automatic Configuration Algorithm for Distributed Service Process Engine Based on Fuzzy Control,"Wang, Yi",Yi,female,0.8940381462246494,True
An Automatic Configuration Algorithm for Distributed Service Process Engine Based on Fuzzy Control,"Ding, Xin'an",Xin'an,unknown,0.6594222172605123,False
An Automatic Configuration Algorithm for Distributed Service Process Engine Based on Fuzzy Control,"Li, Minglu",Minglu,unknown,0.5514206906903006,False
Business Process Control-Flow Complexity Prediction Using Machine Learning-based Tool,"Kopp, Andrii",Andrii,male,0.9897421599356576,True
Business Process Control-Flow Complexity Prediction Using Machine Learning-based Tool,"Orlovskyi, Dmytro",Dmytro,male,0.9999025251665364,True
Business Process Control-Flow Complexity Prediction Using Machine Learning-based Tool,"Orekhov, Sergey",Sergey,male,0.9999262025407933,True
Refactor Business Process Models with Maximized Parallelism,"Jin, Tao",Tao,male,0.9969686446299408,True
Refactor Business Process Models with Maximized Parallelism,"Wang, Jianmin",Jianmin,male,0.8695557433766125,True
Refactor Business Process Models with Maximized Parallelism,"Yang, Yun",Yun,female,0.9855945587294108,True
Refactor Business Process Models with Maximized Parallelism,"Wen, Lijie",Lijie,female,0.9790060744846031,True
Refactor Business Process Models with Maximized Parallelism,"Li, Keqin",Keqin,unknown,0.6579148233217993,False
A Self-Adaptive Differential Evolution Algorithm for Scheduling a Single Batch-Processing Machine With Arbitrary Job Sizes and Release Times,"Zhou, Shengchao",Shengchao,male,0.9815124629887544,True
A Self-Adaptive Differential Evolution Algorithm for Scheduling a Single Batch-Processing Machine With Arbitrary Job Sizes and Release Times,"Xing, Lining",Lining,female,0.97330588534968,True
A Self-Adaptive Differential Evolution Algorithm for Scheduling a Single Batch-Processing Machine With Arbitrary Job Sizes and Release Times,"Zheng, Xu",Xu,male,0.7337600554549282,False
A Self-Adaptive Differential Evolution Algorithm for Scheduling a Single Batch-Processing Machine With Arbitrary Job Sizes and Release Times,"Du, Ni",Ni,female,0.9830885235605168,True
A Self-Adaptive Differential Evolution Algorithm for Scheduling a Single Batch-Processing Machine With Arbitrary Job Sizes and Release Times,"Wang, Ling",Ling,female,0.9977768216941388,True
A Self-Adaptive Differential Evolution Algorithm for Scheduling a Single Batch-Processing Machine With Arbitrary Job Sizes and Release Times,"Zhang, Qingfu",Qingfu,male,0.9974850993405279,True
UWB-Over-Fiber Communications: Modulation and Transmission,"Pan, Shilong",Shilong,male,0.9831250466830144,True
UWB-Over-Fiber Communications: Modulation and Transmission,"Yao, Jianping",Jianping,female,0.57857560259806,False
Joint-Track Equalization and Detection for Bit Patterned Media Recording,"Karakulak, Seyhan",Seyhan,unknown,0.5697909017621842,False
Joint-Track Equalization and Detection for Bit Patterned Media Recording,"Siegel, Paul H.",Paul,male,0.999990342528266,True
Joint-Track Equalization and Detection for Bit Patterned Media Recording,"Wolf, Jack Keil",Jack,male,0.9999949132398703,True
Joint-Track Equalization and Detection for Bit Patterned Media Recording,"Bertram, H. Neal",,unknown,0,False
Fringing-field effects on high-resolution liquid crystal microdisplays,"Fan-Chiang, Kuan-Hsu",Kuan,male,0.9984656413380333,True
Fringing-field effects on high-resolution liquid crystal microdisplays,"Wu, Shin-Tson",Shin,male,0.8055345113308964,True
Fringing-field effects on high-resolution liquid crystal microdisplays,"Chen, Shu-Hsia",Shu,female,0.8174134311698968,True
Performance evaluation of several implicit FDTD methods for optical waveguide analyses,"Shibayama, J.",,unknown,0,False
Performance evaluation of several implicit FDTD methods for optical waveguide analyses,"Muraki, M.",,unknown,0,False
Performance evaluation of several implicit FDTD methods for optical waveguide analyses,"Takahashi, R.",,unknown,0,False
Performance evaluation of several implicit FDTD methods for optical waveguide analyses,"Yamauchi, J.",,unknown,0,False
Performance evaluation of several implicit FDTD methods for optical waveguide analyses,"Nakano, H.",,unknown,0,False
Analysis of Polarization Rotator Based on Nematic Liquid Crystal Photonic Crystal Fiber,"Hameed, Mohamed Farhat O.",Mohamed,male,0.9999971268152898,True
Analysis of Polarization Rotator Based on Nematic Liquid Crystal Photonic Crystal Fiber,"Obayya, Salah S. A.",Salah,male,0.9979862399704431,True
Polarization Rotator Based on Soft Glass Photonic Crystal Fiber With Liquid Crystal Core,"Hameed, Mohamed Farhat O.",Mohamed,male,0.9999971268152898,True
Polarization Rotator Based on Soft Glass Photonic Crystal Fiber With Liquid Crystal Core,"Obayya, S. S. A.",,unknown,0,False
Analyzing Compatibility of BPEL Processes,"Martens, A.",,unknown,0,False
Analyzing Compatibility of BPEL Processes,"Moser, S.",,unknown,0,False
Analyzing Compatibility of BPEL Processes,"Gerhardt, A.",,unknown,0,False
Analyzing Compatibility of BPEL Processes,"Funk, K.",,unknown,0,False
In-Line Polarization Controller Based on Liquid-Crystal Photonic Crystal Fibers,"Pitilakis, Alexandros K.",Alexandros,male,0.9999884351175863,True
In-Line Polarization Controller Based on Liquid-Crystal Photonic Crystal Fibers,"Zografopoulos, Dimitrios C.",Dimitrios,male,0.9999502224186397,True
In-Line Polarization Controller Based on Liquid-Crystal Photonic Crystal Fibers,"Kriezis, Emmanouil E.",Emmanouil,male,0.9975652002904246,True
Optimum Pole Number Combination of a Buried Permanent Magnet Bearingless Motor and Test Results at an Output of 60 kW With a Speed of 37000 r/min,"Liu, Zongwei",Zongwei,male,0.998110525722996,True
Optimum Pole Number Combination of a Buried Permanent Magnet Bearingless Motor and Test Results at an Output of 60 kW With a Speed of 37000 r/min,"Chiba, Akira",Akira,unknown,0.7120158729932169,False
Optimum Pole Number Combination of a Buried Permanent Magnet Bearingless Motor and Test Results at an Output of 60 kW With a Speed of 37000 r/min,"Irino, Yusuke",Yusuke,male,0.9996893283983356,True
Optimum Pole Number Combination of a Buried Permanent Magnet Bearingless Motor and Test Results at an Output of 60 kW With a Speed of 37000 r/min,"Nakazawa, Yuji",Yuji,male,0.9936043264071972,True
Waveguide-Type Optical Circuit for Recognition of Optical QPSK Coded Labels in Photonic Router,"Makimoto, Yoshihiro",Yoshihiro,male,0.9999454986202083,True
Waveguide-Type Optical Circuit for Recognition of Optical QPSK Coded Labels in Photonic Router,"Hiura, Hitoshi",Hitoshi,male,0.9998318111909001,True
Waveguide-Type Optical Circuit for Recognition of Optical QPSK Coded Labels in Photonic Router,"Goto, Nobuo",Nobuo,male,0.999989930867764,True
Waveguide-Type Optical Circuit for Recognition of Optical QPSK Coded Labels in Photonic Router,"Yanagiya, Shin-Ichiro",Shin,male,0.8055345113308964,True
An Empirical Study of Error Patterns in Industrial Business Process Models,"Roy, Suman",Suman,female,0.6303416799007425,False
An Empirical Study of Error Patterns in Industrial Business Process Models,"Sajeev, A.S.M.",A.S.M.,male,0.6748036833378245,False
An Empirical Study of Error Patterns in Industrial Business Process Models,"Bihary, Sidharth",Sidharth,male,0.9989528048131509,True
An Empirical Study of Error Patterns in Industrial Business Process Models,"Ranjan, Abhishek",Abhishek,male,0.9999964018659365,True
Brain-Computer Interface Using Brain Power Map and Cognition Detection Network During Flight,"Wu, Edmond Q.",Edmond,male,0.9999862799506392,True
Brain-Computer Interface Using Brain Power Map and Cognition Detection Network During Flight,"Cao, Zhengtao",Zhengtao,male,0.9826827148452886,True
Brain-Computer Interface Using Brain Power Map and Cognition Detection Network During Flight,"Xiong, Pengwen",Pengwen,male,0.999358260087557,True
Brain-Computer Interface Using Brain Power Map and Cognition Detection Network During Flight,"Song, Aiguo",Aiguo,male,0.9799389742650859,True
Brain-Computer Interface Using Brain Power Map and Cognition Detection Network During Flight,"Zhu, Li-Min",Li,female,0.9821247080400133,True
Brain-Computer Interface Using Brain Power Map and Cognition Detection Network During Flight,"Yu, Mengsun",Mengsun,unknown,0.6720523207948412,False
Towards Wearable and Flexible Sensors and Circuits Integration for Stress Monitoring,"Chen, Ching-Mei",Ching,female,0.9782658817750447,True
Towards Wearable and Flexible Sensors and Circuits Integration for Stress Monitoring,"Anastasova, Salzitsa",Salzitsa,unknown,0.7330598370203768,False
Towards Wearable and Flexible Sensors and Circuits Integration for Stress Monitoring,"Zhang, Kai",Kai,male,0.9819597256365221,True
Towards Wearable and Flexible Sensors and Circuits Integration for Stress Monitoring,"Rosa, Bruno G.",Bruno,male,0.9999652389475681,True
Towards Wearable and Flexible Sensors and Circuits Integration for Stress Monitoring,"Lo, Benny P. L.",Benny,male,0.994954103833834,True
Towards Wearable and Flexible Sensors and Circuits Integration for Stress Monitoring,"Assender, Hazel E.",Hazel,female,0.9996455796666827,True
Towards Wearable and Flexible Sensors and Circuits Integration for Stress Monitoring,"Yang, Guang-Zhong",Guang,male,0.9867811274174588,True
Performance Analysis for Joint Illumination and Visible Light Communication Using Buck Driver,"Deng, Xiong",Xiong,male,0.9903869484623326,True
Performance Analysis for Joint Illumination and Visible Light Communication Using Buck Driver,"Arulandu, Kumar",Kumar,male,0.9999620319930219,True
Performance Analysis for Joint Illumination and Visible Light Communication Using Buck Driver,"Wu, Yan",Yan,unknown,0.5336648310743305,False
Performance Analysis for Joint Illumination and Visible Light Communication Using Buck Driver,"Zhou, Guofu",Guofu,male,0.9811442640302486,True
Performance Analysis for Joint Illumination and Visible Light Communication Using Buck Driver,"Linnartz, Jean-Paul M. G.",Jean,female,0.6637228001271365,False
Multi-Track Joint Detection for Shingled Magnetic Recording on Bit Patterned Media With 2-D Sectors,"Wang, Yao",Yao,male,0.9931221313871769,True
Multi-Track Joint Detection for Shingled Magnetic Recording on Bit Patterned Media With 2-D Sectors,"Kumar, B. V. K. Vijaya",,unknown,0,False
Comparative study of several time-domain methods for optical waveguide analyses,"Shibayama, J.",,unknown,0,False
Comparative study of several time-domain methods for optical waveguide analyses,"Muraki, M.",,unknown,0,False
Comparative study of several time-domain methods for optical waveguide analyses,"Yamauchi, J.",,unknown,0,False
Comparative study of several time-domain methods for optical waveguide analyses,"Nakano, H.",,unknown,0,False
VM-Based Baseline Predictive Maintenance Scheme,"Hsieh, Yao-Sheng",Yao,male,0.9931221313871769,True
VM-Based Baseline Predictive Maintenance Scheme,"Cheng, Fan-Tien",Fan,female,0.7049472782559173,False
VM-Based Baseline Predictive Maintenance Scheme,"Huang, Hsien-Cheng",Hsien,male,0.980518283425056,True
VM-Based Baseline Predictive Maintenance Scheme,"Wang, Chung-Ren",Chung,male,0.989073925346198,True
VM-Based Baseline Predictive Maintenance Scheme,"Wang, Saint-Chi",Saint,male,0.9886048891494889,True
VM-Based Baseline Predictive Maintenance Scheme,"Yang, Haw-Ching",Haw,male,0.9940257712307156,True
Doppler Ambiguity Resolution for Binary-Phase-Modulated MIMO FMCW Radars,"Gonzalez, Hector A.",Hector,male,0.9999921962844164,True
Doppler Ambiguity Resolution for Binary-Phase-Modulated MIMO FMCW Radars,"Liu, Chen",Chen,male,0.8803324700638614,True
Doppler Ambiguity Resolution for Binary-Phase-Modulated MIMO FMCW Radars,"Vogginger, Bernhard",Bernhard,male,0.9999742564512356,True
Doppler Ambiguity Resolution for Binary-Phase-Modulated MIMO FMCW Radars,"Mayr, Christian G.",Christian,male,0.9993987974523811,True
Eigenmode analysis of a light-guiding metal line loaded on a dielectric substrate using the imaginary-distance beam-propagation method,"Shibayama, J.",,unknown,0,False
Eigenmode analysis of a light-guiding metal line loaded on a dielectric substrate using the imaginary-distance beam-propagation method,"Yamazaki, T.",,unknown,0,False
Eigenmode analysis of a light-guiding metal line loaded on a dielectric substrate using the imaginary-distance beam-propagation method,"Yamauchi, J.",,unknown,0,False
Eigenmode analysis of a light-guiding metal line loaded on a dielectric substrate using the imaginary-distance beam-propagation method,"Nakano, H.",,unknown,0,False
Semantics-Based Aspect-Oriented Management of Exceptional Flows in Business Processes,"Ghidini, Chiara",Chiara,female,0.9999918135427956,True
Semantics-Based Aspect-Oriented Management of Exceptional Flows in Business Processes,"Francescomarino, Chiara Di",Chiara,female,0.9999918135427956,True
Semantics-Based Aspect-Oriented Management of Exceptional Flows in Business Processes,"Rospocher, Marco",Marco,male,0.9998964214527616,True
Semantics-Based Aspect-Oriented Management of Exceptional Flows in Business Processes,"Tonella, Paolo",Paolo,male,0.9999357526976299,True
Semantics-Based Aspect-Oriented Management of Exceptional Flows in Business Processes,"Serafini, Luciano",Luciano,male,0.9996589196440591,True
A Novel Nonparaxial Time-Domain Beam-Propagation Method for Modeling Ultrashort Pulses in Optical Structures,"Masoudi, Husain M.",Husain,male,0.9997616061898512,True
"The Davey-MacKay Coding Scheme for Channels With Dependent Insertion, Deletion, and Substitution Errors","Wu, Tong",Tong,male,0.9861388834780277,True
"The Davey-MacKay Coding Scheme for Channels With Dependent Insertion, Deletion, and Substitution Errors","Armand, Marc A.",Marc,male,0.9999669556997242,True
Detection-Decoding on BPMR Channels With Written-In Error Correction and ITI Mitigation,"Wu, Tong",Tong,male,0.9861388834780277,True
Detection-Decoding on BPMR Channels With Written-In Error Correction and ITI Mitigation,"Armand, Marc A.",Marc,male,0.9999669556997242,True
Detection-Decoding on BPMR Channels With Written-In Error Correction and ITI Mitigation,"Cruz, J. R.",,unknown,0,False
UWB Monocycle Generation and Bi-Phase Modulation Based on Mach–Zehnder Modulator and Semiconductor Optical Amplifier,"Yu, Yuan",Yuan,male,0.6305973625632009,False
UWB Monocycle Generation and Bi-Phase Modulation Based on Mach–Zehnder Modulator and Semiconductor Optical Amplifier,"Dong, Jianji",Jianji,male,0.9261150517932857,True
UWB Monocycle Generation and Bi-Phase Modulation Based on Mach–Zehnder Modulator and Semiconductor Optical Amplifier,"Li, Xiang",Xiang,male,0.9794549559775189,True
UWB Monocycle Generation and Bi-Phase Modulation Based on Mach–Zehnder Modulator and Semiconductor Optical Amplifier,"Zhang, Xinliang",Xinliang,male,0.9023558039322666,True
Implicit Yee-mesh-based finite-difference full-vectorial beam-propagation method,"Yamauchi, J.",,unknown,0,False
Implicit Yee-mesh-based finite-difference full-vectorial beam-propagation method,"Mugita, T.",,unknown,0,False
Implicit Yee-mesh-based finite-difference full-vectorial beam-propagation method,"Nakano, H.",,unknown,0,False
Design Optimization of Compact Wideband Optical Switch Exploiting Staircase Index MMI,"Swillam, Mohamed A.",Mohamed,male,0.9999971268152898,True
Design Optimization of Compact Wideband Optical Switch Exploiting Staircase Index MMI,"Bakr, Mohamed H.",Mohamed,male,0.9999971268152898,True
Design Optimization of Compact Wideband Optical Switch Exploiting Staircase Index MMI,"Li, Xun",Xun,male,0.988639565051953,True
A systems engineering approach for crown jewels estimation and mission assurance decision making,"Musman, Scott",Scott,male,0.9999236777795567,True
A systems engineering approach for crown jewels estimation and mission assurance decision making,"Tanner, Mike",Mike,male,0.9993471735902227,True
A systems engineering approach for crown jewels estimation and mission assurance decision making,"Temin, Aaron",Aaron,male,0.9999569688558521,True
A systems engineering approach for crown jewels estimation and mission assurance decision making,"Elsaesser, Evan",Evan,male,0.9999798906773547,True
A systems engineering approach for crown jewels estimation and mission assurance decision making,"Loren, Lewis",Lewis,male,0.999936851022061,True
Analysis of the Coupling Mechanism in Asymmetric Fused Fiber Couplers,"Pelegrina-Bonilla, Gabriel",Gabriel,male,0.9999678001289709,True
Analysis of the Coupling Mechanism in Asymmetric Fused Fiber Couplers,"Hausmann, Katharina",Katharina,female,0.9999985016295945,True
Analysis of the Coupling Mechanism in Asymmetric Fused Fiber Couplers,"Tünnermann, Henrik",Henrik,male,0.9999612355431858,True
Analysis of the Coupling Mechanism in Asymmetric Fused Fiber Couplers,"Weßels, Peter",Peter,male,0.9999580684529622,True
Analysis of the Coupling Mechanism in Asymmetric Fused Fiber Couplers,"Sayinc, Hakan",Hakan,male,0.9999846426271792,True
Analysis of the Coupling Mechanism in Asymmetric Fused Fiber Couplers,"Morgner, Uwe",Uwe,male,0.9993723681134667,True
Analysis of the Coupling Mechanism in Asymmetric Fused Fiber Couplers,"Neumann, Jörg",Jörg,male,0.9995939947892971,True
Analysis of the Coupling Mechanism in Asymmetric Fused Fiber Couplers,"Kracht, Dietmar",Dietmar,male,0.999991274897892,True
Diffraction Modeling of the Multicore Fiber Amplifier,"Elkin, Nikolay N.",Nikolay,male,0.9999162559793521,True
Diffraction Modeling of the Multicore Fiber Amplifier,"Napartovich, Anatoly P.",Anatoly,male,0.9993657692707733,True
Diffraction Modeling of the Multicore Fiber Amplifier,"Troshchieva, Vera N.",Vera,female,0.999989641773325,True
Diffraction Modeling of the Multicore Fiber Amplifier,"Vysotsky, Dmitry V.",Dmitry,male,0.9995273215032597,True
"Enterprise Content Management (ECM): Needs, challenges and recommendations","Usman, Muhammad",Muhammad,male,0.9999971836173159,True
"Enterprise Content Management (ECM): Needs, challenges and recommendations","Muzaffar, Abdul Wahab",Abdul,male,0.9999849121594339,True
"Enterprise Content Management (ECM): Needs, challenges and recommendations","Rauf, Abdul",Abdul,male,0.9999849121594339,True
Passive Waveguide Device Consisting of Cascaded Asymmetric X-Junction Couplers for High-Contrast Recognition of Optical BPSK Labels,"Ihara, Akito",Akito,male,0.9993234284036625,True
Passive Waveguide Device Consisting of Cascaded Asymmetric X-Junction Couplers for High-Contrast Recognition of Optical BPSK Labels,"Kishikawa, Hiroki",Hiroki,male,0.9997470067414045,True
Passive Waveguide Device Consisting of Cascaded Asymmetric X-Junction Couplers for High-Contrast Recognition of Optical BPSK Labels,"Goto, Nobuo",Nobuo,male,0.999989930867764,True
Passive Waveguide Device Consisting of Cascaded Asymmetric X-Junction Couplers for High-Contrast Recognition of Optical BPSK Labels,"Yanagiya, Shin-Ichiro",Shin,male,0.8055345113308964,True
Business process co-design for energy-aware adaptation,"Cappiello, Cinzia",Cinzia,female,0.9999947670762499,True
Business process co-design for energy-aware adaptation,"Fugini, MariaGrazia",MariaGrazia,female,0.9999960433448792,True
Business process co-design for energy-aware adaptation,"Ferreira, Alexandre Mello",Alexandre,male,0.9994086190609315,True
Business process co-design for energy-aware adaptation,"Plebani, Pierluigi",Pierluigi,male,0.9997616540531535,True
Business process co-design for energy-aware adaptation,"Vitali, Monica",Monica,female,0.9999945356847385,True
Noise Mitigation in Granular and Bit-Patterned Media for HAMR,"Victora, R. H.",,unknown,0,False
Noise Mitigation in Granular and Bit-Patterned Media for HAMR,"Wang, Sumei",Sumei,female,0.991466758445318,True
Noise Mitigation in Granular and Bit-Patterned Media for HAMR,"Huang, Pin-Wei",Pin,male,0.9637631739924238,True
Noise Mitigation in Granular and Bit-Patterned Media for HAMR,"Ghoreyshi, Ali",Ali,male,0.988143397255068,True
An Efficient Semivectorial Bidirectional Beam Propagation Method for 3-D Optical Waveguide Structures,"Wu, Shengbao",Shengbao,male,0.978429198742532,True
An Efficient Semivectorial Bidirectional Beam Propagation Method for 3-D Optical Waveguide Structures,"Xiao, Jinbiao",Jinbiao,male,0.9838112063653762,True
Modifications of Structure and Magnetic Properties of \boldsymbol L1_0 MnAl and MnGa Films by Kr+ Ion Irradiation,"Oshima, Daiki",Daiki,male,0.9990798771265723,True
Modifications of Structure and Magnetic Properties of \boldsymbol L1_0 MnAl and MnGa Films by Kr+ Ion Irradiation,"Tanimoto, Masahiro",Masahiro,male,0.9999081624641136,True
Modifications of Structure and Magnetic Properties of \boldsymbol L1_0 MnAl and MnGa Films by Kr+ Ion Irradiation,"Kato, Takeshi",Takeshi,male,0.9997687224682361,True
Modifications of Structure and Magnetic Properties of \boldsymbol L1_0 MnAl and MnGa Films by Kr+ Ion Irradiation,"Fujiwara, Yuji",Yuji,male,0.9936043264071972,True
Modifications of Structure and Magnetic Properties of \boldsymbol L1_0 MnAl and MnGa Films by Kr+ Ion Irradiation,"Nakamura, Tetsuya",Tetsuya,male,0.9933928473956375,True
Modifications of Structure and Magnetic Properties of \boldsymbol L1_0 MnAl and MnGa Films by Kr+ Ion Irradiation,"Kotani, Yoshinori",Yoshinori,male,0.9998376720056485,True
Modifications of Structure and Magnetic Properties of \boldsymbol L1_0 MnAl and MnGa Films by Kr+ Ion Irradiation,"Tsunashima, Shigeru",Shigeru,male,0.9997847340054454,True
Modifications of Structure and Magnetic Properties of \boldsymbol L1_0 MnAl and MnGa Films by Kr+ Ion Irradiation,"Iwata, Satoshi",Satoshi,male,0.999002410459802,True
Generation of Component Based Architecture from Business Processes: Model Driven Engineering for SOA,"Dahman, Karim",Karim,male,0.9982261835394265,True
Generation of Component Based Architecture from Business Processes: Model Driven Engineering for SOA,"Charoy, Francois",Francois,male,0.9999775911572618,True
Generation of Component Based Architecture from Business Processes: Model Driven Engineering for SOA,"Godart, Claude",Claude,male,0.9979920763238813,True
Unifying Compliance Management in Adaptive Environments through Variability Descriptors (Short Paper),"Koetter, Falko",Falko,male,0.9938941136601905,True
Unifying Compliance Management in Adaptive Environments through Variability Descriptors (Short Paper),"Kochanowski, Monika",Monika,female,0.999996989457821,True
Unifying Compliance Management in Adaptive Environments through Variability Descriptors (Short Paper),"Renner, Thomas",Thomas,male,0.9999981017477207,True
Unifying Compliance Management in Adaptive Environments through Variability Descriptors (Short Paper),"Fehling, Christoph",Christoph,male,0.9996583666010818,True
Unifying Compliance Management in Adaptive Environments through Variability Descriptors (Short Paper),"Leymann, Frank",Frank,male,0.999947578866658,True
ACO-based scheduling for a single Batch Processing Machine in semiconductor manufacturing,"Li, Li",Li,female,0.9821247080400133,True
ACO-based scheduling for a single Batch Processing Machine in semiconductor manufacturing,"Qiao, Fei",Fei,unknown,0.524875276973862,False
A Proposal of Case-Based Approach to Clinical Pathway Modeling Support,"Ardito, Carmelo",Carmelo,male,0.9997529037932493,True
A Proposal of Case-Based Approach to Clinical Pathway Modeling Support,"Bellifemine, Francesco",Francesco,male,0.9999449415190484,True
A Proposal of Case-Based Approach to Clinical Pathway Modeling Support,"Di Noia, Tommaso",Tommaso,male,0.9999643045512738,True
A Proposal of Case-Based Approach to Clinical Pathway Modeling Support,"Lofù, Domenico",Domenico,male,0.9999598086754721,True
A Proposal of Case-Based Approach to Clinical Pathway Modeling Support,"Mallardi, Giulio",Giulio,male,0.9999319678528888,True
Modeling and Validating BPMN Diagrams,"Chinosi, Michele",Michele,female,0.9992481428630472,True
Modeling and Validating BPMN Diagrams,"Trombetta, Alberto",Alberto,male,0.9998864566720463,True
Sub-10-nm Size and Sub-40-nm Pitch Metal Dot Patterning for Low-Cost Bit Patterned Media Application,"Tobing, Landobasa Y. M.",Landobasa,unknown,0.7121794858987295,False
Sub-10-nm Size and Sub-40-nm Pitch Metal Dot Patterning for Low-Cost Bit Patterned Media Application,"Tjahjana, Liliana",Liliana,female,0.9999990854144832,True
Sub-10-nm Size and Sub-40-nm Pitch Metal Dot Patterning for Low-Cost Bit Patterned Media Application,"Zhang, Dao Hua",Dao,male,0.9090365945617355,True
Dependence of Write-Window on Write Error Rates in Bit Patterned Media,"Kalezhi, Josephat",Josephat,male,0.9985490886567224,True
Dependence of Write-Window on Write Error Rates in Bit Patterned Media,"Belle, Branson D.",Branson,male,0.999977127539428,True
Dependence of Write-Window on Write Error Rates in Bit Patterned Media,"Miles, Jim J.",Jim,male,0.999978699711865,True
Ion Implantation Challenges for Patterned Media at Areal Densities Over 5 Tbpsi,"Kundu, Shreya",Shreya,female,0.9999963678625061,True
Ion Implantation Challenges for Patterned Media at Areal Densities Over 5 Tbpsi,"Gaur, Nikita",Nikita,female,0.9992518262057071,True
Ion Implantation Challenges for Patterned Media at Areal Densities Over 5 Tbpsi,"Piramanayagam, S. N.",,unknown,0,False
Ion Implantation Challenges for Patterned Media at Areal Densities Over 5 Tbpsi,"Maurer, Siegfried L.",Siegfried,male,0.9999675298676177,True
Ion Implantation Challenges for Patterned Media at Areal Densities Over 5 Tbpsi,"Yang, Hyunsoo",Hyunsoo,male,0.995536925872771,True
Ion Implantation Challenges for Patterned Media at Areal Densities Over 5 Tbpsi,"Bhatia, Charanjit Singh",Charanjit,male,0.9641763344960992,True
Study on High Precision and Stable Finite Element Beam Propagation Method Based on Incomplete Third Order Hybrid Edge/Nodal Element,"Kawai, Shohei",Shohei,male,0.999961145273339,True
Study on High Precision and Stable Finite Element Beam Propagation Method Based on Incomplete Third Order Hybrid Edge/Nodal Element,"Iguchi, Akito",Akito,male,0.9993234284036625,True
Study on High Precision and Stable Finite Element Beam Propagation Method Based on Incomplete Third Order Hybrid Edge/Nodal Element,"Tsuji, Yasuhide",Yasuhide,male,0.9913747261695368,True
An Efficient Approach for Multi-tenant Elastic Business Processes Management in Cloud Computing Environment,"Rosinosky, Guillaume",Guillaume,male,0.9995033457648226,True
An Efficient Approach for Multi-tenant Elastic Business Processes Management in Cloud Computing Environment,"Youcef, Samir",Samir,male,0.9999472082708237,True
An Efficient Approach for Multi-tenant Elastic Business Processes Management in Cloud Computing Environment,"Charoy, François",François,male,0.9947714368930283,True
Optimizing Process Performance Visibility through Additional Descriptive Features in Performance Measurement,"Pidun, Tim",Tim,male,0.9999194162795334,True
Optimizing Process Performance Visibility through Additional Descriptive Features in Performance Measurement,"Buder, Johannes",Johannes,male,0.9999887278356387,True
Optimizing Process Performance Visibility through Additional Descriptive Features in Performance Measurement,"Felden, Carsten",Carsten,male,0.9999179788184361,True
Combining Local PWV and Quantified Arterial Changes for Calibration-Free Cuffless Blood Pressure Estimation: A Clinical Validation,"Guo, Cheng-Yan",Cheng,male,0.9844419389561052,True
Combining Local PWV and Quantified Arterial Changes for Calibration-Free Cuffless Blood Pressure Estimation: A Clinical Validation,"Huang, Chi-Hung",Chi,unknown,0.719650789537785,False
Combining Local PWV and Quantified Arterial Changes for Calibration-Free Cuffless Blood Pressure Estimation: A Clinical Validation,"Chang, Chia-Chi",Chia,female,0.982291762364419,True
Combining Local PWV and Quantified Arterial Changes for Calibration-Free Cuffless Blood Pressure Estimation: A Clinical Validation,"Wang, Kuan-Jen",Kuan,male,0.9984656413380333,True
Combining Local PWV and Quantified Arterial Changes for Calibration-Free Cuffless Blood Pressure Estimation: A Clinical Validation,"Hsieh, Tung-Li",Tung,male,0.992430386227844,True
A Platform-Independent Mechanism for Deployment of Business Processes Using Abstract Services,"Mos, Adrian",Adrian,male,0.998830188234461,True
A Platform-Independent Mechanism for Deployment of Business Processes Using Abstract Services,"Jacquin, Thierry",Thierry,male,0.9986107594852149,True
Collaborative management of applications in enterprise social networks,"Hatzi, Ourania",Ourania,female,0.999994149692421,True
Collaborative management of applications in enterprise social networks,"Meletakis, Giannis",Giannis,male,0.99912380355075,True
Collaborative management of applications in enterprise social networks,"Nikolaidou, Mara",Mara,female,0.9999744519898365,True
Collaborative management of applications in enterprise social networks,"Anagnostopoulos, Dimosthenis",Dimosthenis,male,0.9980820683468926,True
Extracting Data Objects and Their States from Process Models,"Meyer, Andreas",Andreas,male,0.9999763395171621,True
Extracting Data Objects and Their States from Process Models,"Weske, Mathias",Mathias,male,0.999948038650782,True
Supporting Collaborative Decision Processes,"Vaculín, Roman",Roman,male,0.9999958558456321,True
Supporting Collaborative Decision Processes,"Hull, Richard",Richard,male,0.9999944029565571,True
Supporting Collaborative Decision Processes,"Vukovic, Maja",Maja,female,0.9999911553938743,True
Supporting Collaborative Decision Processes,"Heath, Terry",Terry,male,0.9860098061835473,True
Supporting Collaborative Decision Processes,"Mills, Nathaniel",Nathaniel,male,0.999788654466561,True
Supporting Collaborative Decision Processes,"Sun, Yutian",Yutian,unknown,0.7344049874880008,False
Hybridization of III-V semiconductor membranes onto ion-exchanged waveguides,"Nannini, M.",,unknown,0,False
Hybridization of III-V semiconductor membranes onto ion-exchanged waveguides,"Grondin, E.",,unknown,0,False
Hybridization of III-V semiconductor membranes onto ion-exchanged waveguides,"Gorin, A.",,unknown,0,False
Hybridization of III-V semiconductor membranes onto ion-exchanged waveguides,"Aimez, V.",,unknown,0,False
Hybridization of III-V semiconductor membranes onto ion-exchanged waveguides,"Broquin, J.-E.",J.,unknown,0.5718136063237217,False
Optimized execution of business processes on crowdsourcing platforms,"Khazankin, Roman",Roman,male,0.9999958558456321,True
Optimized execution of business processes on crowdsourcing platforms,"Satzger, Benjamin",Benjamin,male,0.9999526772956454,True
Optimized execution of business processes on crowdsourcing platforms,"Dustdar, Schahram",Schahram,unknown,0.7299774829155605,False
Optical Analysis of Small Pixel Liquid Crystal Microdisplays,"Vanbrabant, Pieter J. M.",Pieter,male,0.9999603817918126,True
Optical Analysis of Small Pixel Liquid Crystal Microdisplays,"Beeckman, Jeroen",Jeroen,male,0.9999853996672198,True
Optical Analysis of Small Pixel Liquid Crystal Microdisplays,"Neyts, Kristiaan",Kristiaan,male,0.9975552925133739,True
Optical Analysis of Small Pixel Liquid Crystal Microdisplays,"James, Richard",Richard,male,0.9999944029565571,True
Optical Analysis of Small Pixel Liquid Crystal Microdisplays,"Fernandez, F. Anibal",,unknown,0,False
Business process modelling towards derive and implement IT goals,"Alotaibi, Youseef",Youseef,male,0.9987114179817547,True
Business process modelling towards derive and implement IT goals,"Liu, Fei",Fei,unknown,0.524875276973862,False
"A Low-Noise Charge Amplifier for the ELENA Trajectory, Orbit, and Intensity Measurement System","Marco-Hernández, Ricardo",Ricardo,male,0.99996029299145,True
"A Low-Noise Charge Amplifier for the ELENA Trajectory, Orbit, and Intensity Measurement System","Baú, Marco",Marco,male,0.9998964214527616,True
"A Low-Noise Charge Amplifier for the ELENA Trajectory, Orbit, and Intensity Measurement System","Ferrari, Marco",Marco,male,0.9998964214527616,True
"A Low-Noise Charge Amplifier for the ELENA Trajectory, Orbit, and Intensity Measurement System","Ferrari, Vittorio",Vittorio,male,0.9999082749236907,True
"A Low-Noise Charge Amplifier for the ELENA Trajectory, Orbit, and Intensity Measurement System","Pedersen, Flemming",Flemming,male,0.9964889565086623,True
"A Low-Noise Charge Amplifier for the ELENA Trajectory, Orbit, and Intensity Measurement System","Søby, Lars",Lars,male,0.9998276630707326,True
Simulation of Expected Areal Density Gain for Heat-Assisted Magnetic Recording Relative to Other Advanced Recording Schemes,"Victora, R. H.",,unknown,0,False
Simulation of Expected Areal Density Gain for Heat-Assisted Magnetic Recording Relative to Other Advanced Recording Schemes,"Wang, Sumei",Sumei,female,0.991466758445318,True
Improving Process Robustness through Domain-Specific Model Transformations,"Mos, Adrian",Adrian,male,0.998830188234461,True
Improving Process Robustness through Domain-Specific Model Transformations,"Jacquin, Thierry",Thierry,male,0.9986107594852149,True
Determination of Position Jitter and Dot-Size Fluctuations in Patterned Arrays Fabricated by the Directed Self-Assembly of Gold Nanoparticles,"Asbahi, Mohamed",Mohamed,male,0.9999971268152898,True
Determination of Position Jitter and Dot-Size Fluctuations in Patterned Arrays Fabricated by the Directed Self-Assembly of Gold Nanoparticles,"Lim, Kevin T. P.",Kevin,male,0.9999799402805698,True
Determination of Position Jitter and Dot-Size Fluctuations in Patterned Arrays Fabricated by the Directed Self-Assembly of Gold Nanoparticles,"Wang, Fuke",Fuke,unknown,0.5593561969915767,False
Determination of Position Jitter and Dot-Size Fluctuations in Patterned Arrays Fabricated by the Directed Self-Assembly of Gold Nanoparticles,"Lin, Maria Y.",Maria,female,0.9999948398304921,True
Determination of Position Jitter and Dot-Size Fluctuations in Patterned Arrays Fabricated by the Directed Self-Assembly of Gold Nanoparticles,"Chan, Kheong S.",Kheong,male,0.9794819437927098,True
Determination of Position Jitter and Dot-Size Fluctuations in Patterned Arrays Fabricated by the Directed Self-Assembly of Gold Nanoparticles,"Wu, Baolei",Baolei,male,0.9969576377497228,True
Determination of Position Jitter and Dot-Size Fluctuations in Patterned Arrays Fabricated by the Directed Self-Assembly of Gold Nanoparticles,"Ng, Vivian",Vivian,female,0.9990298487170131,True
Determination of Position Jitter and Dot-Size Fluctuations in Patterned Arrays Fabricated by the Directed Self-Assembly of Gold Nanoparticles,"Yang, Joel K. W.",Joel,male,0.9999974824032438,True
Controlled Flexibility in Business Processes Defined for Service Compositions,"Kapuruge, Malinda",Malinda,female,0.9999984088185713,True
Controlled Flexibility in Business Processes Defined for Service Compositions,"Han, Jun",Jun,male,0.9972113548054844,True
Controlled Flexibility in Business Processes Defined for Service Compositions,"Colman, Alan",Alan,male,0.9999595127093575,True
On the Restriction to Numeric Indicators in Performance Measurement Systems,"Pidun, Tim",Tim,male,0.9999194162795334,True
On the Restriction to Numeric Indicators in Performance Measurement Systems,"Felden, Carsten",Carsten,male,0.9999179788184361,True
Bent Embedded Optical Waveguide With a Loaded Metal Film for Reducing a Polarization Dependent Loss,"Nito, Yuta",Yuta,male,0.9894963162573843,True
Bent Embedded Optical Waveguide With a Loaded Metal Film for Reducing a Polarization Dependent Loss,"Kadowake, Daiki",Daiki,male,0.9990798771265723,True
Bent Embedded Optical Waveguide With a Loaded Metal Film for Reducing a Polarization Dependent Loss,"Yamauchi, Junji",Junji,male,0.9976175762059468,True
Bent Embedded Optical Waveguide With a Loaded Metal Film for Reducing a Polarization Dependent Loss,"Nakano, Hisamatsu",Hisamatsu,unknown,0.5239129542152096,False
Fabrication of Electrodeposited FeCuPt Nanodot Arrays Toward L1₀ Ordering,"Wodarz, Siggi",Siggi,male,0.7669238493260452,True
Fabrication of Electrodeposited FeCuPt Nanodot Arrays Toward L1₀ Ordering,"Hashimoto, Shogo",Shogo,male,0.9999914053502812,True
Fabrication of Electrodeposited FeCuPt Nanodot Arrays Toward L1₀ Ordering,"Kambe, Mana",Mana,female,0.9913547098479925,True
Fabrication of Electrodeposited FeCuPt Nanodot Arrays Toward L1₀ Ordering,"Zangari, Giovanni",Giovanni,male,0.999396045165578,True
Fabrication of Electrodeposited FeCuPt Nanodot Arrays Toward L1₀ Ordering,"Homma, Takayuki",Takayuki,male,0.9996808136814397,True
Rigorous Full-Vectorial Beam Propagation Analysis of Second-Harmonic Generation in Zinc Oxide Waveguides,"Wijeratne, I. N. M.",,unknown,0,False
Rigorous Full-Vectorial Beam Propagation Analysis of Second-Harmonic Generation in Zinc Oxide Waveguides,"Kejalakshmy, N.",,unknown,0,False
Rigorous Full-Vectorial Beam Propagation Analysis of Second-Harmonic Generation in Zinc Oxide Waveguides,"Rahman, B. M. A.",,unknown,0,False
Rigorous Full-Vectorial Beam Propagation Analysis of Second-Harmonic Generation in Zinc Oxide Waveguides,"Grattan, K. T. V.",,unknown,0,False
Deep-Reinforcement-Learning-Based Production Scheduling in Industrial Internet of Things,"Luo, Zihui",Zihui,female,0.9158140961253409,True
Deep-Reinforcement-Learning-Based Production Scheduling in Industrial Internet of Things,"Jiang, Chengling",Chengling,female,0.9812457565109645,True
Deep-Reinforcement-Learning-Based Production Scheduling in Industrial Internet of Things,"Liu, Liang",Liang,male,0.9782482259488245,True
Deep-Reinforcement-Learning-Based Production Scheduling in Industrial Internet of Things,"Zheng, Xiaolong",Xiaolong,male,0.9905625874249027,True
Deep-Reinforcement-Learning-Based Production Scheduling in Industrial Internet of Things,"Ma, Huadong",Huadong,male,0.9785649586009806,True
Deep-Reinforcement-Learning-Based Production Scheduling in Industrial Internet of Things,"Dong, Fang",Fang,female,0.9891921110977769,True
Deep-Reinforcement-Learning-Based Production Scheduling in Industrial Internet of Things,"Li, Fucun",Fucun,male,0.9990233870564384,True
Channel Characterization and Performance Evaluation of Bit-Patterned Media,"Lin, Maria Yu",Maria,female,0.9999948398304921,True
Channel Characterization and Performance Evaluation of Bit-Patterned Media,"Elidrissi, Moulay Rachid",Moulay,male,0.99945555959305,True
Channel Characterization and Performance Evaluation of Bit-Patterned Media,"Chan, Kheong Sann",Kheong,male,0.9794819437927098,True
Channel Characterization and Performance Evaluation of Bit-Patterned Media,"Eason, Kwaku",Kwaku,male,0.9994975510901873,True
Channel Characterization and Performance Evaluation of Bit-Patterned Media,"Chua, Melissa",Melissa,female,0.9999950456142941,True
Channel Characterization and Performance Evaluation of Bit-Patterned Media,"Asbahi, Mohamed",Mohamed,male,0.9999971268152898,True
Channel Characterization and Performance Evaluation of Bit-Patterned Media,"Yang, Joel K. W.",Joel,male,0.9999974824032438,True
Channel Characterization and Performance Evaluation of Bit-Patterned Media,"Thiyagarajah, Naganivetha",Naganivetha,unknown,0.7082743937987975,False
Channel Characterization and Performance Evaluation of Bit-Patterned Media,"Ng, Vivian",Vivian,female,0.9990298487170131,True
Empirical Study of Applying the DEMO Method for Improving BPMN Process Models in Academic Environment,"Naplava, Pavel",Pavel,male,0.9999915029945373,True
Empirical Study of Applying the DEMO Method for Improving BPMN Process Models in Academic Environment,"Pergl, Robert",Robert,male,0.9999776797436909,True
EPClets - A Lightweight and Flexible Textual Language to Augment EPC Process Modelling,"Kapuruge, Malinda",Malinda,female,0.9999984088185713,True
EPClets - A Lightweight and Flexible Textual Language to Augment EPC Process Modelling,"Han, Jun",Jun,male,0.9972113548054844,True
EPClets - A Lightweight and Flexible Textual Language to Augment EPC Process Modelling,"Colman, Alan",Alan,male,0.9999595127093575,True
EPClets - A Lightweight and Flexible Textual Language to Augment EPC Process Modelling,"Rüegg, Ulf",Ulf,male,0.999198922828611,True
2-D Decoding Algorithms and Recording Techniques for Bit Patterned Media Feasibility Demonstrations,"Obukhov, Yuri",Yuri,female,0.8615516334081819,True
2-D Decoding Algorithms and Recording Techniques for Bit Patterned Media Feasibility Demonstrations,"Jubert, Pierre-Olivier",Pierre,male,0.999741392176316,True
2-D Decoding Algorithms and Recording Techniques for Bit Patterned Media Feasibility Demonstrations,"Bedau, Daniel",Daniel,male,0.9999484956264236,True
2-D Decoding Algorithms and Recording Techniques for Bit Patterned Media Feasibility Demonstrations,"Grobis, Michael",Michael,male,0.9999876221560686,True
Intelligent Non-Invasive Vital Signs Estimation From Image Analysis,"Tran, Quoc-Viet",Quoc,male,0.9999978179107253,True
Intelligent Non-Invasive Vital Signs Estimation From Image Analysis,"Su, Shun-Feng",Shun,male,0.9978453513981991,True
Intelligent Non-Invasive Vital Signs Estimation From Image Analysis,"Tran, Quang-Minh",Quang,male,0.993663513685632,True
Intelligent Non-Invasive Vital Signs Estimation From Image Analysis,"Truong, Vi",Vi,female,0.9917260834524001,True
"A Fully Analog Autonomous QRS Complex Detection and Low-Complexity Asystole, Extreme Bradycardia, and Tachycardia Classification System","Jha, Pankaj Kumar",Pankaj,male,0.9999652603290254,True
"A Fully Analog Autonomous QRS Complex Detection and Low-Complexity Asystole, Extreme Bradycardia, and Tachycardia Classification System","Rajendran, Murali Krishna",Murali,male,0.9972113250301976,True
"A Fully Analog Autonomous QRS Complex Detection and Low-Complexity Asystole, Extreme Bradycardia, and Tachycardia Classification System","Lenka, Prakash Kumar",Prakash,male,0.9998276600638242,True
"A Fully Analog Autonomous QRS Complex Detection and Low-Complexity Asystole, Extreme Bradycardia, and Tachycardia Classification System","Acharyya, Amit",Amit,male,0.9985253474283259,True
"A Fully Analog Autonomous QRS Complex Detection and Low-Complexity Asystole, Extreme Bradycardia, and Tachycardia Classification System","Dutta, Ashudeb",Ashudeb,male,0.7606195748264244,True
Write Errors in Bit-Patterned Media: The Importance of Parameter Distribution Tails,"Talbot, Jennifer E.",Jennifer,female,0.9988421343723142,True
Write Errors in Bit-Patterned Media: The Importance of Parameter Distribution Tails,"Kalezhi, Josephat",Josephat,male,0.9985490886567224,True
Write Errors in Bit-Patterned Media: The Importance of Parameter Distribution Tails,"Barton, Craig",Craig,male,0.9997549259561002,True
Write Errors in Bit-Patterned Media: The Importance of Parameter Distribution Tails,"Heldt, Georg",Georg,male,0.9999050343867972,True
Write Errors in Bit-Patterned Media: The Importance of Parameter Distribution Tails,"Miles, Jim",Jim,male,0.999978699711865,True
Switching Field Distribution of MnGa Bit Patterned Film Fabricated by Ion Beam Irradiation,"Oshima, D.",,unknown,0,False
Switching Field Distribution of MnGa Bit Patterned Film Fabricated by Ion Beam Irradiation,"Kato, T.",,unknown,0,False
Switching Field Distribution of MnGa Bit Patterned Film Fabricated by Ion Beam Irradiation,"Iwata, S.",,unknown,0,False
Flow-Shop Scheduling Problem With Batch Processing Machines via Deep Reinforcement Learning for Industrial Internet of Things,"Luo, Zihui",Zihui,female,0.9158140961253409,True
Flow-Shop Scheduling Problem With Batch Processing Machines via Deep Reinforcement Learning for Industrial Internet of Things,"Jiang, Chengling",Chengling,female,0.9812457565109645,True
Flow-Shop Scheduling Problem With Batch Processing Machines via Deep Reinforcement Learning for Industrial Internet of Things,"Liu, Liang",Liang,male,0.9782482259488245,True
Flow-Shop Scheduling Problem With Batch Processing Machines via Deep Reinforcement Learning for Industrial Internet of Things,"Zheng, Xiaolong",Xiaolong,male,0.9905625874249027,True
Flow-Shop Scheduling Problem With Batch Processing Machines via Deep Reinforcement Learning for Industrial Internet of Things,"Ma, Huadong",Huadong,male,0.9785649586009806,True
A Metaheuristic Framework for Energy-Intensive Industries With Batch Processing Machines,"Abedi, Mehdi",Mehdi,male,0.9998841882341889,True
A Metaheuristic Framework for Energy-Intensive Industries With Batch Processing Machines,"Chiong, Raymond",Raymond,male,0.9999627275908509,True
A Metaheuristic Framework for Energy-Intensive Industries With Batch Processing Machines,"Noman, Nasimul",Nasimul,male,0.9962428675269994,True
A Metaheuristic Framework for Energy-Intensive Industries With Batch Processing Machines,"Liao, Xiaoya",Xiaoya,female,0.990657685893001,True
A Metaheuristic Framework for Energy-Intensive Industries With Batch Processing Machines,"Li, Debiao",Debiao,male,0.9991442293660968,True
Modeling business processes for PLM services integration in PLM system,"Hossain, Syed Akhter",Syed,male,0.9999781471136275,True
Modeling business processes for PLM services integration in PLM system,"Kadiri, Soumaya El",Soumaya,female,0.9999923926235169,True
Modeling business processes for PLM services integration in PLM system,"Bouras, Abdelaziz",Abdelaziz,male,0.9999374913519348,True
A business-oriented approach to requirements elicitation,"Przybylek, Adam",Adam,male,0.999989304097136,True
Magnetic Properties and Magnetization Reversal of Thin Films and Nanodots Consisting of Exchange-Coupled Composite Co/Pd Multi-Layer and Co Layer With Orthogonal Anisotropies,"Wong, Seng-Kai",Seng,male,0.9218070486101326,True
Magnetic Properties and Magnetization Reversal of Thin Films and Nanodots Consisting of Exchange-Coupled Composite Co/Pd Multi-Layer and Co Layer With Orthogonal Anisotropies,"Sbiaa, Rachid",Rachid,male,0.9999913462472123,True
Magnetic Properties and Magnetization Reversal of Thin Films and Nanodots Consisting of Exchange-Coupled Composite Co/Pd Multi-Layer and Co Layer With Orthogonal Anisotropies,"Piramanayagam, Seidikkurippu N.",Seidikkurippu,unknown,0.5933078167560368,False
Magnetic Properties and Magnetization Reversal of Thin Films and Nanodots Consisting of Exchange-Coupled Composite Co/Pd Multi-Layer and Co Layer With Orthogonal Anisotropies,"Tahmasebi, Taiebeh",Taiebeh,female,0.9942587746026649,True
Simulation-based Analysis Of Highway Trajectory Planning Using High-Order Polynomial For Highly Automated Driving Function,"Patel, Milin",Milin,male,0.9835764174349177,True
Simulation-based Analysis Of Highway Trajectory Planning Using High-Order Polynomial For Highly Automated Driving Function,"Khatun, Marzana",Marzana,female,0.999818385079155,True
Simulation-based Analysis Of Highway Trajectory Planning Using High-Order Polynomial For Highly Automated Driving Function,"Jung, Rolf",Rolf,male,0.9999906658885414,True
Simulation-based Analysis Of Highway Trajectory Planning Using High-Order Polynomial For Highly Automated Driving Function,"Glaß, Michael",Michael,male,0.9999876221560686,True
BPELscript: A Simplified Script Syntax for WS-BPEL 2.0,"Bischof, Marc",Marc,male,0.9999669556997242,True
BPELscript: A Simplified Script Syntax for WS-BPEL 2.0,"Kopp, Oliver",Oliver,male,0.9999907881390401,True
BPELscript: A Simplified Script Syntax for WS-BPEL 2.0,"van Lessen, Tammo",Tammo,male,0.984948567260137,True
BPELscript: A Simplified Script Syntax for WS-BPEL 2.0,"Leymann, Frank",Frank,male,0.999947578866658,True
Ecosystem for Business Driven IT Management,"Reimer, Tim",Tim,male,0.9999194162795334,True
Ecosystem for Business Driven IT Management,"Tan, Qing",Qing,female,0.9896115846174542,True
A Model for Dynamic Services Discovery over Largely Distributed Providers Based on QoS and Business Processes Contexts,"de Souza, Alexandre Perin",Alexandre,male,0.9994086190609315,True
A Model for Dynamic Services Discovery over Largely Distributed Providers Based on QoS and Business Processes Contexts,"Rabelo, Ricardo J.",Ricardo,male,0.99996029299145,True
MRNet - A Deep Learning Based Multitasking Model for Respiration Rate Estimation in Practical Settings,"Rathore, Kapil Singh",Kapil,male,0.9998568399000057,True
MRNet - A Deep Learning Based Multitasking Model for Respiration Rate Estimation in Practical Settings,"Sricharan, V",V,unknown,0.5257877746519399,False
MRNet - A Deep Learning Based Multitasking Model for Respiration Rate Estimation in Practical Settings,"Preejith, SP",SP,male,0.9743697336203628,True
MRNet - A Deep Learning Based Multitasking Model for Respiration Rate Estimation in Practical Settings,"Sivaprakasam, Mohanasankar",Mohanasankar,male,0.7978294549229101,True
A Beamspace-Based DOA Estimation Algorithm for 2D Massive MIMO Systems,"Zhou, Hongli",Hongli,female,0.94599121824855,True
A Beamspace-Based DOA Estimation Algorithm for 2D Massive MIMO Systems,"Liu, Yang",Yang,unknown,0.6608034619216988,False
A Beamspace-Based DOA Estimation Algorithm for 2D Massive MIMO Systems,"Lv, Cheng",Cheng,male,0.9844419389561052,True
A Beamspace-Based DOA Estimation Algorithm for 2D Massive MIMO Systems,"Li, Yuting",Yuting,female,0.9987444843781504,True
A Beamspace-Based DOA Estimation Algorithm for 2D Massive MIMO Systems,"Yu, Jia",Jia,female,0.9786046630795809,True
Sensitivity-Based Structural Optimal Design With Bi-Directional Beam Propagation Method for Photonic Devices in High-Index-Contrast Waveguides,"Iguchi, Akito",Akito,male,0.9993234284036625,True
Sensitivity-Based Structural Optimal Design With Bi-Directional Beam Propagation Method for Photonic Devices in High-Index-Contrast Waveguides,"Morimoto, Keita",Keita,unknown,0.6659594020632946,False
Sensitivity-Based Structural Optimal Design With Bi-Directional Beam Propagation Method for Photonic Devices in High-Index-Contrast Waveguides,"Tsuji, Yasuhide",Yasuhide,male,0.9913747261695368,True
Platform based approach for automation of workflows in a system of systems,"Ploom, Tarmo",Tarmo,male,0.9951292561879037,True
Platform based approach for automation of workflows in a system of systems,"Glaser, Axel",Axel,male,0.9999905585480233,True
Platform based approach for automation of workflows in a system of systems,"Scheit, Stefan",Stefan,male,0.9999831604184807,True
Facilitating Cloud Process Family Co-Evolution by Reusable Process Plug-in: An Open-source Prototype,"Feng, Zaiwen",Zaiwen,unknown,0.5806073331293997,False
Facilitating Cloud Process Family Co-Evolution by Reusable Process Plug-in: An Open-source Prototype,"Chiu, Dickson K.W.",Dickson,male,0.9999428073689552,True
Facilitating Cloud Process Family Co-Evolution by Reusable Process Plug-in: An Open-source Prototype,"Peng, Rong",Rong,unknown,0.7174724947670523,False
Facilitating Cloud Process Family Co-Evolution by Reusable Process Plug-in: An Open-source Prototype,"Gong, Ping",Ping,female,0.9897941603132419,True
Facilitating Cloud Process Family Co-Evolution by Reusable Process Plug-in: An Open-source Prototype,"He, Keqing",Keqing,female,0.5699241016451004,False
Facilitating Cloud Process Family Co-Evolution by Reusable Process Plug-in: An Open-source Prototype,"Huang, Yiwang",Yiwang,unknown,0.5568082665829615,False
Analyzing Risk Dependencies on RFID-driven Global Logistics Processes,"Chun, Myounghoon",Myounghoon,unknown,0.7117785386559583,False
Analyzing Risk Dependencies on RFID-driven Global Logistics Processes,"Ahn, Hyun",Hyun,female,0.6602337656838952,False
Analyzing Risk Dependencies on RFID-driven Global Logistics Processes,"Kim, Kwanghoon",Kwanghoon,unknown,0.690362626434451,False
Analyzing Risk Dependencies on RFID-driven Global Logistics Processes,"Bang, Hyochan",Hyochan,unknown,0.7311552167360322,False
Analyzing Risk Dependencies on RFID-driven Global Logistics Processes,"Kim, Sunjin",Sunjin,unknown,0.7066179010501392,False
Analyzing Risk Dependencies on RFID-driven Global Logistics Processes,"Hwang, Jaekag",Jaekag,unknown,0.6964427830598944,False
ROH-BOT: An IoT Wearable and Inclusive Health Device for Remote Patient Monitoring With Different Alarm Systems,"Agriesti, Claudia",Claudia,female,0.9999814071022761,True
ROH-BOT: An IoT Wearable and Inclusive Health Device for Remote Patient Monitoring With Different Alarm Systems,"De Cinque, Maria Ida",Maria,female,0.9999948398304921,True
ROH-BOT: An IoT Wearable and Inclusive Health Device for Remote Patient Monitoring With Different Alarm Systems,"Carloni, Filippo",Filippo,male,0.9999393291492403,True
ROH-BOT: An IoT Wearable and Inclusive Health Device for Remote Patient Monitoring With Different Alarm Systems,"Santambrogio, Marco Domenico",Marco,male,0.9998964214527616,True
An Efficient 3-D Semivectorial Horizontally Wide-Angle Beam-Propagation Method,"Wu, Shengbao",Shengbao,male,0.978429198742532,True
An Efficient 3-D Semivectorial Horizontally Wide-Angle Beam-Propagation Method,"Xiao, Jinbiao",Jinbiao,male,0.9838112063653762,True
Experience in Specializing a Generic Realization Language for SPL Engineering at Airbus,"Foures, Damien",Damien,male,0.9999355529566378,True
Experience in Specializing a Generic Realization Language for SPL Engineering at Airbus,"Acher, Mathieu",Mathieu,male,0.9998063458618334,True
Experience in Specializing a Generic Realization Language for SPL Engineering at Airbus,"Barais, Olivier",Olivier,male,0.9998287181379905,True
Experience in Specializing a Generic Realization Language for SPL Engineering at Airbus,"Combemale, Benoit",Benoit,male,0.9999412349610164,True
Experience in Specializing a Generic Realization Language for SPL Engineering at Airbus,"Jézéquel, Jean-Marc",Jean,female,0.6637228001271365,False
Experience in Specializing a Generic Realization Language for SPL Engineering at Airbus,"Kienzle, Jörg",Jörg,male,0.9995939947892971,True
Inter-organizational Process Flow Adjustment: Applying Multi-layered Process Flow Adjustment Tool,"Iizuka, Kayo",Kayo,male,0.9778367947643571,True
Inter-organizational Process Flow Adjustment: Applying Multi-layered Process Flow Adjustment Tool,"Okawada, Takuya",Takuya,male,0.9992867648816652,True
Inter-organizational Process Flow Adjustment: Applying Multi-layered Process Flow Adjustment Tool,"Shime, Yuki",Yuki,female,0.9906641321332236,True
Inter-organizational Process Flow Adjustment: Applying Multi-layered Process Flow Adjustment Tool,"Kurihashi, Sui",Sui,female,0.9880015704162931,True
Inter-organizational Process Flow Adjustment: Applying Multi-layered Process Flow Adjustment Tool,"Iizuka, Yasuki",Yasuki,male,0.9938980016689746,True
Inter-organizational Process Flow Adjustment: Applying Multi-layered Process Flow Adjustment Tool,"Suematsu, Chihiro",Chihiro,female,0.9953457867991082,True
Innovating the patient care process: the case of multiple sclerosis at Casa Sollievo della Sofferenza,"Emilio Alboini, Paolo",Paolo,male,0.9999357526976299,True
Innovating the patient care process: the case of multiple sclerosis at Casa Sollievo della Sofferenza,"Cosoli, Piero",Piero,male,0.99991242932963,True
Innovating the patient care process: the case of multiple sclerosis at Casa Sollievo della Sofferenza,"Angelo Leone, Maurizio",Maurizio,male,0.9999056951422044,True
Innovating the patient care process: the case of multiple sclerosis at Casa Sollievo della Sofferenza,"Nuzzi, Angela",Angela,female,0.9999936221211898,True
Innovating the patient care process: the case of multiple sclerosis at Casa Sollievo della Sofferenza,"Scozzi, Barbara",Barbara,female,0.999979214602181,True
Time-Aware Automatic Process View Generation,"Cheikhrouhou, Saoussen",Saoussen,female,0.9908310959020573,True
Time-Aware Automatic Process View Generation,"Kallel, Slim",Slim,male,0.9911499403655679,True
Time-Aware Automatic Process View Generation,"Guermouche, Nawal",Nawal,female,0.9953561393814838,True
Time-Aware Automatic Process View Generation,"Jmaiel, Mohamed",Mohamed,male,0.9999971268152898,True
Relaxing Media Requirements by Using Multi-Island Two-Dimensional Magnetic Recording on Bit-Patterned Media,"Wang, Yao",Yao,male,0.9931221313871769,True
Relaxing Media Requirements by Using Multi-Island Two-Dimensional Magnetic Recording on Bit-Patterned Media,"Vijaya Kumar, B. V. K.",,unknown,0,False
Relaxing Media Requirements by Using Multi-Island Two-Dimensional Magnetic Recording on Bit-Patterned Media,"Fatih Erden, M.",,unknown,0,False
Relaxing Media Requirements by Using Multi-Island Two-Dimensional Magnetic Recording on Bit-Patterned Media,"Steiner, Philip L.",Philip,male,0.9999254046730869,True
Real-Time Heart Rate Monitoring via Wi-Fi Signal,"Solgun, Hasan Ali",Hasan,male,0.9999706752604077,True
Real-Time Heart Rate Monitoring via Wi-Fi Signal,"Ozcan, Alp",Alp,male,0.9993006789464967,True
Real-Time Heart Rate Monitoring via Wi-Fi Signal,"Pinarer, Ozgun",Ozgun,male,0.9822540397206319,True
A Numerical Simulation Design Demonstrated in System Level of 40Gbps Silicon Two-Mode Demultiplexer Using Slot Phase Shifter,"Duy, Hai Ta",Hai,male,0.9939731570703723,True
A Numerical Simulation Design Demonstrated in System Level of 40Gbps Silicon Two-Mode Demultiplexer Using Slot Phase Shifter,"Thi, Duy Nguyen",Duy,male,0.9999071318244449,True
A Numerical Simulation Design Demonstrated in System Level of 40Gbps Silicon Two-Mode Demultiplexer Using Slot Phase Shifter,"Trung, Hieu Nguyen",Hieu,male,0.9961254874007115,True
A Numerical Simulation Design Demonstrated in System Level of 40Gbps Silicon Two-Mode Demultiplexer Using Slot Phase Shifter,"Cong, Duan Luong",Duan,male,0.9992526513333241,True
A Numerical Simulation Design Demonstrated in System Level of 40Gbps Silicon Two-Mode Demultiplexer Using Slot Phase Shifter,"Anh, Dao Vu",Dao,male,0.9090365945617355,True
A Numerical Simulation Design Demonstrated in System Level of 40Gbps Silicon Two-Mode Demultiplexer Using Slot Phase Shifter,"Truong, Cao Dung",Cao,male,0.9903872896282412,True
Cloud Management Simulation and Design,"Saurabh, Kumar",Kumar,male,0.9999620319930219,True
Cloud Management Simulation and Design,"Ranjan, Rishi",Rishi,male,0.9990101785319182,True
Write Margin Measurement of Bit Patterned Media With 20 nm Dots,"Saga, Hideki",Hideki,male,0.9996711966407943,True
Write Margin Measurement of Bit Patterned Media With 20 nm Dots,"Shirahata, Kazuki",Kazuki,male,0.9975440404164555,True
Write Margin Measurement of Bit Patterned Media With 20 nm Dots,"Terashima, Ryo",Ryo,male,0.9995145758013162,True
Write Margin Measurement of Bit Patterned Media With 20 nm Dots,"Shimatsu, Takehito",Takehito,male,0.9958984831084189,True
Write Margin Measurement of Bit Patterned Media With 20 nm Dots,"Aoi, Hajime",Hajime,male,0.9995821127753199,True
Write Margin Measurement of Bit Patterned Media With 20 nm Dots,"Muraoka, Hiroaki",Hiroaki,male,0.999687248587225,True
Design of a Real-time Pressure Ulcer and Stress Detection System for the Bedridden Patient,"Roy, Ugra Mohan",Ugra,male,0.9885894992775819,True
Design of a Real-time Pressure Ulcer and Stress Detection System for the Bedridden Patient,"Hegde, Sandesh R",Sandesh,male,0.9939892951927333,True
Design of a Real-time Pressure Ulcer and Stress Detection System for the Bedridden Patient,"Siddarth, S",S,unknown,0.5264568109047335,False
Design of a Real-time Pressure Ulcer and Stress Detection System for the Bedridden Patient,"M, Prajwal R",Prajwal,male,0.9999940932503922,True
Design of a Real-time Pressure Ulcer and Stress Detection System for the Bedridden Patient,"Kaushik, Vighnesh",Vighnesh,male,0.9901226568936732,True
Design of a Real-time Pressure Ulcer and Stress Detection System for the Bedridden Patient,"Narayanan, Sarvesh",Sarvesh,male,0.9914822586192822,True
"RIOT: Rapid, iterative and off-the-shelf tool-evaluation","Thanarukvudhikorn, Thanabbordee",Thanabbordee,unknown,0.6002012258589924,False
"RIOT: Rapid, iterative and off-the-shelf tool-evaluation","Lichter, Horst",Horst,male,0.9999123098429774,True
"RIOT: Rapid, iterative and off-the-shelf tool-evaluation","Ganser, Andreas",Andreas,male,0.9999763395171621,True
"RIOT: Rapid, iterative and off-the-shelf tool-evaluation","Anwar, Toni",Toni,female,0.9963908861976722,True
Optimizing rollout of LTE-based triple play services through efficient network information management,"Kimbler, Kristofer",Kristofer,male,0.999974120080068,True
Optimizing rollout of LTE-based triple play services through efficient network information management,"Pamieta, Ela",Ela,female,0.9999894260673189,True
Optimizing rollout of LTE-based triple play services through efficient network information management,"Saczuk, Piotr",Piotr,male,0.999885348508805,True
A comparative study on reduced complexity 2-D detectors for bit patterned media,"Myint, Lin M. M.",Lin,female,0.9884401263971199,True
A comparative study on reduced complexity 2-D detectors for bit patterned media,"Supnithi, Pornchai",Pornchai,male,0.9986753039457397,True
DMAL-BPIDE: A Distributed Multi-Abstraction-Level Business Process IDE,"Xu, Xiaotian",Xiaotian,male,0.9742251873872503,True
DMAL-BPIDE: A Distributed Multi-Abstraction-Level Business Process IDE,"Sun, Hailong",Hailong,male,0.9832127259199327,True
DMAL-BPIDE: A Distributed Multi-Abstraction-Level Business Process IDE,"Wang, Xu",Xu,male,0.7337600554549282,False
Design of Wearable Pulse Oximeter Based on Android with Bluetooth Low Energy Communication Using Artificial Neural Network,"Fachrurazi, Muhammad",Muhammad,male,0.9999971836173159,True
Design of Wearable Pulse Oximeter Based on Android with Bluetooth Low Energy Communication Using Artificial Neural Network,"Barri, Muhammad Hablul",Muhammad,male,0.9999971836173159,True
Design of Wearable Pulse Oximeter Based on Android with Bluetooth Low Energy Communication Using Artificial Neural Network,"Priramadhi, Rizki Ardianto",Rizki,male,0.9839792975568654,True
Heart Rate Variability monitor IC,"Shrivastava, Ashwin",Ashwin,male,0.9999838327924233,True
Heart Rate Variability monitor IC,"Bansod, Prashant P.",Prashant,male,0.9998400848937704,True
An Integrated Business Construction Method based on ABP Pattern,"Xie, Yang",Yang,unknown,0.6608034619216988,False
An Integrated Business Construction Method based on ABP Pattern,"Li, Gongliang",Gongliang,male,0.9919230481359446,True
An Integrated Business Construction Method based on ABP Pattern,"Tao, Yizheng",Yizheng,unknown,0.7145553340929791,False
An Integrated Business Construction Method based on ABP Pattern,"Tang, Li",Li,female,0.9821247080400133,True
An Integrated Business Construction Method based on ABP Pattern,"Xu, Feng",Feng,male,0.9830753668861625,True
Analysis of nonlinear three-layer optical waveguide,"Ahmed, Anis",Anis,male,0.9846033753614614,True
Analysis of nonlinear three-layer optical waveguide,"Hamid, MD. Kawsar",MD.,male,0.9975021331602927,True
Analysis of nonlinear three-layer optical waveguide,"Rahman, Ashfakur",Ashfakur,male,0.9997570002592596,True
Analysis of nonlinear three-layer optical waveguide,"Rahman, Shaifur",Shaifur,male,0.9860297292566919,True
RGB Demultiplexer Based on Multicore Polymer Optical Fiber,"Dadabayev, Rami",Rami,male,0.991522592305844,True
RGB Demultiplexer Based on Multicore Polymer Optical Fiber,"Ran, Moshe",Moshe,male,0.9998156504679004,True
RGB Demultiplexer Based on Multicore Polymer Optical Fiber,"Malka, Dror",Dror,male,0.9999717241438172,True
Bit Patterned Structure Fabricated by Kr⁺ Ion Irradiation onto MnBiCu Films,"Xu, Q.",,unknown,0,False
Bit Patterned Structure Fabricated by Kr⁺ Ion Irradiation onto MnBiCu Films,"Kato, T.",,unknown,0,False
Bit Patterned Structure Fabricated by Kr⁺ Ion Irradiation onto MnBiCu Films,"Iwata, S.",,unknown,0,False
Bit Patterned Structure Fabricated by Kr⁺ Ion Irradiation onto MnBiCu Films,"Tsunashima, S.",,unknown,0,False
"Portable, Low Cost, Closed-Loop Mechanical Ventilation Using Feedback from Optically Isolated Analog Sensors","Zulfiqar, Sara",Sara,female,0.999983890493743,True
"Portable, Low Cost, Closed-Loop Mechanical Ventilation Using Feedback from Optically Isolated Analog Sensors","Nadeem, Hamza",Hamza,male,0.9993165642105166,True
"Portable, Low Cost, Closed-Loop Mechanical Ventilation Using Feedback from Optically Isolated Analog Sensors","Tahir, Zamen",Zamen,male,0.975807542224259,True
"Portable, Low Cost, Closed-Loop Mechanical Ventilation Using Feedback from Optically Isolated Analog Sensors","Mazhar, Minnaam",Minnaam,unknown,0.6097289178843774,False
"Portable, Low Cost, Closed-Loop Mechanical Ventilation Using Feedback from Optically Isolated Analog Sensors","Hasan, K.M.",K.M.,male,0.8940419028625902,True
Design of Passive Components in Integrated Optic Chip on SOI Applied in Fiber Optic Gyroscope System,"Chaojun, Yan",Yan,unknown,0.5336648310743305,False
Design of Passive Components in Integrated Optic Chip on SOI Applied in Fiber Optic Gyroscope System,"Junli, Wan",Wan,male,0.7867744276047517,True
Design of Passive Components in Integrated Optic Chip on SOI Applied in Fiber Optic Gyroscope System,"Haijun, Li",Li,female,0.9821247080400133,True
Design of Passive Components in Integrated Optic Chip on SOI Applied in Fiber Optic Gyroscope System,"Binghua, Jiang",Jiang,male,0.8982988981949861,True
Two mode division (De) multiplexer based on an MZI asymmetric silicon waveguide,"Tran, Tuan Anh",Tuan,male,0.9998762255131747,True
Two mode division (De) multiplexer based on an MZI asymmetric silicon waveguide,"Van Yem, Vu",Vu,male,0.992069262306445,True
Two mode division (De) multiplexer based on an MZI asymmetric silicon waveguide,"HanTran, Duc",Duc,male,0.9998467902679998,True
Two mode division (De) multiplexer based on an MZI asymmetric silicon waveguide,"Truong, Cao Dung",Cao,male,0.9903872896282412,True
Integrating E-services with a Telecommunication E-commerce Using EAI/SOA Technology,"Chou, Tung-Hsiang",Tung,male,0.992430386227844,True
Integrating E-services with a Telecommunication E-commerce Using EAI/SOA Technology,"Lee, Yu-Min",Yu,female,0.8656251027956705,True
Semantic and structural performer clustering in BPMN models transformed into social network models,"Khlif, Wiem",Wiem,female,0.9917279205462783,True
Semantic and structural performer clustering in BPMN models transformed into social network models,"Ben-Abdallah, Hanêne",Hanêne,female,0.9994449701980372,True
Research on IDDSS in Sale Process Managing for the Small and Medium Inter-trading Enterprises,"Shang, Yanyan",Yanyan,female,0.9987001967851369,True
Research on IDDSS in Sale Process Managing for the Small and Medium Inter-trading Enterprises,"Xu, Fuyuan",Fuyuan,male,0.9809000928380284,True
Research on IDDSS in Sale Process Managing for the Small and Medium Inter-trading Enterprises,"Tao, Jie",Jie,male,0.5239159993068604,False
Optimization of Bit-Patterned Media Recording (BPMR) System via Tolerance Design,"Lin, Maria Yu",Maria,female,0.9999948398304921,True
Optimization of Bit-Patterned Media Recording (BPMR) System via Tolerance Design,"Elidrissi, Moulay Rachid",Moulay,male,0.99945555959305,True
Optimization of Bit-Patterned Media Recording (BPMR) System via Tolerance Design,"Chan, Kheong Sann",Kheong,male,0.9794819437927098,True
Optimization of Bit-Patterned Media Recording (BPMR) System via Tolerance Design,"Eason, Kwaku",Kwaku,male,0.9994975510901873,True
Optimization of Bit-Patterned Media Recording (BPMR) System via Tolerance Design,"Wang, Hongtao",Hongtao,male,0.9981291702370906,True
Optimization of Bit-Patterned Media Recording (BPMR) System via Tolerance Design,"Yang, Joel K. W.",Joel,male,0.9999974824032438,True
Optimization of Bit-Patterned Media Recording (BPMR) System via Tolerance Design,"Asbahi, Mohamed",Mohamed,male,0.9999971268152898,True
Optimization of Bit-Patterned Media Recording (BPMR) System via Tolerance Design,"Thiyagarajah, Naganivetha",Naganivetha,female,0.7082743937987975,False
Optimization of Bit-Patterned Media Recording (BPMR) System via Tolerance Design,"Ng, Vivian",Vivian,female,0.9990298487170131,True
Optimization of Bit-Patterned Media Recording (BPMR) System via Tolerance Design,"Guan, Yong Liang",Yong,male,0.9844618295633396,True
In depth study of optical behavior of a novel leaky waveguide deflector,"Dugue, Pierre-Vincent",Pierre,male,0.999741392176316,True
In depth study of optical behavior of a novel leaky waveguide deflector,"Gibari, Mohammed El",Mohammed,male,0.99999732840862,True
In depth study of optical behavior of a novel leaky waveguide deflector,"Heggarty, Kevin",Kevin,male,0.9999799402805698,True
In depth study of optical behavior of a novel leaky waveguide deflector,"Larat, Christian",Christian,male,0.9993987974523811,True
In depth study of optical behavior of a novel leaky waveguide deflector,"Vilcot, Jean-Pierre",Jean,female,0.6637228001271365,False
In depth study of optical behavior of a novel leaky waveguide deflector,"Li, Hongwu",Hongwu,male,0.9357344357819115,True
Optimal shape of spot size converter by mask-transfer method for silicon photonics,"Baharudin, Nurul Atiqah",Nurul,unknown,0.7368645627340786,False
Optimal shape of spot size converter by mask-transfer method for silicon photonics,"Ambran, Sumiaty",Sumiaty,female,0.9993226761380587,True
Optimal shape of spot size converter by mask-transfer method for silicon photonics,"Mikami, Osamu",Osamu,male,0.9997626945813269,True
Optimal shape of spot size converter by mask-transfer method for silicon photonics,"Fujikawa, Chiemi",Chiemi,female,0.9999714954422878,True
Optimal shape of spot size converter by mask-transfer method for silicon photonics,"Mitomi, Osamu",Osamu,male,0.9997626945813269,True
Domain Specific Modeling of Business Processes and Entity Mapping Using Generic Modeling Environment (GME),"Mohan, Subaji",Subaji,male,0.9929771549021321,True
Domain Specific Modeling of Business Processes and Entity Mapping Using Generic Modeling Environment (GME),"Choi, Eunmi",Eunmi,female,0.9987786894473003,True
Domain Specific Modeling of Business Processes and Entity Mapping Using Generic Modeling Environment (GME),"Min, Dugki",Dugki,unknown,0.5426163887167662,False
A process-aware IoT application execution environment design,"Park, Minjae",Minjae,male,0.9881912890236308,True
A process-aware IoT application execution environment design,"Kim, Hyunah",Hyunah,female,0.9944819433713498,True
A process-aware IoT application execution environment design,"Ahn, Hyun",Hyun,female,0.6602337656838952,False
A process-aware IoT application execution environment design,"Kim, Kwanghoon Pio",Kwanghoon,unknown,0.690362626434451,False
An Information Distribution System for Realizing High-Speed Communication and Social Infrastructure Management Efficiently,"Kimura, Hideaki",Hideaki,male,0.9917023485481563,True
Pumping method for multi-core erbium-doped double-clad fiber amplifier based on higher-order mode coupling,"Koike, Tatsuya",Tatsuya,male,0.9971594584714352,True
Pumping method for multi-core erbium-doped double-clad fiber amplifier based on higher-order mode coupling,"Nakamura, Moriya",Moriya,female,0.999993075841962,True
Pumping method for multi-core erbium-doped double-clad fiber amplifier based on higher-order mode coupling,"Klaus, Werner",Werner,male,0.9999697709027106,True
Pumping method for multi-core erbium-doped double-clad fiber amplifier based on higher-order mode coupling,"Awaji, Yoshinari",Yoshinari,male,0.9938116593967321,True
Pumping method for multi-core erbium-doped double-clad fiber amplifier based on higher-order mode coupling,"Wada, Naoya",Naoya,male,0.9937351778173821,True
Three Lowest Optical Modes Simultaneous Generator based on Silicon Multimode interference and Y-Junction Couplers,"Duy, Duong Quang",Duong,male,0.9863280724550257,True
Three Lowest Optical Modes Simultaneous Generator based on Silicon Multimode interference and Y-Junction Couplers,"Duc Tam Linh, Ho",Ho,male,0.9918421895462082,True
Three Lowest Optical Modes Simultaneous Generator based on Silicon Multimode interference and Y-Junction Couplers,"Dung, Truong Cao",Truong,male,0.9927177898398015,True
Three Lowest Optical Modes Simultaneous Generator based on Silicon Multimode interference and Y-Junction Couplers,"Tan Hung, Nguyen",Nguyen,unknown,0.7300599410539637,False
Three Lowest Optical Modes Simultaneous Generator based on Silicon Multimode interference and Y-Junction Couplers,"Bac, Dang Hoai",Dang,male,0.9852439892167134,True
Three Lowest Optical Modes Simultaneous Generator based on Silicon Multimode interference and Y-Junction Couplers,"Cong Duan, Luong",Luong,male,0.9837000606765376,True
A Novel Design of MMI 1530/1565 nm Wavelength Division Demultiplexer Based on Effective Method,"Triki, Sami",Sami,male,0.9853481728140153,True
A Novel Design of MMI 1530/1565 nm Wavelength Division Demultiplexer Based on Effective Method,"Najjar, Monia",Monia,female,0.999993987001088,True
A Novel Design of MMI 1530/1565 nm Wavelength Division Demultiplexer Based on Effective Method,"Rezig, Houria",Houria,female,0.9985508060897949,True
Investigating How Business Process Ambidexterity Facilitates Business-IT Alignment in Public Sector Organizations,"Helbin, Tomek",Tomek,male,0.9999960584399713,True
Numerical Design of a 1:3 Optical Power Splitter Based on a 2×3 RI-MMI Coupler Using Silicon Waveguides for C-Band,"Thanh, Thuy Tran Thi",Thuy,female,0.9974650895835544,True
Numerical Design of a 1:3 Optical Power Splitter Based on a 2×3 RI-MMI Coupler Using Silicon Waveguides for C-Band,"Trung, Hien Nguyen",Hien,unknown,0.7119768883600952,False
Numerical Design of a 1:3 Optical Power Splitter Based on a 2×3 RI-MMI Coupler Using Silicon Waveguides for C-Band,"Tan, Hung Nguyen",Hung,male,0.9955319521423724,True
Numerical Design of a 1:3 Optical Power Splitter Based on a 2×3 RI-MMI Coupler Using Silicon Waveguides for C-Band,"Cao, Dung Truong",Dung,male,0.908358874091719,True
A study on the operation management system of Urban Mass Transport,"Yiying, Chen",Chen,male,0.8803324700638614,True
A study on the operation management system of Urban Mass Transport,"Fei, Huang",Huang,female,0.5549666842350425,False
Design and simulation analysis of Spot-Size converter in silicon-on-insulator,"Xiaojie, Yin",Yin,female,0.8748496585843029,True
Design and simulation analysis of Spot-Size converter in silicon-on-insulator,"Yuanda, Wu",Wu,male,0.9219940134132424,True
Design and simulation analysis of Spot-Size converter in silicon-on-insulator,"Xiongwei, Hu",Hu,male,0.9843024176710627,True
There Is Nothing Routine about Innovation,"Swenson, Keith D.",Keith,male,0.9982254263219633,True
Study of p-ICN defined performance measurement Enterprise Architecture,"Yoon, Byeongnam",Byeongnam,unknown,0.6391254352655503,False
Study of p-ICN defined performance measurement Enterprise Architecture,"Kim, Kwanghoon",Kwanghoon,unknown,0.690362626434451,False
Study of p-ICN defined performance measurement Enterprise Architecture,"Dinh Lam, Pham",Pham,male,0.8838486432376136,True
Study of p-ICN defined performance measurement Enterprise Architecture,"Dat, Pham Thanh",Pham,male,0.8838486432376136,True
Study of p-ICN defined performance measurement Enterprise Architecture,"Vu, Vu Viet",Vu,male,0.992069262306445,True
Study of p-ICN defined performance measurement Enterprise Architecture,"Quan, Do Hong",Do,male,0.9892131965751871,True
Study of p-ICN defined performance measurement Enterprise Architecture,"Toan, Do Nang",Do,male,0.9892131965751871,True
Pulse propagation in photonic crystal Multimode Interference waveguides using time doma in beam-propagation method,"Nihei, Hiroshige",Hiroshige,male,0.9936636166055555,True
Pulse propagation in photonic crystal Multimode Interference waveguides using time doma in beam-propagation method,"Takakura, Yoshinori",Yoshinori,male,0.9998376720056485,True
Pulse propagation in photonic crystal Multimode Interference waveguides using time doma in beam-propagation method,"Chen, Chun-Ping",Chun,male,0.9816926028175558,True
Pulse propagation in photonic crystal Multimode Interference waveguides using time doma in beam-propagation method,"Anada, Tetsuo",Tetsuo,male,0.9999719373469985,True
Pulse propagation in photonic crystal Multimode Interference waveguides using time doma in beam-propagation method,"Ma, Zhewang",Zhewang,unknown,0.528017599382963,False
Design and analysis of energy efficient IoT system for health monitoring,"Singh, Aarya",Aarya,female,0.9898753192894822,True
Design and analysis of energy efficient IoT system for health monitoring,"Guleria, Nikhil",Nikhil,male,0.9999618785190176,True
Design and analysis of energy efficient IoT system for health monitoring,"Gupta, Sindhu Hak",Sindhu,female,0.999139691551702,True
A waveguide configuration for reducing both pure bend and polarization dependent losses,"Nito, Yuta",Yuta,male,0.9894963162573843,True
A waveguide configuration for reducing both pure bend and polarization dependent losses,"Watanabe, Hiroto",Hiroto,male,0.9999196691671042,True
A waveguide configuration for reducing both pure bend and polarization dependent losses,"Yamauchi, Junji",Junji,male,0.9976175762059468,True
A waveguide configuration for reducing both pure bend and polarization dependent losses,"Nakano, Hisamatsu",Hisamatsu,female,0.5239129542152096,False
Signal Processing Units for BPMs of VEPP-2000 and VEPP-4M Colliders,"Grebnev, Matthew",Matthew,male,0.9999843324261093,True
Signal Processing Units for BPMs of VEPP-2000 and VEPP-4M Colliders,"Karpov, Gennadiy",Gennadiy,male,0.999712391561105,True
Beam position monitoring model of microstrip patch antenna for particle accelerators,"Hussain, Sabir",Sabir,male,0.9996487126313088,True
Beam position monitoring model of microstrip patch antenna for particle accelerators,"Duffy, Alistair",Alistair,male,0.999914404984895,True
Beam position monitoring model of microstrip patch antenna for particle accelerators,"Sasse, Hugh",Hugh,male,0.9999690296777703,True
Enhancing Heart Rate Monitoring Using Remote Photoplethysmography Based on Neural Network,"Sturekova, Jana",Jana,female,0.9999717556402674,True
Enhancing Heart Rate Monitoring Using Remote Photoplethysmography Based on Neural Network,"Kamencay, Patrik",Patrik,male,0.999940143173976,True
Enhancing Heart Rate Monitoring Using Remote Photoplethysmography Based on Neural Network,"Sykora, Peter",Peter,male,0.9999580684529622,True
A broadband second-order mode synthesizer based on an 3×1 multimode interference coupler and phase shifters using silicon waveguides,"Truong, Cao Dung",Cao,male,0.9903872896282412,True
A broadband second-order mode synthesizer based on an 3×1 multimode interference coupler and phase shifters using silicon waveguides,"Quyen, Nguyen Xuan",Nguyen,male,0.7300599410539637,False
A broadband second-order mode synthesizer based on an 3×1 multimode interference coupler and phase shifters using silicon waveguides,"Hung, Pham Viet",Pham,male,0.8838486432376136,True
A broadband second-order mode synthesizer based on an 3×1 multimode interference coupler and phase shifters using silicon waveguides,"Vu, Tran Hoang",Tran,female,0.8967486516643984,True
Reformulations of implicit FDTD and beam-propagation methods using the fundamental scheme,"Shibayama, J.",,unknown,0,False
Reformulations of implicit FDTD and beam-propagation methods using the fundamental scheme,"Yamauchi, J.",,unknown,0,False
Reformulations of implicit FDTD and beam-propagation methods using the fundamental scheme,"Nakano, H.",,unknown,0,False
Analysis of the Treatment of Knee Osteoarthritis using Photobiomodulation Performed with a Low Power Laser,"Pelosi Mota, Ana Paula",Ana,female,0.9999965937600829,True
Analysis of the Treatment of Knee Osteoarthritis using Photobiomodulation Performed with a Low Power Laser,"Silva, Salmo P.",Salmo,female,0.8428388105578084,True
Analysis of the Treatment of Knee Osteoarthritis using Photobiomodulation Performed with a Low Power Laser,"Batista, Alessandra",Alessandra,female,0.9999804788148248,True
Analysis of the Treatment of Knee Osteoarthritis using Photobiomodulation Performed with a Low Power Laser,"Barros, Amanda F.F.",Amanda,female,0.9999921216453751,True
Analysis of the Treatment of Knee Osteoarthritis using Photobiomodulation Performed with a Low Power Laser,"Navarro, Ricardo S.",Ricardo,male,0.99996029299145,True
Analysis of the Treatment of Knee Osteoarthritis using Photobiomodulation Performed with a Low Power Laser,"Garcia, Livia",Livia,female,0.9999861248599959,True
Analysis of the Treatment of Knee Osteoarthritis using Photobiomodulation Performed with a Low Power Laser,"Nunez, Silvia Cristina",Silvia,female,0.9999810313224872,True
Analysis of the Treatment of Knee Osteoarthritis using Photobiomodulation Performed with a Low Power Laser,"Ribeiro, Martha S.",Martha,female,0.9999922848631276,True
The effect of waveguide parameters on gan based S-bend Y-junction optical power divider,"Purnamaningsih, Retno Wigajatri",Retno,female,0.9825361067943518,True
The effect of waveguide parameters on gan based S-bend Y-junction optical power divider,"Poespawati, N R",N,unknown,0.5262017232543487,False
The effect of waveguide parameters on gan based S-bend Y-junction optical power divider,"Abuzairi, Tomy",Tomy,male,0.9925005674844858,True
The effect of waveguide parameters on gan based S-bend Y-junction optical power divider,"Rahardjo, Sasono",Sasono,male,0.9979850565153574,True
The effect of waveguide parameters on gan based S-bend Y-junction optical power divider,"Hamidah, Maratul",Maratul,female,0.9858537387844114,True
The effect of waveguide parameters on gan based S-bend Y-junction optical power divider,"Dogheche, Elhadj",Elhadj,male,0.9999796030624862,True
Integrated silicon optical switch for high-speed network-on-chip,"Tam Linh, Ho Duc",Ho,male,0.9918421895462082,True
Integrated silicon optical switch for high-speed network-on-chip,"Van Quang, Nguyen",Nguyen,male,0.7300599410539637,False
Integrated silicon optical switch for high-speed network-on-chip,"Tu, Dao Duy",Dao,male,0.9090365945617355,True
Integrated silicon optical switch for high-speed network-on-chip,"Van An, Nguyen",Nguyen,male,0.7300599410539637,False
Integrated silicon optical switch for high-speed network-on-chip,"Phuoc, Vuong Quang",Vuong,male,0.9895341940656779,True
Boundary Protection System Based on Software-Defined Networking,"Cao, Lihui",Lihui,female,0.9115390895852719,True
Boundary Protection System Based on Software-Defined Networking,"Zhu, Xiaoming",Xiaoming,male,0.9801596636331057,True
Boundary Protection System Based on Software-Defined Networking,"Xu, Shubin",Shubin,male,0.9817288373631893,True
Boundary Protection System Based on Software-Defined Networking,"Zhang, Linjie",Linjie,unknown,0.6195542224279977,False
Health Monitoring System Using Light Fidelity,"Kadi, Prashant",Prashant,male,0.9998400848937704,True
Health Monitoring System Using Light Fidelity,"Bagalkot, Mahesh",Mahesh,male,0.9998225686864326,True
Performance on optical properties of AWG based on SOI demultiplexer and receiver sensitivity in CWDM system,"Juhari, Nurjuliana",Nurjuliana,female,0.9999509188824726,True
Performance on optical properties of AWG based on SOI demultiplexer and receiver sensitivity in CWDM system,"Susthitha Menon, P",P,unknown,0.5435834627512003,False
Performance on optical properties of AWG based on SOI demultiplexer and receiver sensitivity in CWDM system,"Ehsan, Abang Annuar",Abang,male,0.8338632113546103,True
Performance on optical properties of AWG based on SOI demultiplexer and receiver sensitivity in CWDM system,"Shaari, Sahbudin",Sahbudin,male,0.9978566596268255,True
Performance on optical properties of AWG based on SOI demultiplexer and receiver sensitivity in CWDM system,"Jalar, Azman",Azman,male,0.9994107983566768,True
Performance on optical properties of AWG based on SOI demultiplexer and receiver sensitivity in CWDM system,"Majlis, Burhanuddin Yeop",Burhanuddin,male,0.9997735662186404,True
A time-domain beam propagation method based on finite element method for analysis and design of anisotropic photonic crystal coupling-type polarization splitter,"Limjunyawong, Piyanat",Piyanat,male,0.9130551725336717,True
A time-domain beam propagation method based on finite element method for analysis and design of anisotropic photonic crystal coupling-type polarization splitter,"Angkaew, Tuptim",Tuptim,female,0.9841153256536828,True
Order management Sudoku simplified approach to transform OSS/BSS,"Kurnool, Anil Prasad",Anil,male,0.9998140050752149,True
Order management Sudoku simplified approach to transform OSS/BSS,"Dyaram, Lata",Lata,female,0.9999985725379823,True
Towards an approach to improve business process models using risk management techniques,"Lhannaoui, Hanane",Hanane,female,0.9999518327058544,True
Towards an approach to improve business process models using risk management techniques,"Kabbaj, Mohammed Issam",Mohammed,male,0.99999732840862,True
Towards an approach to improve business process models using risk management techniques,"Bakkoury, Zohra",Zohra,female,0.9999295273468682,True
A static compliance-checking framework for business process models,"Liu, Y.",,unknown,0,False
A static compliance-checking framework for business process models,"Muller, S.",,unknown,0,False
A static compliance-checking framework for business process models,"Xu, K.",,unknown,0,False
Enhancing Formal Specification and Verification of Temporal Constraints in Business Processes,"Cheikhrouhou, Saoussen",Saoussen,female,0.9908310959020573,True
Enhancing Formal Specification and Verification of Temporal Constraints in Business Processes,"Kallel, Slim",Slim,male,0.9911499403655679,True
Enhancing Formal Specification and Verification of Temporal Constraints in Business Processes,"Guermouche, Nawal",Nawal,female,0.9953561393814838,True
Enhancing Formal Specification and Verification of Temporal Constraints in Business Processes,"Jmaiel, Mohamed",Mohamed,male,0.9999971268152898,True
A multicriteria method based approach to the BPMM selection problem,"Lima, Eliana Sangreman",Eliana,female,0.9999973891253445,True
A multicriteria method based approach to the BPMM selection problem,"Viegas, Renan Alves",Renan,male,0.9996628364263024,True
A multicriteria method based approach to the BPMM selection problem,"Costa, Ana Paula Cabrai Seixas",Ana,female,0.9999965937600829,True
A New Formal Proxy-Based Approach for Secure Distributed Business Process on the Cloud,"Maroua, Nouioua",Nouioua,female,0.6178636703058384,False
A New Formal Proxy-Based Approach for Secure Distributed Business Process on the Cloud,"Adel, Alti",Alti,female,0.9079669124286744,True
A New Formal Proxy-Based Approach for Secure Distributed Business Process on the Cloud,"Belhassen, Zouari",Zouari,male,0.5383842297119286,False
Subject-Oriented Development of Federated Systems – A Methodological Approach,"Fleischmann, Albert",Albert,male,0.9999213683449588,True
Subject-Oriented Development of Federated Systems – A Methodological Approach,"Schmidt, Werner",Werner,male,0.9999697709027106,True
Subject-Oriented Development of Federated Systems – A Methodological Approach,"Stary, Christian",Christian,male,0.9993987974523811,True
Functional and Non-Functional BPMN M&S at Design Time,"Ougaabal, Kawtar",Kawtar,female,0.999073726236257,True
Functional and Non-Functional BPMN M&S at Design Time,"Zacharewicz, Grégory",Grégory,male,0.9971679734060379,True
Functional and Non-Functional BPMN M&S at Design Time,"Ducq, Yves",Yves,male,0.9999219809566021,True
Functional and Non-Functional BPMN M&S at Design Time,"Tazi, Said",Said,male,0.9999674758165055,True
Intelligent logistics business process design,"Huang, Lianjie",Lianjie,male,0.9746475417624105,True
Intelligent logistics business process design,"Liu, Jiangxia",Jiangxia,female,0.9825289312551251,True
The methodology for business process optimized design,"Zhou, Yonghua",Yonghua,unknown,0.5559314306601219,False
The methodology for business process optimized design,"Chen, Yuliu",Yuliu,unknown,0.5670331118210331,False
Scalability measurement of business process model using business processes similarity and complexity,"Yaqin, Muhammad Ainul",Muhammad,male,0.9999971836173159,True
Scalability measurement of business process model using business processes similarity and complexity,"Sarno, Riyanarto",Riyanarto,unknown,0.5283243191216946,False
Scalability measurement of business process model using business processes similarity and complexity,"Fauzan, Abd. Charis",Abd.,male,0.9995756100797374,True
Ontology-Based Translation of Business Process Models,"Norton, Barry",Barry,male,0.9997107200738254,True
Ontology-Based Translation of Business Process Models,"Cabral, Liliana",Liliana,female,0.9999990854144832,True
Ontology-Based Translation of Business Process Models,"Nitzsche, Jörg",Jörg,male,0.9995939947892971,True
"Specification, Verification and Implementation of Business Processes Using CSP","Kleine, Moritz",Moritz,male,0.9987893251241526,True
"Specification, Verification and Implementation of Business Processes Using CSP","Göthel, Thomas",Thomas,male,0.9999981017477207,True
Workflow Models: Management and Quality of Process in the Cloud,"Peralta, Mario",Mario,male,0.9998285831560244,True
Workflow Models: Management and Quality of Process in the Cloud,"Salgado, Carlos",Carlos,male,0.9999630239120895,True
Workflow Models: Management and Quality of Process in the Cloud,"Baigorria, Lorena",Lorena,female,0.999996237441953,True
Workflow Models: Management and Quality of Process in the Cloud,"Riesco, Daniel",Daniel,male,0.9999484956264236,True
Workflow Models: Management and Quality of Process in the Cloud,"Montejano, Germán",Germán,male,0.9993975279959949,True
Workflow Models: Management and Quality of Process in the Cloud,"Debnath, Narayan",Narayan,male,0.9997727035320141,True
Workflow Models: Management and Quality of Process in the Cloud,"Hu, Jenny",Jenny,female,0.9999737586265606,True
Business process anomaly detection using ontology-based process modelling and Multi-Level Class Association Rule Learning,"Sarno, Riyanarto",Riyanarto,unknown,0.5283243191216946,False
Business process anomaly detection using ontology-based process modelling and Multi-Level Class Association Rule Learning,"Sinaga, Fernandes P.",Fernandes,male,0.9828311383001401,True
Business process composition based on meta models,"Sarno, Riyanarto",Riyanarto,unknown,0.5283243191216946,False
Business process composition based on meta models,"Pamungkas, Endang Wahyu",Endang,female,0.9964562738773498,True
Business process composition based on meta models,"Sunaryono, Dwi",Dwi,female,0.9734726418201639,True
Business process composition based on meta models,Sarwosri,Sarwosri,unknown,0.5245261333787659,False
Research on Automatic Remodeling of Business Process Based on Process Logs,"Li, Yan",Yan,unknown,0.5336648310743305,False
Research on Automatic Remodeling of Business Process Based on Process Logs,"Deng, Shao-Ling",Shao,male,0.9940300351568384,True
Alaska Simulator Supporting Empirical Evaluation of Process Flexibility,"Pinggera, Jakob",Jakob,male,0.9999964001487215,True
Alaska Simulator Supporting Empirical Evaluation of Process Flexibility,"Zugal, Stefan",Stefan,male,0.9999831604184807,True
Alaska Simulator Supporting Empirical Evaluation of Process Flexibility,"Weber, Barbara",Barbara,female,0.999979214602181,True
Business process assignment and execution in mobile environments,"Peng, Tao",Tao,male,0.9969686446299408,True
Business process assignment and execution in mobile environments,"Chi, Chi-Hung",Chi,male,0.719650789537785,False
Business process assignment and execution in mobile environments,"Chiasera, Annamaria",Annamaria,female,0.9999958725289324,True
Business process assignment and execution in mobile environments,"Armellin, Giampaolo",Giampaolo,male,0.9998890852938298,True
Business process assignment and execution in mobile environments,"Ronchetti, Marco",Marco,male,0.9998964214527616,True
Business process assignment and execution in mobile environments,"Matteotti, Cristina",Cristina,female,0.9999968566271442,True
Business process assignment and execution in mobile environments,"Parra, Cristhian",Cristhian,male,0.9999450452799388,True
Business process assignment and execution in mobile environments,"Kashytsa, Aleksey Oleksiy",Aleksey,male,0.9996207846349792,True
Business process assignment and execution in mobile environments,"Varalta, Alessio",Alessio,male,0.9999651092443104,True
The description logics model of artifact-centric business process system and verification of artifact,"Wan, Xiaomei",Xiaomei,female,0.9972455608081399,True
The description logics model of artifact-centric business process system and verification of artifact,"Zhao, Wei",Wei,male,0.8353828445774668,True
The description logics model of artifact-centric business process system and verification of artifact,"Liu, Guohua",Guohua,male,0.9356322066961649,True
The description logics model of artifact-centric business process system and verification of artifact,"Yue, Xiaoli",Xiaoli,female,0.9977966069213864,True
Research and Application of Process-Centered Multi- Management Elements Fusion Technology,"Tang, Li",Li,female,0.9821247080400133,True
Research and Application of Process-Centered Multi- Management Elements Fusion Technology,"Xie, Yang",Yang,unknown,0.6608034619216988,False
Research and Application of Process-Centered Multi- Management Elements Fusion Technology,"Zhang, Jilan",Jilan,unknown,0.5390824546455687,False
Research and Application of Process-Centered Multi- Management Elements Fusion Technology,"Li, Gongliang",Gongliang,male,0.9919230481359446,True
Research and Application of Process-Centered Multi- Management Elements Fusion Technology,"Tao, Yizheng",Yizheng,female,0.7145553340929791,False
Design of Intelligent Business Process System and Process Remodeling,"Li, Yan",Yan,unknown,0.5336648310743305,False
Design of Intelligent Business Process System and Process Remodeling,"Deng, Shao-Ling",Shao,male,0.9940300351568384,True
Clustering of ERP business process fragments,"Sarno, Riyanarto",Riyanarto,unknown,0.5283243191216946,False
Clustering of ERP business process fragments,"Ginardi, Hari",Hari,male,0.9948124446761314,True
Clustering of ERP business process fragments,"Pamungkas, Endang Wahyu",Endang,female,0.9964562738773498,True
Clustering of ERP business process fragments,"Sunaryono, Dwi",Dwi,female,0.9734726418201639,True
Classification and Analyses of Business Process Anomalies,"Kim, Gun-Woo",Gun,female,0.6480013460273919,False
Classification and Analyses of Business Process Anomalies,"Lee, Jeong Hwa",Jeong,unknown,0.7382790768103004,False
Classification and Analyses of Business Process Anomalies,"Son, Jin Hyun",Jin,male,0.7377281243241545,False
A Novel Design Framework for Business Process Modelling in Automotive Industry,"Dubani, Zwikamu",Zwikamu,unknown,0.5259757854673656,False
A Novel Design Framework for Business Process Modelling in Automotive Industry,"Soh, Ben",Ben,male,0.9999724406238173,True
A Novel Design Framework for Business Process Modelling in Automotive Industry,"Seeling, Chris",Chris,male,0.9947324204288283,True
Extracting common fragment based on behavioral similarity using transition adjacency relations for scalable business processes,"Fauzan, Abd. Charis",Abd.,male,0.9995756100797374,True
Extracting common fragment based on behavioral similarity using transition adjacency relations for scalable business processes,"Sarno, Riyanarto",Riyanarto,unknown,0.5283243191216946,False
Extracting common fragment based on behavioral similarity using transition adjacency relations for scalable business processes,"Yaqin, Muhammad Ainul",Muhammad,male,0.9999971836173159,True
Extracting common fragment based on behavioral similarity using transition adjacency relations for scalable business processes,"Jamal, Amin",Amin,male,0.999758654462319,True
Privacy-Preserving Cross-Organization Process Mining Based on Blockchain and Cryptography,"Zhang, Shuaipeng",Shuaipeng,unknown,0.5258773561003399,False
Privacy-Preserving Cross-Organization Process Mining Based on Blockchain and Cryptography,"Kong, Lanju",Lanju,male,0.9861573864227171,True
Privacy-Preserving Cross-Organization Process Mining Based on Blockchain and Cryptography,"Zheng, Yongqing",Yongqing,male,0.8735662017543929,True
Privacy-Preserving Cross-Organization Process Mining Based on Blockchain and Cryptography,"Liu, Cong",Cong,male,0.9891634952979704,True
Privacy-Preserving Cross-Organization Process Mining Based on Blockchain and Cryptography,"Cui, Lizhen",Lizhen,female,0.9876757659044886,True
Petri Net Based Business Process Simulation and Analysis Technology,"Wang, Haining",Haining,unknown,0.6661368339431977,False
Petri Net Based Business Process Simulation and Analysis Technology,"Sun, Shouqian",Shouqian,unknown,0.7056852149404,False
Petri Net Based Business Process Simulation and Analysis Technology,"Xu, Juanfang",Juanfang,female,0.9840948181865564,True
Petri Net Based Business Process Simulation and Analysis Technology,"Shi, Fuqian",Fuqian,unknown,0.6307613337807152,False
Petri Net Based Business Process Simulation and Analysis Technology,"Zou, Ning",Ning,female,0.9810746140370538,True
The Segmentation and Reconstruction Method of Business Process BPMN under Constraint Conditions,"Qin, Shenghui",Shenghui,male,0.939967675984987,True
The Segmentation and Reconstruction Method of Business Process BPMN under Constraint Conditions,"Zhao, Zhuofeng",Zhuofeng,male,0.9933421603494725,True
The Segmentation and Reconstruction Method of Business Process BPMN under Constraint Conditions,"Su, Jianhua",Jianhua,male,0.72936040403948,False
The Segmentation and Reconstruction Method of Business Process BPMN under Constraint Conditions,"Yang, Zhongguo",Zhongguo,male,0.9994031511572319,True
Verification of Invariant Properties of Business Process Based on Formal Approach,"Sasaki, Shimpei",Shimpei,male,0.9973086134210516,True
Verification of Invariant Properties of Business Process Based on Formal Approach,"Iijima, Junichi",Junichi,male,0.9995262395130728,True
Method for Modeling and Validation of Cross Enterprise Services Composition,"Chen, Feng",Feng,male,0.9830753668861625,True
Method for Modeling and Validation of Cross Enterprise Services Composition,"Ren, Changrui",Changrui,male,0.9813918550272961,True
Method for Modeling and Validation of Cross Enterprise Services Composition,"Wang, Qinhua",Qinhua,female,0.6146429335910073,False
Method for Modeling and Validation of Cross Enterprise Services Composition,"Li, Jinfeng",Jinfeng,male,0.5636730448150306,False
BPMN++: Comprehensive Business Process Modeling for Industrial Internet Application,"Cheng, Hangyu",Hangyu,male,0.8921876393813922,True
BPMN++: Comprehensive Business Process Modeling for Industrial Internet Application,"Kang, Guosheng",Guosheng,male,0.9777934863946923,True
BPMN++: Comprehensive Business Process Modeling for Industrial Internet Application,"Liu, Jianxun",Jianxun,male,0.9846596112086199,True
BPMN++: Comprehensive Business Process Modeling for Industrial Internet Application,"Wen, Yiping",Yiping,unknown,0.6924207024895932,False
BPMN++: Comprehensive Business Process Modeling for Industrial Internet Application,"Cao, Buqing",Buqing,male,0.9909957264261132,True
BPMN++: Comprehensive Business Process Modeling for Industrial Internet Application,"Wang, Zhen",Zhen,male,0.9764177145616529,True
Automatic Recognition of Business Process Images,"Kang, Qingyi",Qingyi,female,0.8042581157811204,True
Automatic Recognition of Business Process Images,"Yu, Yong",Yong,male,0.9844618295633396,True
Automatic Recognition of Business Process Images,"Dai, Fei",Fei,unknown,0.524875276973862,False
The Case for Unified Process Management in Smart Manufacturing,"Erasmus, Jonnro",Jonnro,unknown,0.6861296271813097,False
The Case for Unified Process Management in Smart Manufacturing,"Vanderfeesten, Irene",Irene,female,0.9999787388905271,True
The Case for Unified Process Management in Smart Manufacturing,"Traganos, Konstantinos",Konstantinos,male,0.9999558085455126,True
The Case for Unified Process Management in Smart Manufacturing,"Grefen, Paul",Paul,male,0.999990342528266,True
Research on process management system based on process integrated,"Wang, Neng",Neng,unknown,0.6537272736863716,False
Achieve Agile Enterprise System through Collaboration with BPMS,"Wang, Qinhua",Qinhua,female,0.6146429335910073,False
Achieve Agile Enterprise System through Collaboration with BPMS,"Ren, Changrui",Changrui,male,0.9813918550272961,True
Achieve Agile Enterprise System through Collaboration with BPMS,"Chen, Feng",Feng,male,0.9830753668861625,True
Blockchain Technology for Enhanced Business Management,"Naved, Mohd",Mohd,male,0.9999652934861983,True
Blockchain Technology for Enhanced Business Management,"Jain, Mini",Mini,female,0.9993035335861704,True
Blockchain Technology for Enhanced Business Management,"Reddy, V Venkat",V,unknown,0.5257877746519399,False
Blockchain Technology for Enhanced Business Management,"Singla, Atul",Atul,male,0.9998818540437993,True
Blockchain Technology for Enhanced Business Management,"Shakir, Aboothar Mahmood",Aboothar,male,0.8381696934586799,True
Blockchain Technology for Enhanced Business Management,"Rajalakshmi, B",B,unknown,0.5402338942821416,False
Requirements and Tools for Variability Management,"Aiello, Marco",Marco,male,0.9998964214527616,True
Requirements and Tools for Variability Management,"Bulanov, Pavel",Pavel,male,0.9999915029945373,True
Requirements and Tools for Variability Management,"Groefsema, Heerko",Heerko,male,0.9973931522427844,True
Support of cooperating and distributed business processes,"Graw, G.",,unknown,0,False
Support of cooperating and distributed business processes,"Gruhn, V.",,unknown,0,False
Support of cooperating and distributed business processes,"Krumm, H.",,unknown,0,False
Towards a semantic enrichment of configurable process models,"Faquih, Loubna El",Loubna,female,0.9999927230703592,True
Towards a semantic enrichment of configurable process models,"Sbaï, Hanae",Hanae,female,0.9999551736829082,True
Towards a semantic enrichment of configurable process models,"Fredj, Mounia",Mounia,female,0.9999617223402388,True
Configurable process models: A semantic validation,"El Faquih, Loubna",Loubna,female,0.9999927230703592,True
Configurable process models: A semantic validation,"Sbaï, Hanae",Hanae,female,0.9999551736829082,True
Configurable process models: A semantic validation,"Fredj, Mounia",Mounia,female,0.9999617223402388,True
The design and implementation of process engine supporting absolute customization based on ITSM,"Guo, Songqing",Songqing,male,0.8751341155788666,True
The design and implementation of process engine supporting absolute customization based on ITSM,"Qi, Feng",Feng,male,0.9830753668861625,True
The design and implementation of process engine supporting absolute customization based on ITSM,"Yuan, Yiguo",Yiguo,male,0.9858914676494607,True
The design and implementation of process engine supporting absolute customization based on ITSM,"Gong, Xue",Xue,female,0.9738490518370407,True
The design and implementation of process engine supporting absolute customization based on ITSM,"Zhan, Zhiqiang",Zhiqiang,male,0.9827676756260831,True
Production planning business process modelling using UML class diagram,"Dakic, Dusanka",Dusanka,female,0.9997224037091355,True
Production planning business process modelling using UML class diagram,"Stefanovic, Darko",Darko,male,0.9998581654231122,True
Production planning business process modelling using UML class diagram,"Lolic, Teodora",Teodora,female,0.9999710978798658,True
Production planning business process modelling using UML class diagram,"Sladojevic, Srdjan",Srdjan,male,0.9999872242091689,True
Production planning business process modelling using UML class diagram,"Anderla, Andras",Andras,male,0.9999798389181136,True
Business Process Modeling and simulation,"Hook, Geoffrey",Geoffrey,male,0.9999655859107274,True
A Data Flow Optimization Based Approach for BPEL Processes Partition,"Zhai, Yanlong",Yanlong,male,0.984220988897771,True
A Data Flow Optimization Based Approach for BPEL Processes Partition,"Su, Hongyi",Hongyi,male,0.960819568906793,True
A Data Flow Optimization Based Approach for BPEL Processes Partition,"Zhan, Shouyi",Shouyi,male,0.9730884700351977,True
A process component model for enterprise business knowledge reuse,"Mou, Yujie",Yujie,female,0.6076935135162396,False
A process component model for enterprise business knowledge reuse,"Cao, Jian",Jian,male,0.9975103869595472,True
A process component model for enterprise business knowledge reuse,"Zhang, Shensheng",Shensheng,male,0.9055637926216422,True
Enterprise business process integration,"Raut, A.",,unknown,0,False
Enterprise business process integration,"Basavaraja, A.",,unknown,0,False
Extracting business logic from business process models,"Levina, Olga",Olga,female,0.9997517811205014,True
Extracting business logic from business process models,"Holschke, Oliver",Oliver,male,0.9999907881390401,True
Extracting business logic from business process models,"Rake-Revelant, Jannis",Jannis,female,0.9842267932312584,True
A process definition language for Internet of things,"Chen, Feng",Feng,male,0.9830753668861625,True
A process definition language for Internet of things,"Ren, Changrui",Changrui,male,0.9813918550272961,True
A process definition language for Internet of things,"Wang, Qinhua",Qinhua,female,0.6146429335910073,False
A process definition language for Internet of things,"Shao, Bing",Bing,male,0.9070266412590164,True
A hybrid approach for dynamic business process mining based on reconfigurable nets and event types,"Li, Ning",Ning,female,0.9810746140370538,True
A hybrid approach for dynamic business process mining based on reconfigurable nets and event types,"Kang, Jianchu",Jianchu,male,0.9272718441784222,True
A hybrid approach for dynamic business process mining based on reconfigurable nets and event types,"Lv, Weifeng",Weifeng,male,0.9989393949622103,True
RNM based decentralized architecture of cross-organizational workflow management system for e-government,"Ye, Xin",Xin,female,0.7003246185087639,False
RNM based decentralized architecture of cross-organizational workflow management system for e-government,"Li, Zhao",Zhao,unknown,0.7235105623422796,False
RNM based decentralized architecture of cross-organizational workflow management system for e-government,"Fu, Shange",Shange,unknown,0.5992305381482671,False
Approaching Dielectric Silicon Slot Waveguides for THz Frequencies by Simulation From Optical and Electrical Points of View,"Burfeindt, Marcel Alver",Marcel,male,0.9997303200563393,True
Approaching Dielectric Silicon Slot Waveguides for THz Frequencies by Simulation From Optical and Electrical Points of View,"Dausien, Kristof",Kristof,male,0.999991346260397,True
Approaching Dielectric Silicon Slot Waveguides for THz Frequencies by Simulation From Optical and Electrical Points of View,"Schmitt, Lisa",Lisa,female,0.9999920796870457,True
Approaching Dielectric Silicon Slot Waveguides for THz Frequencies by Simulation From Optical and Electrical Points of View,"Barowski, Jan",Jan,unknown,0.5504849119650672,False
Approaching Dielectric Silicon Slot Waveguides for THz Frequencies by Simulation From Optical and Electrical Points of View,"Rolfes, Ilona",Ilona,female,0.999994891609944,True
Approaching Dielectric Silicon Slot Waveguides for THz Frequencies by Simulation From Optical and Electrical Points of View,"Hoffmann, Martin",Martin,male,0.9998539477569732,True
A Parametric Study of Inter-Track Interference in Bit Patterned Media Recording,"Karakulak, Seyhan",Seyhan,male,0.5697909017621842,False
A Parametric Study of Inter-Track Interference in Bit Patterned Media Recording,"Siegel, Paul H.",Paul,male,0.999990342528266,True
A Parametric Study of Inter-Track Interference in Bit Patterned Media Recording,"Wolf, Jack Keil",Jack,male,0.9999949132398703,True
An IoT-aware workflow model designer for smart alarm service about companion animal health check,"Park, Minjae",Minjae,male,0.9881912890236308,True
An IoT-aware workflow model designer for smart alarm service about companion animal health check,"Kim, Hyunah",Hyunah,female,0.9944819433713498,True
An IoT-aware workflow model designer for smart alarm service about companion animal health check,"Ahn, Hyun",Hyun,female,0.6602337656838952,False
An IoT-aware workflow model designer for smart alarm service about companion animal health check,"Kim, Kwanghoon Pio",Kwanghoon,unknown,0.690362626434451,False
Overall design approach for urbanized information systems: Application of the method PRAXEME,"Lamyae, Serehane",Serehane,unknown,0.5932119013521722,False
Overall design approach for urbanized information systems: Application of the method PRAXEME,"Abdennebi, Talbi",Talbi,male,0.9808499420469157,True
Modeling of 980/1550nm PLC WDM directional coupler,"Law, Alvin W. P.",Alvin,male,0.9999617968911683,True
Modeling of 980/1550nm PLC WDM directional coupler,"Chong, W. Y.",,unknown,0,False
Modeling of 980/1550nm PLC WDM directional coupler,"Adikan, F. R. M.",,unknown,0,False
Modeling of 980/1550nm PLC WDM directional coupler,"Ahmad, H.",,unknown,0,False
Design of a 1×4 silicon wavelength demultiplexer based on multimode interference in a slot waveguide structures,"Malka, Dror",Dror,male,0.9999717241438172,True
Design of a 1×4 silicon wavelength demultiplexer based on multimode interference in a slot waveguide structures,"Zalevsky, Zeev",Zeev,male,0.9999561822800366,True
Design of a 1×4 silicon wavelength demultiplexer based on multimode interference in a slot waveguide structures,"Sintov, Yoav",Yoav,male,0.9999878191592233,True
Coupling coefficient calculaltion of laterally coupled distributed feedback laser structure with metal surface gratings,"Jang, Sung-Jun",Sung,male,0.955834662371436,True
Coupling coefficient calculaltion of laterally coupled distributed feedback laser structure with metal surface gratings,"Lee, Yong-Tak",Yong,male,0.9844618295633396,True
Coupling coefficient calculaltion of laterally coupled distributed feedback laser structure with metal surface gratings,"Yu, Jae Su",Jae,male,0.9756125269782338,True
A Compact Silicon-on-Insulator MMI-based Polarization Splitter,"Ma, Yao-Feng",Yao,male,0.9931221313871769,True
A Compact Silicon-on-Insulator MMI-based Polarization Splitter,"Huang, Ding-Wei",Ding,male,0.9823260397107736,True
Development of Intelligent Cradle for Infant Monitoring System,"K. V., Satish Kumar",Satish,male,0.9981258016553592,True
Development of Intelligent Cradle for Infant Monitoring System,"L. S., Praveen",Praveen,male,0.9996291590879862,True
Development of Intelligent Cradle for Infant Monitoring System,"Vadde, Anusha",Anusha,female,0.9999891436027347,True
Development of Intelligent Cradle for Infant Monitoring System,"G., Ranjith Pawar",Ranjith,male,0.9993189873530537,True
Potential of Metallic Glass Thin Films as a Soft Magnetic Underlayer for \rm L1_0 FePt-Based Recording Media,"Kaushik, Neelam",Neelam,female,0.9998634734552845,True
Potential of Metallic Glass Thin Films as a Soft Magnetic Underlayer for \rm L1_0 FePt-Based Recording Media,"Sharma, Parmanand",Parmanand,male,0.9998649312550896,True
Potential of Metallic Glass Thin Films as a Soft Magnetic Underlayer for \rm L1_0 FePt-Based Recording Media,"Makino, Akihiro",Akihiro,male,0.9999436829119479,True
Potential of Metallic Glass Thin Films as a Soft Magnetic Underlayer for \rm L1_0 FePt-Based Recording Media,"Tanaka, Shuji",Shuji,male,0.9992721143351375,True
Potential of Metallic Glass Thin Films as a Soft Magnetic Underlayer for \rm L1_0 FePt-Based Recording Media,"Esashi, Masayoshi",Masayoshi,male,0.9996967274943205,True
Nanoscale Composition Control Applied on \(\boldsymbol L 1_\mathrm \mathbf 0\) FePtRh Film for Dot Patterning Using Magnetic Phase Change,"Hasegawa, Takashi",Takashi,male,0.9997988481962545,True
Nanoscale Composition Control Applied on \(\boldsymbol L 1_\mathrm \mathbf 0\) FePtRh Film for Dot Patterning Using Magnetic Phase Change,"Kondo, Yuji",Yuji,male,0.9936043264071972,True
Nanoscale Composition Control Applied on \(\boldsymbol L 1_\mathrm \mathbf 0\) FePtRh Film for Dot Patterning Using Magnetic Phase Change,"Uebayashi, Kazuhiko",Kazuhiko,male,0.9939725903829876,True
Nanoscale Composition Control Applied on \(\boldsymbol L 1_\mathrm \mathbf 0\) FePtRh Film for Dot Patterning Using Magnetic Phase Change,"Arakawa, Akira",Akira,female,0.7120158729932169,False
Nanoscale Composition Control Applied on \(\boldsymbol L 1_\mathrm \mathbf 0\) FePtRh Film for Dot Patterning Using Magnetic Phase Change,"Ishio, Shunji",Shunji,male,0.9532670936504433,True
A Framework for BPMS Performance and Cost Evaluation on the Cloud,"Rosinosky, Guillaume",Guillaume,male,0.9995033457648226,True
A Framework for BPMS Performance and Cost Evaluation on the Cloud,"Youcef, Samir",Samir,male,0.9999472082708237,True
A Framework for BPMS Performance and Cost Evaluation on the Cloud,"Charoy, François",François,male,0.9947714368930283,True
Low cost Pulse Oximeter using Arduino,"Cárcamo, Amanda Aracely Castellanos",Amanda,female,0.9999921216453751,True
Low cost Pulse Oximeter using Arduino,"Reyes, Merlin Guadalupe Majano",Merlin,male,0.9937167936616471,True
Low cost Pulse Oximeter using Arduino,"Urbina, Sophia Mariella Sánchez",Sophia,female,0.9999510999386807,True
Relationship Between Applied Field Gradient and Magnetization Switching in ECC Structured Dots,"Ikeda, Yuta",Yuta,male,0.9894963162573843,True
Relationship Between Applied Field Gradient and Magnetization Switching in ECC Structured Dots,"Greaves, Simon",Simon,male,0.9999853866925988,True
Relationship Between Applied Field Gradient and Magnetization Switching in ECC Structured Dots,"Aoi, Hajime",Hajime,male,0.9995821127753199,True
Relationship Between Applied Field Gradient and Magnetization Switching in ECC Structured Dots,"Muraoka, Hiroaki",Hiroaki,male,0.999687248587225,True
Sport and Technology: The Case of Archery,"Bornand, Cédric",Cédric,male,0.9992999828653392,True
Sport and Technology: The Case of Archery,"Güsewell, Angelika",Angelika,female,0.9999984946960455,True
Sport and Technology: The Case of Archery,"Staderini, Enrico",Enrico,male,0.9996785043632522,True
Sport and Technology: The Case of Archery,"Patra, Jagdish",Jagdish,male,0.9977470647403022,True
Business Process Model for University Management based on ISO 21000:2018 standard,"Arana, Maglioni",Maglioni,male,0.9884829071895183,True
Business Process Model for University Management based on ISO 21000:2018 standard,"Arana, Maribel",Maribel,female,0.9998380167354034,True
Business Process Model for University Management based on ISO 21000:2018 standard,"Camborda, Maria",Maria,female,0.9999948398304921,True
Modeling of a Polymer 1 x 3 MMI Power Splitter for Optical Backplane,"Rashed, A.M.",A.M.,male,0.8009080738527218,True
Modeling of a Polymer 1 x 3 MMI Power Splitter for Optical Backplane,"Selviah, D.R.",D.R.,male,0.986167761717329,True
A novel design of 8-Gbps IR-UWB pulse generator,"Mohammed, Ahmed R.",Ahmed,male,0.9999977341795334,True
A novel design of 8-Gbps IR-UWB pulse generator,"Al-Khateeb, Khalid A. S.",Khalid,male,0.999949361127034,True
A novel design of 8-Gbps IR-UWB pulse generator,"Rafiqul Islam, MD.",MD.,male,0.9975021331602927,True
An Information System Development Method Based on the Link of Business Process Modeling with Executable UML Modeling and its Evaluation by Prototyping,"Okawa, Tsutomu",Tsutomu,male,0.999819466293701,True
An Information System Development Method Based on the Link of Business Process Modeling with Executable UML Modeling and its Evaluation by Prototyping,"Kaminishi, Tsukasa",Tsukasa,male,0.9532908238031025,True
An Information System Development Method Based on the Link of Business Process Modeling with Executable UML Modeling and its Evaluation by Prototyping,"Hirabayashi, Syuichi",Syuichi,male,0.9900178589631599,True
An Information System Development Method Based on the Link of Business Process Modeling with Executable UML Modeling and its Evaluation by Prototyping,"Koizumi, Hisao",Hisao,male,0.999973970621903,True
An Information System Development Method Based on the Link of Business Process Modeling with Executable UML Modeling and its Evaluation by Prototyping,"Sawamoto, Jun",Jun,male,0.9972113548054844,True
Joint and Separate Detection-Decoding on BPMR Channels,"Wu, Tong",Tong,male,0.9861388834780277,True
Joint and Separate Detection-Decoding on BPMR Channels,"Armand, Marc A.",Marc,male,0.9999669556997242,True
Deletion/Insertion/Reversal Error Correcting Codes for Bit-Patterned Media Recording,"Inoue, Masato",Masato,male,0.9998549162106255,True
Deletion/Insertion/Reversal Error Correcting Codes for Bit-Patterned Media Recording,"Kaneko, Haruhiko",Haruhiko,male,0.9956734134646821,True
Performance of the Contraction Mapping-Based Iterative Two-Dimensional Equalizer for Bit-Patterned Media,"Moon, Woosik",Woosik,male,0.9996821126337081,True
Performance of the Contraction Mapping-Based Iterative Two-Dimensional Equalizer for Bit-Patterned Media,"Im, Sungbin",Sungbin,male,0.9979413438883116,True
Analysis and Optimization of the Numerical Calculation in the Slowly Decaying Imaginary Distance Beam Propagation Method,"Shu, Hong",Hong,female,0.711999011631038,False
Analysis and Optimization of the Numerical Calculation in the Slowly Decaying Imaginary Distance Beam Propagation Method,"Bass, Michael",Michael,male,0.9999876221560686,True
Accelerating Passive and Active Silicon Photonics Design using Multiple Numerical Techniques,"Bahl, Mayank",Mayank,male,0.999702861482306,True
Accelerating Passive and Active Silicon Photonics Design using Multiple Numerical Techniques,"Zhou, Ying",Ying,female,0.9976878084537152,True
Accelerating Passive and Active Silicon Photonics Design using Multiple Numerical Techniques,"Scarmozzino, Robert",Robert,male,0.9999776797436909,True
Accelerating Passive and Active Silicon Photonics Design using Multiple Numerical Techniques,"Heller, Evan",Evan,male,0.9999798906773547,True
Accelerating Passive and Active Silicon Photonics Design using Multiple Numerical Techniques,"Xu, Chenglin",Chenglin,male,0.9710350146614483,True
Accelerating Passive and Active Silicon Photonics Design using Multiple Numerical Techniques,"Herrmann, Daniel",Daniel,male,0.9999484956264236,True
Accelerating Passive and Active Silicon Photonics Design using Multiple Numerical Techniques,"Letay, Gergoe",Gergoe,unknown,0.6377592548049574,False
Measurement and Research of Beam-Based Alignment With AC k-Modulation at HLS,"Cao, Yong",Yong,male,0.9844618295633396,True
Measurement and Research of Beam-Based Alignment With AC k-Modulation at HLS,"Sun, Bao-gen",Bao,male,0.8996232469430655,True
Measurement and Research of Beam-Based Alignment With AC k-Modulation at HLS,"He, Duo-hui",Duo,male,0.9927439051984167,True
Semivector Finite-Difference Formula for the Analysis of a Step-Index Waveguide With a Tilted Interface,"Yamauchi, Junji",Junji,male,0.9976175762059468,True
Semivector Finite-Difference Formula for the Analysis of a Step-Index Waveguide With a Tilted Interface,"Harada, Seiji",Seiji,male,0.9984273167529591,True
Semivector Finite-Difference Formula for the Analysis of a Step-Index Waveguide With a Tilted Interface,"Kobori, Shingo",Shingo,male,0.9999340366863646,True
Semivector Finite-Difference Formula for the Analysis of a Step-Index Waveguide With a Tilted Interface,"Nakano, Hisamatsu",Hisamatsu,female,0.5239129542152096,False
Impact of Multidomain Dots on Write Margin in Bit Patterned Media Recording,"Saga, Hideki",Hideki,male,0.9996711966407943,True
Impact of Multidomain Dots on Write Margin in Bit Patterned Media Recording,"Shirahata, Kazuki",Kazuki,male,0.9975440404164555,True
Impact of Multidomain Dots on Write Margin in Bit Patterned Media Recording,"Mitsuzuka, Kaname",Kaname,male,0.9930265022763699,True
Impact of Multidomain Dots on Write Margin in Bit Patterned Media Recording,"Shimatsu, Takehito",Takehito,male,0.9958984831084189,True
Impact of Multidomain Dots on Write Margin in Bit Patterned Media Recording,"Aoi, Hajime",Hajime,male,0.9995821127753199,True
Impact of Multidomain Dots on Write Margin in Bit Patterned Media Recording,"Muraoka, Hiroaki",Hiroaki,male,0.999687248587225,True
An IoT-aware workflow model designer for smart alarm service about companion animal health check,"Park, Minjae",Minjae,male,0.9881912890236308,True
An IoT-aware workflow model designer for smart alarm service about companion animal health check,"Kim, Hyunah",Hyunah,female,0.9944819433713498,True
An IoT-aware workflow model designer for smart alarm service about companion animal health check,"Ahn, Hyun",Hyun,female,0.6602337656838952,False
An IoT-aware workflow model designer for smart alarm service about companion animal health check,"Kim, Kwanghoon Pio",Kwanghoon,unknown,0.690362626434451,False
Discharging scenario of serial buck-boost battery power modules with fault tolerance,"Yu, Li-Ren",Li,female,0.9821247080400133,True
Discharging scenario of serial buck-boost battery power modules with fault tolerance,"Ye, Donghui",Donghui,male,0.9625951374957064,True
Discharging scenario of serial buck-boost battery power modules with fault tolerance,"Moo, Chin-Sien",Chin,male,0.9814689338710207,True
Battery power module with tri-port dc-to-dc converter,"Moo, Chin-Sien",Chin,male,0.9814689338710207,True
Battery power module with tri-port dc-to-dc converter,"Wu, Tsung-Hsi",Tsung,male,0.9710957982001063,True
Battery power module with tri-port dc-to-dc converter,"Ng, Kong-Soon",Kong,male,0.9938910164248087,True
Battery power module with tri-port dc-to-dc converter,"Hsieh, Yao-Ching",Yao,male,0.9931221313871769,True
Battery power module with tri-port dc-to-dc converter,"Juan, Chun-Ying",Chun,male,0.9816926028175558,True
Improvement view: Extension of seven views approach,"Akkiyat, Ikram",Ikram,female,0.9386345047345194,True
Improvement view: Extension of seven views approach,"Souissi, Nissrine",Nissrine,female,0.9997057424825873,True
Analysis of an MMI-Based Six-Port Circulator by Using 3-D Magneto-Optical Beam Propagation Method,"Zhou, Haifeng",Haifeng,male,0.9492701833114546,True
Analysis of an MMI-Based Six-Port Circulator by Using 3-D Magneto-Optical Beam Propagation Method,"Jiang, Xiaoqing",Xiaoqing,female,0.9770489855619313,True
Analysis of an MMI-Based Six-Port Circulator by Using 3-D Magneto-Optical Beam Propagation Method,"Sun, Yiling",Yiling,female,0.9996999202283207,True
Analysis of an MMI-Based Six-Port Circulator by Using 3-D Magneto-Optical Beam Propagation Method,"Yang, Jianyi",Jianyi,male,0.6761189851084629,False
Analysis of an MMI-Based Six-Port Circulator by Using 3-D Magneto-Optical Beam Propagation Method,"Wang, Minghua",Minghua,unknown,0.6930329034879086,False
"Performance Evaluation of Ti:LiNbO3 Mach-Zehnder Interferometer Switch at 1.3μm, 1.46μm and 1.55μm","Kaur, Sehajpal",Sehajpal,male,0.8183496729593869,True
"Performance Evaluation of Ti:LiNbO3 Mach-Zehnder Interferometer Switch at 1.3μm, 1.46μm and 1.55μm","Singh, Mandeep",Mandeep,male,0.9769145466769685,True
"Performance Evaluation of Ti:LiNbO3 Mach-Zehnder Interferometer Switch at 1.3μm, 1.46μm and 1.55μm","Gill, Harpuneet Singh",Harpuneet,unknown,0.5681536035483425,False
"Performance Evaluation of Ti:LiNbO3 Mach-Zehnder Interferometer Switch at 1.3μm, 1.46μm and 1.55μm","Priyanka, Priyanka",Priyanka,female,0.9999968833604934,True
"Performance Evaluation of Ti:LiNbO3 Mach-Zehnder Interferometer Switch at 1.3μm, 1.46μm and 1.55μm","Singh, Maninder Lal",Maninder,male,0.9912458262606341,True
Recognition of similar patterns in popular Hindi Jazz songs by music data mining,"Bagul, Mitali",Mitali,female,0.999978935300906,True
Recognition of similar patterns in popular Hindi Jazz songs by music data mining,"Soni, Divya",Divya,female,0.9999622678875599,True
Recognition of similar patterns in popular Hindi Jazz songs by music data mining,"Saravanakumar, K",K,unknown,0.5271511926078435,False
Resonant coupler based on Mach-Zehnder configuration,"Zamhari, N.",,unknown,0,False
Resonant coupler based on Mach-Zehnder configuration,"Mohd. Supa't, A. S.",,unknown,0,False
Resonant coupler based on Mach-Zehnder configuration,"Wan Zainal Abidin, W. A.",,unknown,0,False
Resonant coupler based on Mach-Zehnder configuration,"Othman, A. K.",,unknown,0,False
Resonant coupler based on Mach-Zehnder configuration,"Kipli, K.",,unknown,0,False
A Photoplethysmography Based Noninvasive Cardiac Activity Monitoring Device Offering a Customized Android Application,"Chowdhury, Dhiman",Dhiman,male,0.9993416407098445,True
A Photoplethysmography Based Noninvasive Cardiac Activity Monitoring Device Offering a Customized Android Application,"Sarkar, Mrinmoy",Mrinmoy,male,0.993846211957959,True
A Photoplethysmography Based Noninvasive Cardiac Activity Monitoring Device Offering a Customized Android Application,"Rabbi, Golam",Golam,male,0.9999635085281576,True
A Photoplethysmography Based Noninvasive Cardiac Activity Monitoring Device Offering a Customized Android Application,"Haider, Mohammad Zakaria",Mohammad,male,0.9999978931239886,True
A process-aware IoT application execution environment design,"Park, Minjae",Minjae,male,0.9881912890236308,True
A process-aware IoT application execution environment design,"Kim, Hyunah",Hyunah,female,0.9944819433713498,True
A process-aware IoT application execution environment design,"Ahn, Hyun",Hyun,female,0.6602337656838952,False
A process-aware IoT application execution environment design,"Kim, Kwanghoon Pio",Kwanghoon,unknown,0.690362626434451,False
Semantic Modelling of Collaborative Business Processes,"Abramowicz, Witold",Witold,male,0.999973414620794,True
Semantic Modelling of Collaborative Business Processes,"Haniewicz, Konstanty",Konstanty,male,0.9985059749852797,True
Semantic Modelling of Collaborative Business Processes,"Kaczmarek, Monika",Monika,female,0.999996989457821,True
Semantic Modelling of Collaborative Business Processes,"Zyskowski, Dominik",Dominik,male,0.9999341703754147,True
IMUNES : design and implementation temperature and heartbeat sensors in measuring vital sign through watch,"Salawasna, Tresna Aglis",Tresna,unknown,0.6951853941535895,False
IMUNES : design and implementation temperature and heartbeat sensors in measuring vital sign through watch,"Priyana, Yoga",Yoga,unknown,0.7406633346281521,False
IMUNES : design and implementation temperature and heartbeat sensors in measuring vital sign through watch,"Setijadi, Ary",Ary,unknown,0.5396265536918866,False
Design Studies for a High Resolution Cold Cavity Beam Position Monitor,"Shin, Seunghwan",Seunghwan,male,0.9994255223652783,True
Design Studies for a High Resolution Cold Cavity Beam Position Monitor,"Wendt, Manfred",Manfred,male,0.9999883382145358,True
Securing Sensitive Data in Body Area Sensor Network Using Blockchain Technique,"Manu, S.R.",S.R.,male,0.9818691970827829,True
Securing Sensitive Data in Body Area Sensor Network Using Blockchain Technique,"Bhaskar, G.",,unknown,0,False
An S-bend based Optical Directional Coupler Using GaN Semiconductor,"Hamidah, Maratul",Maratul,female,0.9858537387844114,True
An S-bend based Optical Directional Coupler Using GaN Semiconductor,"Purnamaningsih, Retno Wigajatri",Retno,female,0.9825361067943518,True
Bit-Patterned Media on Plastic Tape With Feature Density of 100 Gigadot/in ^ 2,"Arellano, Noel",Noel,male,0.9967487205429406,True
Bit-Patterned Media on Plastic Tape With Feature Density of 100 Gigadot/in ^ 2,"Berman, David",David,male,0.9999952928042082,True
Bit-Patterned Media on Plastic Tape With Feature Density of 100 Gigadot/in ^ 2,"Frommer, Jane",Jane,female,0.9998933627948243,True
Bit-Patterned Media on Plastic Tape With Feature Density of 100 Gigadot/in ^ 2,"Imaino, Wayne",Wayne,male,0.998742473265932,True
Bit-Patterned Media on Plastic Tape With Feature Density of 100 Gigadot/in ^ 2,"Jiang, Xin",Xin,female,0.7003246185087639,False
Bit-Patterned Media on Plastic Tape With Feature Density of 100 Gigadot/in ^ 2,"Jubert, Pierre-Olivier",Pierre,male,0.999741392176316,True
Bit-Patterned Media on Plastic Tape With Feature Density of 100 Gigadot/in ^ 2,"McClelland, Gary",Gary,male,0.9997261213475382,True
Bit-Patterned Media on Plastic Tape With Feature Density of 100 Gigadot/in ^ 2,"Rettner, Charles",Charles,male,0.9999843936174916,True
Bit-Patterned Media on Plastic Tape With Feature Density of 100 Gigadot/in ^ 2,"Topuria, Teya",Teya,female,0.9999843634539984,True
Improvement proposal to raise service level in a cosmetics retail company,"Arce-Calero, Luz",Luz,female,0.9997288862740698,True
Improvement proposal to raise service level in a cosmetics retail company,"Gallegos-Florez, Karla",Karla,female,0.9999963872657498,True
Improvement proposal to raise service level in a cosmetics retail company,"Sotelo-Ruffo, Juan",Juan,male,0.9999978969254493,True
Improvement proposal to raise service level in a cosmetics retail company,"Ramos-Palomino, Edgar",Edgar,male,0.9999920483132181,True
Satisfiability of artifact lifecycle in business process model,"Wang, Ying",Ying,female,0.9976878084537152,True
Satisfiability of artifact lifecycle in business process model,"Liu, Guohua",Guohua,male,0.9356322066961649,True
Satisfiability of artifact lifecycle in business process model,"Zhang, Dawei",Dawei,male,0.9847517678376546,True
Satisfiability of artifact lifecycle in business process model,"Zhao, Danfeng",Danfeng,female,0.9854509611676608,True
Satisfiability of artifact lifecycle in business process model,"Zhao, Wei",Wei,male,0.8353828445774668,True
"Measuring Stress, Anxiety, and Depression in PTSD Sufferers Using Micro-Movements from Video","Holt, Remington A.",Remington,male,0.9943827851634676,True
"Measuring Stress, Anxiety, and Depression in PTSD Sufferers Using Micro-Movements from Video","Jones, Sarah",Sarah,female,0.999855391232182,True
"Measuring Stress, Anxiety, and Depression in PTSD Sufferers Using Micro-Movements from Video","Washington, Gloria",Gloria,female,0.9999615769178094,True
MnGa (001)-Textured Film Fabricated on Thermally Oxidized Si Substrate for Application to Ion Beam Bit Patterned Media,"Ishikawa, Toru",Toru,male,0.9997174019948849,True
MnGa (001)-Textured Film Fabricated on Thermally Oxidized Si Substrate for Application to Ion Beam Bit Patterned Media,"Miwa, Yoshitsugu",Yoshitsugu,male,0.9982408243976043,True
MnGa (001)-Textured Film Fabricated on Thermally Oxidized Si Substrate for Application to Ion Beam Bit Patterned Media,"Oshima, Daiki",Daiki,male,0.9990798771265723,True
MnGa (001)-Textured Film Fabricated on Thermally Oxidized Si Substrate for Application to Ion Beam Bit Patterned Media,"Kato, Takeshi",Takeshi,male,0.9997687224682361,True
MnGa (001)-Textured Film Fabricated on Thermally Oxidized Si Substrate for Application to Ion Beam Bit Patterned Media,"Iwata, Satoshi",Satoshi,male,0.999002410459802,True
Discharging scenario of series buck-boost type battery power modules with charge equalization,"Wu, Tsung-Hsi",Tsung,male,0.9710957982001063,True
Discharging scenario of series buck-boost type battery power modules with charge equalization,"Wang, Jhih-Kai",Jhih,unknown,0.7061043612626743,False
Discharging scenario of series buck-boost type battery power modules with charge equalization,"Moo, Chin-Sien",Chin,male,0.9814689338710207,True
Discharging scenario of series buck-boost type battery power modules with charge equalization,"Hsieh, Yao-Ching",Yao,male,0.9931221313871769,True
Analysis on parallel operation of boost-type battery power modules,"Lin, Kun-Hsiang",Kun,male,0.9912126728146163,True
Analysis on parallel operation of boost-type battery power modules,"Yu, Li-Ren",Li,female,0.9821247080400133,True
Analysis on parallel operation of boost-type battery power modules,"Moo, Chin-Sien",Chin,male,0.9814689338710207,True
Analysis on parallel operation of boost-type battery power modules,"Juan, Chun-Ying",Chun,male,0.9816926028175558,True
Spot size converter using mask-transfer self-written waveguide method for optical interconnection,"Baharudin, Nurul Atiqah",Nurul,female,0.7368645627340786,False
Spot size converter using mask-transfer self-written waveguide method for optical interconnection,"Ambran, Sumiaty",Sumiaty,female,0.9993226761380587,True
Spot size converter using mask-transfer self-written waveguide method for optical interconnection,"Mikami, Osamu",Osamu,male,0.9997626945813269,True
Spot size converter using mask-transfer self-written waveguide method for optical interconnection,"Fujikawa, Chiemi",Chiemi,female,0.9999714954422878,True
Spot size converter using mask-transfer self-written waveguide method for optical interconnection,"Suzuki, Akinori",Akinori,male,0.9939898605380396,True
Spot size converter using mask-transfer self-written waveguide method for optical interconnection,"Taguchi, Shonosuke",Shonosuke,unknown,0.5266303883099007,False
Spot size converter using mask-transfer self-written waveguide method for optical interconnection,"Mitomi, Osamu",Osamu,male,0.9997626945813269,True
Design and optimization of a Mach-Zehnder Interferometer (MZI) for optical modulators,"Razak, Hanim Abdul",Hanim,female,0.9976201690533817,True
Design and optimization of a Mach-Zehnder Interferometer (MZI) for optical modulators,"Haroon, Hazura",Hazura,female,0.9938451602127921,True
Design and optimization of a Mach-Zehnder Interferometer (MZI) for optical modulators,"Menon, P. Susthitha",,unknown,0,False
Design and optimization of a Mach-Zehnder Interferometer (MZI) for optical modulators,"Shaari, Sahbudin",Sahbudin,male,0.9978566596268255,True
Design and optimization of a Mach-Zehnder Interferometer (MZI) for optical modulators,"Arsad, Norhana",Norhana,female,0.9997936535538585,True
A hybrid time-domain technique for simulation of high-density integrated optical circuits,"Feng, Ning-Ning",Ning,female,0.9810746140370538,True
A hybrid time-domain technique for simulation of high-density integrated optical circuits,"Huang, Wei-Ping",Wei,male,0.8353828445774668,True
A hybrid time-domain technique for simulation of high-density integrated optical circuits,"Zhou, Gui-Rong",Gui,male,0.9939025504645949,True
