Integrating Compliance Requirements across Business and IT,"Koetter, Falko",Falko,male,0.9938941136601905,True
Integrating Compliance Requirements across Business and IT,"Kochanowski, Monika",Monika,female,0.999996989457821,True
Integrating Compliance Requirements across Business and IT,"Weisbecker, Anette",Anette,female,0.9999912143384062,True
Integrating Compliance Requirements across Business and IT,"Fehling, Christoph",Christoph,male,0.9996583666010818,True
Integrating Compliance Requirements across Business and IT,"Leymann, Frank",Frank,male,0.999947578866658,True
Development of the management system of the national sustainable development experimentation areas,"Zhu, Huaji",Huaji,male,0.9915910319286518,True
Development of the management system of the national sustainable development experimentation areas,"Wu, Huarui",Huarui,male,0.5398173053228931,False
Development of the management system of the national sustainable development experimentation areas,"Chen, Cheng",Cheng,male,0.9844419389561052,True
Development of the management system of the national sustainable development experimentation areas,"Gu, Jingqiu",Jingqiu,female,0.9359653648997227,True
EPClets - A lightweight and flexible textual language to augment EPC process modelling,"Kapuruge, Malinda",Malinda,female,0.9999984088185713,True
EPClets - A lightweight and flexible textual language to augment EPC process modelling,"Han, Jun",Jun,male,0.9972113548054844,True
EPClets - A lightweight and flexible textual language to augment EPC process modelling,"Colman, Alan",Alan,male,0.9999595127093575,True
EPClets - A lightweight and flexible textual language to augment EPC process modelling,"Ruegg, Ulf",Ulf,male,0.999198922828611,True
Engineering informatics and industrial information integration engineering,"Da Xu, Li",Li,female,0.9821247080400133,True
Scenario-based method for business process analysis and improvement in SOA,"Wang, Jianyi",Jianyi,male,0.6761189851084629,False
Scenario-based method for business process analysis and improvement in SOA,"Jiang, Lihong",Lihong,female,0.9739253459595598,True
Scenario-based method for business process analysis and improvement in SOA,"Cai, Hongming",Hongming,male,0.9391859751901778,True
Towards Process Support for Cloud Manufacturing,"Schulte, Stefan",Stefan,male,0.9999831604184807,True
Towards Process Support for Cloud Manufacturing,"Hoenisch, Philipp",Philipp,male,0.9999372005997167,True
Towards Process Support for Cloud Manufacturing,"Hochreiner, Christoph",Christoph,male,0.9996583666010818,True
Towards Process Support for Cloud Manufacturing,"Dustdar, Schahram",Schahram,unknown,0.7299774829155605,False
Towards Process Support for Cloud Manufacturing,"Klusch, Matthias",Matthias,male,0.9999337682187655,True
Towards Process Support for Cloud Manufacturing,"Schuller, Dieter",Dieter,male,0.9999629369688875,True
Elastic Business Process Management: State of the art and open challenges for BPM in the cloud,"Schulte, Stefan",Stefan,male,0.9999831604184807,True
Elastic Business Process Management: State of the art and open challenges for BPM in the cloud,"Janiesch, Christian",Christian,male,0.9993987974523811,True
Elastic Business Process Management: State of the art and open challenges for BPM in the cloud,"Venugopal, Srikumar",Srikumar,male,0.9981734282728584,True
Elastic Business Process Management: State of the art and open challenges for BPM in the cloud,"Weber, Ingo",Ingo,male,0.9999333804098659,True
Elastic Business Process Management: State of the art and open challenges for BPM in the cloud,"Hoenisch, Philipp",Philipp,male,0.9999372005997167,True
Scalable business process execution in the cloud,"Euting, Seven",Seven,male,0.9817230435184846,True
Scalable business process execution in the cloud,"Janiesch, Christian",Christian,male,0.9993987974523811,True
Scalable business process execution in the cloud,"Fischer, Robin",Robin,female,0.9831070203571547,True
Scalable business process execution in the cloud,"Tai, Stefan",Stefan,male,0.9999831604184807,True
Scalable business process execution in the cloud,"Weber, Ingo",Ingo,male,0.9999333804098659,True
A knowledge management system based on JSPWiki,"Mu, Bin",Bin,male,0.9912955838328016,True
A knowledge management system based on JSPWiki,"Lv, Yiyuan",Yiyuan,female,0.6634136705962626,False
A knowledge management system based on JSPWiki,"Sun, Zhiwei",Zhiwei,male,0.9799244874527846,True
Mobile modeling tool based on the horus method,"Alpers, Sascha",Sascha,unknown,0.6812636347953426,False
Mobile modeling tool based on the horus method,"Eryilmaz, Esmahan",Esmahan,female,0.9890873956157891,True
Mobile modeling tool based on the horus method,"Hellfeld, Stefan",Stefan,male,0.9999831604184807,True
Mobile modeling tool based on the horus method,"Oberweis, Andreas",Andreas,male,0.9999763395171621,True
Enhancing knowledge quality via a semantic-oriented framework for a social knowledge cloud,"Sabetzadeh, Farzad",Farzad,male,0.9999794474204174,True
Enhancing knowledge quality via a semantic-oriented framework for a social knowledge cloud,"Tsui, Eric",Eric,male,0.9999798907567824,True
Enhancing knowledge quality via a semantic-oriented framework for a social knowledge cloud,"Lee, W.B.",W.B.,male,0.9994722674268726,True
"Forecasting workloads in multi-step, multi-route business processes","Oh, Sechan",Sechan,male,0.9995147104541291,True
"Forecasting workloads in multi-step, multi-route business processes","Strong, Ray",Ray,male,0.9977160388697032,True
"Forecasting workloads in multi-step, multi-route business processes","Chandra, Anca",Anca,female,0.9999475242567216,True
"Forecasting workloads in multi-step, multi-route business processes","Blomberg, Jeanette",Jeanette,female,0.9999781830674597,True
A process driven software platform to full support process assessment method,"Silva, Davi C.",Davi,male,0.9763730785646684,True
A process driven software platform to full support process assessment method,"Raldi, Alan",Alan,male,0.9999595127093575,True
A process driven software platform to full support process assessment method,"Messias, Thiago",Thiago,male,0.9999637415449134,True
A process driven software platform to full support process assessment method,"Alves, Angela M.",Angela,female,0.9999936221211898,True
A process driven software platform to full support process assessment method,"Salviano, Clenio F.",Clenio,male,0.9949777610790462,True
The design and implementation of management information system of electric vehicle charging station based on cyber-Physical system,"Zhu, Zhi-cong",Zhi,male,0.9843741412639924,True
The design and implementation of management information system of electric vehicle charging station based on cyber-Physical system,"Yang, Xiao-fei",Xiao,unknown,0.7140596202174592,False
The design and implementation of management information system of electric vehicle charging station based on cyber-Physical system,"Cui, Cheng-gang",Cheng,male,0.9844419389561052,True
The design and implementation of management information system of electric vehicle charging station based on cyber-Physical system,"Wang, Shi-feng",Shi,female,0.820710424060958,True
The design and implementation of management information system of electric vehicle charging station based on cyber-Physical system,"Gao, Ting-yu",Ting,female,0.9934231487912134,True
The design and implementation of management information system of electric vehicle charging station based on cyber-Physical system,"Liu, Dan",Dan,male,0.9998938548042234,True
The design and implementation of management information system of electric vehicle charging station based on cyber-Physical system,"Liu, Wei-jun",Wei,male,0.8353828445774668,True
A dynamic services discovery model for better leveraging BPM and SOA integration,"De Souza, Alexandre Perin",Alexandre,male,0.9994086190609315,True
A dynamic services discovery model for better leveraging BPM and SOA integration,"Rabelo, Ricardo J.",Ricardo,male,0.99996029299145,True
Integrated engineering product design simulation platform for collaborative simulation under the user experience of SME users,"Seo, Dong-Woo",Dong,male,0.9925219904784107,True
Integrated engineering product design simulation platform for collaborative simulation under the user experience of SME users,"Lee, Sang-Min",Sang,male,0.9895846472342934,True
Integrated engineering product design simulation platform for collaborative simulation under the user experience of SME users,"Park, Kyung-Seo",Kyung,female,0.8471543713739165,True
Integrated engineering product design simulation platform for collaborative simulation under the user experience of SME users,"Park, Hyung-Wook",Hyung,male,0.9900289624246976,True
Integrated engineering product design simulation platform for collaborative simulation under the user experience of SME users,"Jeong, Seok-Chan",Seok,male,0.9838222712496217,True
TAI: A workflow-based automated testing management system,"Gao, Aozi",Aozi,male,0.5269001112742515,False
TAI: A workflow-based automated testing management system,"Liu, Zheng",Zheng,male,0.9827194073256851,True
Modeling and execution of multienterprise business processes,"Singer, Robert",Robert,male,0.9999776797436909,True
Modeling and execution of multienterprise business processes,"Kotremba, Johannes",Johannes,male,0.9999887278356387,True
Modeling and execution of multienterprise business processes,"Raß, Stefan",Stefan,male,0.9999831604184807,True
"Workshop on ""BPM in the public sector""; [Workshop zum ""BPM im Öffentlichen Sektor"" Organisatoren]","Walser, Konrad",Konrad,male,0.9999905818871407,True
"Workshop on ""BPM in the public sector""; [Workshop zum ""BPM im Öffentlichen Sektor"" Organisatoren]","Göbel, André",André,male,0.9937443143503205,True
Barriers and strategies of process knowledge sharing in public sector organizations,"Ahrend, Norbert",Norbert,male,0.9997332944573782,True
Barriers and strategies of process knowledge sharing in public sector organizations,"Pittke, Fabian",Fabian,male,0.99994536757258,True
Barriers and strategies of process knowledge sharing in public sector organizations,"Leopold, Henrik",Henrik,male,0.9999612355431858,True
An improved structure-based approach to measure similarity of business process models,"Ling, Jimin",Jimin,female,0.7147666149616319,False
An improved structure-based approach to measure similarity of business process models,"Zhang, Li",Li,female,0.9821247080400133,True
An improved structure-based approach to measure similarity of business process models,"Feng, Qi",Qi,unknown,0.7168904722752344,False
Mobile supported and process enabled electronic document management system for local municipalities,"Bakirli, Gözde",Gözde,female,0.9960018139160374,True
Mobile supported and process enabled electronic document management system for local municipalities,"Birant, Derya",Derya,female,0.9999911743629906,True
Mobile supported and process enabled electronic document management system for local municipalities,"Mutlu, Erol",Erol,male,0.999969089473192,True
Mobile supported and process enabled electronic document management system for local municipalities,"Denktas, Levent",Levent,male,0.9996837592959752,True
Mobile supported and process enabled electronic document management system for local municipalities,"Çetin, Dilsah",Dilsah,female,0.9942686924003407,True
Mobile supported and process enabled electronic document management system for local municipalities,"Kut, Alp",Alp,male,0.9993006789464967,True
Theoretical contributions concerning performance-The way to achieve excellence,"Popescu, Cristina Raluca",Cristina,female,0.9999968566271442,True
Theoretical contributions concerning performance-The way to achieve excellence,"Popescu, Gheorghe N.",Gheorghe,male,0.9942521148426836,True
Process-oriented standard software - An impulse for sustainable business process management at higher education institutions?,"Bührig, Jan",Jan,unknown,0.5504849119650672,False
Process-oriented standard software - An impulse for sustainable business process management at higher education institutions?,"Ebeling, Britta",Britta,female,0.9999953850659278,True
Process-oriented standard software - An impulse for sustainable business process management at higher education institutions?,"Hoyer, Stefan",Stefan,male,0.9999831604184807,True
Process-oriented standard software - An impulse for sustainable business process management at higher education institutions?,"Breitner, Michael",Michael,male,0.9999876221560686,True
How to successfully start the transformation of an academic institution: Case study on the process mapping project at the Czech technical university,"Náplava, Pavel",Pavel,male,0.9999915029945373,True
How to successfully start the transformation of an academic institution: Case study on the process mapping project at the Czech technical university,"Hronza, Radek",Radek,male,0.9999854658343452,True
How to successfully start the transformation of an academic institution: Case study on the process mapping project at the Czech technical university,"Kocí, Jan",Jan,unknown,0.5504849119650672,False
How to successfully start the transformation of an academic institution: Case study on the process mapping project at the Czech technical university,"Pavlícek, Josef",Josef,male,0.9999977561192824,True
Making Business Environments Smarter: A Context-Adaptive Petri Net Approach,"Serral, Estefania",Estefania,female,0.9999970577398329,True
Making Business Environments Smarter: A Context-Adaptive Petri Net Approach,"Smedt, Johannes De",Johannes,male,0.9999887278356387,True
Making Business Environments Smarter: A Context-Adaptive Petri Net Approach,"Vanthienen, Jan",Jan,unknown,0.5504849119650672,False
Challenges for processing events in logistics processes,"Mendling, Jan",Jan,unknown,0.5504849119650672,False
Environmentally sustainable business process management - Developing a green BPM readiness model,"Opitz, Nicky",Nicky,male,0.8806050756418814,True
Environmentally sustainable business process management - Developing a green BPM readiness model,"Krüp, Henning",Henning,male,0.9992889847609261,True
Environmentally sustainable business process management - Developing a green BPM readiness model,"Kolbe, Lutz Maria",Lutz,male,0.9936954301368839,True
Work systems based fractal architecture of information systems,"Kirikova, Marite",Marite,female,0.9999962509037612,True
The change impact analysis in BPM based software applications: A graph rewriting and ontology based approach,"Bouneffa, Mourad",Mourad,male,0.9999915789809813,True
The change impact analysis in BPM based software applications: A graph rewriting and ontology based approach,"Ahmad, Adeel",Adeel,male,0.9999668673643447,True
Towards an understanding of real-time continuous feedback from simulation games,"Nkhoma, Mathews",Mathews,male,0.9997876102110492,True
Towards an understanding of real-time continuous feedback from simulation games,"Calbeto, Jaime",Jaime,male,0.8905736761864349,True
Towards an understanding of real-time continuous feedback from simulation games,"Sriratanaviriyakul, Narumon",Narumon,female,0.9828262176210254,True
Towards an understanding of real-time continuous feedback from simulation games,"Muang, Thu",Thu,female,0.9935512112002006,True
Towards an understanding of real-time continuous feedback from simulation games,"Tran, Quyen Ha",Quyen,female,0.9899070475045301,True
Towards an understanding of real-time continuous feedback from simulation games,"Cao, Thanh Kim",Thanh,male,0.9801043135052536,True
Business process modelling in ERP implementation: Literature review,"Kraljić, Tarik",Tarik,male,0.9998537753128879,True
Business process modelling in ERP implementation: Literature review,"Kraljić, Adnan",Adnan,male,0.9999596751967326,True
Business process modelling in ERP implementation: Literature review,"Poels, Geert",Geert,male,0.9998608924148286,True
Business process modelling in ERP implementation: Literature review,"Devos, Jan",Jan,unknown,0.5504849119650672,False
Decoding algorithm of LDPC codes for cascaded BSC-AWGN channels,"Phakphisut, Watid",Watid,male,0.9976086757314838,True
Decoding algorithm of LDPC codes for cascaded BSC-AWGN channels,"Supnithi, Pornchai",Pornchai,male,0.9986753039457397,True
Social Software and dynamics in business process management; [Soziale Software und Dynamik im Geschäftsprozessmanagement],"Drawehn, Jens",Jens,male,0.9999725010363429,True
Social Software and dynamics in business process management; [Soziale Software und Dynamik im Geschäftsprozessmanagement],"Walter, Dominic",Dominic,male,0.9999608949001698,True
Semantic variability modeling in business processes: A comparative study,"Faquih, Loubna El",Loubna,female,0.9999927230703592,True
Semantic variability modeling in business processes: A comparative study,"Sbai, Hanae",Hanae,female,0.9999551736829082,True
Semantic variability modeling in business processes: A comparative study,"Fredj, Mounia",Mounia,female,0.9999617223402388,True
Identifying best practices in business process management using fuzzy analytical hierarchy process,"Shahim, Nazli",Nazli,female,0.9999893345639667,True
Identifying best practices in business process management using fuzzy analytical hierarchy process,"M0ller, Charles",Charles,male,0.9999843936174916,True
A meta-model for process map design,"Malinova, Monika",Monika,female,0.999996989457821,True
A meta-model for process map design,"Leopold, Henrik",Henrik,male,0.9999612355431858,True
A meta-model for process map design,"Mendling, Jan",Jan,unknown,0.5504849119650672,False
Business process evaluation in agile business process management using quality models,"Gebhart, Michael",Michael,male,0.9999876221560686,True
Business process evaluation in agile business process management using quality models,"Mevius, Marco",Marco,male,0.9998964214527616,True
Business process evaluation in agile business process management using quality models,"Wiedmann, Peter",Peter,male,0.9999580684529622,True
A review of delegation and break-glass models for flexible access control management,"Schefer-Wenzl, B Sigrid",B,unknown,0.5402338942821416,False
A review of delegation and break-glass models for flexible access control management,"Bukvova, Helena",Helena,female,0.9999966259393464,True
A review of delegation and break-glass models for flexible access control management,"Strembeck, Mark",Mark,male,0.999973238313618,True
A conceptual framework and classification of capability areas for business process maturity,"Looy, Amy Van",Amy,female,0.9999688840881918,True
A conceptual framework and classification of capability areas for business process maturity,"Backer, Manu De",Manu,male,0.9827395328168211,True
A conceptual framework and classification of capability areas for business process maturity,"Poels, Geert",Geert,male,0.9998608924148286,True
Towards business process management in networked ecosystems,"Grondelle, Jeroen Van",Jeroen,male,0.9999853996672198,True
Towards business process management in networked ecosystems,"Zoet, Martijn",Martijn,male,0.9994882725708324,True
Towards business process management in networked ecosystems,"Versendaal, Johan",Johan,male,0.999997087608752,True
DGIST: A digital game for international students’ adjustment,"Bisadi, Maryam",Maryam,female,0.9998920168924817,True
DGIST: A digital game for international students’ adjustment,"Chua, Alton Y. K.",Alton,male,0.9999391822212341,True
"Consistency issues in large business process model environment, A case study","Bruckner, Tomas",Tomas,male,0.999996989207828,True
"Consistency issues in large business process model environment, A case study","Repa, Vaclav",Vaclav,male,0.9999825731894625,True
"Consistency issues in large business process model environment, A case study","Chlapek, Dusan",Dusan,male,0.9999742638469837,True
Recognition of similar patterns in popular Hindi Jazz songs by music data mining,"Bagul, Mitali",Mitali,female,0.999978935300906,True
Recognition of similar patterns in popular Hindi Jazz songs by music data mining,"Soni, Divya",Divya,female,0.9999622678875599,True
Recognition of similar patterns in popular Hindi Jazz songs by music data mining,"Saravanakumar, K.",,unknown,0,False
Dynamic workflow adjustment with security constraints,"Lu, Haibing",Haibing,male,0.9453297576306389,True
Dynamic workflow adjustment with security constraints,"Hong, Yuan",Yuan,male,0.6305973625632009,False
Dynamic workflow adjustment with security constraints,"Yang, Yanjiang",Yanjiang,female,0.9823698616839018,True
Dynamic workflow adjustment with security constraints,"Fang, Yi",Yi,female,0.8940381462246494,True
Dynamic workflow adjustment with security constraints,"Duan, Lian",Lian,female,0.779598239685771,True
"Analysis and improvement of a construction permit approval process: A teaching case for developing business process development capabilities, targeting developing nations","Weerasinghe, Kasuni",Kasuni,female,0.9955853669768553,True
"Analysis and improvement of a construction permit approval process: A teaching case for developing business process development capabilities, targeting developing nations","Bandara, Wasana",Wasana,female,0.993626508543848,True
"Analysis and improvement of a construction permit approval process: A teaching case for developing business process development capabilities, targeting developing nations","Dharmasena, Thanuja",Thanuja,female,0.9999608200376333,True
"Analysis and improvement of a construction permit approval process: A teaching case for developing business process development capabilities, targeting developing nations","Kuruppubandara, Mahesha",Mahesha,male,0.8653315344164239,True
"Analysis and improvement of a construction permit approval process: A teaching case for developing business process development capabilities, targeting developing nations","Nawinna, Dasuni",Dasuni,female,0.9939771134426186,True
A framework for translating legal knowledge into administrative processes: Dynamic adaption of business processes,"Gong, Yiwei",Yiwei,male,0.5292285412566516,False
A framework for translating legal knowledge into administrative processes: Dynamic adaption of business processes,"Janssen, Marijn",Marijn,unknown,0.6991258488869239,False
Querying business process model repositories: A survey of current approaches and issues,"Wang, Jianmin",Jianmin,male,0.8695557433766125,True
Querying business process model repositories: A survey of current approaches and issues,"Jin, Tao",Tao,male,0.9969686446299408,True
Querying business process model repositories: A survey of current approaches and issues,"Wong, Raymond K.",Raymond,male,0.9999627275908509,True
Querying business process model repositories: A survey of current approaches and issues,"Wen, Lijie",Lijie,female,0.9790060744846031,True
Processing big events with showers and streams,"Doblander, Christoph",Christoph,male,0.9996583666010818,True
Processing big events with showers and streams,"Rabl, Tilmann",Tilmann,male,0.9929305760586087,True
Processing big events with showers and streams,"Jacobsen, Hans-Arno",Hans,male,0.9999270008633634,True
An approach for improving business process models using risk analysis techniques,"Lhannaoui, Hanane",Hanane,female,0.9999518327058544,True
An approach for improving business process models using risk analysis techniques,"Kabbaj, Mohammed Issam",Mohammed,male,0.99999732840862,True
An approach for improving business process models using risk analysis techniques,"Bakkoury, Zohra",Zohra,female,0.9999295273468682,True
BPM standardization system in the public administration of Switzerland and its theory-based evaluation; [Das BPM-Standardisierungssystem in der Öffentlichen Verwaltung der Schweiz und dessen Theorie-basierte Evaluierung],"Walser, Konrad",Konrad,male,0.9999905818871407,True
Developing a method for prioritizing business process improvement initiatives,"Ohlsson, Jens",Jens,male,0.9999725010363429,True
Developing a method for prioritizing business process improvement initiatives,"Han, Shengnan",Shengnan,female,0.9830858460959337,True
Developing a method for prioritizing business process improvement initiatives,"Johannesson, Paul",Paul,male,0.999990342528266,True
Developing a method for prioritizing business process improvement initiatives,"Rusu, Lazar",Lazar,male,0.9996669009945608,True
Towards a model-driven approach for treating quality attributes of service-based business processes,"Teles, Fabrício",Fabrício,male,0.9976709653330129,True
Towards a model-driven approach for treating quality attributes of service-based business processes,"Lins, Fernando",Fernando,male,0.9998906875755088,True
Towards a model-driven approach for treating quality attributes of service-based business processes,"Rosa, Nelson",Nelson,male,0.9999183097997376,True
How should we teach the logic of BPM? Comparing e-learning and face-to-face setting in situated learning,"Leyer, Michael",Michael,male,0.9999876221560686,True
How should we teach the logic of BPM? Comparing e-learning and face-to-face setting in situated learning,"Moormann, Jürgen",Jürgen,male,0.9977530655334812,True
How should we teach the logic of BPM? Comparing e-learning and face-to-face setting in situated learning,"Wang, Minhong",Minhong,female,0.9773761507977663,True
Aspect mining in business process management,"Jalali, Amin",Amin,male,0.999758654462319,True
Making a link between strategy and process model collections: A multi-layered approach,"Dallilo, Felipe Diniz",Felipe,male,0.9992350889370495,True
Making a link between strategy and process model collections: A multi-layered approach,"De Albuquerque, João Porto",João,male,0.9999597809713936,True
Making a link between strategy and process model collections: A multi-layered approach,"Fantinato, Marcelo",Marcelo,male,0.9998735221664624,True
"Business process management in business development. Status quo on needs, applications and barriers; [Geschäftsprozessmanagement in der Wirtschaftsförderung. Status Quo zu Notwendigkeiten, Anwendungen und Hemmnissen]","Göbel, André",André,male,0.9937443143503205,True
"Business process management in business development. Status quo on needs, applications and barriers; [Geschäftsprozessmanagement in der Wirtschaftsförderung. Status Quo zu Notwendigkeiten, Anwendungen und Hemmnissen]","Hesse, Emanuel",Emanuel,male,0.9999580610451408,True
An optimized method of business process mining bused on the behavior profile of petri nets,"Fang, Xianwen",Xianwen,male,0.9470768352005097,True
An optimized method of business process mining bused on the behavior profile of petri nets,"Wu, Junzhi",Junzhi,male,0.9743412591564955,True
An optimized method of business process mining bused on the behavior profile of petri nets,"Liu, Xiangwei",Xiangwei,male,0.9661885526545338,True
Cloud services platform of public resources trading integration,"Xiong, Jianbin",Jianbin,male,0.9883659322461692,True
Cloud services platform of public resources trading integration,"Wang, Qinruo",Qinruo,unknown,0.6990975128656381,False
Cloud services platform of public resources trading integration,"Liu, Jianqi",Jianqi,male,0.9723756588255554,True
Cloud services platform of public resources trading integration,"Liang, Qiong",Qiong,female,0.9832418564569652,True
Cloud services platform of public resources trading integration,"Zhou, Keliang",Keliang,male,0.9190193164736603,True
Business Process Management with mobile routes,"Mahmoudi, Charif",Charif,male,0.9948781588919674,True
Business Process Management with mobile routes,"Mourlin, Fabrice",Fabrice,male,0.9995795460170124,True
Towards automated adaptation of disaster response processes-an approach to insert transport activities,"Hofmann, Marlen",Marlen,female,0.9968160984446262,True
An approach to the decomposition of business processes for execution in the Cloud,"Povoa, Lucas Venezian",Lucas,male,0.9999718945700141,True
An approach to the decomposition of business processes for execution in the Cloud,"De Souza, Wanderley Lopes",Wanderley,male,0.9939610997136697,True
An approach to the decomposition of business processes for execution in the Cloud,"Pires, Luís Ferreira",Luís,male,0.9971090531412131,True
An approach to the decomposition of business processes for execution in the Cloud,"Do Prado, Antonio Francisco",Antonio,male,0.9999433950349952,True
Compliance in BPM today - An insight into experts' views and industry challenges,"Kochanowski, Monika",Monika,female,0.999996989457821,True
Compliance in BPM today - An insight into experts' views and industry challenges,"Fehling, Christoph",Christoph,male,0.9996583666010818,True
Compliance in BPM today - An insight into experts' views and industry challenges,"Koetter, Falko",Falko,male,0.9938941136601905,True
Compliance in BPM today - An insight into experts' views and industry challenges,"Leymann, Frank",Frank,male,0.999947578866658,True
Compliance in BPM today - An insight into experts' views and industry challenges,"Weisbecker, Anette",Anette,female,0.9999912143384062,True
Capability development with process maturity models – Decision framework and economic analysis,"Forstner, Eva",Eva,female,0.9999952482167518,True
Capability development with process maturity models – Decision framework and economic analysis,"Kamprath, Nora",Nora,female,0.9999832835071044,True
Capability development with process maturity models – Decision framework and economic analysis,"Röglinger, Maximilian",Maximilian,male,0.9998238213451786,True
Functional testing: A SOA & BPM approach,"Gontier, William",William,male,0.999948625742716,True
Functional testing: A SOA & BPM approach,"Hennequin, Franck",Franck,male,0.9999401161347458,True
Functional testing: A SOA & BPM approach,"Lloansi, Fabien",Fabien,male,0.9999236079512902,True
Improving business processes management systems by introducing soft computing elements,"Romero, Francisco P.",Francisco,male,0.9999572464565292,True
Improving business processes management systems by introducing soft computing elements,"Peralta, Arturo",Arturo,male,0.9999804874954432,True
Improving business processes management systems by introducing soft computing elements,"Olivas, Jose A.",Jose,male,0.9999804924850862,True
Improving business processes management systems by introducing soft computing elements,"Serrano-Guerrero, Jesus",Jesus,male,0.9999895267646162,True
Improving business processes management systems by introducing soft computing elements,"Moreno, Sergio",Sergio,male,0.9999761025266936,True
"Use of method for elicitation, documentation, and validation of software user requirements (MEDoV) in agile software development projects","Dragicevic, Srdjana",Srdjana,female,0.5734716631261091,False
"Use of method for elicitation, documentation, and validation of software user requirements (MEDoV) in agile software development projects","Celar, Stipe",Stipe,male,0.9848259795792571,True
"Use of method for elicitation, documentation, and validation of software user requirements (MEDoV) in agile software development projects","Novak, Luksa",Luksa,male,0.9889482456857488,True
BPMN extension for business process monitoring,"Baumgrass, Anne",Anne,female,0.9999910090887604,True
BPMN extension for business process monitoring,"Herzberg, Nico",Nico,male,0.9970057349139636,True
BPMN extension for business process monitoring,"Meyer, Andreas",Andreas,male,0.9999763395171621,True
BPMN extension for business process monitoring,"Weske, Mathias",Mathias,male,0.999948038650782,True
An ontological consensus augmented framework for collaborative business process formulation,"Hoang, Hanh H.",Hanh,female,0.9980197341321809,True
An ontological consensus augmented framework for collaborative business process formulation,"Nguyen, Trung V.",Trung,male,0.9998588358009136,True
An ontological consensus augmented framework for collaborative business process formulation,"Hoang, Vu Minh",Vu,male,0.992069262306445,True
A model-driven method for enacting the design-time QoS analysis of business processes,"Bocciarelli, Paolo",Paolo,male,0.9999357526976299,True
A model-driven method for enacting the design-time QoS analysis of business processes,"D'Ambrogio, Andrea",Andrea,female,0.9990642945711071,True
GoalDAG – Archimate integration,"Gungor, Cahit",Cahit,male,0.9959848331180204,True
GoalDAG – Archimate integration,"Oguztuzun, Halit",Halit,male,0.9995643209861604,True
BPM analysis of all-optical fiber interferometric sensor based on a U-shape microcavity,"Wu, Hongbin",Hongbin,male,0.9930228757824261,True
BPM analysis of all-optical fiber interferometric sensor based on a U-shape microcavity,"Yuan, Lei",Lei,female,0.9773825880925103,True
BPM analysis of all-optical fiber interferometric sensor based on a U-shape microcavity,"Wang, Sumei",Sumei,female,0.991466758445318,True
BPM analysis of all-optical fiber interferometric sensor based on a U-shape microcavity,"Zhao, Longjiang",Longjiang,male,0.9181618350587495,True
BPM analysis of all-optical fiber interferometric sensor based on a U-shape microcavity,"Cao, Zhitao",Zhitao,male,0.9846005267658973,True
Testing the impact of wand and Weber's decomposition model on process model understandability,"Johannsen, Florian",Florian,male,0.9999672042878258,True
Testing the impact of wand and Weber's decomposition model on process model understandability,"Leist, Susanne",Susanne,female,0.9999892357121019,True
Testing the impact of wand and Weber's decomposition model on process model understandability,"Braunnagel, Daniel",Daniel,male,0.9999484956264236,True
Towards location-aware declarative business process management,"Schónig, Stefan",Stefan,male,0.9999831604184807,True
Towards location-aware declarative business process management,"Zeising, Michael",Michael,male,0.9999876221560686,True
Towards location-aware declarative business process management,"Jablonski, Stefan",Stefan,male,0.9999831604184807,True
Value-driven design and implementation of business processes transferring strategy into execution at pace with certainty,"Kirchmer, Mathias",Mathias,male,0.999948038650782,True
Extending swarm communication to unify choreography and long-lived processes,"Alboaie, Lenuta",Lenuta,female,0.9996772831304003,True
Extending swarm communication to unify choreography and long-lived processes,"Alboaie, Sinica",Sinica,female,0.9950709131137855,True
Extending swarm communication to unify choreography and long-lived processes,"Barbu, Tudor",Tudor,male,0.9998189587225583,True
A genetic algorithm for the inductive derivation of reference models using minimal graph-edit distance applied to real-world business process data,"Martens, Alexander",Alexander,male,0.9999914495946162,True
A genetic algorithm for the inductive derivation of reference models using minimal graph-edit distance applied to real-world business process data,"Fettke, Peter",Peter,male,0.9999580684529622,True
A genetic algorithm for the inductive derivation of reference models using minimal graph-edit distance applied to real-world business process data,"Loos, Peter",Peter,male,0.9999580684529622,True
Enterprise Architecture in University analyzing of implementation using business process management,"Ramadhan, Agriansyah",Agriansyah,female,0.5267676787906006,False
Enterprise Architecture in University analyzing of implementation using business process management,"Arman, Arry Akhmad",Arry,male,0.9875824699762261,True
A Service Composition Environment Based on Enterprise Service Bus,"Ning, Fu",Fu,male,0.9888269146800907,True
A Service Composition Environment Based on Enterprise Service Bus,"Junhua, Duan",Duan,male,0.9992526513333241,True
A Service Composition Environment Based on Enterprise Service Bus,"Yan, Guo",Guo,male,0.9927823788737182,True
Conflict resolution for on-the-fly change propagation in business processes,"Mafazi, Shamila",Shamila,female,0.9999965581350782,True
Conflict resolution for on-the-fly change propagation in business processes,"Mayer, Wolfgang",Wolfgang,male,0.9998326674032032,True
Conflict resolution for on-the-fly change propagation in business processes,"Stumptner, Markus",Markus,male,0.9999735872978276,True
Cloud based Material management system for printing press,"Zhang, Yongbin",Yongbin,male,0.9924612533887869,True
Cloud based Material management system for printing press,"Liang, Ronghua",Ronghua,unknown,0.7363625557560024,False
Cloud based Material management system for printing press,"Du, Yanping",Yanping,female,0.9983025509567997,True
Cloud based Material management system for printing press,"Wei, Li",Li,female,0.9821247080400133,True
Extracting business vocabularies from business process models: SBVR and BPMN standards-based approach,"Skersys, Tomas",Tomas,male,0.999996989207828,True
Extracting business vocabularies from business process models: SBVR and BPMN standards-based approach,"Kapocius, Kestutis",Kestutis,male,0.9999140834994069,True
Extracting business vocabularies from business process models: SBVR and BPMN standards-based approach,"Butleris, Rimantas",Rimantas,male,0.9999780535518726,True
Extracting business vocabularies from business process models: SBVR and BPMN standards-based approach,"Danikauskas, Tomas",Tomas,male,0.999996989207828,True
DSL based platform for business process management,"Kalnins, Audris",Audris,female,0.9909882515070237,True
DSL based platform for business process management,"Lace, Lelde",Lelde,female,0.9994019035149364,True
DSL based platform for business process management,"Kalnina, Elina",Elina,female,0.9999863469840129,True
DSL based platform for business process management,"Sostaks, Agris",Agris,male,0.9942749664789683,True
PRIMA II - An analysis of resource availability in disaster response processes,"Betke, Hans",Hans,male,0.9999270008633634,True
PRIMA II - An analysis of resource availability in disaster response processes,"Hofmann, Marlen",Marlen,female,0.9968160984446262,True
Proactive decision support during business process execution,"Batoulis, K.",,unknown,0,False
Leveraging model-driven monitoring for event-driven business process control,"Koetter, Falko",Falko,male,0.9938941136601905,True
Leveraging model-driven monitoring for event-driven business process control,"Kochanowski, Monika",Monika,female,0.999996989457821,True
Leveraging model-driven monitoring for event-driven business process control,"Kintz, Maximilien",Maximilien,male,0.9997534500075188,True
Assessing aspect oriented approaches in business process management,"Jalali, Amin",Amin,male,0.999758654462319,True
Diagnosing industrial business processes: Early experiences,"Roy, Suman",Suman,female,0.6303416799007425,False
Diagnosing industrial business processes: Early experiences,"Sajeev, A.S.M.",A.S.M.,male,0.6748036833378245,False
Diagnosing industrial business processes: Early experiences,"Sripathy, Srivibha",Srivibha,unknown,0.6225576457939508,False
"Excellence models for performance management: Case study: The evolution of ""quality concept"" in Japan-The Japanese model of excellence","Popescu, Cristina Raluca",Cristina,female,0.9999968566271442,True
"Excellence models for performance management: Case study: The evolution of ""quality concept"" in Japan-The Japanese model of excellence","Popescu, Veronica Adriana",Veronica,female,0.9999932753929621,True
"Excellence models for performance management: Case study: The evolution of ""quality concept"" in Japan-The Japanese model of excellence","Popescu, Gheorghe N.",Gheorghe,male,0.9942521148426836,True
Support of dynamic compliance processes through business process management platforms; [Unterstützung von dynamischen Compliance Prozessen durch Business Process Management Plattformen],"Burgwinkel, Daniel",Daniel,male,0.9999484956264236,True
A data-driven prediction framework for analyzing and monitoring business process performances,"Bevacqua, Antonio",Antonio,male,0.9999433950349952,True
A data-driven prediction framework for analyzing and monitoring business process performances,"Carnuccio, Marco",Marco,male,0.9998964214527616,True
A data-driven prediction framework for analyzing and monitoring business process performances,"Folino, Francesco",Francesco,male,0.9999449415190484,True
A data-driven prediction framework for analyzing and monitoring business process performances,"Guarascio, Massimo",Massimo,male,0.9998962669439312,True
A data-driven prediction framework for analyzing and monitoring business process performances,"Pontieri, Luigi",Luigi,male,0.9997527871316405,True
The analysis of behavioral deviation between business process models based on Petri net kinetic expression,"Fang, Xianwen",Xianwen,male,0.9470768352005097,True
The analysis of behavioral deviation between business process models based on Petri net kinetic expression,"Tao, Xiaoyan",Xiaoyan,female,0.9928170916340445,True
The analysis of behavioral deviation between business process models based on Petri net kinetic expression,"Liu, Xiangwei",Xiangwei,male,0.9661885526545338,True
Regulatory framework for the deployment of business process management and document management in public administration; [Ordnungsrahmen zum Einsatz des Geschäftsprozessmanagements und des Dokumentenmanagements in der Öffentlichen Verwaltung],"Walser, Konrad",Konrad,male,0.9999905818871407,True
Coordination of local process views in interorganizational business process,"Lin, Donghui",Donghui,male,0.9625951374957064,True
Coordination of local process views in interorganizational business process,"Ishida, Toru",Toru,male,0.9997174019948849,True
Virtual business process management within collaborative manufacturing network: An implementation case,"Shamsuzzoha, Ahm",Ahm,male,0.9926063328855089,True
Virtual business process management within collaborative manufacturing network: An implementation case,"Helo, Petri T.",Petri,male,0.9436160024500793,True
Performance measurement using fuzzy system perspective and soft system methodology: New idea of business process management,"Muttaqin, Ginanjar Fahrul",Ginanjar,male,0.9929679457789543,True
An integrated approach based on execution measures for the continuous improvement of business processes realized by services,"Delgado, Andrea",Andrea,female,0.9990642945711071,True
An integrated approach based on execution measures for the continuous improvement of business processes realized by services,"Weber, Barbara",Barbara,female,0.999979214602181,True
An integrated approach based on execution measures for the continuous improvement of business processes realized by services,"Ruiz, Francisco",Francisco,male,0.9999572464565292,True
An integrated approach based on execution measures for the continuous improvement of business processes realized by services,"Garcia-Rodríguez De Guzmán, Ignacio",Ignacio,male,0.9999054231007377,True
An integrated approach based on execution measures for the continuous improvement of business processes realized by services,"Piattini, Mario",Mario,male,0.9998285831560244,True
IMUNES: Design and implementation temperature and heartbeat sensors in measuring vital sign through watch,"Salawasna, Tresna Aglis",Tresna,female,0.6951853941535895,False
IMUNES: Design and implementation temperature and heartbeat sensors in measuring vital sign through watch,"Priyana, Yoga",Yoga,male,0.7406633346281521,False
IMUNES: Design and implementation temperature and heartbeat sensors in measuring vital sign through watch,"Setijadi, Ary",Ary,unknown,0.5396265536918866,False
Planning of business process execution in Business Process Management environments,"Bae, Hyerim",Hyerim,female,0.9938731868327746,True
Planning of business process execution in Business Process Management environments,"Lee, Sanghyup",Sanghyup,unknown,0.6668202990725494,False
Planning of business process execution in Business Process Management environments,"Moon, Ilkyeong",Ilkyeong,unknown,0.5450923238554289,False
Advanced planning and control of manufacturing processes in steel industry through big data analytics: Case study and architecture proposal,"Krumeich, Julian",Julian,male,0.9999128116879805,True
Advanced planning and control of manufacturing processes in steel industry through big data analytics: Case study and architecture proposal,"Werth, Dirk",Dirk,male,0.9999427916159628,True
Advanced planning and control of manufacturing processes in steel industry through big data analytics: Case study and architecture proposal,"Loos, Peter",Peter,male,0.9999580684529622,True
Advanced planning and control of manufacturing processes in steel industry through big data analytics: Case study and architecture proposal,"Schimmelpfennig, Jens",Jens,male,0.9999725010363429,True
Advanced planning and control of manufacturing processes in steel industry through big data analytics: Case study and architecture proposal,"Jacobi, Sven",Sven,male,0.9999829597136491,True
An interoperable and self-adaptive approach for SLA-based service virtualization in heterogeneous Cloud environments,"Kertesz, A.",,unknown,0,False
An interoperable and self-adaptive approach for SLA-based service virtualization in heterogeneous Cloud environments,"Kecskemeti, G.",,unknown,0,False
An interoperable and self-adaptive approach for SLA-based service virtualization in heterogeneous Cloud environments,"Brandic, I.",,unknown,0,False
Factors affecting business process and business rule integration,"Wang, Wei",Wei,male,0.8353828445774668,True
Factors affecting business process and business rule integration,"Sadiq, Shazia",Shazia,female,0.9999923830404177,True
Factors affecting business process and business rule integration,"Indulska, Marta",Marta,female,0.9999974882383316,True
Proposals for the integration of interactive dashboards in business process monitoring to support resources allocation decisions,"Linden, Isabelle",Isabelle,female,0.9999902228734292,True
Architecture-centric support for adaptive service collaborations,"Haesevoets, Robrecht",Robrecht,male,0.99707005449328,True
Architecture-centric support for adaptive service collaborations,"Weyns, Danny",Danny,male,0.995743731261355,True
Architecture-centric support for adaptive service collaborations,"Holvoet, Tom",Tom,male,0.9999802916805114,True
Interpreting overlaps in business process mapping via organisational soft knowledge flows,"Keshishi, Alis",Alis,female,0.9919330062137734,True
Interpreting overlaps in business process mapping via organisational soft knowledge flows,"Busch, Peter",Peter,male,0.9999580684529622,True
Supporting introduction of social interaction in business processes,"Cerenkovs, Roberts",Roberts,male,0.9954747599149054,True
Supporting introduction of social interaction in business processes,"Kirikova, Marite",Marite,female,0.9999962509037612,True
A PLM-based approach for un-manned air system design: A proposal,"Bernabei, Giorgio",Giorgio,male,0.9999809713075973,True
A PLM-based approach for un-manned air system design: A proposal,"Sassanelli, Claudio",Claudio,male,0.9999607633184376,True
A PLM-based approach for un-manned air system design: A proposal,"Corallo, Angelo",Angelo,male,0.9998562882400411,True
A PLM-based approach for un-manned air system design: A proposal,"Lazoi, Mariangela",Mariangela,female,0.9999987265027869,True
Sustaining the momentum: Archival analysis of Enterprise Resource Planning systems (2006-2012),"Eden, Rebekah",Rebekah,female,0.999635451787684,True
Sustaining the momentum: Archival analysis of Enterprise Resource Planning systems (2006-2012),"Sedera, Darshana",Darshana,female,0.9999731520515391,True
Sustaining the momentum: Archival analysis of Enterprise Resource Planning systems (2006-2012),"Tan, Felix",Felix,male,0.9998848338420872,True
Designing cooperative social applications in healthcare by means of socialbpm,"Sánchez-Figueroa, Fernando",Fernando,male,0.9998906875755088,True
Designing cooperative social applications in healthcare by means of socialbpm,"Preciado, Juan Carlos",Juan,male,0.9999978969254493,True
Designing cooperative social applications in healthcare by means of socialbpm,"Conejero, José María",José,male,0.9960913709996708,True
Designing cooperative social applications in healthcare by means of socialbpm,"Rodríguez-Echeverría, Roberto",Roberto,male,0.9999404051490157,True
Selection of a business process management system: An analysis based on a multicriteria problem,"Silva, Lúcio Camara",Lúcio,male,0.9954026026069277,True
Selection of a business process management system: An analysis based on a multicriteria problem,"Poleto, Thiago",Thiago,male,0.9999637415449134,True
Selection of a business process management system: An analysis based on a multicriteria problem,"De Carvalho, Victor Diogho Heuer",Victor,male,0.9999862345379419,True
Selection of a business process management system: An analysis based on a multicriteria problem,"Costa, Ana Paula Cabral Seixa",Ana,female,0.9999965937600829,True
EPC generator: A concept to generate event-driven process chains based on an original process model,"Ardalani, Peyman",Peyman,male,0.9998496280677996,True
EPC generator: A concept to generate event-driven process chains based on an original process model,"Thaler, Tom",Tom,male,0.9999802916805114,True
EPC generator: A concept to generate event-driven process chains based on an original process model,"Fettke, Peter",Peter,male,0.9999580684529622,True
EPC generator: A concept to generate event-driven process chains based on an original process model,"Loos, Peter",Peter,male,0.9999580684529622,True
Employee resistance and participation in the implementation of BPM - A multi-level approach using the example of the Schleswig-Holstein Regional Police Agency; [Mitarbeiterwiderstände und-partizipation bei der Einführung von BPM-Ein Multi-Level-Ansatz am Beispiel des Landespolizeiamtes Schleswig-Holstein],"Frosch-Wilke, Dirk",Dirk,male,0.9999427916159628,True
Employee resistance and participation in the implementation of BPM - A multi-level approach using the example of the Schleswig-Holstein Regional Police Agency; [Mitarbeiterwiderstände und-partizipation bei der Einführung von BPM-Ein Multi-Level-Ansatz am Beispiel des Landespolizeiamtes Schleswig-Holstein],"Gaspary, Rudolf",Rudolf,male,0.9999900994420161,True
Shaping the next incarnation of Business intelligence: Towards a flexibly governed network of information integration and analysis capabilities,"Baars, Henning",Henning,male,0.9992889847609261,True
Shaping the next incarnation of Business intelligence: Towards a flexibly governed network of information integration and analysis capabilities,"Felden, Carsten",Carsten,male,0.9999179788184361,True
Shaping the next incarnation of Business intelligence: Towards a flexibly governed network of information integration and analysis capabilities,"Gluchowski, Peter",Peter,male,0.9999580684529622,True
Shaping the next incarnation of Business intelligence: Towards a flexibly governed network of information integration and analysis capabilities,"Hilbert, Andreas",Andreas,male,0.9999763395171621,True
Shaping the next incarnation of Business intelligence: Towards a flexibly governed network of information integration and analysis capabilities,"Kemper, Hans-Georg",Hans,male,0.9999270008633634,True
Shaping the next incarnation of Business intelligence: Towards a flexibly governed network of information integration and analysis capabilities,"Olbrich, Sebastian",Sebastian,male,0.9999469726859632,True
Sustainable software system engineering,"Betz, Stefanie",Stefanie,female,0.999951936822069,True
Sustainable software system engineering,"Caporale, Timm",Timm,male,0.9998394559952749,True
Semantic based auto-completion of business process modelling in eGovernment,"Maalouf, Eliane",Eliane,female,0.9999906972508694,True
Semantic based auto-completion of business process modelling in eGovernment,"Sokhn, Maria",Maria,female,0.9999948398304921,True
Semantic concepts in BPMN 2.0,"Kalogeraki, Eleni-Maria",Eleni,female,0.9999854551985455,True
Semantic concepts in BPMN 2.0,"Theocharis, Stamatios",Stamatios,male,0.9999508835162035,True
Semantic concepts in BPMN 2.0,"Apostolou, Dimitris",Dimitris,male,0.9999193920782357,True
Semantic concepts in BPMN 2.0,"Tsihrintzis, George",George,male,0.9999684085414767,True
Semantic concepts in BPMN 2.0,"Panayiotopoulos, Themis",Themis,male,0.8814966572250219,True
Business process assignment and execution in mobile environments,"Peng, Tao",Tao,male,0.9969686446299408,True
Business process assignment and execution in mobile environments,"Chi, Chi-Hung",Chi,male,0.719650789537785,False
Business process assignment and execution in mobile environments,"Chiasera, Annamaria",Annamaria,female,0.9999958725289324,True
Business process assignment and execution in mobile environments,"Armellin, Giampaolo",Giampaolo,male,0.9998890852938298,True
Business process assignment and execution in mobile environments,"Ronchetti, Marco",Marco,male,0.9998964214527616,True
Business process assignment and execution in mobile environments,"Matteotti, Cristina",Cristina,female,0.9999968566271442,True
Business process assignment and execution in mobile environments,"Parra, Cristhian",Cristhian,male,0.9999450452799388,True
Business process assignment and execution in mobile environments,"Kashytsa, Aleksey Oleksiy",Aleksey,male,0.9996207846349792,True
Business process assignment and execution in mobile environments,"Varalta, Alessio",Alessio,male,0.9999651092443104,True
Quality measures for ETL processes,"Theodorou, Vasileios",Vasileios,male,0.9944059099086556,True
Quality measures for ETL processes,"Abelló, Alberto",Alberto,male,0.9998864566720463,True
Quality measures for ETL processes,"Lehner, Wolfgang",Wolfgang,male,0.9998326674032032,True
An Editing Concept for PASS Layers,"Elstermann, Matthes",Matthes,unknown,0.6764015388629641,False
An Editing Concept for PASS Layers,"Ovtcharova, Jivka",Jivka,female,0.998286071792992,True
Requirements-based development of BPMN extensions: The case of clinical pathways,"Braun, Richard",Richard,male,0.9999944029565571,True
Requirements-based development of BPMN extensions: The case of clinical pathways,"Schlieter, Hannes",Hannes,male,0.9999500351801358,True
A framework for process-based collaborative systems design,"Bouchbout, Khoutir",Khoutir,male,0.6670352566472404,False
A framework for process-based collaborative systems design,"Iklef, Nassim",Nassim,male,0.9978159784451607,True
A framework for process-based collaborative systems design,"Khaldoun, Sara",Sara,female,0.999983890493743,True
CloudExp: A comprehensive cloud computing experimental framework,"Jararweh, Yaser",Yaser,male,0.9998142724835432,True
CloudExp: A comprehensive cloud computing experimental framework,"Jarrah, Moath",Moath,male,0.9994143121156684,True
CloudExp: A comprehensive cloud computing experimental framework,"Kharbutli, Mazen",Mazen,male,0.9998902058129842,True
CloudExp: A comprehensive cloud computing experimental framework,"Alshara, Zakarea",Zakarea,male,0.9897359447599064,True
CloudExp: A comprehensive cloud computing experimental framework,"Alsaleh, Mohammed Noraden",Mohammed,male,0.99999732840862,True
CloudExp: A comprehensive cloud computing experimental framework,"Al-Ayyoub, Mahmoud",Mahmoud,male,0.9999916452287316,True
A method for evaluating and measuring cloud computing business process,"Debnath, Narayan",Narayan,male,0.9997727035320141,True
A method for evaluating and measuring cloud computing business process,"Salgado, Carlos",Carlos,male,0.9999630239120895,True
A method for evaluating and measuring cloud computing business process,"Peralta, Mario",Mario,male,0.9998285831560244,True
A method for evaluating and measuring cloud computing business process,"Riesco, Daniel",Daniel,male,0.9999484956264236,True
A method for evaluating and measuring cloud computing business process,"Montejano, Germán",Germán,male,0.9993975279959949,True
A method for evaluating and measuring cloud computing business process,"Lee, Ilhyun",Ilhyun,unknown,0.6686052295052864,False
"Analysis of process model reuse: Where are we now, where should we go from here?","Koschmider, Agnes",Agnes,female,0.9996094304167977,True
"Analysis of process model reuse: Where are we now, where should we go from here?","Fellmann, Michael",Michael,male,0.9999876221560686,True
"Analysis of process model reuse: Where are we now, where should we go from here?","Schoknecht, Andreas",Andreas,male,0.9999763395171621,True
"Analysis of process model reuse: Where are we now, where should we go from here?","Oberweis, Andreas",Andreas,male,0.9999763395171621,True
KPIshare: A collaborative space for BPM practitioners for full definitions and discussions on process KPIs,"Resinas, Manuel",Manuel,male,0.9999796545255559,True
KPIshare: A collaborative space for BPM practitioners for full definitions and discussions on process KPIs,"Del-Río-Ortega, Adela",Adela,female,0.999990800859609,True
KPIshare: A collaborative space for BPM practitioners for full definitions and discussions on process KPIs,"Ruiz-Cortés, Antonio",Antonio,male,0.9999433950349952,True
KPIshare: A collaborative space for BPM practitioners for full definitions and discussions on process KPIs,"Blattner, Dominik",Dominik,male,0.9999341703754147,True
KPIshare: A collaborative space for BPM practitioners for full definitions and discussions on process KPIs,"Tasheva, Kristina",Kristina,female,0.9999963618934286,True
KPIshare: A collaborative space for BPM practitioners for full definitions and discussions on process KPIs,"Chipev, Bozhan",Bozhan,male,0.9991411081512092,True
Flexible batch configuration in business processes based on events,"Pufahl, Luise",Luise,female,0.9998936197750643,True
Flexible batch configuration in business processes based on events,"Herzberg, Nico",Nico,male,0.9970057349139636,True
Flexible batch configuration in business processes based on events,"Meyer, Andreas",Andreas,male,0.9999763395171621,True
Flexible batch configuration in business processes based on events,"Weske, Mathias",Mathias,male,0.999948038650782,True
Process engine selection support,"Harrer, Simon",Simon,male,0.9999853866925988,True
The impact of human resources information systems and business process management implementations on recruiting process performance: A case study,"Laumer, Sven",Sven,male,0.9999829597136491,True
The impact of human resources information systems and business process management implementations on recruiting process performance: A case study,"Maier, Christian",Christian,male,0.9993987974523811,True
The impact of human resources information systems and business process management implementations on recruiting process performance: A case study,"Eckhardt, Andreas",Andreas,male,0.9999763395171621,True
Listen to me: Improving process model matching through user feedback,"Klinkmüller, Christopher",Christopher,male,0.9999877129093514,True
Listen to me: Improving process model matching through user feedback,"Leopold, Henrik",Henrik,male,0.9999612355431858,True
Listen to me: Improving process model matching through user feedback,"Weber, Ingo",Ingo,male,0.9999333804098659,True
Listen to me: Improving process model matching through user feedback,"Mendling, Jan",Jan,unknown,0.5504849119650672,False
Listen to me: Improving process model matching through user feedback,"Ludwig, André",André,male,0.9937443143503205,True
Applying the Strategy-Oriented Business Process Modeling to S-BPM,"Lederer, Matthias",Matthias,male,0.9999337682187655,True
Applying the Strategy-Oriented Business Process Modeling to S-BPM,"Kurz, Matthias",Matthias,male,0.9999337682187655,True
Applying the Strategy-Oriented Business Process Modeling to S-BPM,"Lembcke, Ulricke",Ulricke,female,0.9996032118875321,True
Modeling using ordinary language as basis for agile business process management; [Gebrauchssprachliche Modellierung als Grundlage für agiles Geschäftsprozessmanagement],"Mevius, Marco",Marco,male,0.9998964214527616,True
Modeling using ordinary language as basis for agile business process management; [Gebrauchssprachliche Modellierung als Grundlage für agiles Geschäftsprozessmanagement],"Ortner, Erich",Erich,male,0.9995275515904595,True
Modeling using ordinary language as basis for agile business process management; [Gebrauchssprachliche Modellierung als Grundlage für agiles Geschäftsprozessmanagement],"Wiedmann, Peter",Peter,male,0.9999580684529622,True
Augmenting and assisting model elicitation tasks with 3D virtual world context metadata,"Brown, Ross",Ross,male,0.9999412678480439,True
Augmenting and assisting model elicitation tasks with 3D virtual world context metadata,"Rinderle-Ma, Stefanie",Stefanie,female,0.999951936822069,True
Augmenting and assisting model elicitation tasks with 3D virtual world context metadata,"Kriglstein, Simone",Simone,female,0.9989115818066938,True
Augmenting and assisting model elicitation tasks with 3D virtual world context metadata,"Kabicher-Fuchs, Sonja",Sonja,female,0.999994519434546,True
A BPM-Based Approach of Human Task Support within Automated Workflows,"Holzmüller-Laue, S.",,unknown,0,False
A BPM-Based Approach of Human Task Support within Automated Workflows,"Göde, B.",,unknown,0,False
A BPM-Based Approach of Human Task Support within Automated Workflows,"Thurow, K.",,unknown,0,False
Combining knowledge management and business process management - A solution for information extraction from business process models focusing on BPM challenges,"Ternai, Katalin",Katalin,female,0.999942475190427,True
Combining knowledge management and business process management - A solution for information extraction from business process models focusing on BPM challenges,"Török, Mátyás",Mátyás,male,0.9954336469227959,True
Combining knowledge management and business process management - A solution for information extraction from business process models focusing on BPM challenges,"Varga, Krisztián",Krisztián,male,0.9973767416511681,True
From a family of state-centric PAIS to a configurable and parameterized business process architecture,"Rulle, Andreas",Andreas,male,0.9999763395171621,True
From a family of state-centric PAIS to a configurable and parameterized business process architecture,"Siegeris, Juliane",Juliane,female,0.9999907840274695,True
BPM change planning using the Matrix of Change and discrete optimization methods,"Agievich, Vadim",Vadim,male,0.9998553145817866,True
BPM change planning using the Matrix of Change and discrete optimization methods,"Skripkin, Kirill",Kirill,male,0.9993566744924632,True
Collaborative management of applications in enterprise social networks,"Hatzi, Ourania",Ourania,female,0.999994149692421,True
Collaborative management of applications in enterprise social networks,"Meletakis, Giannis",Giannis,male,0.99912380355075,True
Collaborative management of applications in enterprise social networks,"Nikolaidou, Mara",Mara,female,0.9999744519898365,True
Collaborative management of applications in enterprise social networks,"Anagnostopoulos, Dimosthenis",Dimosthenis,male,0.9980820683468926,True
"Around the world business process education and research has taken off, except in the USA. Why?","Howells, Jeff",Jeff,male,0.9999989819323392,True
"Around the world business process education and research has taken off, except in the USA. Why?","Bostrom, Bob",Bob,male,0.9999955743245712,True
"Around the world business process education and research has taken off, except in the USA. Why?","Weber, Barbara",Barbara,female,0.999979214602181,True
"Around the world business process education and research has taken off, except in the USA. Why?","Sousa, Rui",Rui,male,0.993836254526766,True
"Around the world business process education and research has taken off, except in the USA. Why?","Welke, Richard",Richard,male,0.9999944029565571,True
What you can do to inhibit business process standardization,"Kettenbohrer, Janina",Janina,female,0.9999974412154872,True
What you can do to inhibit business process standardization,"Beimborn, Daniel",Daniel,male,0.9999484956264236,True
Navigating in process model repositories and enterprise process information,"Hipp, Markus",Markus,male,0.9999735872978276,True
Navigating in process model repositories and enterprise process information,"Mutschler, Bela",Bela,female,0.9847875101573145,True
Navigating in process model repositories and enterprise process information,"Michelberger, Bernd",Bernd,male,0.9998846486900214,True
Navigating in process model repositories and enterprise process information,"Reichert, Manfred",Manfred,male,0.9999883382145358,True
On enabling context-aware compliance monitoring of business processes at run-time in distributed systems,"Baumgrass, Anne",Anne,female,0.9999910090887604,True
SWB process: A business process management system driven by semantic technologies,"Pacheco, Hasdai",Hasdai,male,0.6797880882951611,False
SWB process: A business process management system driven by semantic technologies,"Najera, Karen",Karen,female,0.9995963193780246,True
SWB process: A business process management system driven by semantic technologies,"Estrada, Hugo",Hugo,male,0.9999959578630685,True
SWB process: A business process management system driven by semantic technologies,"Solis, Javier",Javier,male,0.9999768372268597,True
Towards a DSL-based approach for specifying and monitoring home care plans,"Gani, K.",,unknown,0,False
Towards a DSL-based approach for specifying and monitoring home care plans,"Bouet, M.",,unknown,0,False
Towards a DSL-based approach for specifying and monitoring home care plans,"Schneider, M.",,unknown,0,False
Towards a DSL-based approach for specifying and monitoring home care plans,"Toumani, F.",,unknown,0,False
SAP operational process intelligence: Empowering line-of-business workers with real-time process visibility,"Berner, Martin",Martin,male,0.9998539477569732,True
SAP operational process intelligence: Empowering line-of-business workers with real-time process visibility,"Jegadeesan, Harshavardhan",Harshavardhan,male,0.999198313919592,True
Constructs competition miner: Process control-flow discovery of BP-domain constructs,"Redlich, David",David,male,0.9999952928042082,True
Constructs competition miner: Process control-flow discovery of BP-domain constructs,"Molka, Thomas",Thomas,male,0.9999981017477207,True
Constructs competition miner: Process control-flow discovery of BP-domain constructs,"Gilani, Wasif",Wasif,male,0.9999707412768138,True
Constructs competition miner: Process control-flow discovery of BP-domain constructs,"Blair, Gordon",Gordon,male,0.999986639612892,True
Constructs competition miner: Process control-flow discovery of BP-domain constructs,"Rashid, Awais",Awais,male,0.9998645973538794,True
Research challenges for business process models at run-time,"Redlich, David",David,male,0.9999952928042082,True
Research challenges for business process models at run-time,"Blair, Gordon",Gordon,male,0.999986639612892,True
Research challenges for business process models at run-time,"Rashid, Awais",Awais,male,0.9998645973538794,True
Research challenges for business process models at run-time,"Molka, Thomas",Thomas,male,0.9999981017477207,True
Research challenges for business process models at run-time,"Gilani, Wasif",Wasif,male,0.9999707412768138,True
Empirical evidence for the impact of Organizational Culture on process quality,"Grau, Corinna",Corinna,female,0.9999987990492586,True
Empirical evidence for the impact of Organizational Culture on process quality,"Moormann, Jürgen",Jürgen,male,0.9977530655334812,True
Architecting the Enterprise along Communication Paradigm Using the TOGAF® Framework,"Mesbahipour, Ramtin",Ramtin,male,0.9935614535529843,True
Architecting the Enterprise along Communication Paradigm Using the TOGAF® Framework,"Nursinski, André",André,male,0.9937443143503205,True
Architecting the Enterprise along Communication Paradigm Using the TOGAF® Framework,"Spiller, Michael",Michael,male,0.9999876221560686,True
Analysis of nonlinear three-layer optical waveguide,"Ahmed, Anis",Anis,male,0.9846033753614614,True
Analysis of nonlinear three-layer optical waveguide,"Hamid, Md. Kawsar",Md.,male,0.9975021331602927,True
Analysis of nonlinear three-layer optical waveguide,"Rahman, Ashfakur",Ashfakur,male,0.9997570002592596,True
Analysis of nonlinear three-layer optical waveguide,"Rahman, Shaifur",Shaifur,male,0.9860297292566919,True
Cognitive support for S-BPM user interfaces intertwining modeling and execution,"Fleischmann, Albert",Albert,male,0.9999213683449588,True
Cognitive support for S-BPM user interfaces intertwining modeling and execution,"Schmidt, Werner",Werner,male,0.9999697709027106,True
Analyzing risks in business process models using a deviational technique,"Lhannaoui, Hanane",Hanane,female,0.9999518327058544,True
Analyzing risks in business process models using a deviational technique,"Kabbaj, Mohammed Issam",Mohammed,male,0.99999732840862,True
Analyzing risks in business process models using a deviational technique,"Bakkoury, Zohra",Zohra,female,0.9999295273468682,True
Improving knowledge-intensive business processes through social media,"Marjanovic, Olivera",Olivera,female,0.9982887231498666,True
Improving knowledge-intensive business processes through social media,"Rothenhoefer, Markus",Markus,male,0.9999735872978276,True
On the theoretical foundations of research into the understandability of business process models,"Houy, Constantin",Constantin,male,0.9998452155438584,True
On the theoretical foundations of research into the understandability of business process models,"Fettke, Peter",Peter,male,0.9999580684529622,True
On the theoretical foundations of research into the understandability of business process models,"Loos, Peter",Peter,male,0.9999580684529622,True
Supporting value stream design using S-BPM,"Kannengiesser, Udo",Udo,male,0.9993990197381508,True
Caring of intentionality in business process models using Business Process Patterns,"Řepa, Václav",Václav,male,0.9994336121306208,True
Abstract Layers in PASS - A Concept Draft,"Elstermann, Matthes",Matthes,unknown,0.6764015388629641,False
Abstract Layers in PASS - A Concept Draft,"Ovtcharova, Jivka",Jivka,female,0.998286071792992,True
A situational perspective on workarounds in it-enabled business processes: A multiple case study,"Röder, Nina",Nina,female,0.9999980527143458,True
A situational perspective on workarounds in it-enabled business processes: A multiple case study,"Wiesche, Manuel",Manuel,male,0.9999796545255559,True
A situational perspective on workarounds in it-enabled business processes: A multiple case study,"Schermann, Michael",Michael,male,0.9999876221560686,True
Using Meta Processes for the Structured Discovery and Self-learning Improvement of S-BPM Processes,"Fleischmann, Christoph",Christoph,male,0.9996583666010818,True
Using Meta Processes for the Structured Discovery and Self-learning Improvement of S-BPM Processes,"Stein, Gerhard",Gerhard,male,0.9999803048551524,True
Flexibility requirements in real-world process scenarios and prototypical realization in the care domain,"Kaes, Georg",Georg,male,0.9999050343867972,True
Flexibility requirements in real-world process scenarios and prototypical realization in the care domain,"Rinderle-Ma, Stefanie",Stefanie,female,0.999951936822069,True
Flexibility requirements in real-world process scenarios and prototypical realization in the care domain,"Vigne, Ralph",Ralph,male,0.9997605015413181,True
Flexibility requirements in real-world process scenarios and prototypical realization in the care domain,"Mangler, Juergen",Juergen,male,0.9999859704826187,True
A task of behaviour modelling in execution context,"Poulin, Michael",Michael,male,0.9999876221560686,True
A Transformation-Based Approach to Business Process Management in the Cloud,"Duipmans, Evert Ferdinand",Evert,male,0.9997884619108004,True
A Transformation-Based Approach to Business Process Management in the Cloud,"Ferreira Pires, Luís",Luís,male,0.9971090531412131,True
A Transformation-Based Approach to Business Process Management in the Cloud,"Bonino da Silva Santos, Luiz Olavo",Luiz,male,0.9996898239467037,True
Uncovering the competency gap of students employed in business process analyst roles - An employer perspective,"Chakabuda, Tendai C.",Tendai,male,0.8314560494033999,True
Uncovering the competency gap of students employed in business process analyst roles - An employer perspective,"Seymour, Lisa F.",Lisa,female,0.9999920796870457,True
Uncovering the competency gap of students employed in business process analyst roles - An employer perspective,"Van Der Merwe, Francois I.",Francois,male,0.9999775911572618,True
Examining existing ways to electronically declare international exports to the German ATLAS system - Current barriers and proposed solution,"Krumeich, Julian",Julian,male,0.9999128116879805,True
Examining existing ways to electronically declare international exports to the German ATLAS system - Current barriers and proposed solution,"Bredehöft, Timo",Timo,male,0.9997459028917776,True
Examining existing ways to electronically declare international exports to the German ATLAS system - Current barriers and proposed solution,"Werth, Dirk",Dirk,male,0.9999427916159628,True
Examining existing ways to electronically declare international exports to the German ATLAS system - Current barriers and proposed solution,"Loos, Peter",Peter,male,0.9999580684529622,True
It-enabled collaborative case management - Principles and tools,"Huber, Sebastian",Sebastian,male,0.9999469726859632,True
It-enabled collaborative case management - Principles and tools,"Lederer, Matthias",Matthias,male,0.9999337682187655,True
It-enabled collaborative case management - Principles and tools,"Bodendorf, Freimut",Freimut,male,0.9983224615854445,True
Changing in-flight business processes using PNMsoft's HotChange® technology,"Stutz, Eli",Eli,male,0.9861259733351202,True
Changing in-flight business processes using PNMsoft's HotChange® technology,"Luxford, James",James,male,0.9999966559619894,True
Toward resilience assessment in business process architectures,"Zahoransky, Richard M.",Richard,male,0.9999944029565571,True
Toward resilience assessment in business process architectures,"Koslowski, Thomas",Thomas,male,0.9999981017477207,True
Toward resilience assessment in business process architectures,"Accorsi, Rafael",Rafael,male,0.9999801002723208,True
A magnetic rotary encoder for patterned media lithography,"Xiong, Shaomin",Shaomin,unknown,0.6708102835443268,False
A magnetic rotary encoder for patterned media lithography,"Wang, Yuan",Yuan,male,0.6305973625632009,False
A magnetic rotary encoder for patterned media lithography,"Zhang, Xiang",Xiang,male,0.9794549559775189,True
A magnetic rotary encoder for patterned media lithography,"Bogy, David",David,male,0.9999952928042082,True
Business process modeling for insider threat monitoring and handling,"Stavrou, Vasilis",Vasilis,male,0.9997307252837163,True
Business process modeling for insider threat monitoring and handling,"Kandias, Miltiadis",Miltiadis,male,0.9952313026067809,True
Business process modeling for insider threat monitoring and handling,"Karoulas, Georgios",Georgios,male,0.9999721163040117,True
Business process modeling for insider threat monitoring and handling,"Gritzalis, Dimitris",Dimitris,male,0.9999193920782357,True
Exploration and analysis of undocumented processes using heterogeneous and unstructured business data,"Pospiech, Sebastian",Sebastian,male,0.9999469726859632,True
Exploration and analysis of undocumented processes using heterogeneous and unstructured business data,"Mielke, Sven",Sven,male,0.9999829597136491,True
Exploration and analysis of undocumented processes using heterogeneous and unstructured business data,"Mertens, Robert",Robert,male,0.9999776797436909,True
Exploration and analysis of undocumented processes using heterogeneous and unstructured business data,"Pelke, Martin",Martin,male,0.9998539477569732,True
Exploration and analysis of undocumented processes using heterogeneous and unstructured business data,"Jagannath, Kavitha",Kavitha,female,0.9999945835831399,True
Exploration and analysis of undocumented processes using heterogeneous and unstructured business data,"Stadler, Michael",Michael,male,0.9999876221560686,True
Can We Use S-BPM for Modeling Collaboration Scripts?,"Höver, Kai Michael",Kai,male,0.9819597256365221,True
Can We Use S-BPM for Modeling Collaboration Scripts?,"Mühlhäuser, Max",Max,male,0.9999943791406495,True
3D Progressive Education Environment for S-BPM,"Weichhart, Georg",Georg,male,0.9999050343867972,True
3D Progressive Education Environment for S-BPM,"Pirker, Johanna",Johanna,female,0.9999825878401996,True
3D Progressive Education Environment for S-BPM,"Gütl, Christian",Christian,male,0.9993987974523811,True
3D Progressive Education Environment for S-BPM,"Stary, Christian",Christian,male,0.9993987974523811,True
ProcessBase: A hybrid process management platform,"Barukh, Moshe Chai",Moshe,male,0.9998156504679004,True
ProcessBase: A hybrid process management platform,"Benatallah, Boualem",Boualem,male,0.9984720819877133,True
Tracking hot topics for the monitoring of open-world processes,"Pareschi, Remo",Remo,male,0.9999762633493492,True
Tracking hot topics for the monitoring of open-world processes,"Rossetti, Marco",Marco,male,0.9998964214527616,True
Tracking hot topics for the monitoring of open-world processes,"Stella, Fabio",Fabio,male,0.9999554817772992,True
Breadth first search sequence based method for efficient process retrieval,"Yanming, Ye",Ye,female,0.6594656342428559,False
Breadth first search sequence based method for efficient process retrieval,"Yuyu, Yin",Yin,female,0.8748496585843029,True
Breadth first search sequence based method for efficient process retrieval,"Yueshen, Xu",Xu,male,0.7337600554549282,False
Breadth first search sequence based method for efficient process retrieval,"Bin, Cao",Cao,male,0.9903872896282412,True
Breadth first search sequence based method for efficient process retrieval,"Jianwei, Yin",Yin,female,0.8748496585843029,True
A literature study on the state-of-the-art of contingency research in business process management,"Pauwaert, Tom",Tom,male,0.9999802916805114,True
A literature study on the state-of-the-art of contingency research in business process management,"Van Looy, Amy",Amy,female,0.9999688840881918,True
An ontological framework for context-aware collaborative business process formulation,"Hoang, Hanh H.",Hanh,female,0.9980197341321809,True
An ontological framework for context-aware collaborative business process formulation,"Jung, Jason J.",Jason,male,0.9999930990838566,True
Alignment between business process governance and IT governance,"Rahimi, Fatemeh",Fatemeh,female,0.9998806777472994,True
Alignment between business process governance and IT governance,"Møller, Charles",Charles,male,0.9999843936174916,True
Alignment between business process governance and IT governance,"Hvam, Lars",Lars,male,0.9998276630707326,True
Production Planning for SMEs - Implementation of Production Planning with Subject-Oriented Business Process Management (S-BPM),"Piller, Christoph",Christoph,male,0.9996583666010818,True
Production Planning for SMEs - Implementation of Production Planning with Subject-Oriented Business Process Management (S-BPM),"Wölfel, D. I. Walter",,unknown,0,False
A S-BPM suite for the execution of cross company subject oriented business processes,"Borgert, Stephan",Stephan,male,0.9999887311827451,True
A S-BPM suite for the execution of cross company subject oriented business processes,"Mühlhäuser, Max",Max,male,0.9999943791406495,True
Scalable dynamic business process discovery with the constructs competition miner,"Redlich, David",David,male,0.9999952928042082,True
Scalable dynamic business process discovery with the constructs competition miner,"Molka, Thomas",Thomas,male,0.9999981017477207,True
Scalable dynamic business process discovery with the constructs competition miner,"Gilani, Wasif",Wasif,male,0.9999707412768138,True
Scalable dynamic business process discovery with the constructs competition miner,"Blair, Gordon",Gordon,male,0.999986639612892,True
Scalable dynamic business process discovery with the constructs competition miner,"Rashid, Awais",Awais,male,0.9998645973538794,True
CFS: A behavioral similarity algorithm for process models based on complete firing sequences,"Dong, Zihe",Zihe,unknown,0.642799035204414,False
CFS: A behavioral similarity algorithm for process models based on complete firing sequences,"Wen, Lijie",Lijie,female,0.9790060744846031,True
CFS: A behavioral similarity algorithm for process models based on complete firing sequences,"Huang, Haowei",Haowei,male,0.9843796030725719,True
CFS: A behavioral similarity algorithm for process models based on complete firing sequences,"Wang, Jianmin",Jianmin,male,0.8695557433766125,True
Complex Adaptive Systems Theory in the Context of Business Process Management,"Uluhan, Eray",Eray,male,0.9962351211586805,True
Complex Adaptive Systems Theory in the Context of Business Process Management,"Aydin, Mehmet N.",Mehmet,male,0.9999939737476609,True
Requirements engineering process improvement: Analyzing the organizational culture impact and implementing an empirical study to evaluate the benefits of improvement,"Jung, Jiyoung",Jiyoung,female,0.9985008779623784,True
Requirements engineering process improvement: Analyzing the organizational culture impact and implementing an empirical study to evaluate the benefits of improvement,"Lee, Sanghee",Sanghee,female,0.9926724328324159,True
Requirements engineering process improvement: Analyzing the organizational culture impact and implementing an empirical study to evaluate the benefits of improvement,"Choi, Sangho",Sangho,male,0.9942736847702403,True
Requirements engineering process improvement: Analyzing the organizational culture impact and implementing an empirical study to evaluate the benefits of improvement,"Lee, Seok-Won",Seok,male,0.9838222712496217,True
An IT-driven business model design methodology and its evaluation,"Ide, Masahiro",Masahiro,male,0.9999081624641136,True
An IT-driven business model design methodology and its evaluation,"Aoyama, Mikio",Mikio,male,0.9999314566440802,True
An IT-driven business model design methodology and its evaluation,"Kishida, Tomoko",Tomoko,female,0.9991411678935707,True
An IT-driven business model design methodology and its evaluation,"Kikushima, Yasuhiro",Yasuhiro,male,0.999932949951326,True
When processes alienate customers: Towards a theory of process acceptance,"Müllerleile, Thomas",Thomas,male,0.9999981017477207,True
When processes alienate customers: Towards a theory of process acceptance,"Nissen, Volker",Volker,male,0.9999763202187522,True
Separating execution and data management: A key to business-process-as-a- service (BPaaS),"Sun, Yutian",Yutian,unknown,0.7344049874880008,False
Separating execution and data management: A key to business-process-as-a- service (BPaaS),"Su, Jianwen",Jianwen,male,0.8837649764597039,True
Separating execution and data management: A key to business-process-as-a- service (BPaaS),"Yang, Jian",Jian,male,0.9975103869595472,True
Implicit BPM: A business process platform for transparent workflow weaving,"Mondéjar, Rubén",Rubén,male,0.999295305471911,True
Implicit BPM: A business process platform for transparent workflow weaving,"García-López, Pedro",Pedro,male,0.9999821167297533,True
Implicit BPM: A business process platform for transparent workflow weaving,"Pairot, Carles",Carles,male,0.9996006001954308,True
Implicit BPM: A business process platform for transparent workflow weaving,"Brull, Enric",Enric,male,0.9953014391488333,True
Quantitative process maps: A concept for prioritization of business process improvement projects,"Thomas, Christina",Christina,female,0.9999986803241608,True
Quantitative process maps: A concept for prioritization of business process improvement projects,"Nuyken, Timo",Timo,male,0.9997459028917776,True
ViePEP - A BPMS for elastic processes,"Hoenisch, Philipp",Philipp,male,0.9999372005997167,True
Monitoring of business processes with complex event processing,"Bülow, Susanne",Susanne,female,0.9999892357121019,True
Monitoring of business processes with complex event processing,"Backmann, Michael",Michael,male,0.9999876221560686,True
Monitoring of business processes with complex event processing,"Herzberg, Nico",Nico,male,0.9970057349139636,True
Monitoring of business processes with complex event processing,"Hille, Thomas",Thomas,male,0.9999981017477207,True
Monitoring of business processes with complex event processing,"Meyer, Andreas",Andreas,male,0.9999763395171621,True
Monitoring of business processes with complex event processing,"Ulm, Benjamin",Benjamin,male,0.9999526772956454,True
Monitoring of business processes with complex event processing,"Wong, Tsun Yin",Tsun,male,0.9842692497844524,True
Monitoring of business processes with complex event processing,"Weske, Mathias",Mathias,male,0.999948038650782,True
"Performances of business processes and organizational routines: Similar research problems, different research methods - A literature review","Breuker, Dominic",Dominic,male,0.9999608949001698,True
"Performances of business processes and organizational routines: Similar research problems, different research methods - A literature review","Matzner, Martin",Martin,male,0.9998539477569732,True
Chopping down trees vs. sharpening the axe - Balancing the development of BPM capabilities with process improvement,"Lehnert, Martin",Martin,male,0.9998539477569732,True
Chopping down trees vs. sharpening the axe - Balancing the development of BPM capabilities with process improvement,"Linhart, Alexander",Alexander,male,0.9999914495946162,True
Chopping down trees vs. sharpening the axe - Balancing the development of BPM capabilities with process improvement,"Röglinger, Maximilian",Maximilian,male,0.9998238213451786,True
Exploration of a Method for COSMIC Size Estimation from S-BPM,"Salmanoǧlu, Murat",Murat,male,0.9999117439328301,True
Exploration of a Method for COSMIC Size Estimation from S-BPM,"Demirörs, Onur",Onur,male,0.9999756895583426,True
Exploration of a Method for COSMIC Size Estimation from S-BPM,"Türetken, Oktay",Oktay,male,0.9999202279726761,True
Towards planning and control of business processes based on event-based predictions,"Krumeich, Julian",Julian,male,0.9999128116879805,True
Towards planning and control of business processes based on event-based predictions,"Jacobi, Sven",Sven,male,0.9999829597136491,True
Towards planning and control of business processes based on event-based predictions,"Werth, Dirk",Dirk,male,0.9999427916159628,True
Towards planning and control of business processes based on event-based predictions,"Loos, Peter",Peter,male,0.9999580684529622,True
A configuration-management-database driven approach for fabric-process specification and automation,"Bär, Florian",Florian,male,0.9999672042878258,True
A configuration-management-database driven approach for fabric-process specification and automation,"Schmidt, Rainer",Rainer,male,0.9999264596357705,True
A configuration-management-database driven approach for fabric-process specification and automation,"Möhring, Michael",Michael,male,0.9999876221560686,True
A configuration-management-database driven approach for fabric-process specification and automation,"Zimmermann, Alfred",Alfred,male,0.999993889484819,True
A configuration-management-database driven approach for fabric-process specification and automation,"Jugel, Dierk",Dierk,male,0.9999344378326226,True
Efficient behavioral-difference detection between business process models,"Yan, Zhiqiang",Zhiqiang,male,0.9827676756260831,True
Efficient behavioral-difference detection between business process models,"Wang, Yuquan",Yuquan,male,0.984564441237307,True
Efficient behavioral-difference detection between business process models,"Wen, Lijie",Lijie,female,0.9790060744846031,True
Efficient behavioral-difference detection between business process models,"Wang, Jianmin",Jianmin,male,0.8695557433766125,True
An Interactional View of Context in Business Processes,"Kannengiesser, Udo",Udo,male,0.9993990197381508,True
An Interactional View of Context in Business Processes,"Totter, Alexandra",Alexandra,female,0.9999520604841557,True
An Interactional View of Context in Business Processes,"Bonaldi, David",David,male,0.9999952928042082,True
Formal modeling and analysis of home care plans,"Gani, Kahina",Kahina,female,0.9997326556961533,True
Formal modeling and analysis of home care plans,"Bouet, Marinette",Marinette,female,0.9999969642136666,True
Formal modeling and analysis of home care plans,"Schneider, Michel",Michel,male,0.9997252558451084,True
Formal modeling and analysis of home care plans,"Toumani, Farouk",Farouk,male,0.9999827240178623,True
The correlation of organizational culture and success of BPM adoption,"Hribar, Brina",Brina,female,0.9999951246872475,True
The correlation of organizational culture and success of BPM adoption,"Jan, Mendling",Mendling,unknown,0.6251038246599592,False
A framework for assessing BPM success,"Malinova, Monika",Monika,female,0.999996989457821,True
A framework for assessing BPM success,"Hribar, Brina",Brina,female,0.9999951246872475,True
A framework for assessing BPM success,"Jan, Mendling",Mendling,female,0.6251038246599592,False
Supporting Business Process Exception Management by Dynamically Building Processes Using the BEM Framework,"Linden, Isabelle",Isabelle,female,0.9999902228734292,True
Supporting Business Process Exception Management by Dynamically Building Processes Using the BEM Framework,"Derbali, Myriam",Myriam,female,0.9999019396640695,True
Supporting Business Process Exception Management by Dynamically Building Processes Using the BEM Framework,"Schwanen, Gabriel",Gabriel,male,0.9999678001289709,True
Supporting Business Process Exception Management by Dynamically Building Processes Using the BEM Framework,"Jacquet, Jean-Marie",Jean,female,0.6637228001271365,False
Supporting Business Process Exception Management by Dynamically Building Processes Using the BEM Framework,"Ramdoyal, Ravi",Ravi,male,0.9998295880717626,True
Supporting Business Process Exception Management by Dynamically Building Processes Using the BEM Framework,"Ponsard, Christophe",Christophe,male,0.9994949508818813,True
Modeling concepts for internal controls in business processes - An empirically grounded extension of BPMN,"Schultz, Martin",Martin,male,0.9998539477569732,True
Modeling concepts for internal controls in business processes - An empirically grounded extension of BPMN,"Radloff, Michael",Michael,male,0.9999876221560686,True
"Asia Pacific Business Process Management: Second Asia Pacific Conference, AP-BPM 2014 Brisbane, QLD, Australia, July 3-4, 2014 Proceedings","Ouyang, Chun",Chun,male,0.9816926028175558,True
"Asia Pacific Business Process Management: Second Asia Pacific Conference, AP-BPM 2014 Brisbane, QLD, Australia, July 3-4, 2014 Proceedings","Jung, Jae-Yoon",Jae,male,0.9756125269782338,True
Modeling organizational alignment,"Sousa, Henrique Prado",Henrique,male,0.9995494627339803,True
Modeling organizational alignment,"Do Prado Leite, Julio Cesar Sampaio",Julio,male,0.9999149411605313,True
Tribological impact of touchdown detection on bit patterned media robustness,"Juang, Jia-Yang",Jia,female,0.9786046630795809,True
Tribological impact of touchdown detection on bit patterned media robustness,"Wu, Wei",Wei,male,0.8353828445774668,True
Tribological impact of touchdown detection on bit patterned media robustness,"Lin, Kuan-Te",Kuan,male,0.9984656413380333,True
An actor-network perspective on business process management: A case study of a Brazilian chemical company,"de Araujo, Marcelo Henrique",Marcelo,male,0.9998735221664624,True
An actor-network perspective on business process management: A case study of a Brazilian chemical company,"de Albuquerque, João Porto",João,male,0.9999597809713936,True
"S-BPM ONE - Application Studies and Work in Progress: 6th International Conference, S-BPM ONE 2014, Eichstätt, Germany, April 22-23, 2014. Proceedings","Zehbold, Cornelia",Cornelia,female,0.9999950392532043,True
Application of process ontology to improve the funding allocation process at the European Institute of Innovation and Technology,"Arru, Matteo",Matteo,male,0.9999519863854803,True
Requirements for ad-hoc geo-referenced BPM with microblogging,"Antunes, Pedro",Pedro,male,0.9999821167297533,True
Requirements for ad-hoc geo-referenced BPM with microblogging,"Zurita, Gustavo",Gustavo,male,0.9999547032163499,True
Requirements for ad-hoc geo-referenced BPM with microblogging,"Baloian, Nelson",Nelson,male,0.9999183097997376,True
Managing Knowledge-Intensive Business Processes by Harnessing Collective Practical Experience without Codification,"Fink, Andreas",Andreas,male,0.9999763395171621,True
Managing Knowledge-Intensive Business Processes by Harnessing Collective Practical Experience without Codification,"Vogt, Simon",Simon,male,0.9999853866925988,True
Generating synthetic process model collections with properties of labeled real-life models,"Yan, Zhiqiang",Zhiqiang,male,0.9827676756260831,True
Generating synthetic process model collections with properties of labeled real-life models,"Dijkman, Remco",Remco,male,0.999418503534345,True
Generating synthetic process model collections with properties of labeled real-life models,"Grefen, Paul",Paul,male,0.999990342528266,True
VM live migration algorithm based on stable matching model to improve energy consumption and quality of service,"Kella, Abdelaziz",Abdelaziz,male,0.9999374913519348,True
VM live migration algorithm based on stable matching model to improve energy consumption and quality of service,"Belalem, Ghalem",Ghalem,male,0.9973241298031619,True
Ecosystem for business driven IT management,"Reimer, Tim",Tim,male,0.9999194162795334,True
Ecosystem for business driven IT management,"Tan, Qing",Qing,female,0.9896115846174542,True
ISEAsy: A social business process management platform,"Santorum, Marco",Marco,male,0.9998964214527616,True
ISEAsy: A social business process management platform,"Front, Agnès",Agnès,female,0.9917484058997906,True
ISEAsy: A social business process management platform,"Rieu, Dominique",Dominique,female,0.9740476149802497,True
Subject-oriented Adaptive Case Management: Extending Subject-oriented Business Process Management to knowledge-intensive cross-enterprise business processes,"Kurz, Matthias",Matthias,male,0.9999337682187655,True
Subject-oriented Adaptive Case Management: Extending Subject-oriented Business Process Management to knowledge-intensive cross-enterprise business processes,"Lederer, Matthias",Matthias,male,0.9999337682187655,True
Development and validation of an instrument to measure organizational cultures' support of Business Process Management,"Schmiedel, Theresa",Theresa,female,0.9999840684840471,True
Development and validation of an instrument to measure organizational cultures' support of Business Process Management,"Vom Brocke, Jan",Jan,unknown,0.5504849119650672,False
Development and validation of an instrument to measure organizational cultures' support of Business Process Management,"Recker, Jan",Jan,unknown,0.5504849119650672,False
On the importance of organisational culture and structure in business process maturity,"Van Looy, Amy",Amy,female,0.9999688840881918,True
On the importance of organisational culture and structure in business process maturity,"De Backer, Manu",Manu,male,0.9827395328168211,True
Design patterns for integration between enterprise application with any business process management systems,"Keeratichayakorn, Wittakarn",Wittakarn,male,0.6013628478946608,False
Design patterns for integration between enterprise application with any business process management systems,"Maneeroj, Saranya",Saranya,female,0.9999958656266283,True
Multi-agent solution for business processes management of 5PL transportation provider,"Ivaschenko, Anton",Anton,male,0.9999464363559706,True
Automatic extraction of process categories from process model collections,"Malinova, Monika",Monika,female,0.999996989457821,True
Automatic extraction of process categories from process model collections,"Dijkman, Remco",Remco,male,0.999418503534345,True
Automatic extraction of process categories from process model collections,"Mendling, Jan",Jan,unknown,0.5504849119650672,False
Transformation from eEPC to S-BPM: A case study,"Çakar, Başak",Başak,female,0.9818394960671812,True
Transformation from eEPC to S-BPM: A case study,"Demirörs, Onur",Onur,male,0.9999756895583426,True
Decentralized enactment of BPEL processes,"Pantazoglou, Michael",Michael,male,0.9999876221560686,True
Decentralized enactment of BPEL processes,"Pogkas, Ioannis",Ioannis,male,0.9999133506151796,True
Decentralized enactment of BPEL processes,"Tsalgatidou, Aphrodite",Aphrodite,female,0.9999773395944345,True
Model-driven event query generation for business process monitoring,"Backmann, Michael",Michael,male,0.9999876221560686,True
Model-driven event query generation for business process monitoring,"Baumgrass, Anne",Anne,female,0.9999910090887604,True
Model-driven event query generation for business process monitoring,"Herzberg, Nico",Nico,male,0.9970057349139636,True
Model-driven event query generation for business process monitoring,"Meyer, Andreas",Andreas,male,0.9999763395171621,True
Model-driven event query generation for business process monitoring,"Weske, Mathias",Mathias,male,0.999948038650782,True
Model-driven engineering in practice: Integrated performance decision support for process-centric business impact analysis,"Redlich, David",David,male,0.9999952928042082,True
Model-driven engineering in practice: Integrated performance decision support for process-centric business impact analysis,"Winkler, Ulrich",Ulrich,male,0.9989625930816818,True
Model-driven engineering in practice: Integrated performance decision support for process-centric business impact analysis,"Molka, Thomas",Thomas,male,0.9999981017477207,True
Model-driven engineering in practice: Integrated performance decision support for process-centric business impact analysis,"Gilani, Wasif",Wasif,male,0.9999707412768138,True
VisionWaves: Aligning business process management and performance management to achieve business (process) excellence,"Kerremans, Marc",Marc,male,0.9999669556997242,True
Business process management applications based on semantic process models: The ProcessGene suite case-study,"Wasser, Avi",Avi,male,0.9887211397722614,True
Business process management applications based on semantic process models: The ProcessGene suite case-study,"Lincoln, Maya",Maya,female,0.9999863421590888,True
Process mining in the large: A tutorial,"van der Aalst, Wil M. P.",Wil,male,0.9988491702309068,True
Extending the social network interaction model to facilitate collaboration through service provision,"Hatzi, Ourania",Ourania,female,0.999994149692421,True
Extending the social network interaction model to facilitate collaboration through service provision,"Meletakis, Giannis",Giannis,male,0.99912380355075,True
Extending the social network interaction model to facilitate collaboration through service provision,"Katsivelis, Panagiotis",Panagiotis,male,0.9999221249138908,True
Extending the social network interaction model to facilitate collaboration through service provision,"Kapouranis, Andreas",Andreas,male,0.9999763395171621,True
Extending the social network interaction model to facilitate collaboration through service provision,"Nikolaidou, Mara",Mara,female,0.9999744519898365,True
Extending the social network interaction model to facilitate collaboration through service provision,"Anagnostopoulos, Dimosthenis",Dimosthenis,male,0.9980820683468926,True
"S-BPM ONE - Scientific Research: 6th International Conference, S-BPM ONE 2014 Eichstätt, Germany, April 22-23, 2014 Proceedings","Nanopoulos, Alexandros",Alexandros,male,0.9999884351175863,True
"S-BPM ONE - Scientific Research: 6th International Conference, S-BPM ONE 2014 Eichstätt, Germany, April 22-23, 2014 Proceedings","Schmidt, Werner",Werner,male,0.9999697709027106,True
Ad-hoc business process management in enterprises as expert communities,"Gromoff, Alexander",Alexander,male,0.9999914495946162,True
Ad-hoc business process management in enterprises as expert communities,"Stavenko, Yulia",Yulia,female,0.9999912706325099,True
Ad-hoc business process management in enterprises as expert communities,"Evina, Kristina",Kristina,female,0.9999963618934286,True
Ad-hoc business process management in enterprises as expert communities,"Kazantsev, Nikolay",Nikolay,male,0.9999162559793521,True
The analysis method about change region of process model based on module,"Fang, Xianwen",Xianwen,male,0.9470768352005097,True
The analysis method about change region of process model based on module,"Liu, Lu",Lu,female,0.9968039766756602,True
The analysis method about change region of process model based on module,"Liu, Xiangwei",Xiangwei,male,0.9661885526545338,True
The affordances of social technology: A BPM perspective,"Mathiesen, Paul",Paul,male,0.999990342528266,True
The affordances of social technology: A BPM perspective,"Bandara, Wasana",Wasana,female,0.993626508543848,True
The affordances of social technology: A BPM perspective,"Watson, Jason",Jason,male,0.9999930990838566,True
Tangible or not tangible - A comparative study of interaction types for process modeling support,"Fleischmann, Albert",Albert,male,0.9999213683449588,True
Tangible or not tangible - A comparative study of interaction types for process modeling support,"Schmidt, Werner",Werner,male,0.9999697709027106,True
Tangible or not tangible - A comparative study of interaction types for process modeling support,"Stary, Christian",Christian,male,0.9993987974523811,True
A business-oriented approach to Requirements Elicitation,"Przybyłek, Adam",Adam,male,0.999989304097136,True
An analysis method about change region of business process model based on action pattern,"Fang, Xianwen",Xianwen,male,0.9470768352005097,True
An analysis method about change region of business process model based on action pattern,"Yang, Yan",Yan,unknown,0.5336648310743305,False
An analysis method about change region of business process model based on action pattern,"Liu, Xiangwei",Xiangwei,male,0.9661885526545338,True
Fabric-process patterns: Towards a methodology for fabric-process design,"Bär, Florian",Florian,male,0.9999672042878258,True
Fabric-process patterns: Towards a methodology for fabric-process design,"Schmidt, Rainer",Rainer,male,0.9999264596357705,True
Fabric-process patterns: Towards a methodology for fabric-process design,"Möhring, Michael",Michael,male,0.9999876221560686,True
An empirical study of error patterns in industrial business process models,"Roy, Suman",Suman,female,0.6303416799007425,False
An empirical study of error patterns in industrial business process models,"Sajeev, A.S.M.",A.S.M.,male,0.6748036833378245,False
An empirical study of error patterns in industrial business process models,"Bihary, Sidharth",Sidharth,male,0.9989528048131509,True
An empirical study of error patterns in industrial business process models,"Ranjan, Abhishek",Abhishek,male,0.9999964018659365,True
Collaborative Process flexibility using multi-criteria decision making,"Patiniotakis, Ioannis",Ioannis,male,0.9999133506151796,True
Collaborative Process flexibility using multi-criteria decision making,"Papageorgiou, Nikos",Nikos,male,0.9999790924669226,True
Collaborative Process flexibility using multi-criteria decision making,"Apostolou, Dimitris",Dimitris,male,0.9999193920782357,True
Collaborative Process flexibility using multi-criteria decision making,"Verginadis, Yiannis",Yiannis,male,0.9998347820620028,True
Collaborative Process flexibility using multi-criteria decision making,"Mentzas, Gregoris",Gregoris,male,0.9856681805068206,True
Transfer of learnings between disciplines: What S-BPM facilitators could ask progressive educators (and might not dare to do),"Stary, Chris",Chris,male,0.9947324204288283,True
Empowering business process simulation through automated model transformations,"Bocciarelli, Paolo",Paolo,male,0.9999357526976299,True
Empowering business process simulation through automated model transformations,"D'Ambrogio, Andrea",Andrea,female,0.9990642945711071,True
Empowering business process simulation through automated model transformations,"Giglio, Andrea",Andrea,female,0.9990642945711071,True
Empowering business process simulation through automated model transformations,"Paglia, Emiliano",Emiliano,male,0.9995056193495935,True
Empowering business process simulation through automated model transformations,"Gianni, Daniele",Daniele,female,0.96515816052381,True
Understanding the actualization of affordances: A study in the process modeling context,"Bernhard, Eike",Eike,male,0.8402808146601484,True
Understanding the actualization of affordances: A study in the process modeling context,"Recker, Jan",Jan,unknown,0.5504849119650672,False
Understanding the actualization of affordances: A study in the process modeling context,"Burton-Jones, Andrew",Andrew,male,0.9999907571453364,True
A criteria catalogue for evaluating business process pattern approaches,"Becker, Michael",Michael,male,0.9999876221560686,True
A criteria catalogue for evaluating business process pattern approaches,"Klingner, Stephan",Stephan,male,0.9999887311827451,True
BPM model of GQIMP for ISO 9001:2008 supported by CASE tools,"Montini, Denis Avila",Denis,male,0.9965813436278006,True
BPM model of GQIMP for ISO 9001:2008 supported by CASE tools,"Matuck, Gustavo Ravanhani",Gustavo,male,0.9999547032163499,True
BPM model of GQIMP for ISO 9001:2008 supported by CASE tools,"Da Cunha, Adilson Marques",Adilson,male,0.9999629895671199,True
BPM model of GQIMP for ISO 9001:2008 supported by CASE tools,"Dias, Luiz Alberto Vieira",Luiz,male,0.9996898239467037,True
BPM model of GQIMP for ISO 9001:2008 supported by CASE tools,"Isaac, Massimo Jorge",Massimo,male,0.9998962669439312,True
Order management Sudoku simplified approach to transform OSS/BSS,"Kurnool, Anil Prasad",Anil,male,0.9998140050752149,True
Order management Sudoku simplified approach to transform OSS/BSS,"Dyaram, Lata",Lata,female,0.9999985725379823,True
Automated runtime repair of business processes,"Van Beest, N.R.T.P.",N.R.T.P.,unknown,0.6241422659364959,False
Automated runtime repair of business processes,"Kaldeli, E.",,unknown,0,False
Automated runtime repair of business processes,"Bulanov, P.",,unknown,0,False
Automated runtime repair of business processes,"Wortmann, J.C.",J.C.,male,0.9952174644274188,True
Automated runtime repair of business processes,"Lazovik, A.",,unknown,0,False
A new action rule syntax for DEmo MOdels based automatic worKflow procEss geneRation (DEMOBAKER),"Figueira, Carlos",Carlos,male,0.9999630239120895,True
A new action rule syntax for DEmo MOdels based automatic worKflow procEss geneRation (DEMOBAKER),"Aveiro, David",David,male,0.9999952928042082,True
Enabling workflow composition within a social network environment,"Hatzi, Ourania",Ourania,female,0.999994149692421,True
Enabling workflow composition within a social network environment,"Topali, Despina",Despina,female,0.9999916822778978,True
Enabling workflow composition within a social network environment,"Nikolaidou, Mara",Mara,female,0.9999744519898365,True
Enabling workflow composition within a social network environment,"Anagnostopoulos, Dimosthenis",Dimosthenis,male,0.9980820683468926,True
Large-scale Model-Driven Engineering of web user interaction: The WebML and WebRatio experience,"Brambilla, Marco",Marco,male,0.9998964214527616,True
Large-scale Model-Driven Engineering of web user interaction: The WebML and WebRatio experience,"Fraternali, Piero",Piero,male,0.99991242932963,True
Simplifying process model abstraction: Techniques for generating model names,"Leopold, Henrik",Henrik,male,0.9999612355431858,True
Simplifying process model abstraction: Techniques for generating model names,"Mendling, Jan",Jan,unknown,0.5504849119650672,False
Simplifying process model abstraction: Techniques for generating model names,"Reijers, Hajo A.",Hajo,unknown,0.6060434118944652,False
Simplifying process model abstraction: Techniques for generating model names,"La Rosa, Marcello",Marcello,male,0.9996360264682205,True
A framework for cost-aware process management: Cost reporting and cost prediction,"Wynn, Moe Thandar",Moe,male,0.9940126776092406,True
A framework for cost-aware process management: Cost reporting and cost prediction,"Low, Wei Zhe",Wei,male,0.8353828445774668,True
A framework for cost-aware process management: Cost reporting and cost prediction,"ter Hofstede, Arthur H. M.",Arthur,male,0.9999849927075136,True
A framework for cost-aware process management: Cost reporting and cost prediction,"Nauta, Wiebe",Wiebe,male,0.9822039369695192,True
S-BPM-Ont: An ontology for describing and interchanging S-BPM processes,"Höver, Kai Michael",Kai,male,0.9819597256365221,True
S-BPM-Ont: An ontology for describing and interchanging S-BPM processes,"Mühlhäuser, Max",Max,male,0.9999943791406495,True
"Business Process Management Workshops: BPM 2013 international workshops Beijing, China, August 26, 2013 revised papers","Lohmann, Niels",Niels,male,0.9995159698403479,True
"Business Process Management Workshops: BPM 2013 international workshops Beijing, China, August 26, 2013 revised papers","Song, Minseok",Minseok,male,0.9999671335247382,True
"Business Process Management Workshops: BPM 2013 international workshops Beijing, China, August 26, 2013 revised papers","Wohed, Petia",Petia,female,0.999916611117753,True
Platform based approach for automation of workflows in a system of systems,"Ploom, Tarmo",Tarmo,male,0.9951292561879037,True
Platform based approach for automation of workflows in a system of systems,"Glaser, Axel",Axel,male,0.9999905585480233,True
Platform based approach for automation of workflows in a system of systems,"Scheit, Stefan",Stefan,male,0.9999831604184807,True
Bringing semantics to aspect-oriented business process management,"Bastos, Aldinei",Aldinei,male,0.982666163820446,True
Bringing semantics to aspect-oriented business process management,"Santoro, Flávia Maria",Flávia,female,0.9980152096934121,True
Bringing semantics to aspect-oriented business process management,"Siqueira, Sean Wolfgand Matsui",Sean,male,0.9999700173452581,True
On the interoperability contributions of S-BPM,"Weichhart, Georg",Georg,male,0.9999050343867972,True
On the interoperability contributions of S-BPM,"Wachholder, Dominik",Dominik,male,0.9999341703754147,True
Sub-10-nm size and sub-40-nm pitch metal dot patterning for low-cost bit patterned media application,"Tobing, Landobasa Y.M.",Landobasa,female,0.7121794858987295,False
Sub-10-nm size and sub-40-nm pitch metal dot patterning for low-cost bit patterned media application,"Tjahjana, Liliana",Liliana,female,0.9999990854144832,True
Sub-10-nm size and sub-40-nm pitch metal dot patterning for low-cost bit patterned media application,"Zhang, Dao Hua",Dao,male,0.9090365945617355,True
Adaptive time-based coordinated checkpointing for cloud computing workflows,"Meroufel, Bakhta",Bakhta,female,0.9990016693229735,True
Adaptive time-based coordinated checkpointing for cloud computing workflows,"Belalem, Ghalem",Ghalem,male,0.9973241298031619,True
Splitting GSM schemas: A framework for outsourcing of declarative artifact systems,"Eshuis, Rik",Rik,male,0.999965618838259,True
Splitting GSM schemas: A framework for outsourcing of declarative artifact systems,"Hull, Richard",Richard,male,0.9999944029565571,True
Splitting GSM schemas: A framework for outsourcing of declarative artifact systems,"Sun, Yutian",Yutian,unknown,0.7344049874880008,False
Splitting GSM schemas: A framework for outsourcing of declarative artifact systems,"Vaculín, Roman",Roman,male,0.9999958558456321,True
Context-based variant generation of business process models,"Tealeb, Ahmed",Ahmed,male,0.9999977341795334,True
Context-based variant generation of business process models,"Awad, Ahmed",Ahmed,male,0.9999977341795334,True
Context-based variant generation of business process models,"Galal-Edeen, Galal",Galal,male,0.9924488666325432,True
Business rules management in healthcare: A lifecycle approach,"Nelson, Matthew L.",Matthew,male,0.9999843324261093,True
Business rules management in healthcare: A lifecycle approach,"Sen, Ravi",Ravi,male,0.9998295880717626,True
A graph distance based metric for data oriented workflow retrieval with variable time constraints,"Ma, Yinglong",Yinglong,male,0.8948838789574438,True
A graph distance based metric for data oriented workflow retrieval with variable time constraints,"Zhang, Xiaolan",Xiaolan,female,0.9688859804182465,True
A graph distance based metric for data oriented workflow retrieval with variable time constraints,"Lu, Ke",Ke,male,0.859750987543556,True
Prioritizing business processes improvement initiatives: The Seco tools case,"Ohlsson, Jens",Jens,male,0.9999725010363429,True
Prioritizing business processes improvement initiatives: The Seco tools case,"Han, Shengnan",Shengnan,female,0.9830858460959337,True
Prioritizing business processes improvement initiatives: The Seco tools case,"Johannesson, Paul",Paul,male,0.999990342528266,True
Prioritizing business processes improvement initiatives: The Seco tools case,"Carpenhall, Fredrik",Fredrik,male,0.999965637511437,True
Prioritizing business processes improvement initiatives: The Seco tools case,"Rusu, Lazar",Lazar,male,0.9996669009945608,True
Discrete element simulation of the effect of particle size on the size of fracture process zone in quasi-brittle materials,"Tarokh, Ali",Ali,male,0.988143397255068,True
Discrete element simulation of the effect of particle size on the size of fracture process zone in quasi-brittle materials,"Fakhimi, Ali",Ali,male,0.988143397255068,True
Process discovery and conformance checking using passages,"Van Der Aalst, W.M.P.",W.M.P.,male,0.7372678901195386,False
Process discovery and conformance checking using passages,"Verbeek, H.M.W.",H.M.W.,male,0.6613134659769525,False
"Current research in risk-aware business process management-overview, comparison, and gap analysis","Suriadi, Suriadi",Suriadi,male,0.9749255613519064,True
"Current research in risk-aware business process management-overview, comparison, and gap analysis","Weiß, Burkhard",Burkhard,male,0.9991339329514457,True
"Current research in risk-aware business process management-overview, comparison, and gap analysis","Winkelmann, Axel",Axel,male,0.9999905585480233,True
"Current research in risk-aware business process management-overview, comparison, and gap analysis","ter Hofstede, Arthur H.M.",Arthur,male,0.9999849927075136,True
"Current research in risk-aware business process management-overview, comparison, and gap analysis","Adams, Michael",Michael,male,0.9999876221560686,True
"Current research in risk-aware business process management-overview, comparison, and gap analysis","Conforti, Raffaele",Raffaele,male,0.9994192029161726,True
"Current research in risk-aware business process management-overview, comparison, and gap analysis","Fidge, Colin",Colin,male,0.9998511786190843,True
"Current research in risk-aware business process management-overview, comparison, and gap analysis","La Rosa, Marcello",Marcello,male,0.9996360264682205,True
"Current research in risk-aware business process management-overview, comparison, and gap analysis","Ouyang, Chun",Chun,male,0.9816926028175558,True
"Current research in risk-aware business process management-overview, comparison, and gap analysis","Pika, Anastasiia",Anastasiia,female,0.9997969655631055,True
"Current research in risk-aware business process management-overview, comparison, and gap analysis","Rosemann, Michael",Michael,male,0.9999876221560686,True
"Current research in risk-aware business process management-overview, comparison, and gap analysis","Wynn, Moe",Moe,male,0.9940126776092406,True
"A systematic review on security in Process-Aware Information Systems - Constitution, challenges, and future directions","Leitner, Maria",Maria,female,0.9999948398304921,True
"A systematic review on security in Process-Aware Information Systems - Constitution, challenges, and future directions","Rinderle-Ma, Stefanie",Stefanie,female,0.999951936822069,True
Dynamic adaptation of business process based on context changes: A rule-oriented approach,"Hu, Guangchang",Guangchang,male,0.9935922821797758,True
Dynamic adaptation of business process based on context changes: A rule-oriented approach,"Wu, Budan",Budan,male,0.9838465107323487,True
Dynamic adaptation of business process based on context changes: A rule-oriented approach,"Chen, Junliang",Junliang,male,0.9564774619621866,True
RNM based decentralized architecture of cross-organizational workflow management system for e-government,"Ye, Xin",Xin,female,0.7003246185087639,False
RNM based decentralized architecture of cross-organizational workflow management system for e-government,"Li, Zhao",Zhao,male,0.7235105623422796,False
RNM based decentralized architecture of cross-organizational workflow management system for e-government,"Fu, Shange",Shange,female,0.5992305381482671,False
Process discovery: Automated approach for block discovery,"Boushaba, Souhail",Souhail,male,0.9998066239540337,True
Process discovery: Automated approach for block discovery,"Kabbaj, Mohammed Issam",Mohammed,male,0.99999732840862,True
Process discovery: Automated approach for block discovery,"Bakkoury, Zohra",Zohra,female,0.9999295273468682,True
Supporting adaptive e-learning: An approach based on open-source learning management systems,"Indzhov, Hristo",Hristo,male,0.9998991955309443,True
Supporting adaptive e-learning: An approach based on open-source learning management systems,"Zhelyazkova, Polina",Polina,female,0.99999816768299,True
Supporting adaptive e-learning: An approach based on open-source learning management systems,"Totkov, George",George,male,0.9999684085414767,True
Design of a subject-oriented reference model for Change Management,"Garon, Patrick",Patrick,male,0.9999373211096793,True
Design of a subject-oriented reference model for Change Management,"Neumann, Arnd",Arnd,male,0.9979625574156036,True
Design of a subject-oriented reference model for Change Management,"Bensberg, Frank",Frank,male,0.999947578866658,True
Mobile enablement of business process management suites,"Eisenberg, Vadim",Vadim,male,0.9998553145817866,True
Mobile enablement of business process management suites,"Kallner, Samuel",Samuel,male,0.999989157902001,True
Mobile enablement of business process management suites,"Ben-Harrush, Idan",Idan,male,0.9998213283619439,True
An optimization model for valuating process flexibility,"Afflerbach, Patrick",Patrick,male,0.9999373211096793,True
An optimization model for valuating process flexibility,"Kastner, Gregor",Gregor,male,0.9999917847917771,True
An optimization model for valuating process flexibility,"Krause, Felix",Felix,male,0.9998848338420872,True
An optimization model for valuating process flexibility,"Röglinger, Maximilian",Maximilian,male,0.9998238213451786,True
Addressing the paradigmatic limitation of conventional business process management concepts by proposing new definitions,"Mavaddat, Matin",Matin,male,0.9916885965088896,True
Addressing the paradigmatic limitation of conventional business process management concepts by proposing new definitions,"Green, Stewart",Stewart,male,0.9999026955331541,True
Addressing the paradigmatic limitation of conventional business process management concepts by proposing new definitions,"Sa, Jin",Jin,male,0.7377281243241545,False
BPM/BPM+: Software-based dynamic memory partitioning mechanisms for mitigating dram bank-/channel-level interferences in multicore systems,"Liu, Lei",Lei,female,0.9773825880925103,True
BPM/BPM+: Software-based dynamic memory partitioning mechanisms for mitigating dram bank-/channel-level interferences in multicore systems,"Cui, Zehan",Zehan,male,0.8990345834483553,True
BPM/BPM+: Software-based dynamic memory partitioning mechanisms for mitigating dram bank-/channel-level interferences in multicore systems,"Li, Yong",Yong,male,0.9844618295633396,True
BPM/BPM+: Software-based dynamic memory partitioning mechanisms for mitigating dram bank-/channel-level interferences in multicore systems,"Bao, Yungang",Yungang,male,0.972734469960787,True
BPM/BPM+: Software-based dynamic memory partitioning mechanisms for mitigating dram bank-/channel-level interferences in multicore systems,"Chen, Mingyu",Mingyu,female,0.5262242568982438,False
BPM/BPM+: Software-based dynamic memory partitioning mechanisms for mitigating dram bank-/channel-level interferences in multicore systems,"Wu, Chengyong",Chengyong,male,0.9430069486613453,True
DEWEY: The DICOM-enabled workflow engine system,"Erickson, Bradley J.",Bradley,male,0.9999087709454367,True
DEWEY: The DICOM-enabled workflow engine system,"Langer, Steve G.",Steve,male,0.9996350238609107,True
DEWEY: The DICOM-enabled workflow engine system,"Blezek, Daniel J.",Daniel,male,0.9999484956264236,True
DEWEY: The DICOM-enabled workflow engine system,"Ryan, William J.",William,male,0.999948625742716,True
DEWEY: The DICOM-enabled workflow engine system,"French, Todd L.",Todd,male,0.9999936973384245,True
Reflexivity in business. review on the best practices of S-BPM approach application,"Mashkov, I.",,unknown,0,False
Reflexivity in business. review on the best practices of S-BPM approach application,"Tarchinskaya, E.",,unknown,0,False
Reflexivity in business. review on the best practices of S-BPM approach application,"Kazantsev, N.",,unknown,0,False
Proposals for future BPM research directions,"Rosemann, Michael",Michael,male,0.9999876221560686,True
Mixed-level optical-system simulation incorporating component-level modeling of interface elements,"Mena, Pablo V.",Pablo,male,0.9999522824750242,True
Mixed-level optical-system simulation incorporating component-level modeling of interface elements,"Stone, Bryan",Bryan,male,0.9999650021338259,True
Mixed-level optical-system simulation incorporating component-level modeling of interface elements,"Heller, Evan",Evan,male,0.9999798906773547,True
Mixed-level optical-system simulation incorporating component-level modeling of interface elements,"Herrmann, Dan",Dan,male,0.9998938548042234,True
Mixed-level optical-system simulation incorporating component-level modeling of interface elements,"Ghillino, Enrico",Enrico,male,0.9996785043632522,True
Mixed-level optical-system simulation incorporating component-level modeling of interface elements,"Scarmozzino, Rob",Rob,male,0.9999922862201587,True
Petri net-based process monitoring: A workflow management system for process modelling and monitoring,"Pla, Albert",Albert,male,0.9999213683449588,True
Petri net-based process monitoring: A workflow management system for process modelling and monitoring,"Gay, Pablo",Pablo,male,0.9999522824750242,True
Petri net-based process monitoring: A workflow management system for process modelling and monitoring,"Meléndez, Joaquim",Joaquim,male,0.9999847193699697,True
Petri net-based process monitoring: A workflow management system for process modelling and monitoring,"López, Beatriz",Beatriz,female,0.9998569138632866,True
Partner network and its process management,"Kangilaski, Taivo",Taivo,male,0.9950396285376654,True
Partner network and its process management,"Polyantchikov, Igor",Igor,male,0.9999871325016193,True
Partner network and its process management,"Shevtshenko, Eduard",Eduard,male,0.9999802173363551,True
Efficient syntactic process difference detection using flexible feature matching,"Liu, Keqiang",Keqiang,male,0.8952402707019353,True
Efficient syntactic process difference detection using flexible feature matching,"Yan, Zhiqiang",Zhiqiang,male,0.9827676756260831,True
Efficient syntactic process difference detection using flexible feature matching,"Wang, Yuquan",Yuquan,male,0.984564441237307,True
Efficient syntactic process difference detection using flexible feature matching,"Wen, Lijie",Lijie,female,0.9790060744846031,True
Efficient syntactic process difference detection using flexible feature matching,"Wang, Jianmin",Jianmin,male,0.8695557433766125,True
Business process artefact adaptability approach based on artificial immune systems,"Zerari, Mounira",Mounira,female,0.99943870395557,True
A participative end-user modeling approach for business process requirements,"Front, Agnès",Agnès,female,0.9917484058997906,True
A participative end-user modeling approach for business process requirements,"Rieu, Dominique",Dominique,female,0.9740476149802497,True
A participative end-user modeling approach for business process requirements,"Santorum, Marco",Marco,male,0.9998964214527616,True
RESTful business process management in the cloud,"Gambi, Alessio",Alessio,male,0.9999651092443104,True
RESTful business process management in the cloud,"Pautasso, Cesare",Cesare,male,0.9996423685346849,True
Workflow models: Management and quality of process in the cloud,"Peralta, Mario",Mario,male,0.9998285831560244,True
Workflow models: Management and quality of process in the cloud,"Salgado, Carlos",Carlos,male,0.9999630239120895,True
Workflow models: Management and quality of process in the cloud,"Baigorria, Lorena",Lorena,female,0.999996237441953,True
Workflow models: Management and quality of process in the cloud,"Riesco, Daniel",Daniel,male,0.9999484956264236,True
Workflow models: Management and quality of process in the cloud,"Montejano, Germán",Germán,male,0.9993975279959949,True
Workflow models: Management and quality of process in the cloud,"Debnath, Narayan",Narayan,male,0.9997727035320141,True
Workflow models: Management and quality of process in the cloud,"Hu, Jenny",Jenny,female,0.9999737586265606,True
Data state description for the migration to activity-centric business process model maintaining legacy databases,"Gómez-López, María Teresa",María,female,0.9998408731018508,True
Data state description for the migration to activity-centric business process model maintaining legacy databases,"Borrego, Diana",Diana,female,0.999995961950494,True
Data state description for the migration to activity-centric business process model maintaining legacy databases,"Gasca, Rafael M.",Rafael,male,0.9999801002723208,True
A flexible and efficient system development approach for enterprise system and smartphone application,"Oba, Michiko",Michiko,female,0.9994858210437642,True
A flexible and efficient system development approach for enterprise system and smartphone application,"Yamaguchi, Taku",Taku,male,0.9910109050427749,True
From process models to business process architectures: Connecting the layers,"Eid-Sabbagh, Rami-Habib",Rami,male,0.991522592305844,True
From process models to business process architectures: Connecting the layers,"Weske, Mathias",Mathias,male,0.999948038650782,True
Some complexity results for the soundness problem of workflow nets,"Liu, Guan Jun",Guan,male,0.9972147107986913,True
Towards Semantic Support for Business Process Integration,"de Castro, Roberto Pérez López",Roberto,male,0.9999404051490157,True
Towards Semantic Support for Business Process Integration,"Mosquera, Inty Sáez",Inty,unknown,0.5654970922227025,False
Towards Semantic Support for Business Process Integration,"Gómez, Jorge Marx",Jorge,male,0.9999507614101812,True
Understanding the factors that influence the adoption of BPM in two Brazilian public organizations,"Alves, Carina",Carina,female,0.9999987874599865,True
Understanding the factors that influence the adoption of BPM in two Brazilian public organizations,"Valença, George",George,male,0.9999684085414767,True
Understanding the factors that influence the adoption of BPM in two Brazilian public organizations,"Santana, André Felipe",André,male,0.9937443143503205,True
Shake It Up: Exercise Intensity Recognizing System,"Lim, Yang Kyu",Yang,unknown,0.6608034619216988,False
Shake It Up: Exercise Intensity Recognizing System,"Shim, Bo Kwang",Bo,male,0.9936897842165783,True
Towards an organizational strategic alignment driven by business level agreements,"Melo, Carolina",Carolina,female,0.9999984645885064,True
Towards an organizational strategic alignment driven by business level agreements,"Fantinato, Marcelo",Marcelo,male,0.9998735221664624,True
Towards an organizational strategic alignment driven by business level agreements,"Sun, Violeta",Violeta,female,0.9999976922501379,True
Towards an organizational strategic alignment driven by business level agreements,"Prado, Edmir P.V.",Edmir,male,0.9938857316756063,True
Introducing a framework for scalable dynamic process discovery,"Redlich, David",David,male,0.9999952928042082,True
Introducing a framework for scalable dynamic process discovery,"Gilani, Wasif",Wasif,male,0.9999707412768138,True
Introducing a framework for scalable dynamic process discovery,"Molka, Thomas",Thomas,male,0.9999981017477207,True
Introducing a framework for scalable dynamic process discovery,"Drobek, Marc",Marc,male,0.9999669556997242,True
Introducing a framework for scalable dynamic process discovery,"Rashid, Awais",Awais,male,0.9998645973538794,True
Introducing a framework for scalable dynamic process discovery,"Blair, Gordon",Gordon,male,0.999986639612892,True
Towards the enhancement of business process monitoring for complex logistics chains,"Cabanillas, Cristina",Cristina,female,0.9999968566271442,True
Towards the enhancement of business process monitoring for complex logistics chains,"Baumgrass, Anne",Anne,female,0.9999910090887604,True
Towards the enhancement of business process monitoring for complex logistics chains,"Mendling, Jan",Jan,unknown,0.5504849119650672,False
Towards the enhancement of business process monitoring for complex logistics chains,"Rogetzer, Patricia",Patricia,female,0.9999876359107199,True
Towards the enhancement of business process monitoring for complex logistics chains,"Bellovoda, Bruno",Bruno,male,0.9999652389475681,True
Self-adaptive resource allocation for elastic process execution,"Hoenisch, Philipp",Philipp,male,0.9999372005997167,True
Self-adaptive resource allocation for elastic process execution,"Schulte, Stefan",Stefan,male,0.9999831604184807,True
Self-adaptive resource allocation for elastic process execution,"Dustdar, Schahram",Schahram,unknown,0.7299774829155605,False
Self-adaptive resource allocation for elastic process execution,"Venugopal, Srikumar",Srikumar,male,0.9981734282728584,True
Direct-write diffracting tubular optical components using femtosecond lasers,"McMillen, Ben",Ben,male,0.9999724406238173,True
Direct-write diffracting tubular optical components using femtosecond lasers,"Bellouard, Yves",Yves,male,0.9999219809566021,True
Customized infrastructures for monitoring business processes,"Comuzzi, Marco",Marco,male,0.9998964214527616,True
Customized infrastructures for monitoring business processes,"Martinez, Ruben Ivan Rafael",Ruben,male,0.999984445852665,True
Workflow for a multi-agent system with voice user interfaces in a changing environment,"Sebestyénová, J.",,unknown,0,False
Workflow for a multi-agent system with voice user interfaces in a changing environment,"Kurdel, P.",,unknown,0,False
Process remaining time prediction using query catalogs,"Bolt, Alfredo",Alfredo,male,0.999958692665776,True
Process remaining time prediction using query catalogs,"Sepúlveda, Marcos",Marcos,male,0.9999676793806923,True
Short paper: Towards enhancing business process monitoring with sonification,"Hildebrandt, Tobias",Tobias,male,0.9999755650213412,True
Absorptive capacity as a precondition for business process improvement,"Manfreda, Anton",Anton,male,0.9999464363559706,True
Absorptive capacity as a precondition for business process improvement,"Kovacic, Andrej",Andrej,male,0.9999819320861987,True
Absorptive capacity as a precondition for business process improvement,"Štemberger, Mojca Indihar",Mojca,female,0.9973581527214593,True
Absorptive capacity as a precondition for business process improvement,"Trkman, Peter",Peter,male,0.9999580684529622,True
Towards a meta-model for goal-based social BPM,"Rangiha, Mohammad Ehson",Mohammad,male,0.9999978931239886,True
Towards a meta-model for goal-based social BPM,"Karakostas, Bill",Bill,male,0.9997859443490958,True
Developing a governance model for successful business process standardization,"Kettenbohrer, Janina",Janina,female,0.9999974412154872,True
Developing a governance model for successful business process standardization,"Beimborn, Daniel",Daniel,male,0.9999484956264236,True
Developing a governance model for successful business process standardization,"Kloppenburg, Mirko",Mirko,male,0.9997269613326661,True
Integrate ERP system into business process management system,"Chen, Feng",Feng,male,0.9830753668861625,True
Integrate ERP system into business process management system,"Wang, Qinhua",Qinhua,female,0.6146429335910073,False
Integrate ERP system into business process management system,"Wei, Qiang",Qiang,male,0.9889567902465515,True
Integrate ERP system into business process management system,"Ren, Changrui",Changrui,male,0.9813918550272961,True
Integrate ERP system into business process management system,"Shao, Bing",Bing,male,0.9070266412590164,True
Integrate ERP system into business process management system,"Li, Jinfeng",Jinfeng,male,0.5636730448150306,False
Supporting collaborative work by learning process models and patterns from cases,"Schönig, Stefan",Stefan,male,0.9999831604184807,True
Supporting collaborative work by learning process models and patterns from cases,"Zeising, Michael",Michael,male,0.9999876221560686,True
Supporting collaborative work by learning process models and patterns from cases,"Jablonski, Stefan",Stefan,male,0.9999831604184807,True
A contribution to organizational and operational strategic alignment: Incorporating business level agreements into business process modeling,"Salles, Guilherme",Guilherme,male,0.9990789917780888,True
A contribution to organizational and operational strategic alignment: Incorporating business level agreements into business process modeling,"Fantinato, Marcelo",Marcelo,male,0.9998735221664624,True
A contribution to organizational and operational strategic alignment: Incorporating business level agreements into business process modeling,"De Albuquerque, João Porto",João,male,0.9999597809713936,True
A contribution to organizational and operational strategic alignment: Incorporating business level agreements into business process modeling,"Nishijima, Marislei",Marislei,female,0.9979075807450963,True
To trace and guide evolution in configurable process models,"Sbai, Hanae",Hanae,female,0.9999551736829082,True
To trace and guide evolution in configurable process models,"Fredj, Mounia",Mounia,female,0.9999617223402388,True
To trace and guide evolution in configurable process models,"Kjiri, Laila",Laila,female,0.9999984691375184,True
User participation practice: To overcome the objective-subjective dichotomy,"De Waal, Benny M.E.",Benny,male,0.994954103833834,True
Analysis of the importance of business process management depending on the organization structure and culture,"Chmielarz, Witold",Witold,male,0.999973414620794,True
Analysis of the importance of business process management depending on the organization structure and culture,"Zborowski, Marek",Marek,male,0.9999483104588682,True
Analysis of the importance of business process management depending on the organization structure and culture,"Biernikowicz, Aneta",Aneta,female,0.9999974642645675,True
Investigation of offset-launch characteristics for two-mode optical fiber using FE-BPM,"Maruyama, Ryo",Ryo,male,0.9995145758013162,True
Investigation of offset-launch characteristics for two-mode optical fiber using FE-BPM,"Kuwaki, Nobuo",Nobuo,male,0.999989930867764,True
Investigation of offset-launch characteristics for two-mode optical fiber using FE-BPM,"Matsuo, Shoichiro",Shoichiro,male,0.996735322363917,True
Investigation of offset-launch characteristics for two-mode optical fiber using FE-BPM,"Sato, Kiminori",Kiminori,male,0.9935471539763293,True
Investigation of offset-launch characteristics for two-mode optical fiber using FE-BPM,"Ohashi, Masaharu",Masaharu,male,0.9997866555275965,True
Dynamic weaving in aspect oriented business process management,"Jalali, Amin",Amin,male,0.999758654462319,True
Dynamic weaving in aspect oriented business process management,"Wohed, Petia",Petia,female,0.999916611117753,True
Dynamic weaving in aspect oriented business process management,"Ouyang, Chun",Chun,male,0.9816926028175558,True
Dynamic weaving in aspect oriented business process management,"Johannesson, Paul",Paul,male,0.999990342528266,True
Decision support for operational and financial risk management - The ProcessGene case study,"Lincoln, Maya",Maya,female,0.9999863421590888,True
Decision support for operational and financial risk management - The ProcessGene case study,"Wasser, Avi",Avi,male,0.9887211397722614,True
Half a century after Carl Adam Petri's Ph.D. thesis: A perspective on the field,"Silva, Manuel",Manuel,male,0.9999796545255559,True
Supporting cognitive work in software development workflows,"Hyysalo, Jarkko",Jarkko,male,0.9986025460614163,True
Supporting cognitive work in software development workflows,"Lehto, Jari",Jari,male,0.6680981223981086,False
Supporting cognitive work in software development workflows,"Aaramaa, Sanja",Sanja,female,0.9999949857921516,True
Supporting cognitive work in software development workflows,"Kelanti, Markus",Markus,male,0.9999735872978276,True
Uses and applications of software and systems process engineering meta-model process models. a systematic mapping study,"Ruiz-Rube, Iván",Iván,male,0.9988921334729528,True
Uses and applications of software and systems process engineering meta-model process models. a systematic mapping study,"Dodero, Juan Manuel",Juan,male,0.9999978969254493,True
Uses and applications of software and systems process engineering meta-model process models. a systematic mapping study,"Palomo-Duarte, Manuel",Manuel,male,0.9999796545255559,True
Uses and applications of software and systems process engineering meta-model process models. a systematic mapping study,"Ruiz, Mercedes",Mercedes,female,0.9995264603575394,True
Uses and applications of software and systems process engineering meta-model process models. a systematic mapping study,"Gawn, David",David,male,0.9999952928042082,True
Data-centric probabilistic process: A PhD. symposium paper for ICSOC,"Li, Haizhou",Haizhou,male,0.979720745477529,True
Introduction to the Proceedings of the Workshop on Cloud-enabled Business Process Management (CeBPM) 2012,"Petcu, Dana",Dana,female,0.9991640173402454,True
Introduction to the Proceedings of the Workshop on Cloud-enabled Business Process Management (CeBPM) 2012,"Stankovski, Vlado",Vlado,male,0.9998863419765522,True
Business process transparency management: An approach to aligning business processes and corporate strategy,"Lederer, Matthias",Matthias,male,0.9999337682187655,True
Designing interaction routines in service networks: A modularity and social construction-based approach,"Becker, Jörg",Jörg,male,0.9995939947892971,True
Designing interaction routines in service networks: A modularity and social construction-based approach,"Beverungen, Daniel",Daniel,male,0.9999484956264236,True
Designing interaction routines in service networks: A modularity and social construction-based approach,"Knackstedt, Ralf",Ralf,male,0.9999738177966511,True
Designing interaction routines in service networks: A modularity and social construction-based approach,"Matzner, Martin",Martin,male,0.9998539477569732,True
Designing interaction routines in service networks: A modularity and social construction-based approach,"Müller, Oliver",Oliver,male,0.9999907881390401,True
Designing interaction routines in service networks: A modularity and social construction-based approach,"Pöppelbuß, Jens",Jens,male,0.9999725010363429,True
Inferring state for real-time monitoring of care processes,"Baffoe, Shirley A.",Shirley,female,0.9998547944848402,True
Inferring state for real-time monitoring of care processes,"Baarah, Aladdin",Aladdin,male,0.9999274940291942,True
Inferring state for real-time monitoring of care processes,"Peyton, Liam",Liam,male,0.9998655862005859,True
Detecting runtime business process compliance with artifact lifecycles,"He, Qi",Qi,unknown,0.7168904722752344,False
Teaching business process management for heterogeneous audience,"Levina, Olga",Olga,female,0.9997517811205014,True
REFlex: An efficient web service orchestrator for declarative business processes,"Silva, Natália Cabral",Natália,female,0.9998838750935941,True
REFlex: An efficient web service orchestrator for declarative business processes,"De Carvalho, Renata Medeiros",Renata,female,0.9999937852557952,True
REFlex: An efficient web service orchestrator for declarative business processes,"Oliveira, César Augusto Lins",César,male,0.9988878931534702,True
REFlex: An efficient web service orchestrator for declarative business processes,"Lima, Ricardo Massa Ferreira",Ricardo,male,0.99996029299145,True
CoopIS 2013 PC co-chairs message,"Eder, Johann",Johann,male,0.998553661423518,True
CoopIS 2013 PC co-chairs message,"Bellahsene, Zohra",Zohra,female,0.9999295273468682,True
CoopIS 2013 PC co-chairs message,"Khalaf, Rania Y.",Rania,female,0.9999895380905176,True
Increasing recall of process model matching by improved activity label matching,"Klinkmüller, Christopher",Christopher,male,0.9999877129093514,True
Increasing recall of process model matching by improved activity label matching,"Weber, Ingo",Ingo,male,0.9999333804098659,True
Increasing recall of process model matching by improved activity label matching,"Mendling, Jan",Jan,unknown,0.5504849119650672,False
Increasing recall of process model matching by improved activity label matching,"Leopold, Henrik",Henrik,male,0.9999612355431858,True
Increasing recall of process model matching by improved activity label matching,"Ludwig, André",André,male,0.9937443143503205,True
Levi - A workflow engine using BPMN 2.0,"Gallaba, Keheliya",Keheliya,unknown,0.709394690430275,False
Levi - A workflow engine using BPMN 2.0,"Pavalanathan, Umashanthi",Umashanthi,unknown,0.5274207099938177,False
Levi - A workflow engine using BPMN 2.0,"Jayawardena, Ishan",Ishan,male,0.9999883373610203,True
Levi - A workflow engine using BPMN 2.0,"Sooriyabandara, Eranda",Eranda,female,0.9216552753003477,True
Levi - A workflow engine using BPMN 2.0,"Nanayakkara, Vishaka",Vishaka,female,0.9995599803980939,True
Application of equivalence checking in a loan origination process in banking industry,"Santone, Antonella",Antonella,female,0.9999976482666009,True
Application of equivalence checking in a loan origination process in banking industry,"Intilangelo, Valentina",Valentina,female,0.9999985356541968,True
Application of equivalence checking in a loan origination process in banking industry,"Raucci, Domenico",Domenico,male,0.9999598086754721,True
PPINOT tool suite: A performance management solution for process-oriented organisations,"Del-Río-Ortega, Adela",Adela,female,0.999990800859609,True
PPINOT tool suite: A performance management solution for process-oriented organisations,"Cabanillas, Cristina",Cristina,female,0.9999968566271442,True
PPINOT tool suite: A performance management solution for process-oriented organisations,"Resinas, Manuel",Manuel,male,0.9999796545255559,True
PPINOT tool suite: A performance management solution for process-oriented organisations,"Ruiz-Cortés, Antonio",Antonio,male,0.9999433950349952,True
Collective problem solving using social compute units,"Sengupta, Bikram",Bikram,male,0.9999855957776799,True
Collective problem solving using social compute units,"Jain, Anshu",Anshu,female,0.990749304079474,True
Collective problem solving using social compute units,"Bhattacharya, Kamal",Kamal,male,0.9994526958684481,True
Collective problem solving using social compute units,"Truong, Hong-Linh",Hong,female,0.711999011631038,False
Collective problem solving using social compute units,"Dustdar, Schahram",Schahram,unknown,0.7299774829155605,False
Key information technology and management issues 2012-2013: An international study,"Luftman, Jerry",Jerry,male,0.9963142818767432,True
Key information technology and management issues 2012-2013: An international study,"Zadeh, Hossein S",Hossein,male,0.9999453153145771,True
Key information technology and management issues 2012-2013: An international study,"Derksen, Barry",Barry,male,0.9997107200738254,True
Key information technology and management issues 2012-2013: An international study,"Santana, Martin",Martin,male,0.9998539477569732,True
Key information technology and management issues 2012-2013: An international study,"Rigoni, Eduardo Henrique",Eduardo,male,0.9999664554772328,True
Key information technology and management issues 2012-2013: An international study,"Huang, Zhengwei David",Zhengwei,male,0.9910071166633158,True
Toward a time-centric modeling of business processes in BPMN 2.0,"Cheikhrouhou, Saoussen",Saoussen,female,0.9908310959020573,True
Toward a time-centric modeling of business processes in BPMN 2.0,"Kallel, Slim",Slim,male,0.9911499403655679,True
Toward a time-centric modeling of business processes in BPMN 2.0,"Guermouche, Nawal",Nawal,female,0.9953561393814838,True
Toward a time-centric modeling of business processes in BPMN 2.0,"Jmaiel, Mohamed",Mohamed,male,0.9999971268152898,True
A genericworkflow metamodel to support resource-aware decision making,"Ramdoyal, Ravi",Ravi,male,0.9998295880717626,True
A genericworkflow metamodel to support resource-aware decision making,"Ponsard, Christophe",Christophe,male,0.9994949508818813,True
A genericworkflow metamodel to support resource-aware decision making,"Derbali, Myriam-Amina",Myriam,female,0.9999019396640695,True
A genericworkflow metamodel to support resource-aware decision making,"Schwanen, Gabriel",Gabriel,male,0.9999678001289709,True
A genericworkflow metamodel to support resource-aware decision making,"Linden, Isabelle",Isabelle,female,0.9999902228734292,True
A genericworkflow metamodel to support resource-aware decision making,"Jacquet, Jean-Marie",Jean,female,0.6637228001271365,False
Enforcement of entailment constraints in distributed service-based business processes,"Hummer, Waldemar",Waldemar,male,0.9999820220385555,True
Enforcement of entailment constraints in distributed service-based business processes,"Gaubatz, Patrick",Patrick,male,0.9999373211096793,True
Enforcement of entailment constraints in distributed service-based business processes,"Strembeck, Mark",Mark,male,0.999973238313618,True
Enforcement of entailment constraints in distributed service-based business processes,"Zdun, Uwe",Uwe,male,0.9993723681134667,True
Enforcement of entailment constraints in distributed service-based business processes,"Dustdar, Schahram",Schahram,unknown,0.7299774829155605,False
Towards agent-based smart factories: A subject-oriented modeling approach,"Kannengiesser, Udo",Udo,male,0.9993990197381508,True
Towards agent-based smart factories: A subject-oriented modeling approach,"Müller, Harald",Harald,male,0.9999263057035207,True
A survey on time-aware business process modeling,"Cheikhrouhou, Saoussen",Saoussen,female,0.9908310959020573,True
A survey on time-aware business process modeling,"Kallel, Slim",Slim,male,0.9911499403655679,True
A survey on time-aware business process modeling,"Guermouche, Nawal",Nawal,female,0.9953561393814838,True
A survey on time-aware business process modeling,"Jmaiel, Mohamed",Mohamed,male,0.9999971268152898,True
Business process compliance via security validation as a service,"Compagna, Luca",Luca,male,0.994050482423027,True
Business process compliance via security validation as a service,"Guilleminot, Pierre",Pierre,male,0.999741392176316,True
Business process compliance via security validation as a service,"Brucker, Achim D.",Achim,male,0.9999018238288356,True
Constructing hybrid architectures and dynamic services in Cloud BPM,"Garro, José Martinez",José,male,0.9960913709996708,True
Constructing hybrid architectures and dynamic services in Cloud BPM,"Bazán, Patricia",Patricia,female,0.9999876359107199,True
Supporting adaptation patterns in the event-driven business process modeling paradigm,"Kapuruge, Malinda",Malinda,female,0.9999984088185713,True
Supporting adaptation patterns in the event-driven business process modeling paradigm,"Han, Jun",Jun,male,0.9972113548054844,True
Supporting adaptation patterns in the event-driven business process modeling paradigm,"Colman, Alan",Alan,male,0.9999595127093575,True
The S-BPM architecture: A framework for multi-agent systems,"Raß, Stefan",Stefan,male,0.9999831604184807,True
The S-BPM architecture: A framework for multi-agent systems,"Kotremba, Johannes",Johannes,male,0.9999887278356387,True
The S-BPM architecture: A framework for multi-agent systems,"Singer, Robert",Robert,male,0.9999776797436909,True
Integration of social media technologies with ERP a prototype implementation,"Shankararaman, Venky",Venky,male,0.9867760123703313,True
Integration of social media technologies with ERP a prototype implementation,"Kit, Lum Eng",Lum,male,0.9820947890727496,True
Goal-driven social business process management,"Rangiha, Mohammad Ehson",Mohammad,male,0.9999978931239886,True
Goal-driven social business process management,"Karakostas, Bill",Bill,male,0.9997859443490958,True
A model-driven service integrated framework based on three-layer ontology,"Liu, Zijia",Zijia,unknown,0.5335084179429969,False
A model-driven service integrated framework based on three-layer ontology,"Cai, Hongming",Hongming,male,0.9391859751901778,True
A model-driven service integrated framework based on three-layer ontology,"Jiang, Lihong",Lihong,female,0.9739253459595598,True
Study on compactness of planar waveguide based integrated optic couplers using tooth shaped grating assisted geometry,"Deka, Bidyut",Bidyut,male,0.996612290776799,True
Study on compactness of planar waveguide based integrated optic couplers using tooth shaped grating assisted geometry,"Dutta, Aradhana",Aradhana,female,0.9999783021720803,True
Study on compactness of planar waveguide based integrated optic couplers using tooth shaped grating assisted geometry,"Sahu, Partha P.",Partha,male,0.9978044480931605,True
Setup and maintenance factors of ACM systems,"Tran, Thanh Thi Kim",Thanh,male,0.9801043135052536,True
Setup and maintenance factors of ACM systems,"Pucher, Max J.",Max,male,0.9999943791406495,True
Setup and maintenance factors of ACM systems,"Mendling, Jan",Jan,unknown,0.5504849119650672,False
Setup and maintenance factors of ACM systems,"Ruhsam, Christoph",Christoph,male,0.9996583666010818,True
Ideas on improving the Business-IT alignment in BPM enabled by SOA,"Hertis, Matej",Matej,male,0.9999434123817613,True
Ideas on improving the Business-IT alignment in BPM enabled by SOA,"Juric, Matjaz B.",Matjaz,male,0.9968883634834083,True
Newer approach to flexible business architecture of modern enterprise,"Gromoff, Alexander",Alexander,male,0.9999914495946162,True
Newer approach to flexible business architecture of modern enterprise,"Kazantsev, Nikolay",Nikolay,male,0.9999162559793521,True
Newer approach to flexible business architecture of modern enterprise,"Ponfilenok, Mikhail",Mikhail,male,0.9999529429120713,True
Newer approach to flexible business architecture of modern enterprise,"Stavenko, Yuila",Yuila,unknown,0.7256657573059395,False
Diagnostic reasoning with structural analysis and constraint programming for quality improvement of business process management systems,"Borrego, Diana",Diana,female,0.999995961950494,True
Real-time risk monitoring in business processes: A sensor-based approach,"Conforti, Raffaele",Raffaele,male,0.9994192029161726,True
Real-time risk monitoring in business processes: A sensor-based approach,"La Rosa, Marcello",Marcello,male,0.9996360264682205,True
Real-time risk monitoring in business processes: A sensor-based approach,"Fortino, Giancarlo",Giancarlo,male,0.9998527053438494,True
Real-time risk monitoring in business processes: A sensor-based approach,"Ter Hofstede, Arthur H.M.",Arthur,male,0.9999849927075136,True
Real-time risk monitoring in business processes: A sensor-based approach,"Recker, Jan",Jan,unknown,0.5504849119650672,False
Real-time risk monitoring in business processes: A sensor-based approach,"Adams, Michael",Michael,male,0.9999876221560686,True
Context-aware business process management for personalized healthcare services,"Moon, Junho",Junho,male,0.9997276289575132,True
Context-aware business process management for personalized healthcare services,"Kim, Dongsoo",Dongsoo,male,0.9997127631272084,True
Cost-informed operational process support,"Wynn, Moe T.",Moe,male,0.9940126776092406,True
Cost-informed operational process support,"Reijers, Hajo A.",Hajo,unknown,0.6060434118944652,False
Cost-informed operational process support,"Adams, Michael",Michael,male,0.9999876221560686,True
Cost-informed operational process support,"Ouyang, Chun",Chun,male,0.9816926028175558,True
Cost-informed operational process support,"Ter Hofstede, Arthur H. M.",Arthur,male,0.9999849927075136,True
Cost-informed operational process support,"Van Der Aalst, Wil M. P.",Wil,male,0.9988491702309068,True
Cost-informed operational process support,"Rosemann, Michael",Michael,male,0.9999876221560686,True
Cost-informed operational process support,"Hoque, Zahirul",Zahirul,male,0.9917970370391682,True
Compliance check in semantic business process management,"Gábor, András",András,male,0.9993495707343125,True
Compliance check in semantic business process management,"Ko, Andrea",Andrea,female,0.9990642945711071,True
Compliance check in semantic business process management,"Szabó, Ildikó",Ildikó,female,0.9952623941029717,True
Compliance check in semantic business process management,"Ternai, Katalin",Katalin,female,0.999942475190427,True
Compliance check in semantic business process management,"Varga, Krisztián",Krisztián,male,0.9973767416511681,True
An approach to identifying false traces in process event logs,"Yang, Hedong",Hedong,male,0.9967136044084749,True
An approach to identifying false traces in process event logs,"Wen, Lijie",Lijie,female,0.9790060744846031,True
An approach to identifying false traces in process event logs,"Wang, Jianmin",Jianmin,male,0.8695557433766125,True
Case-based selection of business process modeling tools: An evaluation criteria framework,"Walterbusch, Marc",Marc,male,0.9999669556997242,True
Case-based selection of business process modeling tools: An evaluation criteria framework,"Grove, Sebastian",Sebastian,male,0.9999469726859632,True
Case-based selection of business process modeling tools: An evaluation criteria framework,"Breitschwerdt, Rüdigger",Rüdigger,unknown,0.7206680632294888,False
Case-based selection of business process modeling tools: An evaluation criteria framework,"Stolze, Carl",Carl,male,0.9999252084458771,True
Case-based selection of business process modeling tools: An evaluation criteria framework,"Teuteberg, Frank",Frank,male,0.999947578866658,True
Case-based selection of business process modeling tools: An evaluation criteria framework,"Thomas, Oliver",Oliver,male,0.9999907881390401,True
Priority-based human resource allocation in business processes,"Cabanillas, Cristina",Cristina,female,0.9999968566271442,True
Priority-based human resource allocation in business processes,"García, José María",José,male,0.9960913709996708,True
Priority-based human resource allocation in business processes,"Resinas, Manuel",Manuel,male,0.9999796545255559,True
Priority-based human resource allocation in business processes,"Ruiz, David",David,male,0.9999952928042082,True
Priority-based human resource allocation in business processes,"Mendling, Jan",Jan,unknown,0.5504849119650672,False
Priority-based human resource allocation in business processes,"Ruiz-Cortés, Antonio",Antonio,male,0.9999433950349952,True
Towards a process patterns based approach for promoting adaptability in configurable process models,"Sbai, Hanae",Hanae,female,0.9999551736829082,True
Towards a process patterns based approach for promoting adaptability in configurable process models,"Fredj, Mounia",Mounia,female,0.9999617223402388,True
Towards a process patterns based approach for promoting adaptability in configurable process models,"Kjiri, Laila",Laila,female,0.9999984691375184,True
A BPM-based approach of human task support within life science automation,"Holzmuller-Laue, Silke",Silke,female,0.9999933347828766,True
A BPM-based approach of human task support within life science automation,"Gode, Bernd",Bernd,male,0.9998846486900214,True
A BPM-based approach of human task support within life science automation,"Thurow, Kerstin",Kerstin,female,0.9998460920259101,True
Makespan minimization in a job shop with a BPM using simulated annealing,"Rojas-Santiago, Miguel",Miguel,male,0.9999807251023727,True
Makespan minimization in a job shop with a BPM using simulated annealing,"Damodaran, Purushothaman",Purushothaman,male,0.9995412832577898,True
Makespan minimization in a job shop with a BPM using simulated annealing,"Muthuswamy, Shanthi",Shanthi,female,0.9999462962942519,True
Makespan minimization in a job shop with a BPM using simulated annealing,"Vélez-Gallego, Mario C.",Mario,male,0.9998285831560244,True
Barcelona: A design and runtime environment for declarative artifact-centric BPM,"Heath III, Fenno",Fenno,male,0.9932661205017383,True
Barcelona: A design and runtime environment for declarative artifact-centric BPM,"Boaz, David",David,male,0.9999952928042082,True
Barcelona: A design and runtime environment for declarative artifact-centric BPM,"Gupta, Manmohan",Manmohan,male,0.9997884860913749,True
Barcelona: A design and runtime environment for declarative artifact-centric BPM,"Vaculín, Roman",Roman,male,0.9999958558456321,True
Barcelona: A design and runtime environment for declarative artifact-centric BPM,"Sun, Yutian",Yutian,unknown,0.7344049874880008,False
Barcelona: A design and runtime environment for declarative artifact-centric BPM,"Hull, Richard",Richard,male,0.9999944029565571,True
Barcelona: A design and runtime environment for declarative artifact-centric BPM,"Limonad, Lior",Lior,male,0.9887692585553113,True
Deciding data object relevance for business process model abstraction,"Harzmann, Josefine",Josefine,female,0.9999677939469928,True
Deciding data object relevance for business process model abstraction,"Meyer, Andreas",Andreas,male,0.9999763395171621,True
Deciding data object relevance for business process model abstraction,"Weske, Mathias",Mathias,male,0.999948038650782,True
Controlling the evolution of product-based collaboration contracts,"Khalfallah, Malik",Malik,male,0.9997510389752112,True
Controlling the evolution of product-based collaboration contracts,"Figay, Nicolas",Nicolas,male,0.9999785911728513,True
Controlling the evolution of product-based collaboration contracts,"Barhamgi, Mahmoud",Mahmoud,male,0.9999916452287316,True
Controlling the evolution of product-based collaboration contracts,"Ghodous, Parisa",Parisa,female,0.9999898260658726,True
Towards enterprise management systems a generic and flexible information representation approach,"Lux, Andreas",Andreas,male,0.9999763395171621,True
Towards enterprise management systems a generic and flexible information representation approach,"Hess, Jörg",Jörg,male,0.9995939947892971,True
Towards enterprise management systems a generic and flexible information representation approach,"Herterich, Rudi",Rudi,male,0.9934475361226113,True
Sport and technology: The case of archery,"Bornand, Cédric",Cédric,male,0.9992999828653392,True
Sport and technology: The case of archery,"Güsewell, Angelika",Angelika,female,0.9999984946960455,True
Sport and technology: The case of archery,"Staderini, Enrico",Enrico,male,0.9996785043632522,True
Sport and technology: The case of archery,"Patra, Jagdish",Jagdish,male,0.9977470647403022,True
Accelerating collaboration in task assignment using a socially enhanced resource model,"Liu, Rong",Rong,unknown,0.7174724947670523,False
Accelerating collaboration in task assignment using a socially enhanced resource model,"Agarwal, Shivali",Shivali,female,0.9999606530976402,True
Accelerating collaboration in task assignment using a socially enhanced resource model,"Sindhgatta, Renuka R.",Renuka,female,0.9999843121099117,True
Accelerating collaboration in task assignment using a socially enhanced resource model,"Lee, Juhnyoung",Juhnyoung,unknown,0.6361421388819233,False
Dealing with uncertainty: Robust workflow navigation in the healthcare domain,"Wolf, Hannes",Hannes,male,0.9999500351801358,True
Dealing with uncertainty: Robust workflow navigation in the healthcare domain,"Herrmann, Klaus",Klaus,male,0.9999519344977958,True
Dealing with uncertainty: Robust workflow navigation in the healthcare domain,"Rothermel, Kurt",Kurt,male,0.9999499590383706,True
RFID based real-time manufacturing information perception and processing,"Song, Wei",Wei,male,0.8353828445774668,True
RFID based real-time manufacturing information perception and processing,"Li, Wenfeng",Wenfeng,male,0.9589519540698156,True
RFID based real-time manufacturing information perception and processing,"Fu, Xiuwen",Xiuwen,female,0.8888686458483782,True
RFID based real-time manufacturing information perception and processing,"Cao, Yulian",Yulian,male,0.9882552854774386,True
RFID based real-time manufacturing information perception and processing,"Yang, Lin",Lin,female,0.9884401263971199,True
CoopIS 2013 PC co-chairs message,"Eder, Johann",Johann,male,0.998553661423518,True
CoopIS 2013 PC co-chairs message,"Bellahsene, Zohra",Zohra,female,0.9999295273468682,True
CoopIS 2013 PC co-chairs message,"Khalaf, Rania Y.",Rania,female,0.9999895380905176,True
Towards understanding the instructional value of real-time continuous feedback from the use of simulation games,"Nkhoma, Mathews",Mathews,male,0.9997876102110492,True
Towards understanding the instructional value of real-time continuous feedback from the use of simulation games,"Calbeto, Jaime",Jaime,male,0.8905736761864349,True
Towards understanding the instructional value of real-time continuous feedback from the use of simulation games,"Sriratanaviriyakul, Narumon",Narumon,female,0.9828262176210254,True
Towards understanding the instructional value of real-time continuous feedback from the use of simulation games,"Win, Thu Yein",Thu,female,0.9935512112002006,True
Towards understanding the instructional value of real-time continuous feedback from the use of simulation games,"Tran, Quyen Ha",Quyen,female,0.9899070475045301,True
Towards understanding the instructional value of real-time continuous feedback from the use of simulation games,"Cao, Thanh Kim",Thanh,male,0.9801043135052536,True
Adaptive and compliant policy implementation: Creating administrative processes using Semantic Web Services and Business Rules,"Gong, Yiwei",Yiwei,male,0.5292285412566516,False
Adaptive and compliant policy implementation: Creating administrative processes using Semantic Web Services and Business Rules,"Janssen, Marijn",Marijn,unknown,0.6991258488869239,False
Towards a detective approach to process-centered resilience,"Koslowski, Thomas",Thomas,male,0.9999981017477207,True
Towards a detective approach to process-centered resilience,"Zimmermann, Christian",Christian,male,0.9993987974523811,True
Unifying multi-level business process discovered by Heuristic miner algorithm,"Chuang, Yu-Cheng",Yu,female,0.8656251027956705,True
Unifying multi-level business process discovered by Heuristic miner algorithm,"Hsu, Pingyu",Pingyu,unknown,0.5665769709683741,False
Unifying multi-level business process discovered by Heuristic miner algorithm,"Chen, Hung-Hao",Hung,male,0.9955319521423724,True
"The consideration of organizational, human and corporate cultural factors in the implementation of business process management projects social factors to prevent failure of BPM projects","Bulander, Rebecca",Rebecca,female,0.9999808188430196,True
"The consideration of organizational, human and corporate cultural factors in the implementation of business process management projects social factors to prevent failure of BPM projects","Dietel, Matthias",Matthias,male,0.9999337682187655,True
Applying big data and linked data concepts in supply chains management,"Robak, Silva",Silva,female,0.9994564646647451,True
Applying big data and linked data concepts in supply chains management,"Franczyk, Bogdan",Bogdan,male,0.9999861052531946,True
Applying big data and linked data concepts in supply chains management,"Robak, Marcin",Marcin,male,0.999854736332431,True
ACM 2013 PC co-chairs message,"Rychkova, Irina",Irina,female,0.9999964489192367,True
ACM 2013 PC co-chairs message,"Bider, Ilia",Ilia,female,0.7355633110002426,False
ACM 2013 PC co-chairs message,"Swenson, Keith",Keith,male,0.9982254263219633,True
"A2Mo and ETREOsys: Analyzing, modeling and validation of enterprise training programs","Touré, Fodé",Fodé,male,0.9972460504909827,True
"A2Mo and ETREOsys: Analyzing, modeling and validation of enterprise training programs","Selmi, Mouna",Mouna,female,0.9999847780176871,True
"A2Mo and ETREOsys: Analyzing, modeling and validation of enterprise training programs","Äimeur, Esma",Esma,female,0.9999888459081457,True
Air bearing dynamic stability on bit patterned media disks,"Li, Liping",Liping,female,0.9866624299099895,True
Air bearing dynamic stability on bit patterned media disks,"Bogy, David B.",David,male,0.9999952928042082,True
Sequence alignment adaptation for process diagnostics and delta analysis,"Esgin, Eren",Eren,male,0.9956541200375327,True
Sequence alignment adaptation for process diagnostics and delta analysis,"Karagoz, Pinar",Pinar,female,0.9997207757760891,True
Bridging the gap between social software and business process management: A research agenda: Doctoral consortium paper,"Hauder, Matheus",Matheus,male,0.9999472348210907,True
"Towards automated analysis of fads and trends in information systems research: Concept, implementation and exemplary application in the context of business process management research","Houy, Constantin",Constantin,male,0.9998452155438584,True
"Towards automated analysis of fads and trends in information systems research: Concept, implementation and exemplary application in the context of business process management research","Sainbuyan, Khulan",Khulan,female,0.9807685098677188,True
"Towards automated analysis of fads and trends in information systems research: Concept, implementation and exemplary application in the context of business process management research","Fettke, Peter",Peter,male,0.9999580684529622,True
"Towards automated analysis of fads and trends in information systems research: Concept, implementation and exemplary application in the context of business process management research","Loos, Peter",Peter,male,0.9999580684529622,True
Latest developments of WADE to support user-centric business processes,"Bergenti, Federico",Federico,male,0.999947511448034,True
Latest developments of WADE to support user-centric business processes,"Caire, Giovanni",Giovanni,male,0.999396045165578,True
Latest developments of WADE to support user-centric business processes,"Gotta, Danilo",Danilo,male,0.9997236714704757,True
A ontological collaborative framework for bussiness process integration,"Hoang, Minh Tuan Nguyen",Minh,male,0.9826455323255803,True
A ontological collaborative framework for bussiness process integration,"Nguyen, Trung Van",Trung,male,0.9998588358009136,True
A ontological collaborative framework for bussiness process integration,"Hoang, Hanh Huu",Hanh,female,0.9980197341321809,True
Towards an approach to improve business process models using risk management techniques,"Lhannaoui, Hanane",Hanane,female,0.9999518327058544,True
Towards an approach to improve business process models using risk management techniques,"Kabbaj, Mohammed Issam",Mohammed,male,0.99999732840862,True
Towards an approach to improve business process models using risk management techniques,"Bakkoury, Zohra",Zohra,female,0.9999295273468682,True
Taming diversity: A distributed ACM-based approach for cross-enterprise knowledge work,"Kurz, Matthias",Matthias,male,0.9999337682187655,True
Plug-and-play higher-order process integration,"Neubauer, Johannes",Johannes,male,0.9999887278356387,True
Plug-and-play higher-order process integration,"Steffen, Bernhard",Bernhard,male,0.9999742564512356,True
Realizing elastic processes with viePEP,"Schulte, Stefan",Stefan,male,0.9999831604184807,True
Realizing elastic processes with viePEP,"Hoenisch, Philipp",Philipp,male,0.9999372005997167,True
Realizing elastic processes with viePEP,"Venugopal, Srikumar",Srikumar,male,0.9981734282728584,True
Realizing elastic processes with viePEP,"Dustdar, Schahram",Schahram,unknown,0.7299774829155605,False
Influence analysis based expert finding model and its applications in enterprise social network,"Liu, Dong",Dong,male,0.9925219904784107,True
Influence analysis based expert finding model and its applications in enterprise social network,"Wang, Li",Li,female,0.9821247080400133,True
Influence analysis based expert finding model and its applications in enterprise social network,"Zheng, Jianhua",Jianhua,male,0.72936040403948,False
Influence analysis based expert finding model and its applications in enterprise social network,"Ning, Ke",Ke,male,0.859750987543556,True
Influence analysis based expert finding model and its applications in enterprise social network,"Zhang, Liang-Jie",Liang,male,0.9782482259488245,True
A design methodology for B2B systems case of an e-procurement system,"Bouchbout, Khoutir",Khoutir,male,0.6670352566472404,False
A design methodology for B2B systems case of an e-procurement system,"Akoka, Jacky",Jacky,male,0.9859821041924021,True
A design methodology for B2B systems case of an e-procurement system,"Alimazighi, Zaia",Zaia,female,0.9994932901027559,True
Introducing the vienna platform for elastic processes,"Schulte, Stefan",Stefan,male,0.9999831604184807,True
Introducing the vienna platform for elastic processes,"Hoenisch, Philipp",Philipp,male,0.9999372005997167,True
Introducing the vienna platform for elastic processes,"Venugopal, Srikumar",Srikumar,male,0.9981734282728584,True
Introducing the vienna platform for elastic processes,"Dustdar, Schahram",Schahram,unknown,0.7299774829155605,False
Applying BPM 2.0 in BPM implementation projects: Short paper,"Kurz, Matthias",Matthias,male,0.9999337682187655,True
Applying BPM 2.0 in BPM implementation projects: Short paper,"Scherer, Manfred",Manfred,male,0.9999883382145358,True
Applying BPM 2.0 in BPM implementation projects: Short paper,"Pößl, Angelika",Angelika,female,0.9999984946960455,True
Applying BPM 2.0 in BPM implementation projects: Short paper,"Purucker, Jörg",Jörg,male,0.9995939947892971,True
Applying BPM 2.0 in BPM implementation projects: Short paper,"Fleischmann, Albert",Albert,male,0.9999213683449588,True
Managing legal interpretation in regulatory compliance,"Boella, Guido",Guido,male,0.999905551240006,True
Managing legal interpretation in regulatory compliance,"Janssen, Marijn",Marijn,unknown,0.6991258488869239,False
Managing legal interpretation in regulatory compliance,"Hulstijn, Joris",Joris,male,0.999780103301615,True
Managing legal interpretation in regulatory compliance,"Humphreys, Llio",Llio,female,0.9938153214624298,True
Managing legal interpretation in regulatory compliance,"Van Der Torre, Leendert",Leendert,male,0.9936933147063741,True
Process socio space discovery based on semantic logs,"Sellami, Rami",Rami,male,0.991522592305844,True
Process socio space discovery based on semantic logs,"Gaaloul, Walid",Walid,male,0.9999190638369029,True
Process socio space discovery based on semantic logs,"Defude, Bruno",Bruno,male,0.9999652389475681,True
Supporting collaborative decision processes,"Vaculín, Roman",Roman,male,0.9999958558456321,True
Supporting collaborative decision processes,"Hull, Richard",Richard,male,0.9999944029565571,True
Supporting collaborative decision processes,"Vuković, Maja",Maja,female,0.9999911553938743,True
Supporting collaborative decision processes,"Heath, Terry",Terry,male,0.9860098061835473,True
Supporting collaborative decision processes,"Mills, Nathaniel",Nathaniel,male,0.999788654466561,True
Supporting collaborative decision processes,"Sun, Yutian",Yutian,unknown,0.7344049874880008,False
Using workflow management systems to improve disaster response processes,"Hofmann, Marlen",Marlen,female,0.9968160984446262,True
Using workflow management systems to improve disaster response processes,"Sackmann, Stefan",Stefan,male,0.9999831604184807,True
Using workflow management systems to improve disaster response processes,"Betke, Hans",Hans,male,0.9999270008633634,True
Adaptive case management as a process of construction of and movement in a state space,"Bider, Ilia",Ilia,female,0.7355633110002426,False
Adaptive case management as a process of construction of and movement in a state space,"Jalali, Amin",Amin,male,0.999758654462319,True
Adaptive case management as a process of construction of and movement in a state space,"Ohlsson, Jens",Jens,male,0.9999725010363429,True
Hange management of BPM-based software applications,"Bouneffa, Mourad",Mourad,male,0.9999915789809813,True
Hange management of BPM-based software applications,"Ahmad, Adeel",Adeel,male,0.9999668673643447,True
Bringing together BPM and social software,"Bögel, Stephan",Stephan,male,0.9999887311827451,True
Bringing together BPM and social software,"Stieglitz, Stefan",Stefan,male,0.9999831604184807,True
Bringing together BPM and social software,"Meske, Christian",Christian,male,0.9993987974523811,True
Towards the automatic and optimal selection of risk treatments for business processes using a constraint programming approach,"Varela-Vaca, Angel Jesus",Angel,male,0.9932384210708509,True
Towards the automatic and optimal selection of risk treatments for business processes using a constraint programming approach,"Gasca, Rafael M.",Rafael,male,0.9999801002723208,True
Investigating the success of operational business process management systems,"Poelmans, Stephan",Stephan,male,0.9999887311827451,True
Investigating the success of operational business process management systems,"Reijers, Hajo A.",Hajo,unknown,0.6060434118944652,False
Investigating the success of operational business process management systems,"Recker, Jan",Jan,unknown,0.5504849119650672,False
Dynamic flying characteristics of an air bearing slider over a disk with grooves and distribution of material properties,"Fukui, Shigehisa",Shigehisa,unknown,0.648603040468802,False
Dynamic flying characteristics of an air bearing slider over a disk with grooves and distribution of material properties,"Oono, Atsusi",Atsusi,unknown,0.6457541603400314,False
Dynamic flying characteristics of an air bearing slider over a disk with grooves and distribution of material properties,"Matsuoka, Hiroshige",Hiroshige,male,0.9936636166055555,True
Improving business process intelligence with object state transition events,"Herzberg, Nico",Nico,male,0.9970057349139636,True
Improving business process intelligence with object state transition events,"Meyer, Andreas",Andreas,male,0.9999763395171621,True
Improving business process intelligence with object state transition events,"Khovalko, Oleh",Oleh,male,0.9999135189884363,True
Improving business process intelligence with object state transition events,"Weske, Mathias",Mathias,male,0.999948038650782,True
Enriching process models for business process compliance checking in ERP environments,"Schultz, Martin",Martin,male,0.9998539477569732,True
Implementation of service oriented architecture into transmission system operator’s business environment,"Plavšić, Tomislav",Tomislav,male,0.9999800652669941,True
Implementation of service oriented architecture into transmission system operator’s business environment,"Janeš, Ivan",Ivan,male,0.9999776517681997,True
Implementation of service oriented architecture into transmission system operator’s business environment,"Bago, Marko",Marko,male,0.9997997360424177,True
Business process mining from e-commerce web logs,"Poggi, Nicolas",Nicolas,male,0.9999785911728513,True
Business process mining from e-commerce web logs,"Muthusamy, Vinod",Vinod,male,0.9998793519109005,True
Business process mining from e-commerce web logs,"Carrera, David",David,male,0.9999952928042082,True
Business process mining from e-commerce web logs,"Khalaf, Rania",Rania,female,0.9999895380905176,True
On the exploitation of process mining for security audits: The process discovery case,"Accorsi, Rafael",Rafael,male,0.9999801002723208,True
On the exploitation of process mining for security audits: The process discovery case,"Stocker, Thomas",Thomas,male,0.9999981017477207,True
On the exploitation of process mining for security audits: The process discovery case,"Müller, Günter",Günter,male,0.9910187608441391,True
Automated generation of patient-tailored electronic care pathways by translating computer-interpretable guidelines into hierarchical task networks,"González-Ferrer, Arturo",Arturo,male,0.9999804874954432,True
Automated generation of patient-tailored electronic care pathways by translating computer-interpretable guidelines into hierarchical task networks,"ten Teije, Annette",Annette,female,0.9999923000923169,True
Automated generation of patient-tailored electronic care pathways by translating computer-interpretable guidelines into hierarchical task networks,"Fdez-Olivares, Juan",Juan,male,0.9999978969254493,True
Automated generation of patient-tailored electronic care pathways by translating computer-interpretable guidelines into hierarchical task networks,"Milian, Krystyna",Krystyna,female,0.9999968864550178,True
Bayesian parameter estimation in green business process management: A case study in online-advertising,"Blask, Tobias",Tobias,male,0.9999755650213412,True
Sustainability standards and guidelines requirements for integrated management,"Hundzinski, L.N.",L.N.,unknown,0.5770982066615307,False
Sustainability standards and guidelines requirements for integrated management,"De Lima, E. Pinheiro",,unknown,0,False
Sustainability standards and guidelines requirements for integrated management,"Gouvea Da Costa, S.E.",S.E.,unknown,0.6718358240784431,False
Sustainability standards and guidelines requirements for integrated management,"Machado, C.G.",C.G.,male,0.9832650925449827,True
Sustainability standards and guidelines requirements for integrated management,"Cestari, J.M.A.P.",J.M.A.P.,unknown,0.7264651518396603,False
Sustainability standards and guidelines requirements for integrated management,"Kluska, R.A.",R.A.,male,0.9855301001336213,True
From business process models to hierarchical task network planning domains,"González-Ferrer, Arturo",Arturo,male,0.9999804874954432,True
From business process models to hierarchical task network planning domains,"Fernández-Olivares, Juan",Juan,male,0.9999978969254493,True
From business process models to hierarchical task network planning domains,"Castillo, Luis",Luis,male,0.9999544636263329,True
Design and fabrication of an InP-based arrayed waveguide grating,"Zhang, Xilin",Xilin,unknown,0.6799451153708346,False
Design and fabrication of an InP-based arrayed waveguide grating,"Zhang, Ruikang",Ruikang,male,0.9939192926,True
Design and fabrication of an InP-based arrayed waveguide grating,"Lu, Dan",Dan,male,0.9998938548042234,True
Design and fabrication of an InP-based arrayed waveguide grating,"Wang, Baojun",Baojun,male,0.9848909273978533,True
Design and fabrication of an InP-based arrayed waveguide grating,"Ji, Chen",Chen,male,0.8803324700638614,True
A framework for semantic business process management in e-Government,"Liu, Zhan",Zhan,male,0.9913827151267601,True
A framework for semantic business process management in e-Government,"Le Calvé, Anne",Anne,female,0.9999910090887604,True
A framework for semantic business process management in e-Government,"Cretton, Fabian",Fabian,male,0.99994536757258,True
A framework for semantic business process management in e-Government,"Evéquoz, Florian",Florian,male,0.9999672042878258,True
A framework for semantic business process management in e-Government,"Mugellini, Elena",Elena,female,0.9999927696536459,True
A new contract between business and business analysts,"Apine, Baiba",Baiba,female,0.9999856176538419,True
Applications integration in a hybrid cloud computing environment: modelling and platform,"Li, Qing",Qing,female,0.9896115846174542,True
Applications integration in a hybrid cloud computing environment: modelling and platform,"Wang, Ze-yuan",Ze,male,0.9837829829144116,True
Applications integration in a hybrid cloud computing environment: modelling and platform,"Li, Wei-hua",Wei,male,0.8353828445774668,True
Applications integration in a hybrid cloud computing environment: modelling and platform,"Li, Jun",Jun,male,0.9972113548054844,True
Applications integration in a hybrid cloud computing environment: modelling and platform,"Wang, Cheng",Cheng,male,0.9844419389561052,True
Applications integration in a hybrid cloud computing environment: modelling and platform,"Du, Rui-yang",Rui,male,0.993836254526766,True
Optimization of the weights and asymmetric activation function family of neural network for time series forecasting,"Gomes, Gecynalda S. Da S.",Gecynalda,unknown,0.6797576224367773,False
Optimization of the weights and asymmetric activation function family of neural network for time series forecasting,"Ludermir, Teresa B.",Teresa,female,0.9999900431826321,True
Overview of recommendation techniques in business process modeling?,"Kluza, Krzysztof",Krzysztof,male,0.9999579894277437,True
Overview of recommendation techniques in business process modeling?,"Baran, Mateusz",Mateusz,male,0.9996485042211498,True
Overview of recommendation techniques in business process modeling?,"Bobek, Szymon",Szymon,male,0.9999746965838886,True
Overview of recommendation techniques in business process modeling?,"Nalepa, Grzegorz J.",Grzegorz,male,0.9998641275902351,True
Matching process requirements to learning objectives,"Becker, Christoph",Christoph,male,0.9996583666010818,True
Matching process requirements to learning objectives,"Schuster, Thomas",Thomas,male,0.9999981017477207,True
"Business Process Security Analysis-Design Time, Run Time, Audit Time; [Sicherheitsanalysen für Geschäftsprozesse-Zeitpunkte und Möglichkeiten]","Böhr, Frank",Frank,male,0.999947578866658,True
"Business Process Security Analysis-Design Time, Run Time, Audit Time; [Sicherheitsanalysen für Geschäftsprozesse-Zeitpunkte und Möglichkeiten]","Ly, Linh Thao",Linh,female,0.9992874288422189,True
"Business Process Security Analysis-Design Time, Run Time, Audit Time; [Sicherheitsanalysen für Geschäftsprozesse-Zeitpunkte und Möglichkeiten]","Müller, Günter",Günter,male,0.9910187608441391,True
"Case study of the implementation of business process management in public administration in Germany, Switzerland and Austria","Ahrend, Norbert",Norbert,male,0.9997332944573782,True
"Case study of the implementation of business process management in public administration in Germany, Switzerland and Austria","Walser, Konrad",Konrad,male,0.9999905818871407,True
"Case study of the implementation of business process management in public administration in Germany, Switzerland and Austria","Leopold, Henrik",Henrik,male,0.9999612355431858,True
Constraint-based planning and scheduling techniques for the optimized management of business processes,"Barba, Irene",Irene,female,0.9999787388905271,True
Fast detection of exact clones in business process model repositories,"Dumas, Marlon",Marlon,male,0.9996458113945667,True
Fast detection of exact clones in business process model repositories,"García-Bañuelosa, Luciano",Luciano,male,0.9996589196440591,True
Fast detection of exact clones in business process model repositories,"La Rosa, Marcello",Marcello,male,0.9996360264682205,True
Fast detection of exact clones in business process model repositories,"Ubaa, Reina",Reina,female,0.9999970691046345,True
Innovative process engineering: A generic model of the innovation process,"Penidea, Thomas",Thomas,male,0.9999981017477207,True
Innovative process engineering: A generic model of the innovation process,"Gourc, Didier",Didier,male,0.9999610178838032,True
Innovative process engineering: A generic model of the innovation process,"Pingauda, Hervé",Hervé,male,0.9909853703451528,True
Innovative process engineering: A generic model of the innovation process,"Peillonb, Philippe",Philippe,male,0.999830316752672,True
Declarative modeling - An academic dream or the future for BPM?,"Reijers, Hajo A.",Hajo,unknown,0.6060434118944652,False
Declarative modeling - An academic dream or the future for BPM?,"Slaats, Tijs",Tijs,male,0.995979111052499,True
Declarative modeling - An academic dream or the future for BPM?,"Stahl, Christian",Christian,male,0.9993987974523811,True
Splitting GSM schemas: A framework for outsourcing of declarative artifact systems,"Eshuis, Rik",Rik,male,0.999965618838259,True
Splitting GSM schemas: A framework for outsourcing of declarative artifact systems,"Hull, Richard",Richard,male,0.9999944029565571,True
Splitting GSM schemas: A framework for outsourcing of declarative artifact systems,"Sun, Yutian",Yutian,unknown,0.7344049874880008,False
Splitting GSM schemas: A framework for outsourcing of declarative artifact systems,"Vaculín, Roman",Roman,male,0.9999958558456321,True
Research review: Investigating goal-oriented requirements engineering for business processes,"Poels, Geert",Geert,male,0.9998608924148286,True
Research review: Investigating goal-oriented requirements engineering for business processes,"Decreus, Ken",Ken,male,0.999961489624478,True
Research review: Investigating goal-oriented requirements engineering for business processes,"Roelens, Ben",Ben,male,0.9999724406238173,True
Research review: Investigating goal-oriented requirements engineering for business processes,"Snoeck, Monique",Monique,female,0.9999698902791753,True
Professional use of process mining for analyzing business processes,"Martens, Josef K.J.",Josef,male,0.9999977561192824,True
Jadex WfMS: Distributed workflow management for private clouds,"Jander, Kai",Kai,male,0.9819597256365221,True
Jadex WfMS: Distributed workflow management for private clouds,"Lamersdorf, Winfried",Winfried,male,0.9999860225464584,True
preCEP: Facilitating predictive event-driven process analytics,"Schwegmann, Bernd",Bernd,male,0.9998846486900214,True
preCEP: Facilitating predictive event-driven process analytics,"Matzner, Martin",Martin,male,0.9998539477569732,True
preCEP: Facilitating predictive event-driven process analytics,"Janiesch, Christian",Christian,male,0.9993987974523811,True
"A literature review on business process management, business process reengineering, and business process innovation","Anand, Abhijith",Abhijith,male,0.9956239367291071,True
"A literature review on business process management, business process reengineering, and business process innovation","Wamba, Samuel Fosso",Samuel,male,0.999989157902001,True
"A literature review on business process management, business process reengineering, and business process innovation","Gnanzou, Denis",Denis,male,0.9965813436278006,True
Agility based on stakeholder interaction - Blending organizational learning with interactive BPM,"Stary, Christian",Christian,male,0.9993987974523811,True
Agility based on stakeholder interaction - Blending organizational learning with interactive BPM,"Schmidt, Werner",Werner,male,0.9999697709027106,True
Agility based on stakeholder interaction - Blending organizational learning with interactive BPM,"Fleischmann, Albert",Albert,male,0.9999213683449588,True
An approach for a mutual integration of the web of things with business processes,"Ruppen, Andreas",Andreas,male,0.9999763395171621,True
An approach for a mutual integration of the web of things with business processes,"Meyer, Sonja",Sonja,female,0.999994519434546,True
Investigation of offset-launch characteristics for Two-Mode Optical Fiber using FE-BPM,"Maruyama, Ryo",Ryo,male,0.9995145758013162,True
Investigation of offset-launch characteristics for Two-Mode Optical Fiber using FE-BPM,"Kuwaki, Nobuo",Nobuo,male,0.999989930867764,True
Investigation of offset-launch characteristics for Two-Mode Optical Fiber using FE-BPM,"Matsuo, Shoichiro",Shoichiro,male,0.996735322363917,True
Investigation of offset-launch characteristics for Two-Mode Optical Fiber using FE-BPM,"Sato, Kiminori",Kiminori,male,0.9935471539763293,True
Investigation of offset-launch characteristics for Two-Mode Optical Fiber using FE-BPM,"Ohashi, Masaharu",Masaharu,male,0.9997866555275965,True
Repository-based implementation of information pyramid: A study based on an ERP case study,"Scheruhn, Hans-Jürgen",Hans,male,0.9999270008633634,True
Repository-based implementation of information pyramid: A study based on an ERP case study,"Ackermann, Daniel",Daniel,male,0.9999484956264236,True
Repository-based implementation of information pyramid: A study based on an ERP case study,"Braun, Roman",Roman,male,0.9999958558456321,True
Repository-based implementation of information pyramid: A study based on an ERP case study,"Förster, Ulrich",Ulrich,male,0.9989625930816818,True
A framework for cost-Aware process management: Generation of accurate and timely management accounting Cost Reports,"Wynn, M.T.",M.T.,male,0.9221333366252694,True
A framework for cost-Aware process management: Generation of accurate and timely management accounting Cost Reports,"Low, W.Z.",W.Z.,unknown,0.6904974680732056,False
A framework for cost-Aware process management: Generation of accurate and timely management accounting Cost Reports,"Nauta, W.",,unknown,0,False
Business Process based initial modeling at software development,"Tick, J.",,unknown,0,False
Method for Applying Process Mining to the Distribution of Non-alcoholic Beverages,"Chamorro, María",María,female,0.9998408731018508,True
Method for Applying Process Mining to the Distribution of Non-alcoholic Beverages,"Maturana, Sergio",Sergio,male,0.9999761025266936,True
Comprehensive support for creativity-intensive processes: An explanatory information system design theory,"Voigt, Matthias",Matthias,male,0.9999337682187655,True
Comprehensive support for creativity-intensive processes: An explanatory information system design theory,"Bergener, Katrin",Katrin,female,0.9998683435575434,True
Comprehensive support for creativity-intensive processes: An explanatory information system design theory,"Becker, Jörg",Jörg,male,0.9995939947892971,True
An ontological context-aware approach for a dynamic business process formulation,"Hoang, Hanh Huu",Hanh,female,0.9980197341321809,True
Automatic generation of optimized business process models from constraint-based specifications,"Barba, Irene",Irene,female,0.9999787388905271,True
Automatic generation of optimized business process models from constraint-based specifications,"Del Valle, Carmelo",Carmelo,male,0.9997529037932493,True
Automatic generation of optimized business process models from constraint-based specifications,"Weber, Barbara",Barbara,female,0.999979214602181,True
Automatic generation of optimized business process models from constraint-based specifications,"Jiménez, Andrés",Andrés,male,0.9991337707463355,True
Security and Privacy in Business Processes: A Posteriori Analysis Techniques Sicherheit und Privacy in Geschäftsprozessen: A Posteriori Analysetechniken,"Strembeck, Mark",Mark,male,0.999973238313618,True
Security and Privacy in Business Processes: A Posteriori Analysis Techniques Sicherheit und Privacy in Geschäftsprozessen: A Posteriori Analysetechniken,"Rinderle-Ma, Stefanie",Stefanie,female,0.999951936822069,True
Integrating Security Aspects into Business Process Models Integration; [Integration von Sicherheitsaspekten in Geschäftsprozessmodelle],"Brucker, Achim D.",Achim,male,0.9999018238288356,True
Generating multi-objective optimized business process enactment plans,"Jiménez-Ramírez, Andés",Andés,male,0.9843150950941436,True
Generating multi-objective optimized business process enactment plans,"Barba, Irene",Irene,female,0.9999787388905271,True
Generating multi-objective optimized business process enactment plans,"Del Valle, Carmelo",Carmelo,male,0.9997529037932493,True
Generating multi-objective optimized business process enactment plans,"Weber, Barbara",Barbara,female,0.999979214602181,True
Research on ubiquitous services in film achieve management: A case of national palace museum,"Tsai, I-Ju",I,male,0.5264890836387495,False
Research on ubiquitous services in film achieve management: A case of national palace museum,"Chiang, Johannes K.",Johannes,male,0.9999887278356387,True
Almost lossless multiple crossing of silicon wires by means of vertical coupling with a polymer strip waveguide,"Tsarev, A.",,unknown,0,False
Almost lossless multiple crossing of silicon wires by means of vertical coupling with a polymer strip waveguide,"Kolosovsky, E.",,unknown,0,False
BPM in the cloud,"Baeyens, Tom",Tom,male,0.9999802916805114,True
Business processing intelligence challenge (BPIC): Case study: Analizing volvo information with process mining,"Hevia, Jonathan",Jonathan,male,0.9999909314378428,True
Business processing intelligence challenge (BPIC): Case study: Analizing volvo information with process mining,"Saint-Pierre, Cecilia",Cecilia,female,0.9999947886932218,True
Eliciting Security Requirements from the Business Processes Using Security Risk-Oriented Patterns; [Nutzung risk-basierter Muster zur Erhebung von Sicherheitsanforderungen in Geschäftsprozessen],"Matulevičius, Raimundas",Raimundas,male,0.9990139074940197,True
Eliciting Security Requirements from the Business Processes Using Security Risk-Oriented Patterns; [Nutzung risk-basierter Muster zur Erhebung von Sicherheitsanforderungen in Geschäftsprozessen],"Ahmed, Naved",Naved,male,0.9985707103669951,True
Icebricks: Business process modeling on the basis of semantic standardization,"Becker, Jörg",Jörg,male,0.9995939947892971,True
Icebricks: Business process modeling on the basis of semantic standardization,"Clever, Nico",Nico,male,0.9970057349139636,True
Icebricks: Business process modeling on the basis of semantic standardization,"Holler, Justus",Justus,male,0.9995254274459374,True
Icebricks: Business process modeling on the basis of semantic standardization,"Shitkova, Maria",Maria,female,0.9999948398304921,True
Incident Notification Process as a Service for Electricity Supply Systems,"Xu, Lai",Lai,female,0.9803786993618021,True
Incident Notification Process as a Service for Electricity Supply Systems,"de Vrieze, Paul",Paul,male,0.999990342528266,True
Incident Notification Process as a Service for Electricity Supply Systems,"Jiang, Nan",Nan,female,0.9991138495979253,True
A software framework for risk-aware business process management,"Conforti, Raffaele",Raffaele,male,0.9994192029161726,True
A software framework for risk-aware business process management,"La Rosa, Marcello",Marcello,male,0.9996360264682205,True
A software framework for risk-aware business process management,"Ter Hofstede, Arthur H.M.",Arthur,male,0.9999849927075136,True
A software framework for risk-aware business process management,"Fortino, Giancarlo",Giancarlo,male,0.9998527053438494,True
A software framework for risk-aware business process management,"De Leoni, Massimiliano",Massimiliano,male,0.9997809476578167,True
A software framework for risk-aware business process management,"Van Der Aalst, Wil M.P.",Wil,male,0.9988491702309068,True
A software framework for risk-aware business process management,"Adams, Michael",Michael,male,0.9999876221560686,True
TxFlowGen: Generation of Failure Atomic transactional workflows for B2B applications,"Rajaram, Kanchana",Kanchana,female,0.9978187937951072,True
TxFlowGen: Generation of Failure Atomic transactional workflows for B2B applications,"Babu, Chitra",Chitra,female,0.9999340071936786,True
TxFlowGen: Generation of Failure Atomic transactional workflows for B2B applications,"Murali Krishnan, K.S.",K.S.,male,0.9842480917921799,True
Integration of business process management and rfid systems for improving patient safety in U-hospital,"Moon, Junho",Junho,male,0.9997276289575132,True
Integration of business process management and rfid systems for improving patient safety in U-hospital,"Kim, Dongsoo",Dongsoo,male,0.9997127631272084,True
Leaving the happy path: Handling exceptions in business processes,"Kurz, Matthias",Matthias,male,0.9999337682187655,True
Leaving the happy path: Handling exceptions in business processes,"Lederer, Matthias",Matthias,male,0.9999337682187655,True
Leaving the happy path: Handling exceptions in business processes,"Huber, Sebastian",Sebastian,male,0.9999469726859632,True
Making process model versions comparable by quantifying changes,"Herzberg, Nico",Nico,male,0.9970057349139636,True
Making process model versions comparable by quantifying changes,"Weske, Mathias",Mathias,male,0.999948038650782,True
Gain and refractive index guiding effects on the mode formation in the solid state laser resonators,"Javadi-Dashcasan, M.",,unknown,0,False
Gain and refractive index guiding effects on the mode formation in the solid state laser resonators,"Barati, E.",,unknown,0,False
Generic environments for knowledge management and visualization,"Catenazzi, Nadia",Nadia,female,0.9999924993899152,True
Generic environments for knowledge management and visualization,"Sommaruga, Lorenzo",Lorenzo,male,0.9998394614331225,True
Time analysis for BPMN gateways using queuing theory,"Hasan, Mahmoud",Mahmoud,male,0.9999916452287316,True
Time analysis for BPMN gateways using queuing theory,"Saheb, Mahmoud",Mahmoud,male,0.9999916452287316,True
Business rules management solutions problem space: Situational factors,"Zoet, Martijn",Martijn,male,0.9994882725708324,True
Business rules management solutions problem space: Situational factors,"Versendaal, Johan",Johan,male,0.999997087608752,True
Data management perspectives on business process management,"Hull, Richard",Richard,male,0.9999944029565571,True
Data management perspectives on business process management,"Su, Jianwen",Jianwen,male,0.8837649764597039,True
Data management perspectives on business process management,"Vaculin, Roman",Roman,male,0.9999958558456321,True
Analyzing business process architectures,"Eid-Sabbagh, Rami-Habib",Rami,male,0.991522592305844,True
Analyzing business process architectures,"Weske, Mathias",Mathias,male,0.999948038650782,True
Diagnostic information for compliance checking of temporal compliance requirements,"Ramezani Taghiabadi, Elham",Elham,female,0.9928645255632041,True
Diagnostic information for compliance checking of temporal compliance requirements,"Fahland, Dirk",Dirk,male,0.9999427916159628,True
Diagnostic information for compliance checking of temporal compliance requirements,"Van Dongen, Boudewijn F.",Boudewijn,male,0.9942319755131526,True
Diagnostic information for compliance checking of temporal compliance requirements,"Van Der Aalst, Wil M. P",Wil,male,0.9988491702309068,True
Towards the next generation intelligent BPM - In the era of big data,"Gao, Xiang",Xiang,male,0.9794549559775189,True
A dynamic approach to process design: A pattern for extending the flexibility of process models,"Kolar, Jiri",Jiri,male,0.9998761880270778,True
A dynamic approach to process design: A pattern for extending the flexibility of process models,"Dockal, Lubomir",Lubomir,male,0.9994804494667975,True
A dynamic approach to process design: A pattern for extending the flexibility of process models,"Pitner, Tomas",Tomas,male,0.999996989207828,True
An agile BPM project methodology,"Thiemich, Christian",Christian,male,0.9993987974523811,True
An agile BPM project methodology,"Puhlmann, Frank",Frank,male,0.999947578866658,True
The use of software product lines for business process management: A systematic literature review,"Santos Rocha, Roberto Dos",Roberto,male,0.9999404051490157,True
The use of software product lines for business process management: A systematic literature review,"Fantinato, Marcelo",Marcelo,male,0.9998735221664624,True
Resilience - A new research field in business information systems?,"Müller, Günter",Günter,male,0.9910187608441391,True
Resilience - A new research field in business information systems?,"Koslowski, Thomas G.",Thomas,male,0.9999981017477207,True
Resilience - A new research field in business information systems?,"Accorsi, Rafael",Rafael,male,0.9999801002723208,True
Multi-level service approach for flexible support of design processes,"Hachani, Safa",Safa,female,0.9991568014325165,True
Multi-level service approach for flexible support of design processes,"Gzara, Lilia",Lilia,female,0.9999984571012559,True
Multi-level service approach for flexible support of design processes,"Verjus, Hervé",Hervé,male,0.9909853703451528,True
Database research challenges and opportunities of big graph data,"Poulovassilis, Alexandra",Alexandra,female,0.9999520604841557,True
A visual token-based formalization of BPMN 2.0 based on in-place transformations,"Van Gorp, Pieter",Pieter,male,0.9999603817918126,True
A visual token-based formalization of BPMN 2.0 based on in-place transformations,"Dijkman, Remco",Remco,male,0.999418503534345,True
Correlation process in content analysis for a BPM modeling project,"Kluska, R.A.",R.A.,male,0.9855301001336213,True
Correlation process in content analysis for a BPM modeling project,"Pinheiro De Lima, E.",,unknown,0,False
Correlation process in content analysis for a BPM modeling project,"Gouvea Da Costa, S.E.",S.E.,male,0.6718358240784431,False
Correlation process in content analysis for a BPM modeling project,"Machado, C.G.",C.G.,male,0.9832650925449827,True
Correlation process in content analysis for a BPM modeling project,"Cestari, J.M.A.P.",J.M.A.P.,male,0.7264651518396603,False
Correlation process in content analysis for a BPM modeling project,"Hundzinski, L.N.",L.N.,female,0.5770982066615307,False
An organisational semiotics inspired information architecture: Pervasive healthcare as a case study,"Tan, Chekfoung",Chekfoung,unknown,0.5307465502001636,False
An organisational semiotics inspired information architecture: Pervasive healthcare as a case study,"Liu, Kecheng",Kecheng,male,0.97899374062559,True
Understanding process behaviours in a large insurance company in Australia: A case study,"Suriadi, Suriadi",Suriadi,male,0.9749255613519064,True
Understanding process behaviours in a large insurance company in Australia: A case study,"Wynn, Moe T.",Moe,male,0.9940126776092406,True
Understanding process behaviours in a large insurance company in Australia: A case study,"Ouyang, Chun",Chun,male,0.9816926028175558,True
Understanding process behaviours in a large insurance company in Australia: A case study,"Ter Hofstede, Arthur H. M.",Arthur,male,0.9999849927075136,True
Understanding process behaviours in a large insurance company in Australia: A case study,"Van Dijk, Nienke J.",Nienke,female,0.9996667853787168,True
Towards next generation business process model repositories-A technical perspective on loading and processing of process models,"Dietrich, Hanns-Alexander",Hanns,male,0.9970354834946082,True
Formal workflow design analytics using data flow modeling,"Sun, Sherry X.",Sherry,female,0.9999172324974834,True
Formal workflow design analytics using data flow modeling,"Zhao, J. Leon",,unknown,0,False
Semantic execution of subject-oriented process models,"Fleischmann, Albert",Albert,male,0.9999213683449588,True
Semantic execution of subject-oriented process models,"Schmidt, Werner",Werner,male,0.9999697709027106,True
Semantic execution of subject-oriented process models,"Stary, Christian",Christian,male,0.9993987974523811,True
Empirical evaluation of test driven modeling,"Zugal, Stefan",Stefan,male,0.9999831604184807,True
Empirical evaluation of test driven modeling,"Haisjackl, Cornelia",Cornelia,female,0.9999950392532043,True
Empirical evaluation of test driven modeling,"Pinggera, Jakob",Jakob,male,0.9999964001487215,True
Empirical evaluation of test driven modeling,"Weber, Barbara",Barbara,female,0.999979214602181,True
A pivotal-based approach for enterprise business process and IS integration,"Ulmer, Jean-Stéphane",Jean,female,0.6637228001271365,False
A pivotal-based approach for enterprise business process and IS integration,"Belaud, Jean-Pierre",Jean,female,0.6637228001271365,False
A pivotal-based approach for enterprise business process and IS integration,"Le Lann, Jean-Marc",Jean,female,0.6637228001271365,False
Supporting different process views through a shared process model,"Küster, Jochen",Jochen,male,0.999994958067544,True
Supporting different process views through a shared process model,"Völzer, Hagen",Hagen,male,0.9993113223299143,True
Supporting different process views through a shared process model,"Favre, Cédric",Cédric,male,0.9992999828653392,True
Supporting different process views through a shared process model,"Castelo Branco, Moises",Moises,male,0.9999729495623004,True
Supporting different process views through a shared process model,"Czarnecki, Krzysztof",Krzysztof,male,0.9999579894277437,True
Version management for business process schema evolution,"Zhao, Xiaohui",Xiaohui,female,0.8933139697047824,True
Version management for business process schema evolution,"Liu, Chengfei",Chengfei,male,0.9108119020212339,True
Evaluation of business processes for Business Process Standardization,"Zellner, Philipp",Philipp,male,0.9999372005997167,True
Evaluation of business processes for Business Process Standardization,"Laumann, Marcus",Marcus,male,0.9999591517595477,True
Incorporating structural improvement into resource allocation for business process execution planning,"Xu, Jiajie",Jiajie,male,0.926145280273948,True
Incorporating structural improvement into resource allocation for business process execution planning,"Liu, Chengfei",Chengfei,male,0.9108119020212339,True
Incorporating structural improvement into resource allocation for business process execution planning,"Zhao, Xiaohui",Xiaohui,female,0.8933139697047824,True
Incorporating structural improvement into resource allocation for business process execution planning,"Ding, Zhiming",Zhiming,male,0.983189580621429,True
An approach for extracting business vocabularies from business process models,"Skersys, Tomas",Tomas,male,0.999996989207828,True
An approach for extracting business vocabularies from business process models,"Butleris, Rimantas",Rimantas,male,0.9999780535518726,True
An approach for extracting business vocabularies from business process models,"Kapocius, Kestutis",Kestutis,male,0.9999140834994069,True
An approach for extracting business vocabularies from business process models,"Vileiniskis, Tomas",Tomas,male,0.999996989207828,True
Analyzing method of change region in BPM based on module of Petri net,"Fang, Xianwen",Xianwen,male,0.9470768352005097,True
Analyzing method of change region in BPM based on module of Petri net,"Liu, Lu",Lu,female,0.9968039766756602,True
Analyzing method of change region in BPM based on module of Petri net,"Liu, Xiangwei",Xiangwei,male,0.9661885526545338,True
Foundations of data-aware process analysis: A database theory perspective,"Calvanese, Diego",Diego,male,0.9999727834593694,True
Foundations of data-aware process analysis: A database theory perspective,"Montali, Marco",Marco,male,0.9998964214527616,True
Foundations of data-aware process analysis: A database theory perspective,"De Giacomo, Giuseppe",Giuseppe,male,0.9998656437376092,True
Facilitating Knowledge Transfer in IANES - A Transactive Memory Approach,"Neubauer, Matthias",Matthias,male,0.9999337682187655,True
Facilitating Knowledge Transfer in IANES - A Transactive Memory Approach,"Oppl, Stefan",Stefan,male,0.9999831604184807,True
Facilitating Knowledge Transfer in IANES - A Transactive Memory Approach,"Stary, Christian",Christian,male,0.9993987974523811,True
Facilitating Knowledge Transfer in IANES - A Transactive Memory Approach,"Weichhart, Georg",Georg,male,0.9999050343867972,True
The changing face of government: The trends and a solution architecture for citizen services,"Sarkar, Sandipan",Sandipan,male,0.9972628431053843,True
On the definition and design-time analysis of process performance indicators,"Del-Río-Ortega, Adela",Adela,female,0.999990800859609,True
On the definition and design-time analysis of process performance indicators,"Resinas, Manuel",Manuel,male,0.9999796545255559,True
On the definition and design-time analysis of process performance indicators,"Cabanillas, Cristina",Cristina,female,0.9999968566271442,True
On the definition and design-time analysis of process performance indicators,"Ruiz-Cortés, Antonio",Antonio,male,0.9999433950349952,True
Improving process monitoring and progress prediction with data state transition events,"Herzberg, Nico",Nico,male,0.9970057349139636,True
Improving process monitoring and progress prediction with data state transition events,"Meyer, Andreas",Andreas,male,0.9999763395171621,True
Improving the Agility of Business Processes Based on Service-Oriented Architecture,"Gholiha, Nasibeh Mohammad",Nasibeh,female,0.9979865514896524,True
Improving the Agility of Business Processes Based on Service-Oriented Architecture,"Moghaddam, Davood Karimzadgan",Davood,male,0.9998970271018016,True
Improving the Agility of Business Processes Based on Service-Oriented Architecture,"Moazzam, M.Hadi",M.Hadi,male,0.9967611615372945,True
Standardization of business process management system under enterprise container architecture,"Kim, Minsoo",Minsoo,male,0.9844713311846426,True
Standardization of business process management system under enterprise container architecture,"Kim, Hoontae",Hoontae,male,0.604941901942889,False
A Balanced Scorecard Approach to Perioperative Process Management: A Case Study Perspective,"Ryan, Jim",Jim,male,0.999978699711865,True
A Balanced Scorecard Approach to Perioperative Process Management: A Case Study Perspective,"Doster, Barbara",Barbara,female,0.999979214602181,True
A Balanced Scorecard Approach to Perioperative Process Management: A Case Study Perspective,"Daily, Sandra",Sandra,female,0.999979542732284,True
A Balanced Scorecard Approach to Perioperative Process Management: A Case Study Perspective,"Lewis, Carmen",Carmen,female,0.9959647241082684,True
"Business process security analysis - Design time, run time, audit time; [Sicherheitsanalysen für Geschäftsprozesse - Zeitpunkte und Möglichkeiten]","Böhr, Frank",Frank,male,0.999947578866658,True
"Business process security analysis - Design time, run time, audit time; [Sicherheitsanalysen für Geschäftsprozesse - Zeitpunkte und Möglichkeiten]","Ly, Linh Thao",Linh,female,0.9992874288422189,True
"Business process security analysis - Design time, run time, audit time; [Sicherheitsanalysen für Geschäftsprozesse - Zeitpunkte und Möglichkeiten]","Müller, Günter",Günter,male,0.9910187608441391,True
Smart checklists for crises management planning,"Peinel, Gertraud",Gertraud,female,0.9880788516015162,True
Smart checklists for crises management planning,"Rose, Thomas",Thomas,male,0.9999981017477207,True
Smart checklists for crises management planning,"Wollert, Alexander",Alexander,male,0.9999914495946162,True
Evidence informed layered queuing model (EI-LQM) for performance management of Enterprise Service Oriented Architecture (ESOA) applications,"Gedela, Ravi Kumar",Ravi,male,0.9998295880717626,True
Evidence informed layered queuing model (EI-LQM) for performance management of Enterprise Service Oriented Architecture (ESOA) applications,"Duyu, Fareign",Fareign,male,0.5528474266169987,False
Evidence informed layered queuing model (EI-LQM) for performance management of Enterprise Service Oriented Architecture (ESOA) applications,"Prasad, V. Kamakshi",,unknown,0,False
Methodologies for goal-oriented process performance management,"Cardoso, Evellin",Evellin,female,0.9974111652793451,True
"BPM, open source and SOA - Mission impossible?","Schöpple, Martin",Martin,male,0.9998539477569732,True
"BPM, open source and SOA - Mission impossible?","Brune, Philipp",Philipp,male,0.9999372005997167,True
"BPM, open source and SOA - Mission impossible?","Gewald, Heiko",Heiko,male,0.9998293009457082,True
Exploring it roles in business process innovation - As a driver of barrier?,"Gong, Jie",Jie,male,0.5239159993068604,False
Exploring it roles in business process innovation - As a driver of barrier?,"Møller, Charles",Charles,male,0.9999843936174916,True
The Analysis Methods About Business Process of E-Commerce Based on the Petri Net,"Hong, Ouyang",Ouyang,unknown,0.7142595774480025,False
The Analysis Methods About Business Process of E-Commerce Based on the Petri Net,"Fang, Xian-wen",Xian,male,0.7258944933623476,False
The Analysis Methods About Business Process of E-Commerce Based on the Petri Net,"Yu, Min",Min,female,0.7232168581934333,False
Actuality of bankruptcy prediction models used in decision support system,"Crǎciun, Mihaela",Mihaela,female,0.9999939716834655,True
Actuality of bankruptcy prediction models used in decision support system,"Bucerzan, Dominic",Dominic,male,0.9999608949001698,True
Actuality of bankruptcy prediction models used in decision support system,"Raţiu, Crina",Crina,female,0.9998343498254701,True
Actuality of bankruptcy prediction models used in decision support system,"Manolescu, Adriana",Adriana,female,0.9999969905972506,True
Business process management: A holistic management approach,"Karagiannis, Dimitris",Dimitris,male,0.9999193920782357,True
A platform-independent mechanism for deployment of business processes using abstract services,"Mos, Adrian",Adrian,male,0.998830188234461,True
A platform-independent mechanism for deployment of business processes using abstract services,"Jacquin, Thierry",Thierry,male,0.9986107594852149,True
Towards the Combination of BPMN Process Models with SBVR Business Vocabularies and Rules,"Mickevičiute, Egle",Egle,female,0.9999769750915722,True
Towards the Combination of BPMN Process Models with SBVR Business Vocabularies and Rules,"Butleris, Rimantas",Rimantas,male,0.9999780535518726,True
A critical analysis of business process management education and alignment with industry demand: An Australian perspective,"Mathiesen, Paul",Paul,male,0.999990342528266,True
A critical analysis of business process management education and alignment with industry demand: An Australian perspective,"Marjanovic, Olivera",Olivera,female,0.9982887231498666,True
A critical analysis of business process management education and alignment with industry demand: An Australian perspective,"Delavari, Houra",Houra,female,0.9899967223389139,True
A critical analysis of business process management education and alignment with industry demand: An Australian perspective,"Bandara, Wasana",Wasana,female,0.993626508543848,True
A methodological framework with lessons learned for introducing business process management,"Adam, Sebastian",Sebastian,male,0.9999469726859632,True
A methodological framework with lessons learned for introducing business process management,"Riegel, Norman",Norman,male,0.9999803485695304,True
A methodological framework with lessons learned for introducing business process management,"Koch, Matthias",Matthias,male,0.9999337682187655,True
Process management challenges in swedish public sector: A bottom up initiative,"Lönn, Carl-Mikael",Carl,male,0.9999252084458771,True
Process management challenges in swedish public sector: A bottom up initiative,"Uppström, Elin",Elin,female,0.9989846992205694,True
Handling concurrent changes in collaborative process model development: A change-pattern based approach,"Erol, Selim",Selim,male,0.999445949899448,True
Handling concurrent changes in collaborative process model development: A change-pattern based approach,"Neumann, Gustaf",Gustaf,male,0.9999942884633342,True
"""Mine your own business"": Using process mining to turn big data into real value","Van Der Aalst, Wil",Wil,male,0.9988491702309068,True
A novel architecture for disaster response workflow management systems,"Hofmann, Marlen",Marlen,female,0.9968160984446262,True
A novel architecture for disaster response workflow management systems,"Sackmann, Stefan",Stefan,male,0.9999831604184807,True
A novel architecture for disaster response workflow management systems,"Betke, Hans",Hans,male,0.9999270008633634,True
Unifying compliance management in adaptive environments through variability descriptors,"Koetter, Falko",Falko,male,0.9938941136601905,True
Unifying compliance management in adaptive environments through variability descriptors,"Kochanowski, Monika",Monika,female,0.999996989457821,True
Unifying compliance management in adaptive environments through variability descriptors,"Renner, Thomas",Thomas,male,0.9999981017477207,True
Unifying compliance management in adaptive environments through variability descriptors,"Fehling, Christoph",Christoph,male,0.9996583666010818,True
Unifying compliance management in adaptive environments through variability descriptors,"Leymann, Frank",Frank,male,0.999947578866658,True
A hybrid approach for business environment-aware management of service-based business processes,"Bouchaala, Olfa",Olfa,female,0.9929172824051062,True
A hybrid approach for business environment-aware management of service-based business processes,"Tata, Samir",Samir,male,0.9999472082708237,True
A hybrid approach for business environment-aware management of service-based business processes,"Jmaiel, Mohamed",Mohamed,male,0.9999971268152898,True
Applying corel to an excerpt of HIPAA: A critical discussion,"Kharbili, Marwane El",Marwane,male,0.9855668173803149,True
Requirements definition for domain-specific modelling languages: The ComVantage case,"Buchmann, Robert Andrei",Robert,male,0.9999776797436909,True
Requirements definition for domain-specific modelling languages: The ComVantage case,"Karagiannis, Dimitris",Dimitris,male,0.9999193920782357,True
Requirements definition for domain-specific modelling languages: The ComVantage case,"Visic, Niksa",Niksa,male,0.8884493652877679,True
Compliance by design for artifact-centric business processes,"Lohmann, Niels",Niels,male,0.9995159698403479,True
Determining power consumption of business processes and their activities to enable green business process reengineering,"Nowak, Alexander",Alexander,male,0.9999914495946162,True
Determining power consumption of business processes and their activities to enable green business process reengineering,"Binz, Tobias",Tobias,male,0.9999755650213412,True
Determining power consumption of business processes and their activities to enable green business process reengineering,"Leymann, Frank",Frank,male,0.999947578866658,True
Determining power consumption of business processes and their activities to enable green business process reengineering,"Urbach, Nicolas",Nicolas,male,0.9999785911728513,True
A transaction-oriented architecture for enterprise systems,"Polovina, Simon",Simon,male,0.9999853866925988,True
"Method for elicitation, documentation and validation of software user requirements (MEDoV)","Dragicevic, Srdjana",Srdjana,female,0.5734716631261091,False
"Method for elicitation, documentation and validation of software user requirements (MEDoV)","Celar, Stipe",Stipe,male,0.9848259795792571,True
Process mining in business process management: Concepts and challenges,"Saylam, Rabia",Rabia,female,0.9999851565314367,True
Process mining in business process management: Concepts and challenges,"Sahingoz, Ozgur Koray",Ozgur,male,0.9990078616451216,True
Designing for an innovative learning organization,"Swenson, Keith D.",Keith,male,0.9982254263219633,True
Extending Service Selection Algorithms with Interoperability Analysis,"Kaczmarek, Paweł",Paweł,male,0.9998790439769403,True
Ontology-based multi-objective evolutionary algorithm for deriving software services from business process model,"Soltani, Mokhtar",Mokhtar,male,0.999696698493324,True
Ontology-based multi-objective evolutionary algorithm for deriving software services from business process model,"Benslimane, Sidi Mohamed",Sidi,male,0.9936636798403392,True
Knowledge and business intelligence technologies in cross-enterprise environments for Italian advanced mechanical industry - Project presentation-,"Arigliano, Francesco",Francesco,male,0.9999449415190484,True
Knowledge and business intelligence technologies in cross-enterprise environments for Italian advanced mechanical industry - Project presentation-,"Azzini, Antonia",Antonia,female,0.9999709461144286,True
Knowledge and business intelligence technologies in cross-enterprise environments for Italian advanced mechanical industry - Project presentation-,"Braghin, Chiara",Chiara,female,0.9999918135427956,True
Knowledge and business intelligence technologies in cross-enterprise environments for Italian advanced mechanical industry - Project presentation-,"Caforio, Antonio",Antonio,male,0.9999433950349952,True
Knowledge and business intelligence technologies in cross-enterprise environments for Italian advanced mechanical industry - Project presentation-,"Ceravolo, Paolo",Paolo,male,0.9999357526976299,True
Knowledge and business intelligence technologies in cross-enterprise environments for Italian advanced mechanical industry - Project presentation-,"Damiani, Ernesto",Ernesto,male,0.9998480650905026,True
Knowledge and business intelligence technologies in cross-enterprise environments for Italian advanced mechanical industry - Project presentation-,"Savarino, Vincenzo",Vincenzo,male,0.9998085367289719,True
Knowledge and business intelligence technologies in cross-enterprise environments for Italian advanced mechanical industry - Project presentation-,"Vicari, Claudia",Claudia,female,0.9999814071022761,True
Knowledge and business intelligence technologies in cross-enterprise environments for Italian advanced mechanical industry - Project presentation-,"Zavatarelli, Francesco",Francesco,male,0.9999449415190484,True
Method for business process management system selection,"van de Westelaken, Thijs",Thijs,male,0.9998677541935831,True
Method for business process management system selection,"Terwee, Bas",Bas,male,0.993885066992612,True
Method for business process management system selection,"Ravesteyn, Pascal",Pascal,male,0.9999832927816735,True
An event processing platform for business process management,"Herzberg, Nico",Nico,male,0.9970057349139636,True
An event processing platform for business process management,"Meyer, Andreas",Andreas,male,0.9999763395171621,True
An event processing platform for business process management,"Weske, Mathias",Mathias,male,0.999948038650782,True
Developing a bpm-supportive organizational culture: On the importance of contextual factors,"Tumbas, Sanja",Sanja,female,0.9999949857921516,True
Developing a bpm-supportive organizational culture: On the importance of contextual factors,"Schmiedel, Theresa",Theresa,female,0.9999840684840471,True
Developing a bpm-supportive organizational culture: On the importance of contextual factors,"Bringmann, Martin",Martin,male,0.9998539477569732,True
Developing a bpm-supportive organizational culture: On the importance of contextual factors,"Vom Brocke, Jan",Jan,unknown,0.5504849119650672,False
Cost-aware business process management: A research Agenda,"Wynn, Moe Thandar",Moe,male,0.9940126776092406,True
Cost-aware business process management: A research Agenda,"Weerdt, Jochen De",Jochen,male,0.999994958067544,True
Cost-aware business process management: A research Agenda,"ter Hofstede, Arthur",Arthur,male,0.9999849927075136,True
Cost-aware business process management: A research Agenda,"Van der Aalst, Wil",Wil,male,0.9988491702309068,True
Cost-aware business process management: A research Agenda,"Reijers, Hajo A.",Hajo,unknown,0.6060434118944652,False
Cost-aware business process management: A research Agenda,"Adams, Michael",Michael,male,0.9999876221560686,True
Cost-aware business process management: A research Agenda,"Ouyang, Chun",Chun,male,0.9816926028175558,True
Cost-aware business process management: A research Agenda,"Rosemann, Michael",Michael,male,0.9999876221560686,True
Cost-aware business process management: A research Agenda,"Low, Wei Zhe",Wei,male,0.8353828445774668,True
Business process analysis with the higher education institution example,"Rostanski, Maciej",Maciej,male,0.9999628223151983,True
Understanding the adoption of bpm governance in brazilian public sector,"Valença, George",George,male,0.9999684085414767,True
Understanding the adoption of bpm governance in brazilian public sector,"Alves, Carina",Carina,female,0.9999987874599865,True
Understanding the adoption of bpm governance in brazilian public sector,"Santana, André",André,male,0.9937443143503205,True
Understanding the adoption of bpm governance in brazilian public sector,"Oliveira, Joyce",Joyce,female,0.9998932133443771,True
Understanding the adoption of bpm governance in brazilian public sector,"Santos, Higor",Higor,male,0.9973412791111052,True
Challenges in performance analysis in enterprise architectures,"Cardoso, Evellin Cristine Souza",Evellin,female,0.9974111652793451,True
A review of monitoring techniques for service based applications,"Saralaya, Sridevi",Sridevi,female,0.9999573684173865,True
A review of monitoring techniques for service based applications,"D'Souza, Rio",Rio,male,0.9806813284068606,True
Optimisation of BPMN business models via model checking,"Herbert, Luke T.",Luke,male,0.9995658504409994,True
Optimisation of BPMN business models via model checking,"Sharp, Robin",Robin,female,0.9831070203571547,True
Using workflow to achieve business integration,"Asher, Jimmy",Jimmy,male,0.9999086439888987,True
Investigation of offset-launch characteristics for two-mode optical fiber using FE-BPM,"Maruyama, Ryo",Ryo,male,0.9995145758013162,True
Investigation of offset-launch characteristics for two-mode optical fiber using FE-BPM,"Kuwaki, Nobuo",Nobuo,male,0.999989930867764,True
Investigation of offset-launch characteristics for two-mode optical fiber using FE-BPM,"Matsuo, Shoichiro",Shoichiro,male,0.996735322363917,True
Investigation of offset-launch characteristics for two-mode optical fiber using FE-BPM,"Sato, Kiminori",Kiminori,male,0.9935471539763293,True
Investigation of offset-launch characteristics for two-mode optical fiber using FE-BPM,"Ohashi, Masaharu",Masaharu,male,0.9997866555275965,True
Context-aware agile business process engine: Foundations and architecture,"Rychkova, Irina",Irina,female,0.9999964489192367,True
Context-aware agile business process engine: Foundations and architecture,"Kirsch-Pinheiro, Manuele",Manuele,male,0.9222359779676369,True
Context-aware agile business process engine: Foundations and architecture,"Le Grand, Bénédicte",Bénédicte,female,0.9995352805116806,True
Investigating the effects of business process orientation on organizational innovation performance,"Tang, Jing",Jing,female,0.990305236721775,True
Investigating the effects of business process orientation on organizational innovation performance,"Pee, L.G.",L.G.,male,0.9798001912690717,True
Investigating the effects of business process orientation on organizational innovation performance,"Iijima, Junichi",Junichi,male,0.9995262395130728,True
Comprehensive business process management through observation and navigation,"Schönig, Stefan",Stefan,male,0.9999831604184807,True
Comprehensive business process management through observation and navigation,"Zeising, Michael",Michael,male,0.9999876221560686,True
Comprehensive business process management through observation and navigation,"Jablonski, Stefan",Stefan,male,0.9999831604184807,True
Transforming existing procedural business processes into a constraint- based formalism,"Vermeer, Floor",Floor,unknown,0.720597137564549,False
Transforming existing procedural business processes into a constraint- based formalism,"van Grondelle, Jeroen",Jeroen,male,0.9999853996672198,True
Transforming existing procedural business processes into a constraint- based formalism,"de Haan, Eline",Eline,female,0.9999948307479468,True
Transforming existing procedural business processes into a constraint- based formalism,"Jansen, Slinger",Slinger,unknown,0.7036747195959657,False
Transforming existing procedural business processes into a constraint- based formalism,"Zoet, Martijn",Martijn,male,0.9994882725708324,True
Business process points - A proposal to measure BPM projects,"Baklizky, Maruscia",Maruscia,unknown,0.6539054009723081,False
Business process points - A proposal to measure BPM projects,"Fantinato, Marcelo",Marcelo,male,0.9998735221664624,True
Business process points - A proposal to measure BPM projects,"Thom, Lucinéia Heloisa",Lucinéia,female,0.9998055404510843,True
Business process points - A proposal to measure BPM projects,"Sun, Violeta",Violeta,female,0.9999976922501379,True
Business process points - A proposal to measure BPM projects,"Prado, Edmir Parada Vasques",Edmir,male,0.9938857316756063,True
Business process points - A proposal to measure BPM projects,"Hung, Patrick",Patrick,male,0.9999373211096793,True
CrowdSC: Building smart cities with large-scale citizen participation,"Benouaret, Karim",Karim,male,0.9982261835394265,True
CrowdSC: Building smart cities with large-scale citizen participation,"Valliyur-Ramalingam, Raman",Raman,male,0.9971136013556926,True
CrowdSC: Building smart cities with large-scale citizen participation,"Charoy, Francois",Francois,male,0.9999775911572618,True
Business process analytics using a big data approach,"Vera-Baquero, Alejandro",Alejandro,male,0.9999544410718967,True
Business process analytics using a big data approach,"Colomo-Palacios, Ricardo",Ricardo,male,0.99996029299145,True
Business process analytics using a big data approach,"Molloy, Owen",Owen,male,0.9999901641064072,True
BPM4ED: A research project for designing 21st-century schools,"Lembo, Domenico",Domenico,male,0.9999598086754721,True
BPM4ED: A research project for designing 21st-century schools,"Mecella, Massimo",Massimo,male,0.9998962669439312,True
BPM4ED: A research project for designing 21st-century schools,"Vacca, Mario",Mario,male,0.9998285831560244,True
Sixth international workshop on evolutionary business processes (EVL-BP 2013),"Asadi, Mohsen",Mohsen,male,0.9999898944899944,True
Sixth international workshop on evolutionary business processes (EVL-BP 2013),"Mohabbati, Bardia",Bardia,male,0.9947432020368018,True
Sixth international workshop on evolutionary business processes (EVL-BP 2013),"Gröner, Gerd",Gerd,male,0.8598633871655845,True
Improving Business Process Model after Reverse Engineering,"Fernández-Ropero, María",María,female,0.9998408731018508,True
Improving Business Process Model after Reverse Engineering,"Pérez-Castillo, Ricardo",Ricardo,male,0.99996029299145,True
Improving Business Process Model after Reverse Engineering,"Piattini, Mario",Mario,male,0.9998285831560244,True
Management of business processes in highly dynamic and low-structured scenarios,"Majewski, Grzegorz",Grzegorz,male,0.9998641275902351,True
Management of business processes in highly dynamic and low-structured scenarios,"Damij, Nadja",Nadja,female,0.9999948578940938,True
On the equivalence of incremental and fixpoint semantics for business artifacts with Guard-Stage-Milestone lifecycles,"Damaggio, Elio",Elio,male,0.9999283379886147,True
On the equivalence of incremental and fixpoint semantics for business artifacts with Guard-Stage-Milestone lifecycles,"Hull, Richard",Richard,male,0.9999944029565571,True
On the equivalence of incremental and fixpoint semantics for business artifacts with Guard-Stage-Milestone lifecycles,"Vaculïn, Roman",Roman,male,0.9999958558456321,True
Towards the validation of agent-based BPM simulation,"Šperka, Roman",Roman,male,0.9999958558456321,True
Towards the validation of agent-based BPM simulation,"Vymětal, Dominik",Dominik,male,0.9999341703754147,True
Towards the validation of agent-based BPM simulation,"Spišák, Marek",Marek,male,0.9999483104588682,True
An effort prediction model based on BPM measures for process automation,"Aysolmaz, Banu",Banu,female,0.9985703440438994,True
An effort prediction model based on BPM measures for process automation,"Iren, Deniz",Deniz,female,0.6114352441319968,False
An effort prediction model based on BPM measures for process automation,"Demirörs, Onur",Onur,male,0.9999756895583426,True
Towards a minimal cost of change approach for inductive reference model development,"Ardalani, Peyman",Peyman,male,0.9998496280677996,True
Towards a minimal cost of change approach for inductive reference model development,"Houy, Constantin",Constantin,male,0.9998452155438584,True
Towards a minimal cost of change approach for inductive reference model development,"Fettke, Peter",Peter,male,0.9999580684529622,True
Towards a minimal cost of change approach for inductive reference model development,"Loos, Peter",Peter,male,0.9999580684529622,True
Demonstrating the effectiveness of process improvement patterns,"Lohrmann, Matthias",Matthias,male,0.9999337682187655,True
Demonstrating the effectiveness of process improvement patterns,"Reichert, Manfred",Manfred,male,0.9999883382145358,True
Improving process robustness through domain- specific model transformations,"Mos, Adrian",Adrian,male,0.998830188234461,True
Improving process robustness through domain- specific model transformations,"Jacquin, Thierry",Thierry,male,0.9986107594852149,True
Business Process Čompliance: An Abstract Normative Framework; [Ein abstraktives normatives Rahmenwerk für Geschäftsprozess-Compliance],"Governatori, Guido",Guido,male,0.999905551240006,True
Current pitfalls of business process maturity models: A selection perspective.,"Van Looy, Amy",Amy,female,0.9999688840881918,True
A bi-directional mapping between i∗ and BPMN models in the context of business process management,"Alves, Rebeca",Rebeca,female,0.9999788358066241,True
A bi-directional mapping between i∗ and BPMN models in the context of business process management,"Silva, Carla",Carla,female,0.999996784390149,True
A bi-directional mapping between i∗ and BPMN models in the context of business process management,"Castro, Jaelson",Jaelson,male,0.9985131468448348,True
"User experience-based evaluation of open source workflow systems: The cases of Bonita, Activiti, jBPM, and Intalio","Baina, Karim",Karim,male,0.9982261835394265,True
"User experience-based evaluation of open source workflow systems: The cases of Bonita, Activiti, jBPM, and Intalio","Baina, Salah",Salah,male,0.9979862399704431,True
Extracting data objects and their states from process models,"Meyer, Andreas",Andreas,male,0.9999763395171621,True
Extracting data objects and their states from process models,"Weske, Mathias",Mathias,male,0.999948038650782,True
Continuous improvement of business processes realized by services based on execution measurement,"Delgado, Andrea",Andrea,female,0.9990642945711071,True
Continuous improvement of business processes realized by services based on execution measurement,"Weber, Barbara",Barbara,female,0.999979214602181,True
Continuous improvement of business processes realized by services based on execution measurement,"Ruiz, Francisco",Francisco,male,0.9999572464565292,True
Continuous improvement of business processes realized by services based on execution measurement,"de Guzmán, Ignacio García-Rodríguez",Ignacio,male,0.9999054231007377,True
Continuous improvement of business processes realized by services based on execution measurement,"Piattini, Mario",Mario,male,0.9998285831560244,True
A combination of business rule and modeling languages for semantic business processes modeling,"Tran, Chi P.T.",Chi,male,0.719650789537785,False
A combination of business rule and modeling languages for semantic business processes modeling,"Hoang, Hanh Huu",Hanh,female,0.9980197341321809,True
A case study on entropy generation during business process execution: A Monte Carlo simulation of the custom bikes case,"De Bruyn, Peter",Peter,male,0.9999580684529622,True
A case study on entropy generation during business process execution: A Monte Carlo simulation of the custom bikes case,"Huysmans, Philip",Philip,male,0.9999254046730869,True
A case study on entropy generation during business process execution: A Monte Carlo simulation of the custom bikes case,"Mannaert, Herwig",Herwig,male,0.9968607165061047,True
A survey of formal business process verification from soundness to variability,"Groefsema, Heerko",Heerko,male,0.9973931522427844,True
A survey of formal business process verification from soundness to variability,"Bucur, Doina",Doina,female,0.9999932470684844,True
Green business process patterns - Part II,"Nowak, Alexander",Alexander,male,0.9999914495946162,True
Green business process patterns - Part II,"Leymann, Frank",Frank,male,0.999947578866658,True
Multi-level autonomic business process management,"Oliveira, Karolyne",Karolyne,female,0.9999949559940229,True
Multi-level autonomic business process management,"Castro, Jaelson",Jaelson,male,0.9985131468448348,True
Multi-level autonomic business process management,"España, Sergio",Sergio,male,0.9999761025266936,True
Multi-level autonomic business process management,"Pastor, Oscar",Oscar,male,0.9999898920259033,True
Performance indicators and their relationship with organizational strategy a study in brazilian companies,"Gonzaga, Rosimeire Pimentel",Rosimeire,female,0.9965852214786758,True
Performance indicators and their relationship with organizational strategy a study in brazilian companies,"Da Luz, Antonio Thadeu Mattos",Antonio,male,0.9999433950349952,True
Performance indicators and their relationship with organizational strategy a study in brazilian companies,"De Araújo E Silva, Flávia",Flávia,female,0.9980152096934121,True
Performance indicators and their relationship with organizational strategy a study in brazilian companies,"De Oliveira, Marcos Paulo Valadares",Marcos,male,0.9999676793806923,True
Mission-critical business process management with WADE,"Bergenti, Federico",Federico,male,0.999947511448034,True
Mission-critical business process management with WADE,"Caire, Giovanni",Giovanni,male,0.999396045165578,True
Mission-critical business process management with WADE,"Gotta, Danilo",Danilo,male,0.9997236714704757,True
Multi-perspective business process monitoring,"Jalali, Amin",Amin,male,0.999758654462319,True
Multi-perspective business process monitoring,"Johannesson, Paul",Paul,male,0.999990342528266,True
Clustering of ERP business process fragments,"Sarno, Riyanarto",Riyanarto,unknown,0.5283243191216946,False
Clustering of ERP business process fragments,"Ginardi, Hari",Hari,male,0.9948124446761314,True
Clustering of ERP business process fragments,"Pamungkas, Endang Wahyu",Endang,female,0.9964562738773498,True
Clustering of ERP business process fragments,"Sunaryono, Dwi",Dwi,female,0.9734726418201639,True
Towards a methodology for goal-oriented enterprise management,"Cardoso, Evellin Cristine Souza",Evellin,female,0.9974111652793451,True
On risk management with information flows in business processes,"Bai, Xue",Xue,female,0.9738490518370407,True
On risk management with information flows in business processes,"Krishnan, Ramayya",Ramayya,male,0.9835480547903804,True
On risk management with information flows in business processes,"Padman, Rema",Rema,female,0.9998460846453652,True
On risk management with information flows in business processes,"Wang, Harry Jiannan",Harry,male,0.9997201104874271,True
Human-oriented challenges of Social BPM: An overview,"Pflanzl, Nicolas",Nicolas,male,0.9999785911728513,True
Human-oriented challenges of Social BPM: An overview,"Vossen, Gottfried",Gottfried,male,0.9999714706060201,True
Subject-oriented modeling and execution of multi-agent business processes,"Fleischmann, Albert",Albert,male,0.9999213683449588,True
Subject-oriented modeling and execution of multi-agent business processes,"Kannengiesser, Udo",Udo,male,0.9993990197381508,True
Subject-oriented modeling and execution of multi-agent business processes,"Schmidt, Werner",Werner,male,0.9999697709027106,True
Subject-oriented modeling and execution of multi-agent business processes,"Stary, Christian",Christian,male,0.9993987974523811,True
An ontological approach for collaborative business processes formulation with consensus methodology,"Nguyen, Trung Van",Trung,male,0.9998588358009136,True
An ontological approach for collaborative business processes formulation with consensus methodology,"Hoang, Minh T.N.",Minh,male,0.9826455323255803,True
An ontological approach for collaborative business processes formulation with consensus methodology,"Hoang, Hanh Huu",Hanh,female,0.9980197341321809,True
Towards business process models at runtime,"Johanndeiter, Thomas",Thomas,male,0.9999981017477207,True
Towards business process models at runtime,"Goldstein, Anat",Anat,female,0.9983258529362669,True
Towards business process models at runtime,"Frank, Ulrich",Ulrich,male,0.9989625930816818,True
Control patterns - Bridging the gap between is controls and BPM,"Schäfer, Thomas",Thomas,male,0.9999981017477207,True
Control patterns - Bridging the gap between is controls and BPM,"Fettke, Peter",Peter,male,0.9999580684529622,True
Control patterns - Bridging the gap between is controls and BPM,"Loos, Peter",Peter,male,0.9999580684529622,True
Towards a model-based analysis of place-related information in disaster response workflows,"Sackmann, Stefan",Stefan,male,0.9999831604184807,True
Towards a model-based analysis of place-related information in disaster response workflows,"Hofmann, Marlen",Marlen,female,0.9968160984446262,True
Towards a model-based analysis of place-related information in disaster response workflows,"Betke, Hans",Hans,male,0.9999270008633634,True
Beautiful workflows: A matter of taste?,"Van Der Aalst, Wil M. P.",Wil,male,0.9988491702309068,True
Beautiful workflows: A matter of taste?,"Westergaard, Michael",Michael,male,0.9999876221560686,True
Beautiful workflows: A matter of taste?,"Reijers, Hajo A.",Hajo,unknown,0.6060434118944652,False
MAS-BPM: Multi-agent system bomber problem model,"Elguedria, Zina",Zina,female,0.9999985916887889,True
MAS-BPM: Multi-agent system bomber problem model,"Jlifi, Boutheina",Boutheina,female,0.9998156949026085,True
MAS-BPM: Multi-agent system bomber problem model,"Ghédira, Khaled",Khaled,male,0.9999758711869559,True
An Improvement of Process Reference Model Design and Validation Using Business Process Management,"Mangin, Olivier",Olivier,male,0.9998287181379905,True
An Improvement of Process Reference Model Design and Validation Using Business Process Management,"Mayer, Nicolas",Nicolas,male,0.9999785911728513,True
An Improvement of Process Reference Model Design and Validation Using Business Process Management,"Barafort, Béatrix",Béatrix,female,0.9908206389261162,True
An Improvement of Process Reference Model Design and Validation Using Business Process Management,"Heymans, Patrick",Patrick,male,0.9999373211096793,True
An Improvement of Process Reference Model Design and Validation Using Business Process Management,"Dubois, Eric",Eric,male,0.9999798907567824,True
Combination of Process Mining and Simulation Techniques for Business Process Redesign: A Methodological Approach,"Aguirre, Santiago",Santiago,male,0.9999155344399705,True
Combination of Process Mining and Simulation Techniques for Business Process Redesign: A Methodological Approach,"Parra, Carlos",Carlos,male,0.9999630239120895,True
Combination of Process Mining and Simulation Techniques for Business Process Redesign: A Methodological Approach,"Alvarado, Jorge",Jorge,male,0.9999507614101812,True
Visual simulation for the BPM-based process automation,"Holzmüller-Laue, Silke",Silke,female,0.9999933347828766,True
Visual simulation for the BPM-based process automation,"Schubert, Paul",Paul,male,0.999990342528266,True
Visual simulation for the BPM-based process automation,"Göde, Bernd",Bernd,male,0.9998846486900214,True
Visual simulation for the BPM-based process automation,"Thurow, Kerstin",Kerstin,female,0.9998460920259101,True
Motivating course concept: Using active labs for bpm education,"Caporale, Timm",Timm,male,0.9998394559952749,True
Motivating course concept: Using active labs for bpm education,"Citak, Murat",Murat,male,0.9999117439328301,True
Motivating course concept: Using active labs for bpm education,"Lehner, Jonas",Jonas,male,0.9999883877686782,True
Motivating course concept: Using active labs for bpm education,"Oberweis, Andreas",Andreas,male,0.9999763395171621,True
Motivating course concept: Using active labs for bpm education,"Schoknecht, Andreas",Andreas,male,0.9999763395171621,True
Motivating course concept: Using active labs for bpm education,"Ullrich, Meike",Meike,female,0.9999904352807103,True
Towards connecting online interfacing and internal core business processes,"Zhao, Xiaohui",Xiaohui,female,0.8933139697047824,True
Towards connecting online interfacing and internal core business processes,"Campbell, John",John,male,0.9999985032120171,True
Privacy Analysis of User Behavior Using Alignments; [Datenschutzanalyse von Nutzerverhalten mittels Alignments],"Adriansyah, Arya",Arya,unknown,0.5728500410910068,False
Privacy Analysis of User Behavior Using Alignments; [Datenschutzanalyse von Nutzerverhalten mittels Alignments],"Van Dongen, Boudewijn F.",Boudewijn,male,0.9942319755131526,True
Privacy Analysis of User Behavior Using Alignments; [Datenschutzanalyse von Nutzerverhalten mittels Alignments],"Zannone, Nicola",Nicola,female,0.8823364596903346,True
Exploring location-aware process management,"Zhu, Xinwei",Xinwei,male,0.73585446057119,False
Exploring location-aware process management,"Zhu, Guobin",Guobin,male,0.982408136861994,True
Exploring location-aware process management,"Guan, Peichao",Peichao,unknown,0.698004665773778,False
Green Activity Based Management (ABM) for organisations,"Wesumperuma, Ashini",Ashini,female,0.9996366079387289,True
Green Activity Based Management (ABM) for organisations,"Ginige, Athula",Athula,male,0.9937786342716433,True
Green Activity Based Management (ABM) for organisations,"Ginige, Jeewani Anupama",Jeewani,female,0.9968668131089496,True
Green Activity Based Management (ABM) for organisations,"Hol, Ana",Ana,female,0.9999965937600829,True
Auction-based crowdsourcing supporting skill management,"Satzger, Benjamin",Benjamin,male,0.9999526772956454,True
Auction-based crowdsourcing supporting skill management,"Psaier, Harald",Harald,male,0.9999263057035207,True
Auction-based crowdsourcing supporting skill management,"Schall, Daniel",Daniel,male,0.9999484956264236,True
Auction-based crowdsourcing supporting skill management,"Dustdara, Schahram",Schahram,unknown,0.7299774829155605,False
Building damage and business continuity management in the event of natural hazards: Case study of the 2004 tsunami in Sri Lanka,"Parape, Chandana Dinesh",Chandana,female,0.995122221942232,True
Building damage and business continuity management in the event of natural hazards: Case study of the 2004 tsunami in Sri Lanka,"Premachandra, Chinthaka",Chinthaka,male,0.9846218549701665,True
Building damage and business continuity management in the event of natural hazards: Case study of the 2004 tsunami in Sri Lanka,"Tamura, Masayuki",Masayuki,male,0.9993456355479171,True
Building damage and business continuity management in the event of natural hazards: Case study of the 2004 tsunami in Sri Lanka,"Bari, A.",,unknown,0,False
Building damage and business continuity management in the event of natural hazards: Case study of the 2004 tsunami in Sri Lanka,"Disanayake, Ranjith",Ranjith,male,0.9993189873530537,True
Building damage and business continuity management in the event of natural hazards: Case study of the 2004 tsunami in Sri Lanka,"Welikanna, Duminda",Duminda,male,0.9807056089859328,True
Building damage and business continuity management in the event of natural hazards: Case study of the 2004 tsunami in Sri Lanka,"Jin, Shengye",Shengye,unknown,0.5652197386130919,False
Building damage and business continuity management in the event of natural hazards: Case study of the 2004 tsunami in Sri Lanka,"Sugiura, Masami",Masami,male,0.9843641737605118,True
Ontology-based compliance checking on higher education processes,"Ternai, Katalin",Katalin,female,0.999942475190427,True
Ontology-based compliance checking on higher education processes,"Szabó, Ildikó",Ildikó,female,0.9952623941029717,True
Ontology-based compliance checking on higher education processes,"Varga, Krisztián",Krisztián,male,0.9973767416511681,True
The method of emergency rescue program generation in civil aviation airport of china,"Hong, Wang",Wang,male,0.9203221744198354,True
The method of emergency rescue program generation in civil aviation airport of china,"Wen-Tao, Zhou",Zhou,unknown,0.6225996793365556,False
The method of emergency rescue program generation in civil aviation airport of china,"Jing, Wang",Wang,male,0.9203221744198354,True
InBOX: Your future mail box,"Mahtemu, Gashaye",Gashaye,female,0.533771421934971,False
InBOX: Your future mail box,"Mudgal, Jahnvi",Jahnvi,female,0.9998068291097794,True
InBOX: Your future mail box,"Parvathy, V.R.",V.R.,male,0.9881748166709506,True
InBOX: Your future mail box,"Bhakat, Rajib",Rajib,male,0.9999626415120703,True
InBOX: Your future mail box,"Sri Harsha Andukuri, V.S.S.S.",V.S.S.S.,unknown,0.6439387922224987,False
A theoretical basis for using virtual worlds as a personalised process visualisation approach,"Guo, Hanwen",Hanwen,male,0.9755916572486398,True
A theoretical basis for using virtual worlds as a personalised process visualisation approach,"Brown, Ross",Ross,male,0.9999412678480439,True
A theoretical basis for using virtual worlds as a personalised process visualisation approach,"Rasmussen, Rune",Rune,male,0.9977062054075454,True
Qualitative assessment of business processes,"Hrzek, Viktoria",Viktoria,female,0.9999831908192969,True
Qualitative assessment of business processes,"Macke, Nils",Nils,male,0.999609305827729,True
Qualitative assessment of business processes,"Lükens, Enno",Enno,male,0.9939686109101001,True
Flexibilization of service processes: Toward an economic optimization model,"Neuhuber, Lydia",Lydia,female,0.9999927472229567,True
Flexibilization of service processes: Toward an economic optimization model,"Krause, Felix",Felix,male,0.9998848338420872,True
Flexibilization of service processes: Toward an economic optimization model,"Roeglinger, Maximilian",Maximilian,male,0.9998238213451786,True
Activity-based costing for S-BPM,"Zehbold, Cornelia",Cornelia,female,0.9999950392532043,True
Activity-based costing for S-BPM,"Schmidt, Werner",Werner,male,0.9999697709027106,True
Activity-based costing for S-BPM,"Fleischmann, Albert",Albert,male,0.9999213683449588,True
Using qualitative research methods in the subject-oriented business process analysis: The voice of the community in a social media driven open innovation management process in the financial service industry,"Hirsch, Jürgen",Jürgen,male,0.9977530655334812,True
Using qualitative research methods in the subject-oriented business process analysis: The voice of the community in a social media driven open innovation management process in the financial service industry,"Greiner, Torsten",Torsten,male,0.9999610168684233,True
When social media meet the enterprise,"Graupner, Sven",Sven,male,0.9999829597136491,True
When social media meet the enterprise,"Bartolini, Claudio",Claudio,male,0.9999607633184376,True
When social media meet the enterprise,"Motahari, Hamid",Hamid,male,0.9999253565264725,True
When social media meet the enterprise,"Mirylenka, Daniil",Daniil,male,0.9997340398779205,True
A distributed service oriented infrastructure for business process management in virtual organizations,"Danesh, Mohammad H.",Mohammad,male,0.9999978931239886,True
A distributed service oriented infrastructure for business process management in virtual organizations,"Raahemi, Bijan",Bijan,male,0.9991450761129368,True
A distributed service oriented infrastructure for business process management in virtual organizations,"Kamali, S.M.Amin",S.M.Amin,male,0.6748826107675746,False
A distributed service oriented infrastructure for business process management in virtual organizations,"Richards, Greg",Greg,male,0.9999768599114633,True
Mapping PASS graphs to Petri-Nets: Possibilities and limits for converting PASS graphs to Petri-Nets,"Elstermann, Matthes",Matthes,unknown,0.6764015388629641,False
Ontology-based exception handling for semantic business process execution,"Zhao, Kai",Kai,male,0.9819597256365221,True
Ontology-based exception handling for semantic business process execution,"Zhang, Linlin",Linlin,female,0.9938729656520001,True
Ontology-based exception handling for semantic business process execution,"Ying, Shi",Shi,female,0.820710424060958,True
Understanding the transformation process success factors in enterprise system implementations: An IT professional's perspective,"Mathrani, Sanjay",Sanjay,male,0.9999101327503482,True
Understanding the transformation process success factors in enterprise system implementations: An IT professional's perspective,"Mathrani, Anuradha",Anuradha,female,0.9999896689214016,True
A security pattern-driven approach toward the automation of risk treatment in business processes,"Varela-Vaca, Angel Jesus",Angel,male,0.9932384210708509,True
A security pattern-driven approach toward the automation of risk treatment in business processes,"Warschofsky, Robert",Robert,male,0.9999776797436909,True
A security pattern-driven approach toward the automation of risk treatment in business processes,"Gasca, Rafael M.",Rafael,male,0.9999801002723208,True
A security pattern-driven approach toward the automation of risk treatment in business processes,"Pozo, Sergio",Sergio,male,0.9999761025266936,True
A security pattern-driven approach toward the automation of risk treatment in business processes,"Meinel, Christoph",Christoph,male,0.9996583666010818,True
A model-driven approach for event-based business process monitoring,"Koetter, Falko",Falko,male,0.9938941136601905,True
A model-driven approach for event-based business process monitoring,"Kochanowski, Monika",Monika,female,0.999996989457821,True
Conceptual model of multi-agent business collaboration based on cloud workflow,"Gao, Xinqin",Xinqin,female,0.950892960817292,True
Conceptual model of multi-agent business collaboration based on cloud workflow,"Yang, Mingshun",Mingshun,male,0.9767064366236333,True
Conceptual model of multi-agent business collaboration based on cloud workflow,"Liu, Yong",Yong,male,0.9844618295633396,True
Conceptual model of multi-agent business collaboration based on cloud workflow,"Hou, Xiaoli",Xiaoli,female,0.9977966069213864,True
Model-based integration of clinical practice guidelines in clinical pathways,"Heiden, Katja",Katja,female,0.9999975278579903,True
"Innovation processes - Reference model, collaboration via innovative zone and integration into enterprise environment","Zolotová, Iveta",Iveta,female,0.9999974999911918,True
"Innovation processes - Reference model, collaboration via innovative zone and integration into enterprise environment","Kubičko, Peter",Peter,male,0.9999580684529622,True
"Innovation processes - Reference model, collaboration via innovative zone and integration into enterprise environment","Landryová, Lenka",Lenka,female,0.999997922631258,True
"Innovation processes - Reference model, collaboration via innovative zone and integration into enterprise environment","Hošák, Rastislav",Rastislav,male,0.9991924875385426,True
Interoperability constraints in service selection algorithms,"Kaczmarek, Paweł L.",Paweł,male,0.9998790439769403,True
Towards a non-workflow theory of business processes,"Bider, Ilia",Ilia,female,0.7355633110002426,False
Subject-orientation for human-centred production: A research agenda,"Kannengiesser, Udo",Udo,male,0.9993990197381508,True
Subject-orientation for human-centred production: A research agenda,"Müller, Harald",Harald,male,0.9999263057035207,True
Exploring workaround situations in business processes,"Outmazgin, Nesi",Nesi,female,0.9839618899468886,True
The dynamics of a BPM implementation: A mixed method study on implementation effectiveness and system success,"De Waal, Benny M. E.",Benny,male,0.994954103833834,True
The dynamics of a BPM implementation: A mixed method study on implementation effectiveness and system success,"Batenburg, Ronald",Ronald,male,0.9999832565645149,True
Personalized and adaptive access to services-the semantic web services approach,"Paralič, Marek",Marek,male,0.9999483104588682,True
Personalized and adaptive access to services-the semantic web services approach,"Bednár, Peter",Peter,male,0.9999580684529622,True
Personalized and adaptive access to services-the semantic web services approach,"Paralič, Ján",Ján,male,0.9994214113900871,True
Modeling wizard for confidential business processes,"Lehmann, Andreas",Andreas,male,0.9999763395171621,True
Modeling wizard for confidential business processes,"Lohmann, Niels",Niels,male,0.9995159698403479,True
Understanding the costs of business process management technology,"Mutschler, Bela",Bela,female,0.9847875101573145,True
Understanding the costs of business process management technology,"Reichert, Manfred",Manfred,male,0.9999883382145358,True
Planning for the unexpected: Exception handling and BPM,"Kurz, Matthias",Matthias,male,0.9999337682187655,True
Planning for the unexpected: Exception handling and BPM,"Fleischmann, Albert",Albert,male,0.9999213683449588,True
Planning for the unexpected: Exception handling and BPM,"Lederer, Matthias",Matthias,male,0.9999337682187655,True
Planning for the unexpected: Exception handling and BPM,"Huber, Sebastian",Sebastian,male,0.9999469726859632,True
A pattern-based approach for the verification of business process descriptions,"Patig, Susanne",Susanne,female,0.9999892357121019,True
A pattern-based approach for the verification of business process descriptions,"Stolz, Manuela",Manuela,female,0.9999958998017804,True
Do workflow-based systems satisfy the demands of the Agile enterprise of the future?,"Bider, Ilia",Ilia,female,0.7355633110002426,False
Do workflow-based systems satisfy the demands of the Agile enterprise of the future?,"Johannesson, Paul",Paul,male,0.999990342528266,True
Do workflow-based systems satisfy the demands of the Agile enterprise of the future?,"Perjons, Erik",Erik,male,0.9999606177313712,True
Business process modeling: Evolution of the concept in a university context,"Espinosa, Yuliet",Yuliet,female,0.999957521985934,True
Business process modeling: Evolution of the concept in a university context,"López, Carlos Ramón",Carlos,male,0.9999630239120895,True
Recognizing valid artifacts in business processes,"He, Qi",Qi,unknown,0.7168904722752344,False
A social framework to underpin collective awareness in BPM,"Gonçalves, Nuno Pina",Nuno,male,0.9999005263364984,True
A social framework to underpin collective awareness in BPM,"Salazar, Sérgio",Sérgio,male,0.9989384818665544,True
A social framework to underpin collective awareness in BPM,"Cascão, Francisco",Francisco,male,0.9999572464565292,True
A social framework to underpin collective awareness in BPM,"Pereira, José António S.",José,male,0.9960913709996708,True
Enabling a SAP ERP based standard software solution for BPM,"Götzfried, Michael",Michael,male,0.9999876221560686,True
Enabling a SAP ERP based standard software solution for BPM,"Guppenberger, Michael",Michael,male,0.9999876221560686,True
Enabling a SAP ERP based standard software solution for BPM,"Reiter, Maximilian",Maximilian,male,0.9998238213451786,True
Enabling a SAP ERP based standard software solution for BPM,"Plechinger, Frank",Frank,male,0.999947578866658,True
Evaluating social tagging for business process models,"Laue, Ralf",Ralf,male,0.9999738177966511,True
Evaluating social tagging for business process models,"Becker, Michael",Michael,male,0.9999876221560686,True
Usage of SOA and BPM changes the roles and the way of thinking in development,"Selmeci, A.",,unknown,0,False
Usage of SOA and BPM changes the roles and the way of thinking in development,"Orosz, T.",,unknown,0,False
A meta-model and a web based editor for the subject-phase matrix,"Handy, Barbara",Barbara,female,0.999979214602181,True
A meta-model and a web based editor for the subject-phase matrix,"Dirndorfer, Max",Max,male,0.9999943791406495,True
A meta-model and a web based editor for the subject-phase matrix,"Schneeberger, Josef",Josef,male,0.9999977561192824,True
A meta-model and a web based editor for the subject-phase matrix,"Fischer, Herbert",Herbert,male,0.9998681607262365,True
Engineering a state monitoring service for real-time patient flow management,"Baarah, Aladdin",Aladdin,male,0.9999274940291942,True
Engineering a state monitoring service for real-time patient flow management,"Peyton, Liam",Liam,male,0.9998655862005859,True
Achieve agile enterprise system through collaboration with BPMS,"Wang, Qinhua",Qinhua,female,0.6146429335910073,False
Achieve agile enterprise system through collaboration with BPMS,"Ren, Changrui",Changrui,male,0.9813918550272961,True
Achieve agile enterprise system through collaboration with BPMS,"Chen, Feng",Feng,male,0.9830753668861625,True
Method for modeling and validation of cross enterprise services composition,"Chen, Feng",Feng,male,0.9830753668861625,True
Method for modeling and validation of cross enterprise services composition,"Ren, Changrui",Changrui,male,0.9813918550272961,True
Method for modeling and validation of cross enterprise services composition,"Wang, Qinhua",Qinhua,female,0.6146429335910073,False
Method for modeling and validation of cross enterprise services composition,"Li, Jinfeng",Jinfeng,male,0.5636730448150306,False
Modelling SBR cycle management and optimization using events and workflows,"Sottara, D.",,unknown,0,False
Modelling SBR cycle management and optimization using events and workflows,"Mello, P.",,unknown,0,False
Modelling SBR cycle management and optimization using events and workflows,"Morlini, G.",,unknown,0,False
Modelling SBR cycle management and optimization using events and workflows,"Malaguti, F.",,unknown,0,False
Modelling SBR cycle management and optimization using events and workflows,"Luccarini, L.",,unknown,0,False
Archival analysis of Enterprise Resource Planning Systems: The current state and future directions,"Eden, Rebekah",Rebekah,female,0.999635451787684,True
Archival analysis of Enterprise Resource Planning Systems: The current state and future directions,"Sedera, Darshana D.",Darshana,female,0.9999731520515391,True
Archival analysis of Enterprise Resource Planning Systems: The current state and future directions,"Tan, Felix Ter Chian",Felix,male,0.9998848338420872,True
Implementing green business processes: The importance of functional affordances of information systems,"Seidel, Stefan",Stefan,male,0.9999831604184807,True
Implementing green business processes: The importance of functional affordances of information systems,"Recker, Jan",Jan,unknown,0.5504849119650672,False
Modeling of a-posteriori access control in business processes,"Aroua, Mohamed Karim",Mohamed,male,0.9999971268152898,True
Modeling of a-posteriori access control in business processes,"Zouari, Beihassen",Beihassen,unknown,0.6870059843011157,False
Managing complexity in adaptive case management,"Huber, Sebastian",Sebastian,male,0.9999469726859632,True
Managing complexity in adaptive case management,"Hauptmann, Adrian",Adrian,male,0.998830188234461,True
Managing complexity in adaptive case management,"Lederer, Matthias",Matthias,male,0.9999337682187655,True
Managing complexity in adaptive case management,"Kurz, Matthias",Matthias,male,0.9999337682187655,True
A generic business artifacts based authorization framework for cross-enterprise collaboration,"Limonad, Lior",Lior,male,0.9887692585553113,True
A generic business artifacts based authorization framework for cross-enterprise collaboration,"Boaz, David",David,male,0.9999952928042082,True
A generic business artifacts based authorization framework for cross-enterprise collaboration,"Hull, Richard",Richard,male,0.9999944029565571,True
A generic business artifacts based authorization framework for cross-enterprise collaboration,"Vaculin, Roman",Roman,male,0.9999958558456321,True
A generic business artifacts based authorization framework for cross-enterprise collaboration,"Heath, Fenno",Fenno,male,0.9932661205017383,True
Application and simplification of BPM techniques for personal process management,"Brambilla, Marco",Marco,male,0.9998964214527616,True
A knowledge-based approach to the configuration of business process model abstractions,"Mafazi, Shamila",Shamila,female,0.9999965581350782,True
A knowledge-based approach to the configuration of business process model abstractions,"Mayer, Wolfgang",Wolfgang,male,0.9998326674032032,True
A knowledge-based approach to the configuration of business process model abstractions,"Grossmann, Georg",Georg,male,0.9999050343867972,True
A knowledge-based approach to the configuration of business process model abstractions,"Stumptner, Markus",Markus,male,0.9999735872978276,True
Intuitive comprehensibility of process models,"Weitlaner, Doris",Doris,female,0.9995743114631943,True
Intuitive comprehensibility of process models,"Guettinger, Annemarie",Annemarie,female,0.9999848725011742,True
Intuitive comprehensibility of process models,"Kohlbacher, Markus",Markus,male,0.9999735872978276,True
Business process orientation: An empirical study of its impact on employees' innovativeness,"Tang, Jing",Jing,female,0.990305236721775,True
Business process orientation: An empirical study of its impact on employees' innovativeness,"Pee, L.G.",L.G.,male,0.9798001912690717,True
Business process orientation: An empirical study of its impact on employees' innovativeness,"Iijima, Junichi",Junichi,male,0.9995262395130728,True
Evaluating and Selecting the Key Performance Measures for Business Process Management Using a Neighborhood Rough Set Methodology,"Hu, Lijie",Lijie,female,0.9790060744846031,True
Evaluating and Selecting the Key Performance Measures for Business Process Management Using a Neighborhood Rough Set Methodology,"Bai, Chunguang",Chunguang,male,0.9083463479836462,True
Evaluating and Selecting the Key Performance Measures for Business Process Management Using a Neighborhood Rough Set Methodology,"Gershon, Mark",Mark,male,0.999973238313618,True
Evaluating and Selecting the Key Performance Measures for Business Process Management Using a Neighborhood Rough Set Methodology,"Zhou, Changjun",Changjun,male,0.9836789039842555,True
Looking for a fit for purpose: Business process maturity models from a user's perspective,"Van Looy, Amy",Amy,female,0.9999688840881918,True
Mobile agents for integrating cloud-based business processes with on-premises systems and devices,"Mislevics, Antons",Antons,male,0.9952864061199883,True
Mobile agents for integrating cloud-based business processes with on-premises systems and devices,"Grundspenkis, Janis",Janis,female,0.9996407283595674,True
Integration of dynamic role resolution within the S-BPM approach,"Lawall, Alexander",Alexander,male,0.9999914495946162,True
Integration of dynamic role resolution within the S-BPM approach,"Schaller, Thomas",Thomas,male,0.9999981017477207,True
Integration of dynamic role resolution within the S-BPM approach,"Reichelt, Dominik",Dominik,male,0.9999341703754147,True
Planning business process management implementation by a human resources development support initiative,"Olariu, Cristian",Cristian,male,0.9999351973500834,True
Planning business process management implementation by a human resources development support initiative,"Canda, Alexandru",Alexandru,male,0.9999285156544486,True
Planning business process management implementation by a human resources development support initiative,"Draghici, Anca",Anca,female,0.9999475242567216,True
Planning business process management implementation by a human resources development support initiative,"Rozman, Tomislav",Tomislav,male,0.9999800652669941,True
Virtual learning environments versus virtual learning process environments,"Adesina, Ayodeji",Ayodeji,male,0.9913915706269608,True
Virtual learning environments versus virtual learning process environments,"Molloy, Derek",Derek,male,0.9999720082596188,True
Understanding business process quality,"Lohrmann, Matthias",Matthias,male,0.9999337682187655,True
Understanding business process quality,"Reichert, Manfred",Manfred,male,0.9999883382145358,True
BusIness process modeling Pluralized,"Turetken, Oktay",Oktay,male,0.9999202279726761,True
BusIness process modeling Pluralized,"Demirors, Onur",Onur,male,0.9999756895583426,True
Modeling business processes for PLM services integration in PLM system,"Hossain, Syed Akhter",Syed,male,0.9999781471136275,True
Modeling business processes for PLM services integration in PLM system,"Kadiri, Soumaya El",Soumaya,female,0.9999923926235169,True
Modeling business processes for PLM services integration in PLM system,"Bouras, Abdelaziz",Abdelaziz,male,0.9999374913519348,True
Supervisory control for business process management systems,"Aroua, Mohamed Karim",Mohamed,male,0.9999971268152898,True
Supervisory control for business process management systems,"Zouari, Belhassen",Belhassen,male,0.9984704118379608,True
A qualitative research perspective on BPM adoption and the pitfalls of business process modeling,"Malinova, Monika",Monika,female,0.999996989457821,True
A qualitative research perspective on BPM adoption and the pitfalls of business process modeling,"Mendling, Jan",Jan,unknown,0.5504849119650672,False
MANA: Identifying and mining unstructured business processes,"Esposito, Pedro M.",Pedro,male,0.9999821167297533,True
MANA: Identifying and mining unstructured business processes,"Vaz, Marco A. A.",Marco,male,0.9998964214527616,True
MANA: Identifying and mining unstructured business processes,"Rodrigues, Sérgio A.",Sérgio,male,0.9989384818665544,True
MANA: Identifying and mining unstructured business processes,"De Souza, Jano M.",Jano,male,0.9822468409987096,True
Analysis and documentation of knowledge-intensive processes,"Scheithauer, Gregor",Gregor,male,0.9999917847917771,True
Analysis and documentation of knowledge-intensive processes,"Hellmann, Sven",Sven,male,0.9999829597136491,True
Nondeterministic events in business processes,"Fleischmann, Albert",Albert,male,0.9999213683449588,True
Nondeterministic events in business processes,"Schmidt, Werner",Werner,male,0.9999697709027106,True
Nondeterministic events in business processes,"Stary, Christian",Christian,male,0.9993987974523811,True
Nondeterministic events in business processes,"Strecker, Florian",Florian,male,0.9999672042878258,True
On multi-objective optimization aided visualization of graphs related to business process diagrams,"Jančauskas, Vytautas",Vytautas,male,0.9999180995837659,True
On multi-objective optimization aided visualization of graphs related to business process diagrams,"Kaukas, Giedrius",Giedrius,male,0.9980385342549003,True
On multi-objective optimization aided visualization of graphs related to business process diagrams,"Žilinskas, Antanas",Antanas,male,0.9962816933642508,True
On multi-objective optimization aided visualization of graphs related to business process diagrams,"Žilinskas, Julius",Julius,male,0.9999231781568044,True
Towards an ontology-driven framework for workflow analysis,"Hlomani, Hlomani",Hlomani,male,0.9743713020863831,True
Towards an ontology-driven framework for workflow analysis,"Stacey, Deborah Ann",Deborah,female,0.9992934188934005,True
Social networking sites as business tool: A study of user behavior,"Constantinides, Efthymios",Efthymios,male,0.9971179066273343,True
Social networking sites as business tool: A study of user behavior,"Lorenzo-Romero, Carlota",Carlota,female,0.9999978157056797,True
Social networking sites as business tool: A study of user behavior,"Alarcón-Del-Amo, María-Dsel-Carmen",María,female,0.9998408731018508,True
Process-oriented information logistics: Aligning enterprise information with business processes,"Michelberger, Bernd",Bernd,male,0.9998846486900214,True
Process-oriented information logistics: Aligning enterprise information with business processes,"Mutschler, Bela",Bela,female,0.9847875101573145,True
Process-oriented information logistics: Aligning enterprise information with business processes,"Reichert, Manfred",Manfred,male,0.9999883382145358,True
A new metric to estimate project development time: Process points,"Viegas, Charles Felipe Oliveira",Charles,male,0.9999843936174916,True
A new metric to estimate project development time: Process points,"De Toledo, Maria Beatriz Felgar",Maria,female,0.9999948398304921,True
The use of web 2.0 technology for business process,"Gaona, Aura Beatriz Alvarado",Aura,female,0.9999487908777539,True
The use of web 2.0 technology for business process,"Aguilar, Luis Joyanes",Luis,male,0.9999544636263329,True
The use of web 2.0 technology for business process,"Sanchez, Olga Najar",Olga,female,0.9997517811205014,True
Evolving social media into productivity platforms,"Graupner, Sven",Sven,male,0.9999829597136491,True
Evolving social media into productivity platforms,"Bartolini, Claudio",Claudio,male,0.9999607633184376,True
Evolving social media into productivity platforms,"Motahari, Hamid",Hamid,male,0.9999253565264725,True
Evolving social media into productivity platforms,"Erbes, Jamie",Jamie,female,0.9870530365774225,True
Business process monitoring with S-BPM,"Schmidt, Werner",Werner,male,0.9999697709027106,True
Business process monitoring with S-BPM,"Fleischmann, Albert",Albert,male,0.9999213683449588,True
Dealing with vagueness in semantic business process management through fuzzy ontologies,"Alexopoulos, Panos",Panos,male,0.999958274709462,True
Dealing with vagueness in semantic business process management through fuzzy ontologies,"Gómez-Pérez, José-Manuel",José,male,0.9960913709996708,True
Patterns for flexible BPMN workflows,"Zimmermann, Birgit",Birgit,female,0.9997177939291074,True
Patterns for flexible BPMN workflows,"Doehring, Markus",Markus,male,0.9999735872978276,True
Open S-BPM = Open innovation,"Fleischmann, Albert",Albert,male,0.9999213683449588,True
Open S-BPM = Open innovation,"Schmidt, Werner",Werner,male,0.9999697709027106,True
Open S-BPM = Open innovation,"Stary, Christian",Christian,male,0.9993987974523811,True
A set of requirements for Business Process Management Suite (BPMS),"Filho, Nemésio Freitas Duarte",Nemésio,male,0.9969340709203847,True
A set of requirements for Business Process Management Suite (BPMS),"Costa, Norben P. O.",Norben,unknown,0.6615287583290589,False
Securely storing and executing business processes in the cloud,"Martinho, David",David,male,0.9999952928042082,True
Securely storing and executing business processes in the cloud,"Ferreira, Diogo R.",Diogo,male,0.9999835245889825,True
Rule agent-oriented scientific workflow execution,"Zhao, Zhili",Zhili,unknown,0.7106531227554129,False
Rule agent-oriented scientific workflow execution,"Paschke, Adrian",Adrian,male,0.998830188234461,True
Sustainability in business process management research - a literature review,"Stolze, Carl",Carl,male,0.9999252084458771,True
Sustainability in business process management research - a literature review,"Semmler, Gebke",Gebke,female,0.9968498392399276,True
Sustainability in business process management research - a literature review,"Thomas, Oliver",Oliver,male,0.9999907881390401,True
Efficient querying of large process model repositories,"Jin, Tao",Tao,male,0.9969686446299408,True
Efficient querying of large process model repositories,"Wang, Jianmin",Jianmin,male,0.8695557433766125,True
Efficient querying of large process model repositories,"La Rosa, Marcello",Marcello,male,0.9996360264682205,True
Efficient querying of large process model repositories,"Ter Hofstede, Arthur",Arthur,male,0.9999849927075136,True
Efficient querying of large process model repositories,"Wen, Lijie",Lijie,female,0.9790060744846031,True
Process innovation: Redesigning an enterprise backbone system,"Van Den Bergh, Joachim",Joachim,male,0.9999819000816837,True
Process innovation: Redesigning an enterprise backbone system,"Viaene, Stijn",Stijn,male,0.9934761545778056,True
Modular representation of a business processl planner,"Tasharrofi, Shahab",Shahab,male,0.9999438807962204,True
Modular representation of a business processl planner,"Ternovska, Eugenia",Eugenia,female,0.9999948817884659,True
Identifying and visualising dependability concerns - Applications to business process management,"Opdahl, Andreas L.",Andreas,male,0.9999763395171621,True
Critical success factors for ERP systems implementation in public administration,"Ziemba, Ewa",Ewa,female,0.9999969097181365,True
Critical success factors for ERP systems implementation in public administration,"Obła̧k, Iwona",Iwona,female,0.9999931627806364,True
Increasing process orientation with business process management: Critical practices',"Škrinjar, Rok",Rok,male,0.9974713811237507,True
Increasing process orientation with business process management: Critical practices',"Trkman, Peter",Peter,male,0.9999580684529622,True
Data centric BPM and the emerging case management standard: A short survey,"Marin, Mike",Mike,male,0.9993471735902227,True
Data centric BPM and the emerging case management standard: A short survey,"Hull, Richard",Richard,male,0.9999944029565571,True
Data centric BPM and the emerging case management standard: A short survey,"Vaculín, Roman",Roman,male,0.9999958558456321,True
A domain specific language for describing S-BPM processes,"Höver, Kai Michael",Kai,male,0.9819597256365221,True
A domain specific language for describing S-BPM processes,"Borgert, Stephan",Stephan,male,0.9999887311827451,True
A domain specific language for describing S-BPM processes,"Mühlhäuser, Max",Max,male,0.9999943791406495,True
A conceptual approach to characterize dynamic communities in social networks: Application to business process management,"Melo, Cassio",Cassio,male,0.9985033464027285,True
A conceptual approach to characterize dynamic communities in social networks: Application to business process management,"Le Grand, Bénédicte",Bénédicte,female,0.9995352805116806,True
A conceptual approach to characterize dynamic communities in social networks: Application to business process management,"Aufaure, Marie-Aude",Marie,female,0.9999816569870623,True
A flexible integration of security concern in rule based business process modeling,"Bekki, Khadhir",Khadhir,unknown,0.6797526279082842,False
A flexible integration of security concern in rule based business process modeling,"Belbachir, Hafida",Hafida,female,0.999582323999845,True
Managing absences: An application of subject-oriented procedures,"Krauthausen, Clemens",Clemens,male,0.9997642752089578,True
An aspect oriented approach for implementing situational driven adaptation of BPMN2.0 workflows,"Patiniotakis, Ioannis",Ioannis,male,0.9999133506151796,True
An aspect oriented approach for implementing situational driven adaptation of BPMN2.0 workflows,"Papageorgiou, Nikos",Nikos,male,0.9999790924669226,True
An aspect oriented approach for implementing situational driven adaptation of BPMN2.0 workflows,"Verginadis, Yiannis",Yiannis,male,0.9998347820620028,True
An aspect oriented approach for implementing situational driven adaptation of BPMN2.0 workflows,"Apostolou, Dimitris",Dimitris,male,0.9999193920782357,True
An aspect oriented approach for implementing situational driven adaptation of BPMN2.0 workflows,"Mentzas, Gregoris",Gregoris,male,0.9856681805068206,True
Case study on the interoperability of business process management software,"Dirndorfer, Max",Max,male,0.9999943791406495,True
Case study on the interoperability of business process management software,"Fischer, Herbert",Herbert,male,0.9998681607262365,True
Case study on the interoperability of business process management software,"Sneed, Stephan",Stephan,male,0.9999887311827451,True
The study of ubiquitous computing and business process management convergence: A case of National Palace Museum,"Tsai, I.-Ju",I.,unknown,0.5266380495455669,False
The study of ubiquitous computing and business process management convergence: A case of National Palace Museum,"Chiang, Johannes K.",Johannes,male,0.9999887278356387,True
State of the art in business process management,"Glykas, Michael",Michael,male,0.9999876221560686,True
Service based education environment - Step towards technology world consumption,"Khriyenko, Oleksiy",Oleksiy,male,0.9994725779266864,True
Kick-starting green business process management - suitable modeling languages and key processes for green performance measurement,"Opitz, Nicky",Nicky,male,0.8806050756418814,True
Kick-starting green business process management - suitable modeling languages and key processes for green performance measurement,"Erek, Koray",Koray,male,0.9999065481845347,True
Kick-starting green business process management - suitable modeling languages and key processes for green performance measurement,"Langkau, Tobias F.",Tobias,male,0.9999755650213412,True
Kick-starting green business process management - suitable modeling languages and key processes for green performance measurement,"Kolbe, Lutz M.",Lutz,male,0.9936954301368839,True
Kick-starting green business process management - suitable modeling languages and key processes for green performance measurement,"Zarnekow, Rüdigger",Rüdigger,male,0.7206680632294888,False
Business Process Analysis and Modeling Based on Agent,"Jiang, Xuesong",Xuesong,male,0.9370004809208295,True
Business Process Analysis and Modeling Based on Agent,"Wei, Xiumei",Xiumei,female,0.9853485323347696,True
Business Process Analysis and Modeling Based on Agent,"Jing, Cui",Cui,female,0.9573184374900306,True
Process visibility - Towards a conceptualization and research themes,"Berner, Martin",Martin,male,0.9998539477569732,True
Process visibility - Towards a conceptualization and research themes,"Graupner, Enrico",Enrico,male,0.9996785043632522,True
Process visibility - Towards a conceptualization and research themes,"Maedche, Alexander",Alexander,male,0.9999914495946162,True
Process visibility - Towards a conceptualization and research themes,"Mueller, Benjamin",Benjamin,male,0.9999526772956454,True
Modeling dynamic behavior of business organisations: Extension of BPM with norms,"Liu, Kecheng",Kecheng,male,0.97899374062559,True
Modeling dynamic behavior of business organisations: Extension of BPM with norms,"Al-Rajhi, Majed",Majed,male,0.9999881787044996,True
Modeling dynamic behavior of business organisations: Extension of BPM with norms,"Alsoud, Anas R.",Anas,male,0.9989472801786207,True
Modeling dynamic behavior of business organisations: Extension of BPM with norms,"Chidzambwa, Lawrence",Lawrence,male,0.9990188192174712,True
Modeling dynamic behavior of business organisations: Extension of BPM with norms,"Tehrani, Jasmine",Jasmine,female,0.9999765225217984,True
Control loop model of virtual company in BPM simulation,"Šperka, Roman",Roman,male,0.9999958558456321,True
Control loop model of virtual company in BPM simulation,"Spišák, Marek",Marek,male,0.9999483104588682,True
Control loop model of virtual company in BPM simulation,"Slaninová, Kateřina",Kateřina,female,0.9999126294536783,True
Control loop model of virtual company in BPM simulation,"Martinovič, Jan",Jan,unknown,0.5504849119650672,False
Control loop model of virtual company in BPM simulation,"Dráždilová, Pavla",Pavla,female,0.9999715202869165,True
Supporting performance management with business process management and business intelligence: A case analysis of integration and orchestration,"Vukšić, Vesna Bosilj",Vesna,female,0.9999954711225196,True
Supporting performance management with business process management and business intelligence: A case analysis of integration and orchestration,"Bach, Mirjana Pejić",Mirjana,female,0.9999937463645924,True
Supporting performance management with business process management and business intelligence: A case analysis of integration and orchestration,"Popovič, Aleš",Aleš,male,0.989993987940338,True
Business process development for Industrial Cluster,"Kangilaski, Taivo",Taivo,male,0.9950396285376654,True
An approach to recommend resources for business processes,"Yang, Hedong",Hedong,male,0.9967136044084749,True
An approach to recommend resources for business processes,"Wen, Lijie",Lijie,female,0.9790060744846031,True
An approach to recommend resources for business processes,"Liu, Yingbo",Yingbo,male,0.8530509450204364,True
An approach to recommend resources for business processes,"Wang, Jianmin",Jianmin,male,0.8695557433766125,True
Optimized execution of business processes on crowdsourcing platforms,"Khazankin, Roman",Roman,male,0.9999958558456321,True
Optimized execution of business processes on crowdsourcing platforms,"Satzger, Benjamin",Benjamin,male,0.9999526772956454,True
Optimized execution of business processes on crowdsourcing platforms,"Dustdar, Schahram",Schahram,unknown,0.7299774829155605,False
Workflow based approach for designing and executing mobile agents,"Mislevics, Antons",Antons,male,0.9952864061199883,True
Workflow based approach for designing and executing mobile agents,"Grundspenkis, Janis",Janis,female,0.9996407283595674,True
Process-driven data and information quality management in the financial service sector,"Glowalla, Paul",Paul,male,0.999990342528266,True
Process-driven data and information quality management in the financial service sector,"Sunyaev, Ali",Ali,male,0.988143397255068,True
Predicting QoS in scheduled crowdsourcing,"Khazankin, Roman",Roman,male,0.9999958558456321,True
Predicting QoS in scheduled crowdsourcing,"Schall, Daniel",Daniel,male,0.9999484956264236,True
Predicting QoS in scheduled crowdsourcing,"Dustdar, Schahram",Schahram,unknown,0.7299774829155605,False
Capabilities and levels of maturity in IT-based case management,"Koehler, Jana",Jana,female,0.9999717556402674,True
Capabilities and levels of maturity in IT-based case management,"Hofstetter, Joerg",Joerg,male,0.9999455409174016,True
Capabilities and levels of maturity in IT-based case management,"Woodtly, Roland",Roland,male,0.9999303059295966,True
Practical solutions for resilience in SlapOS,"Courteaud, Romain",Romain,male,0.9999642424925583,True
Practical solutions for resilience in SlapOS,"Xu, Yingjie",Yingjie,female,0.9747478321859953,True
Practical solutions for resilience in SlapOS,"Cerin, Christophe",Christophe,male,0.9994949508818813,True
"Towards cloud-enabled business process management based on patterns, rules and multiple models","Petcu, Dana",Dana,female,0.9991640173402454,True
"Towards cloud-enabled business process management based on patterns, rules and multiple models","Stankovski, Vlado",Vlado,male,0.9998863419765522,True
Iterative TD-BPM for modeling ultrashort pulse in z-variant optical structures,"Akond, Mohammad Shahed",Mohammad,male,0.9999978931239886,True
Iterative TD-BPM for modeling ultrashort pulse in z-variant optical structures,"Masoudi, Hussain M.",Hussain,male,0.9999448117068568,True
A decade of business process management conferences: Personal reflections on a developing discipline,"Van Der Aalst, Wil M. P.",Wil,male,0.9988491702309068,True
How face the top MDE adoption problems,"Quintero, Juan",Juan,male,0.9999978969254493,True
How face the top MDE adoption problems,"Rucinque, Pamela",Pamela,female,0.9999892666329062,True
How face the top MDE adoption problems,"Anaya, Raquel",Raquel,female,0.9985335531340606,True
How face the top MDE adoption problems,"Piedrahita, Gustavo",Gustavo,male,0.9999547032163499,True
Expertise search in unstructured data in ECM using S-BPM approach,"Gromoff, Alexander",Alexander,male,0.9999914495946162,True
Expertise search in unstructured data in ECM using S-BPM approach,"Stavenko, Julia",Julia,female,0.9999893408100505,True
Expertise search in unstructured data in ECM using S-BPM approach,"Evina, Kristina",Kristina,female,0.9999963618934286,True
Expertise search in unstructured data in ECM using S-BPM approach,"Kazantsev, Nikolay",Nikolay,male,0.9999162559793521,True
Towards a BPM cloud architecture with data and activity distribution,"Duipmans, Evert F.",Evert,male,0.9997884619108004,True
Towards a BPM cloud architecture with data and activity distribution,"Pires, Luís Ferreira",Luís,male,0.9971090531412131,True
Towards a BPM cloud architecture with data and activity distribution,"Da Silva Santos, Luiz O. Bonino",Luiz,male,0.9996898239467037,True
Efficacy-aware business process modeling,"Lohrmann, Matthias",Matthias,male,0.9999337682187655,True
Efficacy-aware business process modeling,"Reichert, Manfred",Manfred,male,0.9999883382145358,True
Flexible information design for business process visualizations,"Nowak, Alexander",Alexander,male,0.9999914495946162,True
Flexible information design for business process visualizations,"Karastoyanova, Dimka",Dimka,male,0.8876209879608038,True
Flexible information design for business process visualizations,"Leymann, Frank",Frank,male,0.999947578866658,True
Flexible information design for business process visualizations,"Rapoport, Andrej",Andrej,male,0.9999819320861987,True
Flexible information design for business process visualizations,"Schumm, David",David,male,0.9999952928042082,True
Based-on Pi-calculus business process modeling,"Xu, Hongfa",Hongfa,male,0.8906385502165978,True
Based-on Pi-calculus business process modeling,"Chen, Wei",Wei,male,0.8353828445774668,True
Towards simplifying and automating business process lifecycle management in hybrid clouds,"Liu, Hua",Hua,male,0.6612283433060475,False
Towards simplifying and automating business process lifecycle management in hybrid clouds,"Charif, Yasmine",Yasmine,female,0.9999912906789054,True
Towards simplifying and automating business process lifecycle management in hybrid clouds,"Jung, Gueyoung",Gueyoung,male,0.5260164427744731,False
Towards simplifying and automating business process lifecycle management in hybrid clouds,"Quiroz, Andres",Andres,male,0.9999800590994908,True
Towards simplifying and automating business process lifecycle management in hybrid clouds,"Goetz, Frank",Frank,male,0.999947578866658,True
Towards simplifying and automating business process lifecycle management in hybrid clouds,"Sharma, Naveen",Naveen,male,0.9974383365018991,True
Mining inter-organizational business process models from EDI messages: A case study from the automotive sector,"Engel, Robert",Robert,male,0.9999776797436909,True
Mining inter-organizational business process models from EDI messages: A case study from the automotive sector,"Van Der Aalst, Wil M. P.",Wil,male,0.9988491702309068,True
Mining inter-organizational business process models from EDI messages: A case study from the automotive sector,"Zapletal, Marco",Marco,male,0.9998964214527616,True
Mining inter-organizational business process models from EDI messages: A case study from the automotive sector,"Pichler, Christian",Christian,male,0.9993987974523811,True
Mining inter-organizational business process models from EDI messages: A case study from the automotive sector,"Werthner, Hannes",Hannes,male,0.9999500351801358,True
An evaluation of service integration approaches of business process management systems,"Doedt, Markus",Markus,male,0.9999735872978276,True
An evaluation of service integration approaches of business process management systems,"Steffen, Bernhard",Bernhard,male,0.9999742564512356,True
An operation framework of educational process management enhanced by information technology -take graduate financial aid management as an example,"Liang, Jingsai",Jingsai,male,0.668657912803386,False
An operation framework of educational process management enhanced by information technology -take graduate financial aid management as an example,"Han, Xibin",Xibin,male,0.981635649257305,True
An operation framework of educational process management enhanced by information technology -take graduate financial aid management as an example,"Liu, Yingqun",Yingqun,male,0.5558332262647465,False
Simple modeling of executable role-based workflows: An application in the healthcare domain,"Margaria, Tiziana",Tiziana,female,0.999998732769903,True
Simple modeling of executable role-based workflows: An application in the healthcare domain,"Boßelmann, Steve",Steve,male,0.9996350238609107,True
Simple modeling of executable role-based workflows: An application in the healthcare domain,"Kujath, Bertold",Bertold,male,0.998143053696905,True
A knowledge-based formalization of UBL processes using hybrid programs,"Bihary, Sidharth",Sidharth,male,0.9989528048131509,True
A knowledge-based formalization of UBL processes using hybrid programs,"Roy, Suman",Suman,female,0.6303416799007425,False
A knowledge-based formalization of UBL processes using hybrid programs,"Han, Tan Zi",Tan,male,0.9903192206498632,True
A knowledge-based formalization of UBL processes using hybrid programs,"Sawant, Kiran Prakash",Kiran,female,0.7224624887283022,False
Automated resource assignment in BPMN models using RACI matrices,"Cabanillas, Cristina",Cristina,female,0.9999968566271442,True
Automated resource assignment in BPMN models using RACI matrices,"Resinas, Manuel",Manuel,male,0.9999796545255559,True
Automated resource assignment in BPMN models using RACI matrices,"Ruiz-Cortés, Antonio",Antonio,male,0.9999433950349952,True
Intentional fragments: Bridging the gap between organizational and intentional levels in business processes,"Cortes-Cornax, Mario",Mario,male,0.9998285831560244,True
Intentional fragments: Bridging the gap between organizational and intentional levels in business processes,"Matei, Alexandru",Alexandru,male,0.9999285156544486,True
Intentional fragments: Bridging the gap between organizational and intentional levels in business processes,"Letier, Emmanuel",Emmanuel,male,0.9999660882485447,True
Intentional fragments: Bridging the gap between organizational and intentional levels in business processes,"Dupuy-Chessa, Sophie",Sophie,female,0.9998280011161622,True
Intentional fragments: Bridging the gap between organizational and intentional levels in business processes,"Rieu, Dominique",Dominique,female,0.9740476149802497,True
Efficient discovery of understandable declarative process models from event logs,"Maggi, Fabrizio M.",Fabrizio,male,0.9999395873949303,True
Efficient discovery of understandable declarative process models from event logs,"Bose, R. P. Jagadeesh Chandra",,unknown,0,False
Efficient discovery of understandable declarative process models from event logs,"Van Der Aalst, Wil M. P.",Wil,male,0.9988491702309068,True
Factors affecting perceived satisfaction with a BPM tool: A student perspective,"Scott, Judy E.",Judy,female,0.9991676954711254,True
Factors affecting perceived satisfaction with a BPM tool: A student perspective,"Choi, Jae Hoon",Jae,male,0.9756125269782338,True
A web-based two-layered integration framework for smart devices,"Wu, Zhenyu",Zhenyu,male,0.9043866545129279,True
A web-based two-layered integration framework for smart devices,"Itälä, Timo",Timo,male,0.9997459028917776,True
A web-based two-layered integration framework for smart devices,"Tang, Tingan",Tingan,male,0.9993774097049404,True
A web-based two-layered integration framework for smart devices,"Zhang, Chunhong",Chunhong,female,0.9595116105461978,True
A web-based two-layered integration framework for smart devices,"Ji, Yang",Yang,unknown,0.6608034619216988,False
A web-based two-layered integration framework for smart devices,"Hämäläinen, Matti",Matti,female,0.9350798122083317,True
A web-based two-layered integration framework for smart devices,"Liu, Yunjie",Yunjie,female,0.5395884026114824,False
An approach for process variability control in business process management,"Yao, Qing",Qing,female,0.9896115846174542,True
An approach for process variability control in business process management,"Sun, Yuqing",Yuqing,female,0.9836535101793734,True
The analysis method about change domain of business process model based on the behavior profile of petri net,"Fang, Xianwen",Xianwen,male,0.9470768352005097,True
The analysis method about change domain of business process model based on the behavior profile of petri net,"Hao, WenJun",WenJun,unknown,0.6021898687376948,False
The analysis method about change domain of business process model based on the behavior profile of petri net,"Fan, Xiaoqin",Xiaoqin,female,0.9797232004791658,True
The analysis method about change domain of business process model based on the behavior profile of petri net,"Yin, Zhixiang",Zhixiang,male,0.9826131042977887,True
CoopIS 2012 PC co-chairs message,"Rinderle-Ma, Stefanie",Stefanie,female,0.999951936822069,True
CoopIS 2012 PC co-chairs message,"Zhou, Xiaofang",Xiaofang,female,0.98450697247552,True
CoopIS 2012 PC co-chairs message,"Dadam, Peter",Peter,male,0.9999580684529622,True
On the multi-objective optimization aided drawing of connectors for graphs related to business process management,"Jancauskas, Vytautas",Vytautas,male,0.9999180995837659,True
On the multi-objective optimization aided drawing of connectors for graphs related to business process management,"Mackute-Varoneckiene, Ausra",Ausra,female,0.9990445955269502,True
On the multi-objective optimization aided drawing of connectors for graphs related to business process management,"Varoneckas, Audrius",Audrius,male,0.9999708373022942,True
On the multi-objective optimization aided drawing of connectors for graphs related to business process management,"Zilinskas, Antanas",Antanas,male,0.9962816933642508,True
Optimizing Your ERM: The Application of Business Process Management to Operations,"England, Lenore",Lenore,female,0.9999442440637373,True
Optimizing Your ERM: The Application of Business Process Management to Operations,"Fu, L.",,unknown,0,False
Optimizing Your ERM: The Application of Business Process Management to Operations,"Miller, Stephen",Stephen,male,0.9999906814314838,True
Research on key performance indicator (KPI) of business process,"Wang, Pan",Pan,male,0.9892578605832882,True
Research on key performance indicator (KPI) of business process,"He, Wei",Wei,male,0.8353828445774668,True
Process-service interactions using a soa-bpm-based methodology,"Patricia, Bazan",Bazan,male,0.9838077524275733,True
Process-service interactions using a soa-bpm-based methodology,"Perez, Gabriela",Gabriela,female,0.9999942912800749,True
Process-service interactions using a soa-bpm-based methodology,"Giandini, Roxana",Roxana,female,0.9999876434582177,True
Process-service interactions using a soa-bpm-based methodology,"Diaz, Javier",Javier,male,0.9999768372268597,True
Business process variability: A tool for declarative template design,"Bulanov, Pavel",Pavel,male,0.9999915029945373,True
Business process variability: A tool for declarative template design,"Groefsema, Heerko",Heerko,male,0.9973931522427844,True
Business process variability: A tool for declarative template design,"Aiello, Marco",Marco,male,0.9998964214527616,True
Boundary spanning in business process management: Theoretical framing and case study,"Poeppelbuss, Jens",Jens,male,0.9999725010363429,True
A gap between Business Process Intelligence and redesign process,"Sohail, Abid",Abid,male,0.9999930830489452,True
A gap between Business Process Intelligence and redesign process,"Dhanapal Durai Dominic, P.",,unknown,0,False
"Process reuse in product development with 5D models: Concepts, similarity measures and querying techniques","Cerovšek, Tomo",Tomo,male,0.9985447640728428,True
Concept of a system for addressing bad publicity in social media using knowledge in business process models,"Kumar, Manish",Manish,male,0.9939335079222595,True
Concept of a system for addressing bad publicity in social media using knowledge in business process models,"Mrinal Dubey, Atul",Atul,male,0.9998818540437993,True
Concept of a system for addressing bad publicity in social media using knowledge in business process models,"Sinha, Manu",Manu,male,0.9827395328168211,True
Concept of a system for addressing bad publicity in social media using knowledge in business process models,"Malviya, Rashi",Rashi,female,0.9931000289553334,True
Patterns to enable mass-customized business process monitoring,"Comuzzi, Marco",Marco,male,0.9998964214527616,True
Patterns to enable mass-customized business process monitoring,"Angelov, Samuil",Samuil,male,0.9986384394626322,True
Patterns to enable mass-customized business process monitoring,"Vonk, Jochem",Jochem,male,0.999928810048136,True
"Introduction to the track on Cyber Physical Society with SOA, BPM and sensor networks in the Wetice 2012 conference","Zhou, Zhangbing",Zhangbing,female,0.5744682295722076,False
"Introduction to the track on Cyber Physical Society with SOA, BPM and sensor networks in the Wetice 2012 conference","Gaaloul, Walid",Walid,male,0.9999190638369029,True
"Introduction to the track on Cyber Physical Society with SOA, BPM and sensor networks in the Wetice 2012 conference","Tan, Wei",Wei,male,0.8353828445774668,True
"Introduction to the track on Cyber Physical Society with SOA, BPM and sensor networks in the Wetice 2012 conference","Zhang, Daqiang",Daqiang,male,0.8796528463095318,True
Implementing managed loosely-coupled distributed business processes: A new approach using DIME networks,"Goyal, Pankaj",Pankaj,male,0.9999652603290254,True
Implementing managed loosely-coupled distributed business processes: A new approach using DIME networks,"Mikkilineni, Rao",Rao,male,0.9996092956533906,True
Improving collaborative business process execution by traceability and expressiveness,"Zeising, Michael",Michael,male,0.9999876221560686,True
Improving collaborative business process execution by traceability and expressiveness,"Schonig, Stefan",Stefan,male,0.9999831604184807,True
Improving collaborative business process execution by traceability and expressiveness,"Jablonski, Stefan",Stefan,male,0.9999831604184807,True
Linking legacy services to the business process model,"Sneed, Harry M.",Harry,male,0.9997201104874271,True
Linking legacy services to the business process model,"Schedl, Stefan",Stefan,male,0.9999831604184807,True
Linking legacy services to the business process model,"Sneed, Stephan H.",Stephan,male,0.9999887311827451,True
Advanced case management enabled by business provenance,"Martens, Axel",Axel,male,0.9999905585480233,True
Advanced case management enabled by business provenance,"Slominski, Aleksander",Aleksander,male,0.9999768324209086,True
Advanced case management enabled by business provenance,"Lakshmanan, Geetika T.",Geetika,female,0.9999951369923474,True
Advanced case management enabled by business provenance,"Mukhi, Nirmal",Nirmal,male,0.9926934171349643,True
Facilitating services and engineering process management in distributed engineering of control applications,"Hästbacka, David",David,male,0.9999952928042082,True
Facilitating services and engineering process management in distributed engineering of control applications,"Kuikka, Seppo",Seppo,male,0.9992335233659542,True
A process definition language for Internet of things,"Chen, Feng",Feng,male,0.9830753668861625,True
A process definition language for Internet of things,"Ren, Changrui",Changrui,male,0.9813918550272961,True
A process definition language for Internet of things,"Wang, Qinhua",Qinhua,female,0.6146429335910073,False
A process definition language for Internet of things,"Shao, Bing",Bing,male,0.9070266412590164,True
Balanced resource allocation,"Schuster, Thomas",Thomas,male,0.9999981017477207,True
Aligning event logs and declarative process models for conformance checking,"De Leoni, Massimiliano",Massimiliano,male,0.9997809476578167,True
Aligning event logs and declarative process models for conformance checking,"Maggi, Fabrizio Maria",Fabrizio,male,0.9999395873949303,True
Aligning event logs and declarative process models for conformance checking,"Van Der Aalst, Wil M. P.",Wil,male,0.9988491702309068,True
Plug-and-play virtual factories,"Schulte, Stefan",Stefan,male,0.9999831604184807,True
Plug-and-play virtual factories,"Schuller, Dieter",Dieter,male,0.9999629369688875,True
Plug-and-play virtual factories,"Steinmetz, Ralf",Ralf,male,0.9999738177966511,True
Plug-and-play virtual factories,"Abels, Sven",Sven,male,0.9999829597136491,True
On guaranteeing global dependability properties in collaborative business process management,"Cardellini, Valeria",Valeria,female,0.9999950631122845,True
On guaranteeing global dependability properties in collaborative business process management,"Casalicchio, Emiliano",Emiliano,male,0.9995056193495935,True
On guaranteeing global dependability properties in collaborative business process management,"Grassi, Vincenzo",Vincenzo,male,0.9998085367289719,True
On guaranteeing global dependability properties in collaborative business process management,"Lo Presti, Francesco",Francesco,male,0.9999449415190484,True
Consulting - a creativity-intensive process? insights from an exploratory case study,"Katrin, Bergener",Bergener,unknown,0.6418286667719729,False
Consulting - a creativity-intensive process? insights from an exploratory case study,"Kevin, Ortbach",Ortbach,unknown,0.5252865761426102,False
Consulting - a creativity-intensive process? insights from an exploratory case study,"Andrea, Malsbender",Malsbender,unknown,0.6577389095819313,False
Consulting - a creativity-intensive process? insights from an exploratory case study,"Jörg, Becker",Becker,male,0.9998679094693769,True
Approach for a business process alignment: From modeling to implementation; [Approche pour un meilleur alignement des processus métiers: De la modélisation à l'implémentation],"Ulmer, Jean-Stéphane",Jean,female,0.6637228001271365,False
Approach for a business process alignment: From modeling to implementation; [Approche pour un meilleur alignement des processus métiers: De la modélisation à l'implémentation],"Belaud, Jean-Pierre",Jean,female,0.6637228001271365,False
Approach for a business process alignment: From modeling to implementation; [Approche pour un meilleur alignement des processus métiers: De la modélisation à l'implémentation],"Le Lann, Jean-Marc",Jean,female,0.6637228001271365,False
Where did I misbehave? Diagnostic information in compliance checking,"Ramezani, Elham",Elham,female,0.9928645255632041,True
Where did I misbehave? Diagnostic information in compliance checking,"Fahland, Dirk",Dirk,male,0.9999427916159628,True
Where did I misbehave? Diagnostic information in compliance checking,"Van Der Aalst, Wil M. P.",Wil,male,0.9988491702309068,True
Evaluation measures for similarity search results in process model repositories,"Guentert, Markus",Markus,male,0.9999735872978276,True
Evaluation measures for similarity search results in process model repositories,"Kunze, Matthias",Matthias,male,0.9999337682187655,True
Evaluation measures for similarity search results in process model repositories,"Weske, Mathias",Mathias,male,0.999948038650782,True
Interactive workflows with WADE,"Bergenti, Federico",Federico,male,0.999947511448034,True
Interactive workflows with WADE,"Caire, Giovanni",Giovanni,male,0.999396045165578,True
Interactive workflows with WADE,"Gotta, Danilo",Danilo,male,0.9997236714704757,True
Cloud-based collaborative decision making: Design considerations and architecture of the GRUPO-MOD system,"Thimm, Heiko",Heiko,male,0.9998293009457082,True
Defining process performance indicators by using templates and patterns,"Del-Río-Ortega, Adela",Adela,female,0.999990800859609,True
Defining process performance indicators by using templates and patterns,"Resinas Arias De Reyna, Manuel",Manuel,male,0.9999796545255559,True
Defining process performance indicators by using templates and patterns,"Durán Toro, Amador",Amador,male,0.9999740141970387,True
Defining process performance indicators by using templates and patterns,"Ruiz-Cortés, Antonio",Antonio,male,0.9999433950349952,True
The co-creation machine: Managing co-creative processes for the crowd,"Debenham, John",John,male,0.9999985032120171,True
The co-creation machine: Managing co-creative processes for the crowd,"Simoff, Simeon",Simeon,male,0.999957342115376,True
Modeling rewards and incentive mechanisms for social BPM,"Scekic, Ognjen",Ognjen,male,0.9990363013403414,True
Modeling rewards and incentive mechanisms for social BPM,"Truong, Hong-Linh",Hong,female,0.711999011631038,False
Modeling rewards and incentive mechanisms for social BPM,"Dustdar, Schahram",Schahram,unknown,0.7299774829155605,False
Isotactics as a foundation for alignment and abstraction of behavioral models,"Polyvyanyy, Artem",Artem,male,0.9999327131072471,True
Isotactics as a foundation for alignment and abstraction of behavioral models,"Weidlich, Matthias",Matthias,male,0.9999337682187655,True
Isotactics as a foundation for alignment and abstraction of behavioral models,"Weske, Mathias",Mathias,male,0.999948038650782,True
An ontology for workflow organizational model mining,"Sellami, Rami",Rami,male,0.991522592305844,True
An ontology for workflow organizational model mining,"Gaaloul, Walid",Walid,male,0.9999190638369029,True
An ontology for workflow organizational model mining,"Moalla, Samir",Samir,male,0.9999472082708237,True
A strategy based on LSP for the evaluation of specific languages for business processes modeling,"Debnath, Narayan",Narayan,male,0.9997727035320141,True
A strategy based on LSP for the evaluation of specific languages for business processes modeling,"Lee, Ilhyun",Ilhyun,male,0.6686052295052864,False
A strategy based on LSP for the evaluation of specific languages for business processes modeling,"Salgado, C.",,unknown,0,False
A strategy based on LSP for the evaluation of specific languages for business processes modeling,"Peralta, M.",,unknown,0,False
A strategy based on LSP for the evaluation of specific languages for business processes modeling,"Riesco, D.",,unknown,0,False
A strategy based on LSP for the evaluation of specific languages for business processes modeling,"Berón, M.",,unknown,0,False
A strategy based on LSP for the evaluation of specific languages for business processes modeling,"Montejano, G.",,unknown,0,False
A strategy based on LSP for the evaluation of specific languages for business processes modeling,"Baigorria, L.",,unknown,0,False
Applying Linked Data concepts in BPM,"Robak, Silva",Silva,female,0.9994564646647451,True
Applying Linked Data concepts in BPM,"Franczyk, Bogdan",Bogdan,male,0.9999861052531946,True
Applying Linked Data concepts in BPM,"Robak, Marcin",Marcin,male,0.999854736332431,True
Agile bpm in the age of cloud technologies,"Kolar, Jiri",Jiri,male,0.9998761880270778,True
Agile bpm in the age of cloud technologies,"Pitner, Tomas",Tomas,male,0.999996989207828,True
Evaluating the use of IT by the third party logistics in South East Asia to achieve competitive advantage and its future trend,"Leung, Stephen C. H.",Stephen,male,0.9999906814314838,True
Evaluating the use of IT by the third party logistics in South East Asia to achieve competitive advantage and its future trend,"Lim, Ming K.",Ming,unknown,0.5866865921981015,False
Evaluating the use of IT by the third party logistics in South East Asia to achieve competitive advantage and its future trend,"Tan, Albert Wee Kwan",Albert,male,0.9999213683449588,True
Evaluating the use of IT by the third party logistics in South East Asia to achieve competitive advantage and its future trend,"Yu, Yong Keong",Yong,male,0.9844618295633396,True
CoopIS 2012 PC co-chairs message,"Rinderle-Ma, Stefanie",Stefanie,female,0.999951936822069,True
CoopIS 2012 PC co-chairs message,"Zhou, Xiaofang",Xiaofang,female,0.98450697247552,True
CoopIS 2012 PC co-chairs message,"Dadam, Peter",Peter,male,0.9999580684529622,True
A multi-commodity flow based approach to scheduling multi-model synchronization,"Wang, Qinhua",Qinhua,female,0.6146429335910073,False
A multi-commodity flow based approach to scheduling multi-model synchronization,"Ren, Changrui",Changrui,male,0.9813918550272961,True
A multi-commodity flow based approach to scheduling multi-model synchronization,"Chen, Feng",Feng,male,0.9830753668861625,True
A multi-commodity flow based approach to scheduling multi-model synchronization,"Li, Jinfeng",Jinfeng,male,0.5636730448150306,False
A multi-commodity flow based approach to scheduling multi-model synchronization,"Laumanns, Marco",Marco,male,0.9998964214527616,True
A novel design of 8-Gbps IR-UWB pulse generator,"Mohammed, Ahmed R.",Ahmed,male,0.9999977341795334,True
A novel design of 8-Gbps IR-UWB pulse generator,"Al-Khateeb, Khalid A. S.",Khalid,male,0.999949361127034,True
A novel design of 8-Gbps IR-UWB pulse generator,"Islam, Md.Rafiqul",Md.Rafiqul,unknown,0.702704445065901,False
From calls to events: Architecting future BPM systems,"Buchmann, Alejandro",Alejandro,male,0.9999544410718967,True
From calls to events: Architecting future BPM systems,"Appel, Stefan",Stefan,male,0.9999831604184807,True
From calls to events: Architecting future BPM systems,"Freudenreich, Tobias",Tobias,male,0.9999755650213412,True
From calls to events: Architecting future BPM systems,"Frischbier, Sebastian",Sebastian,male,0.9999469726859632,True
From calls to events: Architecting future BPM systems,"Guerrero, Pablo E.",Pablo,male,0.9999522824750242,True
An approach to a pattern for business process management and deployment of software engineering for small companies in a crossplatform era,"Fernández-García, Antonio",Antonio,male,0.9999433950349952,True
An approach to a pattern for business process management and deployment of software engineering for small companies in a crossplatform era,"Iribarne, Luis",Luis,male,0.9999544636263329,True
An approach to a pattern for business process management and deployment of software engineering for small companies in a crossplatform era,"Criado, Javier",Javier,male,0.9999768372268597,True
An approach to a pattern for business process management and deployment of software engineering for small companies in a crossplatform era,"Vallecillos, Jesús",Jesús,male,0.9995255006793706,True
Data support in process model abstraction,"Meyer, Andreas",Andreas,male,0.9999763395171621,True
Data support in process model abstraction,"Weske, Mathias",Mathias,male,0.999948038650782,True
Towards automatic generation of process architectures for process collections,"Eid-Sabbagh, Rami-Habib",Rami,male,0.991522592305844,True
A study on business process dynamic evaluation of business process integration management based on Fuzzy-EAHP,"Xie, Jianzhong",Jianzhong,male,0.9849715389237104,True
A study on business process dynamic evaluation of business process integration management based on Fuzzy-EAHP,"Yang, Yu",Yu,female,0.8656251027956705,True
A study on business process dynamic evaluation of business process integration management based on Fuzzy-EAHP,"Tao, Yunhai",Yunhai,male,0.9866534550754218,True
A study on business process dynamic evaluation of business process integration management based on Fuzzy-EAHP,"Chen, Wei",Wei,male,0.8353828445774668,True
A study on business process dynamic evaluation of business process integration management based on Fuzzy-EAHP,"Li, Fei",Fei,unknown,0.524875276973862,False
Simulation based process design: Modeling and applications,"Suzuki, Yoichiro",Yoichiro,male,0.9999436221003466,True
Simulation based process design: Modeling and applications,"Yahyaei, Majid",Majid,male,0.9998567579880754,True
Simulation based process design: Modeling and applications,"Jin, Yan",Yan,unknown,0.5336648310743305,False
Simulation based process design: Modeling and applications,"Koyama, Hideo",Hideo,male,0.9999803133103462,True
Simulation based process design: Modeling and applications,"Kang, Gahee",Gahee,unknown,0.6155213493030119,False
The analysis method about change domain of business process model based on the behavior profile of petri net,"Fang, Xianwen",Xianwen,male,0.9470768352005097,True
The analysis method about change domain of business process model based on the behavior profile of petri net,"Hao, WenJun",WenJun,female,0.6021898687376948,False
The analysis method about change domain of business process model based on the behavior profile of petri net,"Fan, Xiaoqin",Xiaoqin,female,0.9797232004791658,True
The analysis method about change domain of business process model based on the behavior profile of petri net,"Yin, Zhixiang",Zhixiang,male,0.9826131042977887,True
Operational semantics of aspects in business process management,"Jalali, Amin",Amin,male,0.999758654462319,True
Operational semantics of aspects in business process management,"Wohed, Petia",Petia,female,0.999916611117753,True
Operational semantics of aspects in business process management,"Ouyang, Chun",Chun,male,0.9816926028175558,True
Service exploration: Collaboration of information-centric and activity-centric business process,"Noorhoseini, Majid",Majid,male,0.9998567579880754,True
Service exploration: Collaboration of information-centric and activity-centric business process,"Nayebi, Maleknaz",Maleknaz,male,0.5486964578164487,False
A novel sine wave based UWB pulse generator design for single/multi-user systems,"Mohammed, Ahmed R.",Ahmed,male,0.9999977341795334,True
A novel sine wave based UWB pulse generator design for single/multi-user systems,"Al-Khateeb, Khalid A.",Khalid,male,0.999949361127034,True
A novel sine wave based UWB pulse generator design for single/multi-user systems,"Islam, Rafiqul",Rafiqul,male,0.9964152989821304,True
The difficulty of replacing an inclusive OR-join,"Favre, Cédric",Cédric,male,0.9992999828653392,True
The difficulty of replacing an inclusive OR-join,"Völzer, Hagen",Hagen,male,0.9993113223299143,True
Evaluation of maturity models for business process management: Maturity models for small and medium-sized enterprises,"Britsch, Johannes",Johannes,male,0.9999887278356387,True
Evaluation of maturity models for business process management: Maturity models for small and medium-sized enterprises,"Bulander, Rebecca",Rebecca,female,0.9999808188430196,True
Evaluation of maturity models for business process management: Maturity models for small and medium-sized enterprises,"Morelli, Frank",Frank,male,0.999947578866658,True
Study on the architecture of platform for internet of things service based on EDSOA,"Li, Songtai",Songtai,male,0.6176119329399035,False
Study on the architecture of platform for internet of things service based on EDSOA,"Qiao, Xiuquan",Xiuquan,male,0.9840090347751176,True
Study on the architecture of platform for internet of things service based on EDSOA,"Li, Xiaofeng",Xiaofeng,male,0.8626461853220857,True
On the decidability of verifying artifact validity in business processes,"He, Qi",Qi,unknown,0.7168904722752344,False
A two-tier data-centric framework for flexible business process management,"Liu, Rong",Rong,unknown,0.7174724947670523,False
A two-tier data-centric framework for flexible business process management,"Pinel, Florian",Florian,male,0.9999672042878258,True
A two-tier data-centric framework for flexible business process management,"Wu, Frederick Y.",Frederick,male,0.999942547328335,True
A two-tier data-centric framework for flexible business process management,"Shan, Zhe",Zhe,male,0.9817277068458309,True
Managing large numbers of business processes with cloud workflow systems,"Liu, Xiao",Xiao,unknown,0.7140596202174592,False
Managing large numbers of business processes with cloud workflow systems,"Yang, Yun",Yun,female,0.9855945587294108,True
Managing large numbers of business processes with cloud workflow systems,"Cao, Dahai",Dahai,male,0.9917576541730903,True
Managing large numbers of business processes with cloud workflow systems,"Yuan, Dong",Dong,male,0.9925219904784107,True
Managing large numbers of business processes with cloud workflow systems,"Chen, Jinjun",Jinjun,male,0.9829423374086208,True
Object relational business process repository,"Grigorova, Katalina",Katalina,female,0.999999048291767,True
Object relational business process repository,"Kamenarov, Ivaylo",Ivaylo,male,0.9995801081589338,True
Improving ERP integration,"Devi, Sreekeessoon Jaya",Sreekeessoon,male,0.7207090069044595,False
Improving ERP integration,"Zarine, Cadersaib Bibi",Cadersaib,male,0.6461632782124218,False
Services conceptualization within SOA/BPM methodology,"Bazán, Patricia",Patricia,female,0.9999876359107199,True
Services conceptualization within SOA/BPM methodology,"Perez, Gabriela",Gabriela,female,0.9999942912800749,True
Services conceptualization within SOA/BPM methodology,"Giandini, Roxana",Roxana,female,0.9999876434582177,True
Services conceptualization within SOA/BPM methodology,"Estevez, Elsa",Elsa,female,0.9999918665576765,True
Services conceptualization within SOA/BPM methodology,"Diaz, Javier",Javier,male,0.9999768372268597,True
Event-driven manufacturing process management approach,"Estruch, Antonio",Antonio,male,0.9999433950349952,True
Event-driven manufacturing process management approach,"Heredia Álvaro, José Antonio",José,male,0.9960913709996708,True
Perceptions of MBA students on business process modeling as a learning tool: An empirical investigation,"Saraswat, Satya Prakash",Satya,female,0.8084332171924875,True
Perceptions of MBA students on business process modeling as a learning tool: An empirical investigation,"Anderson, Dennis M.",Dennis,male,0.9999370030396483,True
Applications for business process repositories based on semantic standardization,"Lincoln, Maya",Maya,female,0.9999863421590888,True
Applications for business process repositories based on semantic standardization,"Wasser, Avi",Avi,male,0.9887211397722614,True
Strategic alignment of business processes,"Morrison, Evan D.",Evan,male,0.9999798906773547,True
Strategic alignment of business processes,"Ghose, Aditya K.",Aditya,male,0.9930058833426924,True
Strategic alignment of business processes,"Dam, Hoa K.",Hoa,female,0.9753096327380884,True
Strategic alignment of business processes,"Hinge, Kerry G.",Kerry,female,0.8513517753833991,True
Strategic alignment of business processes,"Hoesch-Klohe, Konstantin",Konstantin,male,0.999857334029376,True
Process warehouses in practice: A goal-driven method for business process analysis,"Shahzad, Khurram",Khurram,male,0.9999693299205058,True
Process warehouses in practice: A goal-driven method for business process analysis,"Zdravkovic, Jelena",Jelena,female,0.9999959150470483,True
The study on R&D enterprise management based on knowledge management,"Jiang, Ying",Ying,female,0.9976878084537152,True
SABUMO: Towards a collaborative and semantic framework for knowledge sharing,"López-Cuadrado, José Luis",José,male,0.9960913709996708,True
SABUMO: Towards a collaborative and semantic framework for knowledge sharing,"Colomo-Palacios, Ricardo",Ricardo,male,0.99996029299145,True
SABUMO: Towards a collaborative and semantic framework for knowledge sharing,"González-Carrasco, Israel",Israel,male,0.9999456214525362,True
SABUMO: Towards a collaborative and semantic framework for knowledge sharing,"García-Crespo, Ángel",Ángel,male,0.990132281217459,True
SABUMO: Towards a collaborative and semantic framework for knowledge sharing,"Ruiz-Mezcua, Belén",Belén,female,0.9937102626715866,True
Keeping decisions and rationale explicit in business process analysis,"Da Silva Neto, Manoel Sancho",Manoel,male,0.9985932935315001,True
Keeping decisions and rationale explicit in business process analysis,"De Araujo, Renata Mendes",Renata,female,0.9999937852557952,True
Quasi phase matching through periodic step structure - Modeling of frequency conversion in consideration of heat influence,"Ohfuchi, Takafumi",Takafumi,male,0.9950525585546669,True
Quasi phase matching through periodic step structure - Modeling of frequency conversion in consideration of heat influence,"Hirano, Nobuyuki",Nobuyuki,male,0.9997054344611584,True
Quasi phase matching through periodic step structure - Modeling of frequency conversion in consideration of heat influence,"Matsukawa, Hiroya",Hiroya,male,0.985930417489628,True
Quasi phase matching through periodic step structure - Modeling of frequency conversion in consideration of heat influence,"Nakayama, Koichiro",Koichiro,male,0.9980554876340738,True
Quasi phase matching through periodic step structure - Modeling of frequency conversion in consideration of heat influence,"Kumagai, Hiroshi",Hiroshi,male,0.9998611714963603,True
Quasi phase matching through periodic step structure - Modeling of frequency conversion in consideration of heat influence,"Inoue, Norihiro",Norihiro,male,0.9940012123208367,True
Quasi phase matching through periodic step structure - Modeling of frequency conversion in consideration of heat influence,"Fukuda, Naoaki",Naoaki,male,0.9812887223746756,True
Quasi phase matching through periodic step structure - Modeling of frequency conversion in consideration of heat influence,"Takiya, Toshio",Toshio,male,0.9999854053333862,True
Improve performance of enterprises information portal using RFC and IDOC technique,"Lamey, Ahmed Mohamed",Ahmed,male,0.9999977341795334,True
Improve performance of enterprises information portal using RFC and IDOC technique,"Keshk, Arabi",Arabi,female,0.7379210681128949,False
Improve performance of enterprises information portal using RFC and IDOC technique,"Mmousa, Hamdy",Hamdy,male,0.9978572080558333,True
The role of editor in collaborative modeling,"Rittgen, Peter",Peter,male,0.9999580684529622,True
"How to learn to ""speak S-BPM"" - Lessons from language learning","Stary, Edith",Edith,female,0.9999766981523789,True
A graph similarity matching algorithm for artifact-centric business process models,"Liu, Haibin",Haibin,male,0.9760008151384457,True
A graph similarity matching algorithm for artifact-centric business process models,"Liu, Guohua",Guohua,male,0.9356322066961649,True
A graph similarity matching algorithm for artifact-centric business process models,"Zhao, Danfeng",Danfeng,female,0.9854509611676608,True
A graph similarity matching algorithm for artifact-centric business process models,"Song, Jinling",Jinling,female,0.9931936565901008,True
A pattern based approach for structural analysis of workflow models,"Ou-Yang, Chao",Chao,male,0.9987376034463382,True
A pattern based approach for structural analysis of workflow models,"Cheng, Hsin Jung",Hsin,unknown,0.5413824880812868,False
A BPM software evaluation method,"Li, Changyun",Changyun,male,0.5262369178277702,False
A BPM software evaluation method,"Cui, Haiyan",Haiyan,female,0.983477470196337,True
A BPM software evaluation method,"Ma, Gexin",Gexin,male,0.9775045607945583,True
A BPM software evaluation method,"Wang, Zhibing",Zhibing,male,0.8187367078721178,True
An ontological approach for dynamic cross-enterprise collaboration,"Hoang, Vu Minh",Vu,male,0.992069262306445,True
An ontological approach for dynamic cross-enterprise collaboration,"Hoang, Hanh Huu",Hanh,female,0.9980197341321809,True
Ensuring reliability in B2B services: Fault tolerant inter-organizational workflows,"Demirkan, Haluk",Haluk,male,0.9999599208552783,True
Ensuring reliability in B2B services: Fault tolerant inter-organizational workflows,"Sen, Sagnika",Sagnika,unknown,0.7212567383161919,False
Ensuring reliability in B2B services: Fault tolerant inter-organizational workflows,"Goul, Michael",Michael,male,0.9999876221560686,True
Ensuring reliability in B2B services: Fault tolerant inter-organizational workflows,"Nichols, Jason",Jason,male,0.9999930990838566,True
Decomposing process mining problems using passages,"Van Der Aalst, Wil M. P.",Wil,male,0.9988491702309068,True
A mapping from normative requirements to Event-B to facilitate verified data-centric business process management,"Poernomo, Iman",Iman,female,0.9071665072646034,True
A mapping from normative requirements to Event-B to facilitate verified data-centric business process management,"Umarov, Timur",Timur,male,0.9999880292926415,True
Using the arbitrator pattern for dynamic process-instance extension in a work-flow management system,"Elstermann, Matthes",Matthes,unknown,0.6764015388629641,False
Using the arbitrator pattern for dynamic process-instance extension in a work-flow management system,"Seese, Detlef",Detlef,male,0.999424955918421,True
Using the arbitrator pattern for dynamic process-instance extension in a work-flow management system,"Fleischmann, Albert",Albert,male,0.9999213683449588,True
Generating multi-objective optimized configurable business process models,"Jiménez-Ramírez, A.",,unknown,0,False
Generating multi-objective optimized configurable business process models,"Barba, I.",,unknown,0,False
Generating multi-objective optimized configurable business process models,"Del Valle, C.",,unknown,0,False
Generating multi-objective optimized configurable business process models,"Weber, B.",,unknown,0,False
From business processes to software services and vice versa - An improved transition through service-oriented requirements engineering,"Adam, Sebastian",Sebastian,male,0.9999469726859632,True
From business processes to software services and vice versa - An improved transition through service-oriented requirements engineering,"Riegel, Norman",Norman,male,0.9999803485695304,True
From business processes to software services and vice versa - An improved transition through service-oriented requirements engineering,"Doerr, Joerg",Joerg,male,0.9999455409174016,True
From business processes to software services and vice versa - An improved transition through service-oriented requirements engineering,"Uenalan, Oezguer",Oezguer,unknown,0.7281547172950691,False
From business processes to software services and vice versa - An improved transition through service-oriented requirements engineering,"Kerkow, Daniel",Daniel,male,0.9999484956264236,True
"New modeling concepts in S-BPM: The first implementation of the ""Message Guard"" and ""Macro"" behavior extensions","Strecker, Florian",Florian,male,0.9999672042878258,True
Combining social Web and BPM for improving enterprise performances: The BPM4People approach to Social BPM,"Brambilla, Marco",Marco,male,0.9998964214527616,True
Combining social Web and BPM for improving enterprise performances: The BPM4People approach to Social BPM,"Fraternali, Piero",Piero,male,0.99991242932963,True
Combining social Web and BPM for improving enterprise performances: The BPM4People approach to Social BPM,"Vaca, Carmen",Carmen,female,0.9959647241082684,True
Combining social Web and BPM for improving enterprise performances: The BPM4People approach to Social BPM,"Butti, Stefano",Stefano,male,0.9999619769884374,True
S-BPM education on the Dalton Plan: An e-learning approach,"Weichhart, Georg",Georg,male,0.9999050343867972,True
Mapping possibilities of S-BPM and BPMN 2.0: Implementing a BPM interface,"Sneed, Stephan",Stephan,male,0.9999887311827451,True
Using concurrent task trees for stakeholder-centered modeling and visualization of business processes,"Kolb, Jens",Jens,male,0.9999725010363429,True
Using concurrent task trees for stakeholder-centered modeling and visualization of business processes,"Reichert, Manfred",Manfred,male,0.9999883382145358,True
Using concurrent task trees for stakeholder-centered modeling and visualization of business processes,"Weber, Barbara",Barbara,female,0.999979214602181,True
Business process engine simulator,"Pandey, Suraj",Suraj,male,0.9998743790979578,True
Business process engine simulator,"Nepal, Surya",Surya,male,0.7373620044327176,False
Business process engine simulator,"Chen, Shiping",Shiping,female,0.8310340884069333,True
Causes-based problems in business process compliance based management,"Hantry, Francois",Francois,male,0.9999775911572618,True
Causes-based problems in business process compliance based management,"Hacid, Mohand-Said",Mohand,male,0.9993254287025714,True
Performance evaluation of medical imaging service,"Tavares, E.",,unknown,0,False
Performance evaluation of medical imaging service,"Aleixo, J.",,unknown,0,False
Performance evaluation of medical imaging service,"Maciel, P.",,unknown,0,False
Performance evaluation of medical imaging service,"Oliveira, D.",,unknown,0,False
Performance evaluation of medical imaging service,"Heyde, E.",,unknown,0,False
Performance evaluation of medical imaging service,"Araujo, R.",,unknown,0,False
Performance evaluation of medical imaging service,"Maia, L.",,unknown,0,False
Performance evaluation of medical imaging service,"Duarte, A.",,unknown,0,False
Performance evaluation of medical imaging service,"Novaes, M.",,unknown,0,False
A novel behavioral similarity measure for artifact-oriented business processes,"Liu, Haibin",Haibin,male,0.9760008151384457,True
A novel behavioral similarity measure for artifact-oriented business processes,"Liu, Guohua",Guohua,male,0.9356322066961649,True
A novel behavioral similarity measure for artifact-oriented business processes,"Wang, Ying",Ying,female,0.9976878084537152,True
A novel behavioral similarity measure for artifact-oriented business processes,"Liu, Dingjia",Dingjia,unknown,0.5336328107552538,False
Whom to talk to? A stakeholder perspective on business process development,"Fleischmann, Albert",Albert,male,0.9999213683449588,True
Whom to talk to? A stakeholder perspective on business process development,"Stary, Christian",Christian,male,0.9993987974523811,True
A current assessment of the quality and stateof the art of process management: A discussion of results from a recent survey,"Olbrich, Thomas J.",Thomas,male,0.9999981017477207,True
A current assessment of the quality and stateof the art of process management: A discussion of results from a recent survey,"Kaiser, Norbert",Norbert,male,0.9997332944573782,True
Process instance migration: Flexible execution of distributed business processes,"Hamann, Kristof",Kristof,male,0.999991346260397,True
Process instance migration: Flexible execution of distributed business processes,"Zaplata, Sonja",Sonja,female,0.999994519434546,True
Process instance migration: Flexible execution of distributed business processes,"Lamersdorf, Winfried",Winfried,male,0.9999860225464584,True
Distributed process discovery and conformance checking,"Van Der Aalst, Wil M.P.",Wil,male,0.9988491702309068,True
Workflow patterns put into context,"van der Aalst, W.M.P.",W.M.P.,male,0.7372678901195386,False
Workflow patterns put into context,"ter Hofstede, A.H.M.",A.H.M.,unknown,0.7192646048155374,False
Business process management field guide,"Robi, D.B.",D.B.,male,0.9861467080988328,True
Identifying business rules to legacy systems reengineering based on BPM and SOA,"Do Nascimento, Gleison S.",Gleison,male,0.9975239933656874,True
Identifying business rules to legacy systems reengineering based on BPM and SOA,"Iochpe, Cirano",Cirano,male,0.9938345033392164,True
Identifying business rules to legacy systems reengineering based on BPM and SOA,"Thom, Lucinéia",Lucinéia,female,0.9998055404510843,True
Identifying business rules to legacy systems reengineering based on BPM and SOA,"Kalsing, André C.",André,male,0.9937443143503205,True
Identifying business rules to legacy systems reengineering based on BPM and SOA,"Moreira, Álvaro",Álvaro,male,0.9988471183341155,True
SMART - Knowledge Enriched S-BPM,"Vierlinger, Ricarda",Ricarda,female,0.9999858118502825,True
In or out? A student project on the enrollment process: Developing a reference model for a service-oriented portal through S-BPM process exploration,"Graef, Norbert",Norbert,male,0.9997332944573782,True
In or out? A student project on the enrollment process: Developing a reference model for a service-oriented portal through S-BPM process exploration,"Tölle, Nils",Nils,male,0.999609305827729,True
In or out? A student project on the enrollment process: Developing a reference model for a service-oriented portal through S-BPM process exploration,"Schöll, Oliver",Oliver,male,0.9999907881390401,True
In or out? A student project on the enrollment process: Developing a reference model for a service-oriented portal through S-BPM process exploration,"Seese, Detlef",Detlef,male,0.999424955918421,True
On improving the visibility of hard-measurable process performance,"Pidun, Tim",Tim,male,0.9999194162795334,True
On improving the visibility of hard-measurable process performance,"Felden, Carsten",Carsten,male,0.9999179788184361,True
Business intelligence in corporate information system: Integral approach,"Shamsieva, A.M.",A.M.,male,0.8009080738527218,True
Business intelligence in corporate information system: Integral approach,"Arkov, V.U.",V.U.,unknown,0.7142520343713528,False
Resource behavior measure and application in business process management,"Huang, Zhengxing",Zhengxing,male,0.8698973282812459,True
Resource behavior measure and application in business process management,"Lu, Xudong",Xudong,male,0.9871832056718493,True
Resource behavior measure and application in business process management,"Duan, Huilong",Huilong,male,0.9073269226571864,True
Development of an integrated procedure model for optimization of distribution processes within industry,"Brunner, Uwe",Uwe,male,0.9993723681134667,True
Development of an integrated procedure model for optimization of distribution processes within industry,"Schiefer, Katharina",Katharina,female,0.9999985016295945,True
A solution to extending dynamic web project wizard,"Wang, Rong",Rong,unknown,0.7174724947670523,False
A solution to extending dynamic web project wizard,"Wu, Budan",Budan,male,0.9838465107323487,True
A solution to extending dynamic web project wizard,"Chen, Junliang",Junliang,male,0.9564774619621866,True
Process-Centric IT in practice: Mobilizing IT through business process management,"Siurdyban, Artur",Artur,male,0.9999739518647052,True
Process-Centric IT in practice: Mobilizing IT through business process management,"Nielsen, Peter Axel",Peter,male,0.9999580684529622,True
Using pattern perspective to model key business process performance,"Xiao, Ruliang",Ruliang,male,0.9883333780550404,True
A proposal for modeling standards for subject-oriented modeling with PASS: A paper for the interactive education material track for modeling principles based on the usage of the metasonic build PASS-editor and their PASS-engine,"Elstermann, Matthes",Matthes,unknown,0.6764015388629641,False
A proposal for modeling standards for subject-oriented modeling with PASS: A paper for the interactive education material track for modeling principles based on the usage of the metasonic build PASS-editor and their PASS-engine,"Seese, Detlef",Detlef,male,0.999424955918421,True
A way to support SPI strategy through CertiBPM training and certification program in Romania,"Draghici, Anca",Anca,female,0.9999475242567216,True
A way to support SPI strategy through CertiBPM training and certification program in Romania,"Draghici, George",George,male,0.9999684085414767,True
A way to support SPI strategy through CertiBPM training and certification program in Romania,"Olariu, Cristian",Cristian,male,0.9999351973500834,True
A way to support SPI strategy through CertiBPM training and certification program in Romania,"Canda, Alexandru",Alexandru,male,0.9999285156544486,True
Methodology for migration of long running process instances in a global large scale BPM environment in Credit Suisse's SOA landscape,"Ploom, Tarmo",Tarmo,male,0.9951292561879037,True
Methodology for migration of long running process instances in a global large scale BPM environment in Credit Suisse's SOA landscape,"Scheit, Stefan",Stefan,male,0.9999831604184807,True
Methodology for migration of long running process instances in a global large scale BPM environment in Credit Suisse's SOA landscape,"Glaser, Axel",Axel,male,0.9999905585480233,True
Continuous process improvement based on adaptive workflow mining technique,"Chen, Liang",Liang,male,0.9782482259488245,True
Continuous process improvement based on adaptive workflow mining technique,"Li, Xiaohua",Xiaohua,female,0.9915361492176658,True
Continuous process improvement based on adaptive workflow mining technique,"Yang, Qing",Qing,female,0.9896115846174542,True
Designing a public management process with S-BPM,"Obermeier, Stefan",Stefan,male,0.9999831604184807,True
Designing a public management process with S-BPM,"Keller, Thomas",Thomas,male,0.9999981017477207,True
Industrial application of semantic process mining,"Ingvaldsen, Jon Espen",Jon,male,0.9999919704452336,True
Industrial application of semantic process mining,"Gulla, Jon Atle",Jon,male,0.9999919704452336,True
A clustering approach for artifact-centric business process models,"Liu, Haibin",Haibin,male,0.9760008151384457,True
A clustering approach for artifact-centric business process models,"Liu, Guohua",Guohua,male,0.9356322066961649,True
A clustering approach for artifact-centric business process models,"Zhao, Danfeng",Danfeng,female,0.9854509611676608,True
A clustering approach for artifact-centric business process models,"Song, Jinling",Jinling,female,0.9931936565901008,True
Context aware business process aspect modeler,"Keriakos, Mariam",Mariam,female,0.9998863747441668,True
Context aware business process aspect modeler,"Hosny, Hoda",Hoda,female,0.9996090602196708,True
Context aware business process aspect modeler,"Aly, Sherif G.",Sherif,male,0.9999709009816719,True
EU project BPM-GOSPEL - Applying compliance management scenarios in business process modelling for trusted business coaching programs,"Ivanyos, János",János,male,0.9990398981276452,True
EU project BPM-GOSPEL - Applying compliance management scenarios in business process modelling for trusted business coaching programs,"Messnarz, Richard",Richard,male,0.9999944029565571,True
EU project BPM-GOSPEL - Applying compliance management scenarios in business process modelling for trusted business coaching programs,"Roóz, József",József,male,0.9996963624520265,True
EU project BPM-GOSPEL - Applying compliance management scenarios in business process modelling for trusted business coaching programs,"Hammrich, Oliver",Oliver,male,0.9999907881390401,True
Requirements for business process management systems supporting business process agility,"Heininger, Richard",Richard,male,0.9999944029565571,True
Tool support for process modeling using proximity score measurement,"Yahya, Bernardo Nugroho",Bernardo,male,0.9999183032961876,True
Tool support for process modeling using proximity score measurement,"Bae, Hyerim",Hyerim,female,0.9938731868327746,True
Tool support for process modeling using proximity score measurement,"Bae, Joonsoo",Joonsoo,male,0.7722804660547181,True
Tool support for process modeling using proximity score measurement,"Liu, Ling",Ling,female,0.9977768216941388,True
DFTA: Dynamic fault tree analysis for real-time business process monitoring,"Kang, Bokyoung",Bokyoung,unknown,0.5647298145887915,False
DFTA: Dynamic fault tree analysis for real-time business process monitoring,"Kim, Dongsoo",Dongsoo,male,0.9997127631272084,True
DFTA: Dynamic fault tree analysis for real-time business process monitoring,"Kang, Suk-Ho",Suk,female,0.5838175417281809,False
On the systematic development of domain-specific mashup tools for end users,"Imran, Muhammad",Muhammad,male,0.9999971836173159,True
On the systematic development of domain-specific mashup tools for end users,"Soi, Stefano",Stefano,male,0.9999619769884374,True
On the systematic development of domain-specific mashup tools for end users,"Kling, Felix",Felix,male,0.9998848338420872,True
On the systematic development of domain-specific mashup tools for end users,"Daniel, Florian",Florian,male,0.9999672042878258,True
On the systematic development of domain-specific mashup tools for end users,"Casati, Fabio",Fabio,male,0.9999554817772992,True
On the systematic development of domain-specific mashup tools for end users,"Marchese, Maurizio",Maurizio,male,0.9999056951422044,True
Coordination for fragmented loops and scopes in a distributed business process,"Khalaf, Rania",Rania,female,0.9999895380905176,True
Coordination for fragmented loops and scopes in a distributed business process,"Leymann, Frank",Frank,male,0.999947578866658,True
Adaptive case management for the government policy office,"Brantley, William A.",William,male,0.999948625742716,True
Business process regulatory compliance management solution frameworks: A comparative evaluation,"Kharbili, Marwane El",Marwane,male,0.9855668173803149,True
Mapping the integrated care pathway into BPM for health case management,"Alsalamah, Hessah",Hessah,female,0.9837498712843693,True
Mapping the integrated care pathway into BPM for health case management,"Gray, Alex",Alex,male,0.9998453611887771,True
Mapping the integrated care pathway into BPM for health case management,"Morrey, David",David,male,0.9999952928042082,True
Towards a decision tool for choosing a business process maturity model,"Van Looy, Amy",Amy,female,0.9999688840881918,True
Towards a decision tool for choosing a business process maturity model,"De Backer, Manu",Manu,male,0.9827395328168211,True
Towards a decision tool for choosing a business process maturity model,"Poels, Geert",Geert,male,0.9998608924148286,True
Integrating CEP and BPM - How CEP realizes functional requirements of BPM applications (industry article),"Daum, Michael",Michael,male,0.9999876221560686,True
Integrating CEP and BPM - How CEP realizes functional requirements of BPM applications (industry article),"Götz, Manuel",Manuel,male,0.9999796545255559,True
Integrating CEP and BPM - How CEP realizes functional requirements of BPM applications (industry article),"Domaschka, Jörg",Jörg,male,0.9995939947892971,True
Toward enhanced life-cycle support for declarative processes,"Zugal, Stefan",Stefan,male,0.9999831604184807,True
Toward enhanced life-cycle support for declarative processes,"Pinggera, Jakob",Jakob,male,0.9999964001487215,True
Toward enhanced life-cycle support for declarative processes,"Weber, Barbara",Barbara,female,0.999979214602181,True
Subjective security and safety - S-BPM as a base for the description of security and safety objectives,"Dirndorfer, Max",Max,male,0.9999943791406495,True
Subjective security and safety - S-BPM as a base for the description of security and safety objectives,"Handy, Barbara",Barbara,female,0.999979214602181,True
Subjective security and safety - S-BPM as a base for the description of security and safety objectives,"Schneeberger, Josef",Josef,male,0.9999977561192824,True
Subjective security and safety - S-BPM as a base for the description of security and safety objectives,"Fischer, Herbert",Herbert,male,0.9998681607262365,True
Pattern-driven green adaptation of process-based applications and their runtime infrastructure,"Nowak, Alexander",Alexander,male,0.9999914495946162,True
Pattern-driven green adaptation of process-based applications and their runtime infrastructure,"Binz, Tobias",Tobias,male,0.9999755650213412,True
Pattern-driven green adaptation of process-based applications and their runtime infrastructure,"Fehling, Christoph",Christoph,male,0.9996583666010818,True
Pattern-driven green adaptation of process-based applications and their runtime infrastructure,"Kopp, Oliver",Oliver,male,0.9999907881390401,True
Pattern-driven green adaptation of process-based applications and their runtime infrastructure,"Leymann, Frank",Frank,male,0.999947578866658,True
Pattern-driven green adaptation of process-based applications and their runtime infrastructure,"Wagner, Sebastian",Sebastian,male,0.9999469726859632,True
Cross-national and cross-industrial comparison of ict-enabled business process management and performance,"Lee, Ya-Ching",Ya,female,0.8033026150741812,True
Cross-national and cross-industrial comparison of ict-enabled business process management and performance,"Chu, Pin-Yu",Pin,male,0.9637631739924238,True
Cross-national and cross-industrial comparison of ict-enabled business process management and performance,"Tseng, Hsien-Lee",Hsien,male,0.980518283425056,True
An ontological approach to oracle BPM,"Prater, Jean",Jean,female,0.6637228001271365,False
An ontological approach to oracle BPM,"Mueller, Ralf",Ralf,male,0.9999738177966511,True
An ontological approach to oracle BPM,"Beauregard, Bill",Bill,male,0.9997859443490958,True
Process mining: Overview and opportunities,"Van Der Aalst, Wil",Wil,male,0.9988491702309068,True
Design and fabrication of a 1-by-4 multimode interference splitter,"Ma, Li",Li,female,0.9821247080400133,True
Design and fabrication of a 1-by-4 multimode interference splitter,"Hongliang, Zhu",Zhu,male,0.735024676955168,False
Design and fabrication of a 1-by-4 multimode interference splitter,"Minghua, Chen",Chen,male,0.8803324700638614,True
Optimized interactive processes,"Yellin, Daniel",Daniel,male,0.9999484956264236,True
Optimized interactive processes,"Yulevich, Yifat",Yifat,female,0.9998044873500552,True
Optimized interactive processes,"Pyasic, Alexander",Alexander,male,0.9999914495946162,True
Optimized interactive processes,"Houri, Avshalom",Avshalom,male,0.999914548505162,True
Process management as basis for quality management in service industry,"Radovic, Milic",Milic,male,0.9609125638018768,True
Process management as basis for quality management in service industry,"Camilovic, Slobodan",Slobodan,male,0.9991743306498486,True
Process management as basis for quality management in service industry,"Rakic, Zoran",Zoran,male,0.9999614482280187,True
Process management as basis for quality management in service industry,"Simeunovic, Barbara",Barbara,female,0.999979214602181,True
Process management as basis for quality management in service industry,"Tomasevic, Ivan",Ivan,male,0.9999776517681997,True
Process management as basis for quality management in service industry,"Stojanovic, Dragana",Dragana,female,0.9999884647905966,True
Gateway as a service: A cloud computing framework for web of things,"Wu, Zhenyu",Zhenyu,male,0.9043866545129279,True
Gateway as a service: A cloud computing framework for web of things,"Itälä, Timo",Timo,male,0.9997459028917776,True
Gateway as a service: A cloud computing framework for web of things,"Tang, Tingan",Tingan,male,0.9993774097049404,True
Gateway as a service: A cloud computing framework for web of things,"Zhang, Chunhong",Chunhong,female,0.9595116105461978,True
Gateway as a service: A cloud computing framework for web of things,"Ji, Yang",Yang,unknown,0.6608034619216988,False
Gateway as a service: A cloud computing framework for web of things,"Hämäläinen, Matti",Matti,female,0.9350798122083317,True
Gateway as a service: A cloud computing framework for web of things,"Liu, Yunjie",Yunjie,female,0.5395884026114824,False
Process algebra and the subject-oriented business process management approach,"Singer, Robert",Robert,male,0.9999776797436909,True
Process algebra and the subject-oriented business process management approach,"Teller, Matthias",Matthias,male,0.9999337682187655,True
The analysis of optical transmission in three-dimensional waveguide coupler,"Lin, Tengfei",Tengfei,male,0.9803062810796876,True
The analysis of optical transmission in three-dimensional waveguide coupler,"Miao, Qingyuan",Qingyuan,male,0.9806403767382331,True
The analysis of optical transmission in three-dimensional waveguide coupler,"He, Jian",Jian,male,0.9975103869595472,True
The analysis of optical transmission in three-dimensional waveguide coupler,"Li, Caiyun",Caiyun,female,0.9917365482703081,True
The analysis of optical transmission in three-dimensional waveguide coupler,"He, Ping'An",Ping'An,unknown,0.6983762402239405,False
ProcessWiki: A contribution for bridging the last mile problem in automotive retail,"Kurz, Matthias",Matthias,male,0.9999337682187655,True
ProcessWiki: A contribution for bridging the last mile problem in automotive retail,"Huber, Sebastian",Sebastian,male,0.9999469726859632,True
ProcessWiki: A contribution for bridging the last mile problem in automotive retail,"Hilgarth, Bernd",Bernd,male,0.9998846486900214,True
Open Source Workflow Management Systems for the Internal Audit process,"De Almeida, Nádia Valls",Nádia,female,0.9996765470558189,True
Open Source Workflow Management Systems for the Internal Audit process,"Trigo, António",António,male,0.9966459700084099,True
BPMN usage: An analysis of influencing factors,"Sedick, Faizel",Faizel,male,0.9883903593279127,True
BPMN usage: An analysis of influencing factors,"Seymour, Lisa F.",Lisa,female,0.9999920796870457,True
Business process lines and decision tables driving flexibility by selection,"Boffoli, Nicola",Nicola,female,0.8823364596903346,True
Business process lines and decision tables driving flexibility by selection,"Caivano, Danilo",Danilo,male,0.9997236714704757,True
Business process lines and decision tables driving flexibility by selection,"Castelluccia, Daniela",Daniela,female,0.9999978509319162,True
Business process lines and decision tables driving flexibility by selection,"Visaggio, Giuseppe",Giuseppe,male,0.9998656437376092,True
Capturing compliance requirements: A pattern-based approach,"Turetken, Oktay",Oktay,male,0.9999202279726761,True
Capturing compliance requirements: A pattern-based approach,"Elgammal, Amal",Amal,female,0.9850188491302879,True
Capturing compliance requirements: A pattern-based approach,"Van Den Heuvel, Willem-Jan",Willem,male,0.9999008294243106,True
Capturing compliance requirements: A pattern-based approach,"Papazoglou, Michael P.",Michael,male,0.9999876221560686,True
An integrated method for business process improvement,"Ma, Jae Yong",Jae,male,0.9756125269782338,True
An integrated method for business process improvement,"Kim, Byeong Wan",Byeong,male,0.9936378344924482,True
An integrated method for business process improvement,"Seo, Young Ho",Young,male,0.990940072875331,True
An integrated method for business process improvement,"Leem, Choon Seong",Choon,male,0.9832858493332026,True
An integrated method for business process improvement,"Moon, Hyungjoon",Hyungjoon,unknown,0.7356614831343997,False
A task operation model for resource allocation optimization in business process management,"Huang, Zhengxing",Zhengxing,male,0.8698973282812459,True
A task operation model for resource allocation optimization in business process management,"Lu, Xudong",Xudong,male,0.9871832056718493,True
A task operation model for resource allocation optimization in business process management,"Duan, Huilong",Huilong,male,0.9073269226571864,True
Propagating changes between aligned process models,"Weidlich, Matthias",Matthias,male,0.9999337682187655,True
Propagating changes between aligned process models,"Mendling, Jan",Jan,unknown,0.5504849119650672,False
Propagating changes between aligned process models,"Weske, Mathias",Mathias,male,0.999948038650782,True
Special issue on intelligent and innovative computing in business process management,"Bae, Hyerim",Hyerim,female,0.9938731868327746,True
Special issue on intelligent and innovative computing in business process management,"Kim, Dongsoo",Dongsoo,male,0.9997127631272084,True
Special issue on intelligent and innovative computing in business process management,"Liu, Ling",Ling,female,0.9977768216941388,True
Special issue on intelligent and innovative computing in business process management,"Reijers, Hajo A.",Hajo,unknown,0.6060434118944652,False
Propagation study of Y-junction optical splitter using BPM,"Raghuwanshi, S.K.",S.K.,male,0.9000934376084433,True
Propagation study of Y-junction optical splitter using BPM,"Kumar, V.",,unknown,0,False
Propagation study of Y-junction optical splitter using BPM,"Chack, Devendra",Devendra,male,0.9976766849762844,True
Propagation study of Y-junction optical splitter using BPM,"Kumar, Santosh",Santosh,male,0.9867532311931414,True
Integrated framework for seamless modeling of business and technical aspects in process-oriented enterprise applications,"Draheim, Dirk",Dirk,male,0.9999427916159628,True
Integrated framework for seamless modeling of business and technical aspects in process-oriented enterprise applications,"Geist, Verena",Verena,female,0.999996786682216,True
Integrated framework for seamless modeling of business and technical aspects in process-oriented enterprise applications,"NatschlÄger, Christine",Christine,female,0.9999938686823988,True
Information systems for supply Chain management in automotive industry,"Arsovski, Zora",Zora,female,0.9999880775669651,True
Information systems for supply Chain management in automotive industry,"Petrović, Dragana Rejman",Dragana,female,0.9999884647905966,True
Information systems for supply Chain management in automotive industry,"Arsovski, Slavko",Slavko,male,0.9999586865098494,True
Information systems for supply Chain management in automotive industry,"Pavlović, Aleksandar",Aleksandar,male,0.999981406971485,True
Context-sensitive business process support based on emails,"Burkhart, Thomas",Thomas,male,0.9999981017477207,True
Context-sensitive business process support based on emails,"Werth, Dirk",Dirk,male,0.9999427916159628,True
Context-sensitive business process support based on emails,"Loos, Peter",Peter,male,0.9999580684529622,True
The role of BPM in the IT value-chain: Exploring how managing business processes can decouple business and IT,"Møller, Charles",Charles,male,0.9999843936174916,True
A workflow based clinical decision support system through integration of clinical workflow and knowledge processing,"Lee, JaeHoon",JaeHoon,male,0.9995986202468066,True
A workflow based clinical decision support system through integration of clinical workflow and knowledge processing,"Jang, JinYoung",JinYoung,female,0.9768871796532923,True
A workflow based clinical decision support system through integration of clinical workflow and knowledge processing,"Shim, BinGu",BinGu,male,0.9937015447790036,True
A workflow based clinical decision support system through integration of clinical workflow and knowledge processing,"Kim, SunTae",SunTae,unknown,0.5280063091163067,False
A workflow based clinical decision support system through integration of clinical workflow and knowledge processing,"Kim, JiHyun",JiHyun,female,0.9924294138262556,True
A workflow based clinical decision support system through integration of clinical workflow and knowledge processing,"Kim, HyunYoung",HyunYoung,female,0.993946806648204,True
A workflow based clinical decision support system through integration of clinical workflow and knowledge processing,"Song, SangHoon",SangHoon,male,0.9999736436802374,True
A workflow based clinical decision support system through integration of clinical workflow and knowledge processing,"Kim, JeongAh",JeongAh,unknown,0.692345646117349,False
A workflow based clinical decision support system through integration of clinical workflow and knowledge processing,"Cho, InSook",InSook,female,0.9826654927144766,True
A workflow based clinical decision support system through integration of clinical workflow and knowledge processing,"Kim, Yoon",Yoon,unknown,0.5832195918833537,False
A general framework for precision checking,"Munoz-Gama, Jorge",Jorge,male,0.9999507614101812,True
A general framework for precision checking,"Carmona, Josep",Josep,male,0.9999940772989437,True
Reactive event calculus for monitoring global computing applications,"Bragaglia, Stefano",Stefano,male,0.9999619769884374,True
Reactive event calculus for monitoring global computing applications,"Chesani, Federico",Federico,male,0.999947511448034,True
Reactive event calculus for monitoring global computing applications,"Mello, Paola",Paola,female,0.9999891372513092,True
Reactive event calculus for monitoring global computing applications,"Montali, Marco",Marco,male,0.9998964214527616,True
Reactive event calculus for monitoring global computing applications,"Torroni, Paolo",Paolo,male,0.9999357526976299,True
Providing fault-tolerant execution of web-service-based workflows within clouds,"Behl, Johannes",Johannes,male,0.9999887278356387,True
Providing fault-tolerant execution of web-service-based workflows within clouds,"Distler, Tobias",Tobias,male,0.9999755650213412,True
Providing fault-tolerant execution of web-service-based workflows within clouds,"Heisig, Florian",Florian,male,0.9999672042878258,True
Providing fault-tolerant execution of web-service-based workflows within clouds,"Kapitza, Rüdiger",Rüdiger,male,0.9990950014728264,True
Providing fault-tolerant execution of web-service-based workflows within clouds,"Schunter, Matthias",Matthias,male,0.9999337682187655,True
Configurable analysis of sequential multi-party choreographies,"Schönberger, Andreas",Andreas,male,0.9999763395171621,True
Configurable analysis of sequential multi-party choreographies,"Wirtz, Guido",Guido,male,0.999905551240006,True
Using π-calculus for formalizing service interactions,"Jiulei, Jiang",Jiang,male,0.8982988981949861,True
Using π-calculus for formalizing service interactions,"Jiajin, Le",Le,female,0.8993609361692895,True
Using π-calculus for formalizing service interactions,"Feng, He",He,male,0.9119018856117466,True
Using π-calculus for formalizing service interactions,"Yan, Wang",Wang,male,0.9203221744198354,True
Developing domain-specific mashup tools for end users,"Daniel, Florian",Florian,male,0.9999672042878258,True
Developing domain-specific mashup tools for end users,"Imran, Muhammad",Muhammad,male,0.9999971836173159,True
Developing domain-specific mashup tools for end users,"Kling, Felix",Felix,male,0.9998848338420872,True
Developing domain-specific mashup tools for end users,"Soi, Stefano",Stefano,male,0.9999619769884374,True
Developing domain-specific mashup tools for end users,"Casati, Fabio",Fabio,male,0.9999554817772992,True
Developing domain-specific mashup tools for end users,"Marchese, Maurizio",Maurizio,male,0.9999056951422044,True
Key information technology and management issues 2011-2012: An international study,"Luftman, Jerry",Jerry,male,0.9963142818767432,True
Key information technology and management issues 2011-2012: An international study,"Zadeh, Hossein S.",Hossein,male,0.9999453153145771,True
Key information technology and management issues 2011-2012: An international study,"Derksen, Barry",Barry,male,0.9997107200738254,True
Key information technology and management issues 2011-2012: An international study,"Santana, Martin",Martin,male,0.9998539477569732,True
Key information technology and management issues 2011-2012: An international study,"Rigoni, Eduardo Henrique",Eduardo,male,0.9999664554772328,True
Key information technology and management issues 2011-2012: An international study,"Huang, Zhengwei",Zhengwei,male,0.9910071166633158,True
Analysis of heuristics to identify crosscutting concerns in business process models,"Nogueira Santos, Fabiana Jack",Fabiana,female,0.9999972654407242,True
Analysis of heuristics to identify crosscutting concerns in business process models,"Cappelli, Claudia",Claudia,female,0.9999814071022761,True
Analysis of heuristics to identify crosscutting concerns in business process models,"Santoro, Flávia",Flávia,female,0.9980152096934121,True
Analysis of heuristics to identify crosscutting concerns in business process models,"Do Prado Leite, Julio Cesar Sampaio",Julio,male,0.9999149411605313,True
Analysis of heuristics to identify crosscutting concerns in business process models,"Batista, Thaís Vasconcelos",Thaís,female,0.9919473656899821,True
Subjects vs. objects - A top-down approach,"Krauthausen, Clemens",Clemens,male,0.9997642752089578,True
Impact of information and communication technologies on business process management on small and medium enterprises in the emerging countries,"Bazhenova, Ekaterina",Ekaterina,female,0.9999977076002395,True
Impact of information and communication technologies on business process management on small and medium enterprises in the emerging countries,"Taratukhin, Victor",Victor,male,0.9999862345379419,True
Impact of information and communication technologies on business process management on small and medium enterprises in the emerging countries,"Becker, Jörg",Jörg,male,0.9995939947892971,True
Periodic performance prediction for real-time business process monitoring,"Kang, Bokyoung",Bokyoung,male,0.5647298145887915,False
Periodic performance prediction for real-time business process monitoring,"Kim, Dongsoo",Dongsoo,male,0.9997127631272084,True
Periodic performance prediction for real-time business process monitoring,"Kang, Suk-Ho",Suk,female,0.5838175417281809,False
New optical splitter design for application in fibre-to-the home passive optical network using virtual lab platform,"Ab-Rahman, Mohd Syuhaimi",Mohd,male,0.9999652934861983,True
New optical splitter design for application in fibre-to-the home passive optical network using virtual lab platform,"Aziz, Ainon Najahah Abdul",Ainon,female,0.9936757943610647,True
New optical splitter design for application in fibre-to-the home passive optical network using virtual lab platform,"Khairuddin, Aimi Amalin",Aimi,female,0.9998554273908139,True
New optical splitter design for application in fibre-to-the home passive optical network using virtual lab platform,"Aziz, Siti Asma Che",Siti,female,0.9997937739804773,True
New optical splitter design for application in fibre-to-the home passive optical network using virtual lab platform,"Jumari, Kasmiran",Kasmiran,unknown,0.6028693866875042,False
SLA business management based on key performance indicators,"Al Aloussi, S.",,unknown,0,False
Knowledge engineering for business rules in PROLOG,"Ostermayer, Ludwig",Ludwig,male,0.9999073969444394,True
Knowledge engineering for business rules in PROLOG,"Seipel, Dietmar",Dietmar,male,0.999991274897892,True
From subject-phase model based process specifications to an executable workflow,"Fleischmann, Albert",Albert,male,0.9999213683449588,True
A framework for the support of value co-creation by social software,"Schmidt, Rainer",Rainer,male,0.9999264596357705,True
Modeling security requirements in service based business processes,"Turki, Sameh Hbaieb",Sameh,male,0.9990816941889886,True
Modeling security requirements in service based business processes,"Bellaaj, Farah",Farah,female,0.9991445131587148,True
Modeling security requirements in service based business processes,"Charfi, Anis",Anis,male,0.9846033753614614,True
Modeling security requirements in service based business processes,"Bouaziz, Rafik",Rafik,male,0.9999192281385887,True
A monitor approach in data-centric BPM,"Zhao, Danfeng",Danfeng,female,0.9854509611676608,True
A monitor approach in data-centric BPM,"Liu, Guohua",Guohua,male,0.9356322066961649,True
A monitor approach in data-centric BPM,"Liu, Haibin",Haibin,male,0.9760008151384457,True
Enterprise systems meet social BPM,"Molhanec, Martin",Martin,male,0.9998539477569732,True
edUFlow: An event-driven ubiquitous flow management system,"Jung, Jae-Yoon",Jae,male,0.9756125269782338,True
edUFlow: An event-driven ubiquitous flow management system,"Rosales, Pablo",Pablo,male,0.9999522824750242,True
edUFlow: An event-driven ubiquitous flow management system,"Oh, Kyuhyup",Kyuhyup,male,0.6863370477525581,False
edUFlow: An event-driven ubiquitous flow management system,"Kim, Kyuri",Kyuri,female,0.9883301456192968,True
BPMS implementations in SMEs: Exploring the creation of a situational method,"Veldhuizen, Roel",Roel,male,0.9999873730650223,True
BPMS implementations in SMEs: Exploring the creation of a situational method,"Van Ravesteijn, Pascal",Pascal,male,0.9999832927816735,True
BPMS implementations in SMEs: Exploring the creation of a situational method,"Versendaal, Johan",Johan,male,0.999997087608752,True
How to design and deliver process context sensitive information: Concept and prototype,"Stein, Armin",Armin,male,0.9999658640564734,True
How to design and deliver process context sensitive information: Concept and prototype,"Fischer, Robin",Robin,female,0.9831070203571547,True
Modeling business rules for supervisory control of process-aware information systems,"Santos, Eduardo A. P.",Eduardo,male,0.9999664554772328,True
Modeling business rules for supervisory control of process-aware information systems,"Francisco, Rosemary",Rosemary,female,0.9998492042562326,True
Modeling business rules for supervisory control of process-aware information systems,"Vieira, Agnelo D.",Agnelo,male,0.9942378268025027,True
Modeling business rules for supervisory control of process-aware information systems,"De F.r. Loures, Eduardo",Eduardo,male,0.9999664554772328,True
Modeling business rules for supervisory control of process-aware information systems,"Busetti, Marco A.",Marco,male,0.9998964214527616,True
Repository-based ERP case studies: A study about chances and benefits of agile case study development,"Scheruhn, Hans-Jürgen",Hans,male,0.9999270008633634,True
Repository-based ERP case studies: A study about chances and benefits of agile case study development,"Sicorello, Sandro",Sandro,male,0.9999473217912795,True
Repository-based ERP case studies: A study about chances and benefits of agile case study development,"Weidner, Stefan",Stefan,male,0.9999831604184807,True
ZEP520A cold-development technique and tool for ultimate resolution to fabricate 1Xnm bit pattern EB master mold for nano-imprinting lithography for HDD/BPM development,"Kobayashi, Hideo",Hideo,male,0.9999803133103462,True
ZEP520A cold-development technique and tool for ultimate resolution to fabricate 1Xnm bit pattern EB master mold for nano-imprinting lithography for HDD/BPM development,"Iyama, Hiromasa",Hiromasa,male,0.8878609428498263,True
ZEP520A cold-development technique and tool for ultimate resolution to fabricate 1Xnm bit pattern EB master mold for nano-imprinting lithography for HDD/BPM development,"Kishimoto, Shuji",Shuji,male,0.9992721143351375,True
ZEP520A cold-development technique and tool for ultimate resolution to fabricate 1Xnm bit pattern EB master mold for nano-imprinting lithography for HDD/BPM development,"Suzuki, Kouta",Kouta,unknown,0.6613229563843105,False
ZEP520A cold-development technique and tool for ultimate resolution to fabricate 1Xnm bit pattern EB master mold for nano-imprinting lithography for HDD/BPM development,"Taniguchi, Kazutake",Kazutake,unknown,0.6005350175579138,False
ZEP520A cold-development technique and tool for ultimate resolution to fabricate 1Xnm bit pattern EB master mold for nano-imprinting lithography for HDD/BPM development,"Nakatsuka, Sakae",Sakae,unknown,0.5284954892100319,False
ZEP520A cold-development technique and tool for ultimate resolution to fabricate 1Xnm bit pattern EB master mold for nano-imprinting lithography for HDD/BPM development,"Kagatsume, Takeshi",Takeshi,male,0.9997687224682361,True
ZEP520A cold-development technique and tool for ultimate resolution to fabricate 1Xnm bit pattern EB master mold for nano-imprinting lithography for HDD/BPM development,"Sato, Takashi",Takashi,male,0.9997988481962545,True
ZEP520A cold-development technique and tool for ultimate resolution to fabricate 1Xnm bit pattern EB master mold for nano-imprinting lithography for HDD/BPM development,"Watanabe, Tsuyoshi",Tsuyoshi,male,0.9997465625592936,True
An approach towards subject-oriented access control,"Lawall, Alexander",Alexander,male,0.9999914495946162,True
An approach towards subject-oriented access control,"Schaller, Thomas",Thomas,male,0.9999981017477207,True
An approach towards subject-oriented access control,"Reichelt, Dominik",Dominik,male,0.9999341703754147,True
Towards intelligent supply chains: A unified framework for business process design,"Siurdyban, Artur",Artur,male,0.9999739518647052,True
Towards intelligent supply chains: A unified framework for business process design,"Møller, Charles",Charles,male,0.9999843936174916,True
Business process improvement framework and representational support,"Lodhi, Azeem",Azeem,male,0.9998930418958906,True
Business process improvement framework and representational support,"Köppen, Veit",Veit,male,0.9940691196140958,True
Business process improvement framework and representational support,"Saake, Gunter",Gunter,male,0.9999668826888214,True
A proposal for ownership representation in the context of business process models,"Santos, Fabiana Jack Nogueira",Fabiana,female,0.9999972654407242,True
A proposal for ownership representation in the context of business process models,"Do Prado Leite, Julio Cesar Sampaio",Julio,male,0.9999149411605313,True
A proposal for ownership representation in the context of business process models,"Cappelli, Claudia",Claudia,female,0.9999814071022761,True
A proposal for ownership representation in the context of business process models,"Santoro, Flávia Maria",Flávia,female,0.9980152096934121,True
A proposal for ownership representation in the context of business process models,"Batista, Thaís Vasconcelos",Thaís,female,0.9919473656899821,True
Towards an understanding of the business process analyst: An analysis of competencies,"Sonteya, Thembela",Thembela,unknown,0.7202561004154535,False
Towards an understanding of the business process analyst: An analysis of competencies,"Seymour, Lisa",Lisa,female,0.9999920796870457,True
"Integrating ordinary users into process management: Towards implementing bottom-up, people-centric BPM","Prilla, Michael",Michael,male,0.9999876221560686,True
"Integrating ordinary users into process management: Towards implementing bottom-up, people-centric BPM","Nolte, Alexander",Alexander,male,0.9999914495946162,True
Control-flow pattern based transformation from UML activity diagram to YAWL,"Han, Zhaogang",Zhaogang,male,0.9285983503970306,True
Control-flow pattern based transformation from UML activity diagram to YAWL,"Zhang, Li",Li,female,0.9821247080400133,True
Control-flow pattern based transformation from UML activity diagram to YAWL,"Ling, Jiming",Jiming,male,0.9010530279818988,True
Control-flow pattern based transformation from UML activity diagram to YAWL,"Huang, Shihong",Shihong,male,0.8967863216963756,True
"Business process model abstraction: A definition, catalog, and survey","Smirnov, Sergey",Sergey,male,0.9999262025407933,True
"Business process model abstraction: A definition, catalog, and survey","Reijers, Hajo A.",Hajo,unknown,0.6060434118944652,False
"Business process model abstraction: A definition, catalog, and survey","Weske, Mathias",Mathias,male,0.999948038650782,True
"Business process model abstraction: A definition, catalog, and survey","Nugteren, Thijs",Thijs,male,0.9998677541935831,True
Aspect oriented business process modelling with precedence,"Jalali, Amin",Amin,male,0.999758654462319,True
Aspect oriented business process modelling with precedence,"Wohed, Petia",Petia,female,0.999916611117753,True
Aspect oriented business process modelling with precedence,"Ouyang, Chun",Chun,male,0.9816926028175558,True
Enhancing business process management with a constraint-based approach,"Runte, Wolfgang",Wolfgang,male,0.9998326674032032,True
BPM Academic initiative fostering empirical research,"Kunze, Matthias",Matthias,male,0.9999337682187655,True
BPM Academic initiative fostering empirical research,"Berger, Philipp",Philipp,male,0.9999372005997167,True
BPM Academic initiative fostering empirical research,"Weske, Mathias",Mathias,male,0.999948038650782,True
Cold-development tool and technique for the ultimate resolution of ZEP520A to fabricate an EB master mold for nano-imprint lithography for 1Tbit/inch2 BPM development,"Kobayashi, Hideo",Hideo,male,0.9999803133103462,True
Cold-development tool and technique for the ultimate resolution of ZEP520A to fabricate an EB master mold for nano-imprint lithography for 1Tbit/inch2 BPM development,"Iyama, Hiromasa",Hiromasa,male,0.8878609428498263,True
Cold-development tool and technique for the ultimate resolution of ZEP520A to fabricate an EB master mold for nano-imprint lithography for 1Tbit/inch2 BPM development,"Kagatsume, Takeshi",Takeshi,male,0.9997687224682361,True
Cold-development tool and technique for the ultimate resolution of ZEP520A to fabricate an EB master mold for nano-imprint lithography for 1Tbit/inch2 BPM development,"Watanabe, Tsuyoshi",Tsuyoshi,male,0.9997465625592936,True
A method of business processes activity composition for emergency management,"Chen, Xin",Xin,female,0.7003246185087639,False
A method of business processes activity composition for emergency management,"Cui, Bin-ge",Bin,male,0.9912955838328016,True
A method of business processes activity composition for emergency management,"Zhang, Feng",Feng,male,0.9830753668861625,True
Using status feeds for peer production by coordinating non-predictable business processes,"Vogt, Simon",Simon,male,0.9999853866925988,True
Using status feeds for peer production by coordinating non-predictable business processes,"Fink, Andreas",Andreas,male,0.9999763395171621,True
Routinizing change: Does business process management technology have unintended firm-level consequences?,"Pentland, Brian T.",Brian,male,0.999980533484253,True
Routinizing change: Does business process management technology have unintended firm-level consequences?,"Singh, Harminder",Harminder,male,0.9938145074857262,True
Routinizing change: Does business process management technology have unintended firm-level consequences?,"Yakura, Elaine K.",Elaine,female,0.9999941272139473,True
Stakeholder-driven collaborative modeling of subject-oriented business processes,"Wachholder, Dominik",Dominik,male,0.9999341703754147,True
Stakeholder-driven collaborative modeling of subject-oriented business processes,"Oppl, Stefan",Stefan,male,0.9999831604184807,True
Virtual worlds as a model-view approach to the communication of business processes models,"Guo, Hanwen",Hanwen,male,0.9755916572486398,True
Virtual worlds as a model-view approach to the communication of business processes models,"Brown, Ross",Ross,male,0.9999412678480439,True
Virtual worlds as a model-view approach to the communication of business processes models,"Rasmussen, Rune",Rune,male,0.9977062054075454,True
ModelAsYouGo: (Re-) design of S-BPM process models during execution time,"Gottanka, Robert",Robert,male,0.9999776797436909,True
ModelAsYouGo: (Re-) design of S-BPM process models during execution time,"Meyer, Nils",Nils,male,0.999609305827729,True
Extending BPMN 2.0 for modelling the combination of activities that involve data constraints,"Parody, Luisa",Luisa,female,0.9999960147175538,True
Extending BPMN 2.0 for modelling the combination of activities that involve data constraints,"Gómez-López, María Teresa",María,female,0.9998408731018508,True
Extending BPMN 2.0 for modelling the combination of activities that involve data constraints,"Gasca, Rafael M.",Rafael,male,0.9999801002723208,True
Configurable process models for logistics case study for customs clearance processes,"Derguech, Wassim",Wassim,male,0.9999548397198318,True
Configurable process models for logistics case study for customs clearance processes,"Gao, Feng",Feng,male,0.9830753668861625,True
Configurable process models for logistics case study for customs clearance processes,"Bhiri, Sami",Sami,male,0.9853481728140153,True
Towards an integration of GRC and BPM - Requirements changes for compliance management caused by externally induced complexity drivers,"Schäfer, Thomas",Thomas,male,0.9999981017477207,True
Towards an integration of GRC and BPM - Requirements changes for compliance management caused by externally induced complexity drivers,"Fettke, Peter",Peter,male,0.9999580684529622,True
Towards an integration of GRC and BPM - Requirements changes for compliance management caused by externally induced complexity drivers,"Loos, Peter",Peter,male,0.9999580684529622,True
A platform for research on process model collections,"Eid-Sabbagh, Rami-Habib",Rami,male,0.991522592305844,True
A platform for research on process model collections,"Kunze, Matthias",Matthias,male,0.9999337682187655,True
A platform for research on process model collections,"Meyer, Andreas",Andreas,male,0.9999763395171621,True
A platform for research on process model collections,"Weske, Mathias",Mathias,male,0.999948038650782,True
Building a conceptual roadmap for systemic change - A novel approach to change management in expert organizations in health care,"Augl, Martina",Martina,female,0.9999980916103636,True
Post-mortem analysis of bpm-interlock triggered beam dumps at petra-III,"Sahoo, G.K.",G.K.,male,0.9841086496759549,True
Post-mortem analysis of bpm-interlock triggered beam dumps at petra-III,"Balewski, K.",,unknown,0,False
Post-mortem analysis of bpm-interlock triggered beam dumps at petra-III,"Kling, A.",,unknown,0,False
Leveraging process discovery with trace clustering and text mining for intelligent analysis of incident management processes,"De Weerdt, Jochen",Jochen,male,0.999994958067544,True
Leveraging process discovery with trace clustering and text mining for intelligent analysis of incident management processes,"Vanden Broucke, Seppe K.L.M.",Seppe,male,0.9843615460127191,True
Leveraging process discovery with trace clustering and text mining for intelligent analysis of incident management processes,"Vanthienen, Jan",Jan,unknown,0.5504849119650672,False
Leveraging process discovery with trace clustering and text mining for intelligent analysis of incident management processes,"Baesens, Bart",Bart,male,0.9998763825923659,True
The influence of human capabilities in effort estimation of business processes modeling projects,"Dutra, José Roberto",José,male,0.9960913709996708,True
The influence of human capabilities in effort estimation of business processes modeling projects,"De Barros, Márcio O.",Márcio,male,0.9969978160111965,True
The influence of human capabilities in effort estimation of business processes modeling projects,"Santoro, Flávia Maria",Flávia,female,0.9980152096934121,True
The influence of human capabilities in effort estimation of business processes modeling projects,"Magdaleno, Andréa M.",Andréa,female,0.9956334821493438,True
The influence of human capabilities in effort estimation of business processes modeling projects,"Cappelli, Claudia",Claudia,female,0.9999814071022761,True
The influence of human capabilities in effort estimation of business processes modeling projects,"Nunes, Vanessa",Vanessa,female,0.9999939452932908,True
The influence of human capabilities in effort estimation of business processes modeling projects,"Klussman, Felipe",Felipe,male,0.9992350889370495,True
A review of event formats as enablers of event-driven BPM,"Becker, Jörg",Jörg,male,0.9995939947892971,True
A review of event formats as enablers of event-driven BPM,"Matzner, Martin",Martin,male,0.9998539477569732,True
A review of event formats as enablers of event-driven BPM,"Müller, Oliver",Oliver,male,0.9999907881390401,True
A review of event formats as enablers of event-driven BPM,"Walter, Marcel",Marcel,male,0.9997303200563393,True
How to choose the right BPM tool: AMaturity-centric decision framework with a case evaluation in the european market,"Hahn, Christopher",Christopher,male,0.9999877129093514,True
How to choose the right BPM tool: AMaturity-centric decision framework with a case evaluation in the european market,"Winkler, Till J.",Till,male,0.9917543299129682,True
How to choose the right BPM tool: AMaturity-centric decision framework with a case evaluation in the european market,"Friedrich, Fabian",Fabian,male,0.99994536757258,True
How to choose the right BPM tool: AMaturity-centric decision framework with a case evaluation in the european market,"Tamm, Gerrit",Gerrit,male,0.9999019892008016,True
How to choose the right BPM tool: AMaturity-centric decision framework with a case evaluation in the european market,"Petruch, Konstantin",Konstantin,male,0.999857334029376,True
Disaster recovery -The process management perspective,"Mousavi, Parastoo",Parastoo,female,0.9902020098721803,True
Disaster recovery -The process management perspective,"Marjanovic, Olivera",Olivera,female,0.9982887231498666,True
Disaster recovery -The process management perspective,"Hallikainen, Petri",Petri,male,0.9436160024500793,True
Interval logic for design and maintenance of complex event processing systems (short paper),"Coffi, Jean-René",Jean,female,0.6637228001271365,False
Interval logic for design and maintenance of complex event processing systems (short paper),"Museux, Nicolas",Nicolas,male,0.9999785911728513,True
Interval logic for design and maintenance of complex event processing systems (short paper),"Marsala, Christophe",Christophe,male,0.9994949508818813,True
Automatic execution of business process models: Exploiting the benefits of Model-driven Engineering approaches,"Fabra, J.",,unknown,0,False
Automatic execution of business process models: Exploiting the benefits of Model-driven Engineering approaches,"De Castro, V.",,unknown,0,False
Automatic execution of business process models: Exploiting the benefits of Model-driven Engineering approaches,"Álvarez, P.",,unknown,0,False
Automatic execution of business process models: Exploiting the benefits of Model-driven Engineering approaches,"Marcos, E.",,unknown,0,False
Architecture and language for semantic reduction of domain-specific models in BPMS,"Lace, Lelde",Lelde,female,0.9994019035149364,True
Architecture and language for semantic reduction of domain-specific models in BPMS,"Liepiņš, Renars",Renars,male,0.9981282455849634,True
Architecture and language for semantic reduction of domain-specific models in BPMS,"Rencis, Edgars",Edgars,male,0.998475813525039,True
The impact of business process complexity on business process standardization: An empirical study,"Schäfermeyer, Markus",Markus,male,0.9999735872978276,True
The impact of business process complexity on business process standardization: An empirical study,"Rosenkranz, Christoph",Christoph,male,0.9996583666010818,True
The impact of business process complexity on business process standardization: An empirical study,"Holten, Roland",Roland,male,0.9999303059295966,True
A framework for measuring and managing value achievement in business processes,"Kang, Sungwon",Sungwon,male,0.9965409182959095,True
A framework for measuring and managing value achievement in business processes,"Lee, Jihyun",Jihyun,female,0.9924294138262556,True
A framework for measuring and managing value achievement in business processes,"Lee, Danhyung",Danhyung,unknown,0.5268186414110677,False
A framework for measuring and managing value achievement in business processes,"Baik, Jongmoon",Jongmoon,male,0.9996214888079499,True
Analysing and improving a recruitment process: A teaching case for developing business process improvement capabilities,"Bandara, Wasana",Wasana,female,0.993626508543848,True
Analysing and improving a recruitment process: A teaching case for developing business process improvement capabilities,"Ouyang, Chun",Chun,male,0.9816926028175558,True
An empirical assessment of the usefulness of weakness patterns in business process redesign,"Becker, Jörg",Jörg,male,0.9995939947892971,True
An empirical assessment of the usefulness of weakness patterns in business process redesign,"Bergener, Philipp",Philipp,male,0.9999372005997167,True
An empirical assessment of the usefulness of weakness patterns in business process redesign,"Breuker, Dominic",Dominic,male,0.9999608949001698,True
An empirical assessment of the usefulness of weakness patterns in business process redesign,"Räckers, Michael",Michael,male,0.9999876221560686,True
PCA-C: A process-centric approach for integrating and managing cloud services,"Kurz, Matthias",Matthias,male,0.9999337682187655,True
PCA-C: A process-centric approach for integrating and managing cloud services,"Billing, Gunnar",Gunnar,male,0.9999686901801756,True
PCA-C: A process-centric approach for integrating and managing cloud services,"Hettling, Karl",Karl,male,0.9999303002997681,True
PCA-C: A process-centric approach for integrating and managing cloud services,"Von Jouanne-Diedrich, Holger",Holger,male,0.9999848410893235,True
Modeling business objectives for business process management,"Lohrmann, Matthias",Matthias,male,0.9999337682187655,True
Modeling business objectives for business process management,"Reichert, Manfred",Manfred,male,0.9999883382145358,True
"Business analytics, process maturity and supply chain performance","Trkman, Peter",Peter,male,0.9999580684529622,True
"Business analytics, process maturity and supply chain performance","Bronzo Ladeira, Marcelo",Marcelo,male,0.9998735221664624,True
"Business analytics, process maturity and supply chain performance","De Oliveira, Marcos Paulo Valadares",Marcos,male,0.9999676793806923,True
"Business analytics, process maturity and supply chain performance","McCormack, Kevin",Kevin,male,0.9999799402805698,True
Knowledge management and business process redesign: An integrated framework; [Gestão do conhecimento e redesenho de processos de negócio: Proposta de uma metodologia integrada],"Moreno, Valter",Valter,male,0.9963029649022184,True
Knowledge management and business process redesign: An integrated framework; [Gestão do conhecimento e redesenho de processos de negócio: Proposta de uma metodologia integrada],"dos Santos, Lucia Helena Andrade",Lucia,female,0.999993652640956,True
Building a bridge between information and process management,"Wurzer, Jörg",Jörg,male,0.9995939947892971,True
Quality and impact monitoring for local eGovernment services,"Candiello, Antonio",Antonio,male,0.9999433950349952,True
Quality and impact monitoring for local eGovernment services,"Albarelli, Andrea",Andrea,female,0.9990642945711071,True
Quality and impact monitoring for local eGovernment services,"Cortesi, Agostino",Agostino,male,0.99979393303736,True
Business process modelling and simulation using formal experience record,"Kucharski, Bartosz",Bartosz,male,0.9997999843954474,True
Business process modelling and simulation using formal experience record,"Szczerbicki, Edward",Edward,male,0.9999944888430353,True
A Precise Execution Semantics for BPMN,"Lam, Vitus S.W.",Vitus,male,0.9996010798476797,True
Generating valid reference Business Process model using genetic algorithm,"Yahya, Bernardo Nugroho",Bernardo,male,0.9999183032961876,True
Generating valid reference Business Process model using genetic algorithm,"Bae, Hyerim",Hyerim,female,0.9938731868327746,True
Generating valid reference Business Process model using genetic algorithm,"Bae, Joonsoo",Joonsoo,male,0.7722804660547181,True
Generating valid reference Business Process model using genetic algorithm,"Kim, Dongsoo",Dongsoo,male,0.9997127631272084,True
Comparative analysis of the implementation of business process management in public administration in Germany and Switzerland,"Ahrend, Norbert",Norbert,male,0.9997332944573782,True
Comparative analysis of the implementation of business process management in public administration in Germany and Switzerland,"Walser, Konrad",Konrad,male,0.9999905818871407,True
Comparative analysis of the implementation of business process management in public administration in Germany and Switzerland,"Leopold, Henrik",Henrik,male,0.9999612355431858,True
Ontology on the level g of the software process model MPS.Br to assist business processes modeling,"Pizzoleto, Alessandro Viola",Alessandro,male,0.9999636677574057,True
Ontology on the level g of the software process model MPS.Br to assist business processes modeling,"De Oliveira, Hilda Carvalho",Hilda,female,0.9999943919023871,True
Ontology on the level g of the software process model MPS.Br to assist business processes modeling,"Oliveira, Celso Socorro",Celso,male,0.9998216060635936,True
Industry operations architecture for business process model collections,"Sanz, Jorge L. C.",Jorge,male,0.9999507614101812,True
Industry operations architecture for business process model collections,"Leung, Ying",Ying,female,0.9976878084537152,True
Industry operations architecture for business process model collections,"Terrizzano, Ignacio",Ignacio,male,0.9999054231007377,True
Industry operations architecture for business process model collections,"Becker, Valeria",Valeria,female,0.9999950631122845,True
Industry operations architecture for business process model collections,"Glissmann, Susanne",Susanne,female,0.9999892357121019,True
Industry operations architecture for business process model collections,"Kramer, Joseph",Joseph,male,0.9999763849079151,True
Industry operations architecture for business process model collections,"Ren, Guang-Jie",Guang,male,0.9867811274174588,True
Event-driven process-centric performance prediction via simulation,"Redlich, David",David,male,0.9999952928042082,True
Event-driven process-centric performance prediction via simulation,"Gilani, Wasif",Wasif,male,0.9999707412768138,True
Developing a process quality improvement questionnaire - A case study on writing discharge letters,"Heinrich, Robert",Robert,male,0.9999776797436909,True
Developing a process quality improvement questionnaire - A case study on writing discharge letters,"Paech, Barbara",Barbara,female,0.999979214602181,True
Developing a process quality improvement questionnaire - A case study on writing discharge letters,"Brandner, Antje",Antje,female,0.9999915325116631,True
Developing a process quality improvement questionnaire - A case study on writing discharge letters,"Kutscha, Ulrike",Ulrike,female,0.999992140877862,True
Developing a process quality improvement questionnaire - A case study on writing discharge letters,"Bergh, Björn",Björn,male,0.9997078412618494,True
Ad-hoc adaption of subject-oriented business processes at runtime to support organizational learning,"Rothschädl, Thomas",Thomas,male,0.9999981017477207,True
Separating compliance management and business process management,"Ramezani, Elham",Elham,female,0.9928645255632041,True
Separating compliance management and business process management,"Fahland, Dirk",Dirk,male,0.9999427916159628,True
Separating compliance management and business process management,"Van Der Werf, Jan Martijn",Jan,unknown,0.5504849119650672,False
Separating compliance management and business process management,"Mattheis, Peter",Peter,male,0.9999580684529622,True
Workflow simulation for operational decision support using event graph through process mining,"Liu, Ying",Ying,female,0.9976878084537152,True
Workflow simulation for operational decision support using event graph through process mining,"Zhang, Hui",Hui,female,0.9846458138641376,True
Workflow simulation for operational decision support using event graph through process mining,"Li, Chunping",Chunping,female,0.8335634179064103,True
Workflow simulation for operational decision support using event graph through process mining,"Jiao, Roger Jianxin",Roger,male,0.9999953459002401,True
A formative measurement model of business process model quality,"Bandara, Wasana",Wasana,female,0.993626508543848,True
A formative measurement model of business process model quality,"Gable, Guy",Guy,male,0.999925082445384,True
Master mold and working replica fabrication for nano-imprinting lithography for 1Tbit/inch2 and 25nm pitch bit patterned media,"Kobayashi, Hideo",Hideo,male,0.9999803133103462,True
Master mold and working replica fabrication for nano-imprinting lithography for 1Tbit/inch2 and 25nm pitch bit patterned media,"Kishimoto, Shuji",Shuji,male,0.9992721143351375,True
Master mold and working replica fabrication for nano-imprinting lithography for 1Tbit/inch2 and 25nm pitch bit patterned media,"Suzuki, Kouta",Kouta,male,0.6613229563843105,False
Master mold and working replica fabrication for nano-imprinting lithography for 1Tbit/inch2 and 25nm pitch bit patterned media,"Iyama, Hiromasa",Hiromasa,male,0.8878609428498263,True
Master mold and working replica fabrication for nano-imprinting lithography for 1Tbit/inch2 and 25nm pitch bit patterned media,"Nakatsuka, Sakae",Sakae,male,0.5284954892100319,False
Master mold and working replica fabrication for nano-imprinting lithography for 1Tbit/inch2 and 25nm pitch bit patterned media,"Taniguchi, Kazutake",Kazutake,female,0.6005350175579138,False
Master mold and working replica fabrication for nano-imprinting lithography for 1Tbit/inch2 and 25nm pitch bit patterned media,"Kagatsume, Takaeshi",Takaeshi,unknown,0.5273068131311417,False
Master mold and working replica fabrication for nano-imprinting lithography for 1Tbit/inch2 and 25nm pitch bit patterned media,"Sato, Takashi",Takashi,male,0.9997988481962545,True
Master mold and working replica fabrication for nano-imprinting lithography for 1Tbit/inch2 and 25nm pitch bit patterned media,"Watanabe, Tsuyoshi",Tsuyoshi,male,0.9997465625592936,True
A study on the business process management and modeling using i-AOMA,"Cho, Gyusung",Gyusung,unknown,0.5445992565425841,False
A study on the business process management and modeling using i-AOMA,"Ryu, Kwangyeol",Kwangyeol,unknown,0.582868798781278,False
Goal-oriented model-driven business process monitoring using ProGoalML,"Koetter, Falko",Falko,male,0.9938941136601905,True
Goal-oriented model-driven business process monitoring using ProGoalML,"Kochanowski, Monika",Monika,female,0.999996989457821,True
The function-behaviour-structure diagram for modelling workflow of information systems,"Niepostyn, Stanislaw Jerzy",Stanislaw,male,0.9999725633741432,True
The function-behaviour-structure diagram for modelling workflow of information systems,"Bluemke, Ilona",Ilona,female,0.999994891609944,True
On theoretical foundations of empirical business process management research,"Houy, Constantin",Constantin,male,0.9998452155438584,True
On theoretical foundations of empirical business process management research,"Fettke, Peter",Peter,male,0.9999580684529622,True
On theoretical foundations of empirical business process management research,"Loos, Peter",Peter,male,0.9999580684529622,True
Using social network analysis and derivatives to develop the S-BPM approach and community of practice,"Weber, James E.",James,male,0.9999966559619894,True
Using social network analysis and derivatives to develop the S-BPM approach and community of practice,"Schmidt, Werner",Werner,male,0.9999697709027106,True
Using social network analysis and derivatives to develop the S-BPM approach and community of practice,"Weber, Paula S.",Paula,female,0.9999876548500423,True
Relevance Of Business Process Management (BPM) course in business school curriculum & course outline,"Hoffmann, Jórg",Jórg,male,0.9996020992530961,True
Relevance Of Business Process Management (BPM) course in business school curriculum & course outline,"Weber, Ingo",Ingo,male,0.9999333804098659,True
Relevance Of Business Process Management (BPM) course in business school curriculum & course outline,"Kraft, Frank Michael",Frank,male,0.999947578866658,True
Relevance Of Business Process Management (BPM) course in business school curriculum & course outline,"Pal, Raktim",Raktim,male,0.9983458985576303,True
Relevance Of Business Process Management (BPM) course in business school curriculum & course outline,"Sen, Sagnika",Sagnika,female,0.7212567383161919,False
Limitations of performance measurement systems based on key performance indicators,"Pidun, Tim",Tim,male,0.9999194162795334,True
Limitations of performance measurement systems based on key performance indicators,"Felden, Carsten",Carsten,male,0.9999179788184361,True
Transaction management for inter-organizational business process,"Bae, Joonsoo",Joonsoo,male,0.7722804660547181,True
Transaction management for inter-organizational business process,"Solehati, Nita",Nita,female,0.9999959206408602,True
Transaction management for inter-organizational business process,"Kang, Young Ki",Young,male,0.990940072875331,True
Design and fabrication of a 1-by-4 multimode interference splitter based on InP,"Li, Ma",Ma,female,0.9883831103973414,True
Design and fabrication of a 1-by-4 multimode interference splitter based on InP,"Zhang, Can",Can,male,0.9966905760502713,True
Design and fabrication of a 1-by-4 multimode interference splitter based on InP,"Zhu, Hongliang",Hongliang,male,0.9836144645681464,True
Design and fabrication of a 1-by-4 multimode interference splitter based on InP,"Chen, Minghua",Minghua,male,0.6930329034879086,False
Business processes and organisations: Challenges and opportunities towards a people-centric approach,"Gonçalves, Nuno Pina",Nuno,male,0.9999005263364984,True
Business processes and organisations: Challenges and opportunities towards a people-centric approach,"Pereira, José António S.",José,male,0.9960913709996708,True
Understanding dynamic is capabilities for effective process change: A theoretical framework and an empirical application,"Niehaves, Bjoern",Bjoern,male,0.9999626535245362,True
Understanding dynamic is capabilities for effective process change: A theoretical framework and an empirical application,"Plattfaut, Ralf",Ralf,male,0.9999738177966511,True
Understanding dynamic is capabilities for effective process change: A theoretical framework and an empirical application,"Sarker, Suprateek",Suprateek,unknown,0.676593575099445,False
Simulation standard for business process management,"Januszczak, John",John,male,0.9999985032120171,True
Simulation standard for business process management,"Hook, Geoff",Geoff,male,0.999994074472292,True
"The ""selection, training, follow and evaluation framework"" (STFEF) for manager's in business innovation transformation projects"" a holistic overview","Trad, Antoine",Antoine,male,0.9984813566222036,True
"The ""selection, training, follow and evaluation framework"" (STFEF) for manager's in business innovation transformation projects"" a holistic overview","Kalpic, Damir",Damir,male,0.9999660318290263,True
A comparative analysis of Business Analysis (BA) and Business Process Management (BPM) capabilities,"Mathiesen, Paul",Paul,male,0.999990342528266,True
A comparative analysis of Business Analysis (BA) and Business Process Management (BPM) capabilities,"Bandara, Wasana",Wasana,female,0.993626508543848,True
A comparative analysis of Business Analysis (BA) and Business Process Management (BPM) capabilities,"Delavari, Houra",Houra,female,0.9899967223389139,True
A comparative analysis of Business Analysis (BA) and Business Process Management (BPM) capabilities,"Harmon, Paul",Paul,male,0.999990342528266,True
A comparative analysis of Business Analysis (BA) and Business Process Management (BPM) capabilities,"Brennan, Kevin",Kevin,male,0.9999799402805698,True
Realization of business process automation based on web services and WS-BPEL,"Xiong, Guang-Cai",Guang,male,0.9867811274174588,True
Realization of business process automation based on web services and WS-BPEL,"Wang, Zhi-Feng",Zhi,male,0.9843741412639924,True
Realization of business process automation based on web services and WS-BPEL,"Zhang, Xin-Jia",Xin,female,0.7003246185087639,False
Realization of business process automation based on web services and WS-BPEL,"Ji, Guo-Jun",Guo,male,0.9927823788737182,True
From information systems development to enterprise engineering,"Dietz, Jan L. G.",Jan,unknown,0.5504849119650672,False
"Managing insights: A repository for process analytics, optimization and decision support","Niedermann, Florian",Florian,male,0.9999672042878258,True
"Managing insights: A repository for process analytics, optimization and decision support","Schwarz, Holger",Holger,male,0.9999848410893235,True
"Managing insights: A repository for process analytics, optimization and decision support","Mitschang, Bernhard",Bernhard,male,0.9999742564512356,True
Towards a conceptualisation of BPM culture: Results from a literature review,"Vom Brocke, Jan",Jan,unknown,0.5504849119650672,False
Towards a conceptualisation of BPM culture: Results from a literature review,"Schmiedel, Theresa",Theresa,female,0.9999840684840471,True
The foundations for managing a modern enterprise: A review,"Farukh, Muhammad",Muhammad,male,0.9999971836173159,True
The foundations for managing a modern enterprise: A review,"Moalla, Nejib",Nejib,male,0.9999261666390087,True
The foundations for managing a modern enterprise: A review,"Bouras, Abdelaziz",Abdelaziz,male,0.9999374913519348,True
"The quest for know-how, know-why, know-what and know-who: Using KAOS for enterprise modelling","Bernaert, Maxime",Maxime,male,0.9869277779613828,True
"The quest for know-how, know-why, know-what and know-who: Using KAOS for enterprise modelling","Poels, Geert",Geert,male,0.9998608924148286,True
Global knowledge-intensive business process: Extending the boundaries of business process management,"Marjanovic, Olivera",Olivera,female,0.9982887231498666,True
Global knowledge-intensive business process: Extending the boundaries of business process management,"Roztocki, Narcyz",Narcyz,male,0.9788072751934725,True
Towards educating boundary spanning professionals across BPM and BI domains,"Raduescu, Corina",Corina,female,0.9999979440446723,True
Towards educating boundary spanning professionals across BPM and BI domains,"Marjanovic, Olivera",Olivera,female,0.9982887231498666,True
BPMN and design patterns for engineering social BPM solutions,"Brambilla, Marco",Marco,male,0.9998964214527616,True
BPMN and design patterns for engineering social BPM solutions,"Fraternali, Piero",Piero,male,0.99991242932963,True
BPMN and design patterns for engineering social BPM solutions,"Vaca, Carmen",Carmen,female,0.9959647241082684,True
Overcoming difficulties of applying business process management in real business environment,"Yimwadsana, Boonsit",Boonsit,male,0.9844162642563077,True
"ProcessCodi: A case study on social BPM through integration of SNS, mind map, and BPMS","Lee, JaeHoon",JaeHoon,male,0.9995986202468066,True
"ProcessCodi: A case study on social BPM through integration of SNS, mind map, and BPMS","Jang, JinYoung",JinYoung,female,0.9768871796532923,True
"ProcessCodi: A case study on social BPM through integration of SNS, mind map, and BPMS","Kim, Jeong Ah",Jeong,male,0.7382790768103004,False
Business process orientation in Croatian companies: A multi-site case study,"Vuksic, Vesna Bosilj",Vesna,female,0.9999954711225196,True
Business process orientation in Croatian companies: A multi-site case study,"Bach, Mirjana Pejic",Mirjana,female,0.9999937463645924,True
Business process orientation in Croatian companies: A multi-site case study,"Marjanovic, Olivera",Olivera,female,0.9982887231498666,True
Entity-centric operations modeling for business process management - A multidisciplinary review of the state-of-the-art,"Sanz, Jorge L. C.",Jorge,male,0.9999507614101812,True
Toward engineering of security of information systems: The security acts,"Goudalo, Wilson",Wilson,male,0.9999660472801029,True
What makes a useful maturity model? A framework of general design principles for maturity models and its demonstration in business process management,"Pöppelbuß, Jens",Jens,male,0.9999725010363429,True
What makes a useful maturity model? A framework of general design principles for maturity models and its demonstration in business process management,"Röglinger, Maximilian",Maximilian,male,0.9998238213451786,True
Teaching business process management in cross-country collaborative teams using ERP,"Jaeger, Bjoern",Bjoern,male,0.9999626535245362,True
Teaching business process management in cross-country collaborative teams using ERP,"Rudra, Amit",Amit,male,0.9985253474283259,True
Teaching business process management in cross-country collaborative teams using ERP,"Aitken, Ashley",Ashley,female,0.9987793230320211,True
Teaching business process management in cross-country collaborative teams using ERP,"Chang, Vanessa",Vanessa,female,0.9999939452932908,True
Teaching business process management in cross-country collaborative teams using ERP,"Helgheim, Berit",Berit,female,0.9999456538152867,True
Boundary spanning practices in BPM: A dynamic capability perspective,"Niehaves, Bjoern",Bjoern,male,0.9999626535245362,True
Boundary spanning practices in BPM: A dynamic capability perspective,"Henser, Jörn",Jörn,male,0.9996786468901714,True
Alignment of business process management and business rules,"Zoet, Martijn",Martijn,male,0.9994882725708324,True
Alignment of business process management and business rules,"Versendaal, Johan",Johan,male,0.999997087608752,True
Alignment of business process management and business rules,"Ravesteyn, Pascal",Pascal,male,0.9999832927816735,True
Alignment of business process management and business rules,"Welke, Richard",Richard,male,0.9999944029565571,True
Where are the participants? Including motivational aspects into theorizing and design in is research,"Beverungen, Daniel",Daniel,male,0.9999484956264236,True
Where are the participants? Including motivational aspects into theorizing and design in is research,"Wittchen, Marion",Marion,female,0.9909848444811858,True
Where are the participants? Including motivational aspects into theorizing and design in is research,"Becker, Jörg",Jörg,male,0.9995939947892971,True
Business Process Modeling and simulation,"Hook, Geoffrey",Geoffrey,male,0.9999655859107274,True
An hybrid integration approach to business process management implementation,"Gao, Ming",Ming,unknown,0.5866865921981015,False
An hybrid integration approach to business process management implementation,"Jia, Hongyu",Hongyu,male,0.7288075961528151,False
The S-BPM modelling technique as an enabling tool for representation of agency and situation,"Strecker, Florian",Florian,male,0.9999672042878258,True
The S-BPM modelling technique as an enabling tool for representation of agency and situation,"Meyer, Nils",Nils,male,0.999609305827729,True
ERP and BPMS integration at a manufacturing simulation lab,"Mejía, C. A. Vega",,unknown,0,False
ERP and BPMS integration at a manufacturing simulation lab,"Arias, J. S. Castellanos",,unknown,0,False
ERP and BPMS integration at a manufacturing simulation lab,"Mayorga, H. S. Aguirre",,unknown,0,False
ERP and BPMS integration at a manufacturing simulation lab,"Rincón, N.",,unknown,0,False
ERP and BPMS integration at a manufacturing simulation lab,"Martinez, Y. P. Hernández",,unknown,0,False
Enhancement of traditional Business Process Management with reflection - A new perspective for organisational learning?,"Balzert, Silke",Silke,female,0.9999933347828766,True
Enhancement of traditional Business Process Management with reflection - A new perspective for organisational learning?,"Fettke, Peter",Peter,male,0.9999580684529622,True
Enhancement of traditional Business Process Management with reflection - A new perspective for organisational learning?,"Loos, Peter",Peter,male,0.9999580684529622,True
Proposal of a NPD diagnostic method to identify improvement opportunities,"Da Costa, Janaina Mascarenhas Hornos",Janaina,female,0.9999972716768215,True
Proposal of a NPD diagnostic method to identify improvement opportunities,"Amaral, Creusa Sayuri Tahara",Creusa,female,0.9991252522930497,True
Proposal of a NPD diagnostic method to identify improvement opportunities,"Rozenfeld, Henrique",Henrique,male,0.9995494627339803,True
"""To standardize or not to standardize?"" - Understanding the effect of business process complexity on business process standardization","Schäfermeyer, Markus",Markus,male,0.9999735872978276,True
"""To standardize or not to standardize?"" - Understanding the effect of business process complexity on business process standardization","Rosenkranz, Christoph",Christoph,male,0.9996583666010818,True
Enacting BPM-oriented workflows with Wade,"Bergenti, Federico",Federico,male,0.999947511448034,True
Enacting BPM-oriented workflows with Wade,"Caire, Giovanni",Giovanni,male,0.999396045165578,True
Enacting BPM-oriented workflows with Wade,"Gotta, Danilo",Danilo,male,0.9997236714704757,True
Enacting BPM-oriented workflows with Wade,"Long, Daniela",Daniela,female,0.9999978509319162,True
Enacting BPM-oriented workflows with Wade,"Sacchi, Giovanna",Giovanna,female,0.9999950014819379,True
Improving knowledge-intensive health care processes beyond efficiency,"Marjanovic, Olivera",Olivera,female,0.9982887231498666,True
Business activity management for service networks in cloud environments,"Janiesch, Christian",Christian,male,0.9993987974523811,True
Business activity management for service networks in cloud environments,"Fischer, Robin",Robin,female,0.9831070203571547,True
Business activity management for service networks in cloud environments,"Matzner, Martin",Martin,male,0.9998539477569732,True
Business activity management for service networks in cloud environments,"Müller, Oliver",Oliver,male,0.9999907881390401,True
Deriving system complexity metric from events and its validation,"Sabharwal, Sangeeta",Sangeeta,female,0.9999982977578491,True
Deriving system complexity metric from events and its validation,"Singh, Sandeep K.",Sandeep,male,0.9976197418104102,True
Deriving system complexity metric from events and its validation,"Gupta, J.P.",J.P.,male,0.9970786934329977,True
Towards automatic incremental synchronization of multiple process models via information flow optimization,"Wang, Qinhua",Qinhua,female,0.6146429335910073,False
Towards automatic incremental synchronization of multiple process models via information flow optimization,"Ren, Changrui",Changrui,male,0.9813918550272961,True
Towards automatic incremental synchronization of multiple process models via information flow optimization,"Dong, Jin",Jin,male,0.7377281243241545,False
Towards automatic incremental synchronization of multiple process models via information flow optimization,"Chen, Feng",Feng,male,0.9830753668861625,True
Towards automatic incremental synchronization of multiple process models via information flow optimization,"Li, Jinfeng",Jinfeng,male,0.5636730448150306,False
Towards automatic incremental synchronization of multiple process models via information flow optimization,"He, Miao",Miao,female,0.9816344360472885,True
Towards automatic incremental synchronization of multiple process models via information flow optimization,"Shao, Bing",Bing,male,0.9070266412590164,True
Role of the concept of services in business process management,"Repa, Vaclav",Vaclav,male,0.9999825731894625,True
The model of BPM based on Six Sigma and its application on material delivery of discrete manufacturing enterprise,"Zhang, Chenglei",Chenglei,male,0.9046651870891789,True
The model of BPM based on Six Sigma and its application on material delivery of discrete manufacturing enterprise,"Liu, Hongjun",Hongjun,male,0.9938693933421041,True
The model of BPM based on Six Sigma and its application on material delivery of discrete manufacturing enterprise,"Zheng, Junjia",Junjia,male,0.9804019099788921,True
Towards situational business process modeling support,"Neubauer, Matthias",Matthias,male,0.9999337682187655,True
Business process change management based on process model synchronization of multiple abstraction levels,"Weidmann, Monika",Monika,female,0.999996989457821,True
Business process change management based on process model synchronization of multiple abstraction levels,"Alvi, Modood",Modood,male,0.836194524026279,True
Business process change management based on process model synchronization of multiple abstraction levels,"Koetter, Falko",Falko,male,0.9938941136601905,True
Business process change management based on process model synchronization of multiple abstraction levels,"Leymann, Frank",Frank,male,0.999947578866658,True
Business process change management based on process model synchronization of multiple abstraction levels,"Renner, Thomas",Thomas,male,0.9999981017477207,True
Business process change management based on process model synchronization of multiple abstraction levels,"Schumm, David",David,male,0.9999952928042082,True
Execution measurement-driven continuous improvement of business processes implemented by services,"Delgado, Andrea",Andrea,female,0.9990642945711071,True
Execution measurement-driven continuous improvement of business processes implemented by services,"Weber, Barbara",Barbara,female,0.999979214602181,True
Execution measurement-driven continuous improvement of business processes implemented by services,"Ruiz, Francisco",Francisco,male,0.9999572464565292,True
Execution measurement-driven continuous improvement of business processes implemented by services,"De Guzmán, Ignacio García-Rodríguez",Ignacio,male,0.9999054231007377,True
Confirming BPM theory in creative industry context - A case study in the German TV industry,"Becker, Jörg",Jörg,male,0.9995939947892971,True
Confirming BPM theory in creative industry context - A case study in the German TV industry,"Bergener, Katrin",Katrin,female,0.9998683435575434,True
Confirming BPM theory in creative industry context - A case study in the German TV industry,"Schwehm, Marc Oliver",Marc,male,0.9999669556997242,True
Confirming BPM theory in creative industry context - A case study in the German TV industry,"Voigt, Matthias",Matthias,male,0.9999337682187655,True
Decision-enabled dynamic process management for networked enterprises,"Deokar, Amit V.",Amit,male,0.9985253474283259,True
Decision-enabled dynamic process management for networked enterprises,"El-Gayar, Omar F.",Omar,male,0.9999954754245614,True
Business rules for creating process flexibility: Mapping RIF rules and BDI rules,"Gong, Yiwei",Yiwei,male,0.5292285412566516,False
Business rules for creating process flexibility: Mapping RIF rules and BDI rules,"Overbeek, Sietse",Sietse,male,0.9891950499494984,True
Business rules for creating process flexibility: Mapping RIF rules and BDI rules,"Janssen, Marijn",Marijn,unknown,0.6991258488869239,False
Goal-driven business process derivation,"Ghose, Aditya K.",Aditya,male,0.9930058833426924,True
Goal-driven business process derivation,"Narendra, Nanjangud C.",Nanjangud,unknown,0.6720519837263479,False
Goal-driven business process derivation,"Ponnalagu, Karthikeyan",Karthikeyan,male,0.9998572677134546,True
Goal-driven business process derivation,"Panda, Anurag",Anurag,male,0.9999153570574735,True
Goal-driven business process derivation,"Gohad, Atul",Atul,male,0.9998818540437993,True
Towards collaborative business process management development: Current and future approaches,"Bekele, Teshome M.",Teshome,male,0.9896407374131132,True
Towards collaborative business process management development: Current and future approaches,"Zhu, Weihua",Weihua,female,0.5972490792606274,False
Imprint lithography template technology for bit patterned media (BPM),"Lille, J.",,unknown,0,False
Imprint lithography template technology for bit patterned media (BPM),"Patel, K.",,unknown,0,False
Imprint lithography template technology for bit patterned media (BPM),"Ruiz, R.",,unknown,0,False
Imprint lithography template technology for bit patterned media (BPM),"Wu, T.-W.",T.,unknown,0.5395410370845364,False
Imprint lithography template technology for bit patterned media (BPM),"Gao, H.",,unknown,0,False
Imprint lithography template technology for bit patterned media (BPM),"Wan, L.",,unknown,0,False
Imprint lithography template technology for bit patterned media (BPM),"Zeltzer, G.",,unknown,0,False
Imprint lithography template technology for bit patterned media (BPM),"Dobisz, E.",,unknown,0,False
Imprint lithography template technology for bit patterned media (BPM),"Albrecht, T.R.",T.R.,male,0.9846908259539933,True
On-line training and certification solution for business process managers,"Draghici, Anca",Anca,female,0.9999475242567216,True
On-line training and certification solution for business process managers,"Mocan, Marian",Marian,female,0.998937269301458,True
On-line training and certification solution for business process managers,"Draghici, George",George,male,0.9999684085414767,True
Fragment-based version management for repositories of business process models,"Ekanayake, Chathura C.",Chathura,male,0.9896756934704651,True
Fragment-based version management for repositories of business process models,"La Rosa, Marcello",Marcello,male,0.9996360264682205,True
Fragment-based version management for repositories of business process models,"Ter Hofstede, Arthur H. M.",Arthur,male,0.9999849927075136,True
Fragment-based version management for repositories of business process models,"Fauvet, Marie-Christine",Marie,female,0.9999816569870623,True
A business process management based virtual learning environment : Customised learning paths,"Adesina, Ayodeji",Ayodeji,male,0.9913915706269608,True
A business process management based virtual learning environment : Customised learning paths,"Molloy, Derek",Derek,male,0.9999720082596188,True
A blueprint for event-driven business activity management,"Janiesch, Christian",Christian,male,0.9993987974523811,True
A blueprint for event-driven business activity management,"Matzner, Martin",Martin,male,0.9998539477569732,True
A blueprint for event-driven business activity management,"Müller, Oliver",Oliver,male,0.9999907881390401,True
Towards goal-driven access to process warehouse: Integrating goals with process warehouse for business process analysis,"Shahzad, Khurram",Khurram,male,0.9999693299205058,True
Towards goal-driven access to process warehouse: Integrating goals with process warehouse for business process analysis,"Zdravkovic, Jelena",Jelena,female,0.9999959150470483,True
An empirical analysis of human performance and error in process model development,"Nielen, Alexander",Alexander,male,0.9999914495946162,True
An empirical analysis of human performance and error in process model development,"Költer, Denise",Denise,female,0.9999800274983086,True
An empirical analysis of human performance and error in process model development,"Mütze-Niewöhner, Susanne",Susanne,female,0.9999892357121019,True
An empirical analysis of human performance and error in process model development,"Karla, Jürgen",Jürgen,male,0.9977530655334812,True
An empirical analysis of human performance and error in process model development,"Schlick, Christopher M.",Christopher,male,0.9999877129093514,True
Design and fabrication of a 1-by-4 multimode interference splitter based on InP,"Li, Ma",Ma,female,0.9883831103973414,True
Design and fabrication of a 1-by-4 multimode interference splitter based on InP,"Zhang, Can",Can,male,0.9966905760502713,True
Design and fabrication of a 1-by-4 multimode interference splitter based on InP,"Zhu, Hongliang",Hongliang,male,0.9836144645681464,True
Design and fabrication of a 1-by-4 multimode interference splitter based on InP,"Chen, Minghua",Minghua,male,0.6930329034879086,False
Calculation methods for costs optimization and process modeling in health care: A preliminary view,"Popesko, B.",,unknown,0,False
Calculation methods for costs optimization and process modeling in health care: A preliminary view,"Tučková, Z.",,unknown,0,False
Calculation methods for costs optimization and process modeling in health care: A preliminary view,"Strouhal, J.",,unknown,0,False
E = MA2 (e-learning in a Moodle-based adaptive and accumulative system),"Indzhov, Hristo",Hristo,male,0.9998991955309443,True
E = MA2 (e-learning in a Moodle-based adaptive and accumulative system),"Totkov, George",George,male,0.9999684085414767,True
E = MA2 (e-learning in a Moodle-based adaptive and accumulative system),"Doneva, Rositsa",Rositsa,female,0.999617681618712,True
Current and future issues in BPM research: A European perspective from the ERCIS meeting 2010,"Brocke, Jan Vom",Jan,unknown,0.5504849119650672,False
Current and future issues in BPM research: A European perspective from the ERCIS meeting 2010,"Becker, Jörg",Jörg,male,0.9995939947892971,True
Current and future issues in BPM research: A European perspective from the ERCIS meeting 2010,"Braccini, Alessio Maria",Alessio,male,0.9999651092443104,True
Current and future issues in BPM research: A European perspective from the ERCIS meeting 2010,"Butleris, Rimantas",Rimantas,male,0.9999780535518726,True
Current and future issues in BPM research: A European perspective from the ERCIS meeting 2010,"Hofreiter, Birgit",Birgit,female,0.9997177939291074,True
Current and future issues in BPM research: A European perspective from the ERCIS meeting 2010,"Kapočius, Kestutis",Kestutis,male,0.9999140834994069,True
Current and future issues in BPM research: A European perspective from the ERCIS meeting 2010,"de Marco, Marco",Marco,male,0.9998964214527616,True
Current and future issues in BPM research: A European perspective from the ERCIS meeting 2010,"Schmidt, Günter",Günter,male,0.9910187608441391,True
Current and future issues in BPM research: A European perspective from the ERCIS meeting 2010,"Seidel, Stefan",Stefan,male,0.9999831604184807,True
Current and future issues in BPM research: A European perspective from the ERCIS meeting 2010,"Simons, Alexander",Alexander,male,0.9999914495946162,True
Current and future issues in BPM research: A European perspective from the ERCIS meeting 2010,"Skopal, Tomáš",Tomáš,male,0.9998876726683571,True
Current and future issues in BPM research: A European perspective from the ERCIS meeting 2010,"Stein, Armin",Armin,male,0.9999658640564734,True
Current and future issues in BPM research: A European perspective from the ERCIS meeting 2010,"Stieglitz, Stefan",Stefan,male,0.9999831604184807,True
Current and future issues in BPM research: A European perspective from the ERCIS meeting 2010,"Suomi, Reima",Reima,male,0.9837044187137839,True
Current and future issues in BPM research: A European perspective from the ERCIS meeting 2010,"Vossen, Gottfried",Gottfried,male,0.9999714706060201,True
Current and future issues in BPM research: A European perspective from the ERCIS meeting 2010,"Winter, Robert",Robert,male,0.9999776797436909,True
Current and future issues in BPM research: A European perspective from the ERCIS meeting 2010,"Wrycza, Stanislaw",Stanislaw,male,0.9999725633741432,True
Business process co-design for energy-aware adaptation,"Cappiello, Cinzia",Cinzia,female,0.9999947670762499,True
Business process co-design for energy-aware adaptation,"Fugini, MariaGrazia",MariaGrazia,female,0.9999960433448792,True
Business process co-design for energy-aware adaptation,"Ferreira, Alexandre Mello",Alexandre,male,0.9994086190609315,True
Business process co-design for energy-aware adaptation,"Plebani, Pierluigi",Pierluigi,male,0.9997616540531535,True
Business process co-design for energy-aware adaptation,"Vitali, Monica",Monica,female,0.9999945356847385,True
Achieving multi-tenanted business processes in SaaS applications,"Kapuruge, Malinda",Malinda,female,0.9999984088185713,True
Achieving multi-tenanted business processes in SaaS applications,"Colman, Alan",Alan,male,0.9999595127093575,True
Achieving multi-tenanted business processes in SaaS applications,"Han, Jun",Jun,male,0.9972113548054844,True
Knowledge applications development for SMEs business management system improvement,"Dragoi, George",George,male,0.9999684085414767,True
Knowledge applications development for SMEs business management system improvement,"Draghici, Anca",Anca,female,0.9999475242567216,True
Knowledge applications development for SMEs business management system improvement,"Rosu, Sebastian Marius",Sebastian,male,0.9999469726859632,True
Knowledge applications development for SMEs business management system improvement,"Cotet, Costel Emil",Costel,male,0.9990594090288247,True
Knowledge applications development for SMEs business management system improvement,"Ivascu, Larisa",Larisa,female,0.9999982264937464,True
Compliance by design for artifact-centric business processes,"Lohmann, Niels",Niels,male,0.9995159698403479,True
The architecture of a secure business-process-management system in service-oriented environments,"Müller, Jens",Jens,male,0.9999725010363429,True
The architecture of a secure business-process-management system in service-oriented environments,"Böhm, Klemens",Klemens,male,0.9937719503158381,True
SlapOS: A multi-purpose distributed cloud operating system based on an ERP billing model,"Smets-Solanes, Jean-Paul",Jean,female,0.6637228001271365,False
SlapOS: A multi-purpose distributed cloud operating system based on an ERP billing model,"Cérin, Christophe",Christophe,male,0.9994949508818813,True
SlapOS: A multi-purpose distributed cloud operating system based on an ERP billing model,"Courteaud, Romain",Romain,male,0.9999642424925583,True
An approach to agility in enterprise innovation,"Gromoff, Alexander",Alexander,male,0.9999914495946162,True
An approach to agility in enterprise innovation,"Chebotarev, Valery",Valery,female,0.9981509467247145,True
An approach to agility in enterprise innovation,"Evina, Kristin",Kristin,female,0.9997177745411513,True
An approach to agility in enterprise innovation,"Stavenko, Yulia",Yulia,female,0.9999912706325099,True
The multiple quality models paradox: How much 'best practice' is just enough?,"Heston, Keith M.",Keith,male,0.9982254263219633,True
The multiple quality models paradox: How much 'best practice' is just enough?,"Phifer, William",William,male,0.999948625742716,True
Evidence-based (S-)BPM education,"Stary, Christian",Christian,male,0.9993987974523811,True
Learning environment for organizations IT management supported by a simulation game,"Giraldo, Olga Lucía",Olga,female,0.9997517811205014,True
Learning environment for organizations IT management supported by a simulation game,"Vega, Olga Lucero",Olga,female,0.9997517811205014,True
Learning environment for organizations IT management supported by a simulation game,"Gómez, Juan Erasmo",Juan,male,0.9999978969254493,True
Stimulating skill evolution in market-based crowdsourcing,"Satzger, Benjamin",Benjamin,male,0.9999526772956454,True
Stimulating skill evolution in market-based crowdsourcing,"Psaier, Harald",Harald,male,0.9999263057035207,True
Stimulating skill evolution in market-based crowdsourcing,"Schall, Daniel",Daniel,male,0.9999484956264236,True
Stimulating skill evolution in market-based crowdsourcing,"Dustdar, Schahram",Schahram,unknown,0.7299774829155605,False
Towards consistency management for a business-driven development of SOA,"Dahman, Karim",Karim,male,0.9982261835394265,True
Towards consistency management for a business-driven development of SOA,"Charoy, François",François,male,0.9947714368930283,True
Towards consistency management for a business-driven development of SOA,"Godart, Claude",Claude,male,0.9979920763238813,True
Holonic modelling of business process management,"Rahali, Essam",Essam,male,0.9999654727009138,True
Holonic modelling of business process management,"Chong, Wei Joon",Wei,male,0.8353828445774668,True
Holonic modelling of business process management,"Chaczko, Zenon",Zenon,male,0.999912317790403,True
Holonic modelling of business process management,"Braun, Robin",Robin,female,0.9831070203571547,True
Project4Sure X: Accelerating implementation projects for the microsoft dynamics suite with BPM 2.0,"Kurz, Matthias",Matthias,male,0.9999337682187655,True
Project4Sure X: Accelerating implementation projects for the microsoft dynamics suite with BPM 2.0,"Schaller, Thomas",Thomas,male,0.9999981017477207,True
Project4Sure X: Accelerating implementation projects for the microsoft dynamics suite with BPM 2.0,"Reichelt, Dominik",Dominik,male,0.9999341703754147,True
Project4Sure X: Accelerating implementation projects for the microsoft dynamics suite with BPM 2.0,"Ferschl, Michael",Michael,male,0.9999876221560686,True
A systematic review of goal-oriented requirements management frameworks for business process compliance,"Ghanavati, Sepideh",Sepideh,female,0.999941572271039,True
A systematic review of goal-oriented requirements management frameworks for business process compliance,"Amyot, Daniel",Daniel,male,0.9999484956264236,True
A systematic review of goal-oriented requirements management frameworks for business process compliance,"Peyton, Liam",Liam,male,0.9998655862005859,True
Study on business process management of telecom,"Yuan, Puyu",Puyu,unknown,0.5514533723743958,False
Study on business process management of telecom,"Peng, Wuliang",Wuliang,male,0.8613348434082233,True
Process training to support change necessary within the scope of process implementation,"Back, Gregor",Gregor,male,0.9999917847917771,True
Process training to support change necessary within the scope of process implementation,"Daniel, Klaus",Klaus,male,0.9999519344977958,True
Platform for managing and routing cross-organizational business processes on a network router,"Meyer, Nils",Nils,male,0.999609305827729,True
Platform for managing and routing cross-organizational business processes on a network router,"Radmayr, Markus",Markus,male,0.9999735872978276,True
Platform for managing and routing cross-organizational business processes on a network router,"Heininger, Richard",Richard,male,0.9999944029565571,True
Platform for managing and routing cross-organizational business processes on a network router,"Rothschädl, Thomas",Thomas,male,0.9999981017477207,True
Platform for managing and routing cross-organizational business processes on a network router,"Fleischmann, Albert",Albert,male,0.9999213683449588,True
Querying process models based on the temporal relations between tasks,"Song, Liang",Liang,male,0.9782482259488245,True
Querying process models based on the temporal relations between tasks,"Wang, Jianmin",Jianmin,male,0.8695557433766125,True
Querying process models based on the temporal relations between tasks,"Wen, Lijie",Lijie,female,0.9790060744846031,True
Querying process models based on the temporal relations between tasks,"Wang, Wenxing",Wenxing,male,0.9795548200203636,True
Querying process models based on the temporal relations between tasks,"Tan, Shijie",Shijie,male,0.9496238842275445,True
Querying process models based on the temporal relations between tasks,"Kong, Hui",Hui,female,0.9846458138641376,True
Optimizing the trade-off between complexity and conformance in process reduction,"Marchetto, Alessandro",Alessandro,male,0.9999636677574057,True
Optimizing the trade-off between complexity and conformance in process reduction,"Di Francescomarino, Chiara",Chiara,female,0.9999918135427956,True
Optimizing the trade-off between complexity and conformance in process reduction,"Tonella, Paolo",Paolo,male,0.9999357526976299,True
Process improvement model and it's application for manufacturing industry based on the BPM-ERP integrated framework,"Hongjun, Liu",Liu,female,0.5773432113006706,False
Process improvement model and it's application for manufacturing industry based on the BPM-ERP integrated framework,"Nan, Li",Li,female,0.9821247080400133,True
BPM@KMU - Designing e-learning for the introduction of BPM in small- and medium-sized enterprises,"Kröckel, Johannes",Johannes,male,0.9999887278356387,True
BPM@KMU - Designing e-learning for the introduction of BPM in small- and medium-sized enterprises,"Hilgarth, Bernd",Bernd,male,0.9998846486900214,True
"CGAA/EES at NEC corporation, powered by S-BPM: The subject-oriented BPM development technique using top-down approach","Nakamura, Shinji",Shinji,male,0.9951767257595686,True
"CGAA/EES at NEC corporation, powered by S-BPM: The subject-oriented BPM development technique using top-down approach","Tan, Toshihiro",Toshihiro,male,0.9986044877656678,True
"CGAA/EES at NEC corporation, powered by S-BPM: The subject-oriented BPM development technique using top-down approach","Hirayama, Takeshi",Takeshi,male,0.9997687224682361,True
"CGAA/EES at NEC corporation, powered by S-BPM: The subject-oriented BPM development technique using top-down approach","Kawai, Hiroyuki",Hiroyuki,male,0.9995810831380032,True
"CGAA/EES at NEC corporation, powered by S-BPM: The subject-oriented BPM development technique using top-down approach","Komiyama, Shota",Shota,male,0.9984603416310184,True
"CGAA/EES at NEC corporation, powered by S-BPM: The subject-oriented BPM development technique using top-down approach","Hosaka, Sadao",Sadao,male,0.999918102782711,True
"CGAA/EES at NEC corporation, powered by S-BPM: The subject-oriented BPM development technique using top-down approach","Nakamura, Minoru",Minoru,male,0.9998338542233807,True
"CGAA/EES at NEC corporation, powered by S-BPM: The subject-oriented BPM development technique using top-down approach","Yuki, Katsuhiro",Katsuhiro,male,0.9951937136949615,True
Efficient retrieval of similar business process models based on structure (Short paper),"Jin, Tao",Tao,male,0.9969686446299408,True
Efficient retrieval of similar business process models based on structure (Short paper),"Wang, Jianmin",Jianmin,male,0.8695557433766125,True
Efficient retrieval of similar business process models based on structure (Short paper),"Wen, Lijie",Lijie,female,0.9790060744846031,True
Always stay flexible! WfMS-independent business process controlling in SOA,"Hausotter, Andreas",Andreas,male,0.9999763395171621,True
Always stay flexible! WfMS-independent business process controlling in SOA,"Kleiner, Carsten",Carsten,male,0.9999179788184361,True
Always stay flexible! WfMS-independent business process controlling in SOA,"Koschel, Arne",Arne,male,0.9991482646410463,True
Always stay flexible! WfMS-independent business process controlling in SOA,"Zhang, David",David,male,0.9999952928042082,True
Always stay flexible! WfMS-independent business process controlling in SOA,"Gehrken, Heiner",Heiner,male,0.9999468089250689,True
On the restriction to numeric indicators in Performance Measurement Systems,"Pidun, Tim",Tim,male,0.9999194162795334,True
On the restriction to numeric indicators in Performance Measurement Systems,"Felden, Carsten",Carsten,male,0.9999179788184361,True
Optimizing process performance visibility through additional descriptive features in performance measurement,"Pidun, Tim",Tim,male,0.9999194162795334,True
Optimizing process performance visibility through additional descriptive features in performance measurement,"Buder, Johannes",Johannes,male,0.9999887278356387,True
Optimizing process performance visibility through additional descriptive features in performance measurement,"Felden, Carsten",Carsten,male,0.9999179788184361,True
Proactive business process compliance monitoring with event-based systems,"Thullner, Robert",Robert,male,0.9999776797436909,True
Proactive business process compliance monitoring with event-based systems,"Rozsnyai, Szabolcs",Szabolcs,male,0.9968641680929077,True
Proactive business process compliance monitoring with event-based systems,"Schiefer, Josef",Josef,male,0.9999977561192824,True
Proactive business process compliance monitoring with event-based systems,"Obweger, Hannes",Hannes,male,0.9999500351801358,True
Proactive business process compliance monitoring with event-based systems,"Suntinger, Martin",Martin,male,0.9998539477569732,True
CbSSDF: A two-layer conceptual graph approach to web services description and composition - A scenario based solution analysis and comparison with OWL-S,"Du, Xiaofeng",Xiaofeng,male,0.8626461853220857,True
CbSSDF: A two-layer conceptual graph approach to web services description and composition - A scenario based solution analysis and comparison with OWL-S,"Munro, Malcolm",Malcolm,male,0.9998326424670474,True
CbSSDF: A two-layer conceptual graph approach to web services description and composition - A scenario based solution analysis and comparison with OWL-S,"Song, William",William,male,0.999948625742716,True
Conformance checking using cost-based fitness analysis,"Adriansyah, A.",,unknown,0,False
Conformance checking using cost-based fitness analysis,"Van Dongen, B.F.",B.F.,male,0.9867762643541993,True
Conformance checking using cost-based fitness analysis,"Van Der Aalst, W.M.P.",W.M.P.,male,0.7372678901195386,False
CoReL: Policy-based and model-driven regulatory compliance management,"El Kharbili, Marwane",Marwane,male,0.9855668173803149,True
CoReL: Policy-based and model-driven regulatory compliance management,"Ma, Qin",Qin,female,0.7284987969614756,False
CoReL: Policy-based and model-driven regulatory compliance management,"Kelsen, Pierre",Pierre,male,0.999741392176316,True
CoReL: Policy-based and model-driven regulatory compliance management,"Pulvermueller, Elke",Elke,female,0.9999770229790401,True
ePASS-IoS 1.1: Enabling inter-enterprise business process modeling by S-BPM and the internet of services concept,"Borgert, Stephan",Stephan,male,0.9999887311827451,True
ePASS-IoS 1.1: Enabling inter-enterprise business process modeling by S-BPM and the internet of services concept,"Steinmetz, Joachim",Joachim,male,0.9999819000816837,True
ePASS-IoS 1.1: Enabling inter-enterprise business process modeling by S-BPM and the internet of services concept,"Mühlhäuser, Max",Max,male,0.9999943791406495,True
Business metadata with the STA data modelling technique,"Mohamed, Ibrahim",Ibrahim,male,0.9999626675391333,True
Business metadata with the STA data modelling technique,"Noordin, Mohamad Fauzan",Mohamad,male,0.9999973956079922,True
OWL model to support business process and web services in SOA environments,"Park, Joonseok",Joonseok,male,0.740024267037012,False
OWL model to support business process and web services in SOA environments,"Nam, Taewoo",Taewoo,male,0.9994178056443234,True
OWL model to support business process and web services in SOA environments,"Yeom, Keunhyuk",Keunhyuk,male,0.702166961639628,False
A modeling approach for business processes based on variability,"Park, Joonseok",Joonseok,male,0.740024267037012,False
A modeling approach for business processes based on variability,"Yeom, Keunhyuk",Keunhyuk,male,0.702166961639628,False
Analysis and design of novel photonic active devices based on dilute nitrides,"Calò, Giovanna",Giovanna,female,0.9999950014819379,True
Analysis and design of novel photonic active devices based on dilute nitrides,"Alexandropoulos, Dimitris",Dimitris,male,0.9999193920782357,True
Analysis and design of novel photonic active devices based on dilute nitrides,"D'Orazio, Antonella",Antonella,female,0.9999976482666009,True
Analysis and design of novel photonic active devices based on dilute nitrides,"Petruzzelli, Vincenzo",Vincenzo,male,0.9998085367289719,True
Discovery of role-based organization structure model in BPMS,"Li, Yan",Yan,unknown,0.5336648310743305,False
Toward a theory of managing creativity-intensive processes: A creative industries study,"Seidel, Stefan",Stefan,male,0.9999831604184807,True
Managing process model complexity via abstract syntax modifications,"La Rosa, Marcello",Marcello,male,0.9996360264682205,True
Managing process model complexity via abstract syntax modifications,"Wohed, Petia",Petia,female,0.999916611117753,True
Managing process model complexity via abstract syntax modifications,"Mendling, Jan",Jan,unknown,0.5504849119650672,False
Managing process model complexity via abstract syntax modifications,"Ter Hofstede, Arthur H. M.",Arthur,male,0.9999849927075136,True
Managing process model complexity via abstract syntax modifications,"Reijers, Hajo A.",Hajo,unknown,0.6060434118944652,False
Managing process model complexity via abstract syntax modifications,"Van Der Aalst, Wil M. P.",Wil,male,0.9988491702309068,True
Controlled flexibility in business processes defined for service compositions,"Kapuruge, Malinda",Malinda,female,0.9999984088185713,True
Controlled flexibility in business processes defined for service compositions,"Han, Jun",Jun,male,0.9972113548054844,True
Controlled flexibility in business processes defined for service compositions,"Colman, Alan",Alan,male,0.9999595127093575,True
"History-aware, real-time risk detection in business processes","Conforti, Raffaele",Raffaele,male,0.9994192029161726,True
"History-aware, real-time risk detection in business processes","Fortino, Giancarlo",Giancarlo,male,0.9998527053438494,True
"History-aware, real-time risk detection in business processes","La Rosa, Marcello",Marcello,male,0.9996360264682205,True
"History-aware, real-time risk detection in business processes","Ter Hofstede, Arthur H. M.",Arthur,male,0.9999849927075136,True
Towards contextual S-BPM: Method and case study,"Bonaldi, David",David,male,0.9999952928042082,True
Towards contextual S-BPM: Method and case study,"Totter, Alexandra",Alexandra,female,0.9999520604841557,True
Towards contextual S-BPM: Method and case study,"Pinter, Eva",Eva,female,0.9999952482167518,True
Behavioral similarity - A proper metric,"Kunze, Matthias",Matthias,male,0.9999337682187655,True
Behavioral similarity - A proper metric,"Weidlich, Matthias",Matthias,male,0.9999337682187655,True
Behavioral similarity - A proper metric,"Weske, Mathias",Mathias,male,0.999948038650782,True
Declarative enhancement framework for business processes,"Groefsema, Heerko",Heerko,male,0.9973931522427844,True
Declarative enhancement framework for business processes,"Bulanov, Pavel",Pavel,male,0.9999915029945373,True
Declarative enhancement framework for business processes,"Aiello, Marco",Marco,male,0.9998964214527616,True
Towards a compiler for business-IT systems: A vision statement complemented with a research agenda,"Koehler, Jana",Jana,female,0.9999717556402674,True
Towards a compiler for business-IT systems: A vision statement complemented with a research agenda,"Gschwind, Thomas",Thomas,male,0.9999981017477207,True
Towards a compiler for business-IT systems: A vision statement complemented with a research agenda,"Küster, Jochen",Jochen,male,0.999994958067544,True
Towards a compiler for business-IT systems: A vision statement complemented with a research agenda,"Völzer, Hagen",Hagen,male,0.9993113223299143,True
Towards a compiler for business-IT systems: A vision statement complemented with a research agenda,"Zimmermann, Olaf",Olaf,male,0.999996975208988,True
The use of 2d and 3d WA-BPM models to analyze total-internal-reflection- based integrated optical switches,"Wang, Pengfei",Pengfei,male,0.9898946368972986,True
The use of 2d and 3d WA-BPM models to analyze total-internal-reflection- based integrated optical switches,"Brambilla, Gilberto",Gilberto,male,0.9997060892294664,True
The use of 2d and 3d WA-BPM models to analyze total-internal-reflection- based integrated optical switches,"Semenova, Yuliya",Yuliya,female,0.9999991237678703,True
The use of 2d and 3d WA-BPM models to analyze total-internal-reflection- based integrated optical switches,"Wu, Qiang",Qiang,male,0.9889567902465515,True
The use of 2d and 3d WA-BPM models to analyze total-internal-reflection- based integrated optical switches,"Zheng, Jie",Jie,male,0.5239159993068604,False
The use of 2d and 3d WA-BPM models to analyze total-internal-reflection- based integrated optical switches,"Farrell, Gerald",Gerald,male,0.9999556179892177,True
A research on flexible business process management system based on knowledge base and semantic web services,"Luo, Wen-Wen",Wen,female,0.8707008596774066,True
A research on flexible business process management system based on knowledge base and semantic web services,"Chen, Xing-Yu",Xing,female,0.5819416104975603,False
What BPM technology can do for healthcare process support,"Reichert, Manfred",Manfred,male,0.9999883382145358,True
Border pairs method - Constructive MLP learning classification algorithm,"Ploj, Bojan",Bojan,male,0.999992666627366,True
Border pairs method - Constructive MLP learning classification algorithm,"Zorman, Milan",Milan,male,0.9915096207012155,True
Border pairs method - Constructive MLP learning classification algorithm,"Kokol, Peter",Peter,male,0.9999580684529622,True
Business process modelling notation from the methodical perspective,"Repa, Vaclav",Vaclav,male,0.9999825731894625,True
A model-driven BPM approach for SOA mediation information system design in a collaborative context,"Mu, Wenxin",Wenxin,female,0.6930061713772477,False
A model-driven BPM approach for SOA mediation information system design in a collaborative context,"Bénaben, Frédérick",Frédérick,male,0.9974738522158153,True
A model-driven BPM approach for SOA mediation information system design in a collaborative context,"Pingaud, Hervé",Hervé,male,0.9909853703451528,True
A model-driven BPM approach for SOA mediation information system design in a collaborative context,"Boissel-Dallier, Nicolas",Nicolas,male,0.9999785911728513,True
A model-driven BPM approach for SOA mediation information system design in a collaborative context,"Lorré, Jean-Pierre",Jean,female,0.6637228001271365,False
Adaptive case management: Supporting knowledge intensive processes with IT systems,"Herrmann, Christian",Christian,male,0.9993987974523811,True
Adaptive case management: Supporting knowledge intensive processes with IT systems,"Kurz, Matthias",Matthias,male,0.9999337682187655,True
A semantic rule and event driven approach for agile decision-centric business process management (invited paper),"Paschke, Adrian",Adrian,male,0.998830188234461,True
Synchronization of adaptive process models using levels of abstraction,"Weidmann, Monika",Monika,female,0.999996989457821,True
Synchronization of adaptive process models using levels of abstraction,"Koetter, Falko",Falko,male,0.9938941136601905,True
Synchronization of adaptive process models using levels of abstraction,"Renner, Thomas",Thomas,male,0.9999981017477207,True
Synchronization of adaptive process models using levels of abstraction,"Schumm, David",David,male,0.9999952928042082,True
Synchronization of adaptive process models using levels of abstraction,"Leymann, Frank",Frank,male,0.999947578866658,True
Synchronization of adaptive process models using levels of abstraction,"Schleicher, Daniel",Daniel,male,0.9999484956264236,True
Checklist Manifesto for Electronic Resources: Getting Ready for the Fiscal Year and Beyond,"England, Lenore",Lenore,female,0.9999442440637373,True
Checklist Manifesto for Electronic Resources: Getting Ready for the Fiscal Year and Beyond,"Fu, Li",Li,female,0.9821247080400133,True
Checklist Manifesto for Electronic Resources: Getting Ready for the Fiscal Year and Beyond,"Miller, Stephen",Stephen,male,0.9999906814314838,True
Agile process management in an industrial R & D department,"Strauss, Marco",Marco,male,0.9998964214527616,True
Agile process management in an industrial R & D department,"Lang, Siri",Siri,female,0.9998590737397094,True
A deadlock detection method for inter-organizational business process based on role network model,"Ye, Xin",Xin,female,0.7003246185087639,False
A deadlock detection method for inter-organizational business process based on role network model,"Bing, Xinghua",Xinghua,unknown,0.7040618390406397,False
A deadlock detection method for inter-organizational business process based on role network model,"Zhu, Liming",Liming,male,0.9737247989886653,True
Business process management: A survey among small and medium sized enterprises,"Feldbacher, Patrick",Patrick,male,0.9999373211096793,True
Business process management: A survey among small and medium sized enterprises,"Suppan, Peter",Peter,male,0.9999580684529622,True
Business process management: A survey among small and medium sized enterprises,"Schweiger, Christina",Christina,female,0.9999986803241608,True
Business process management: A survey among small and medium sized enterprises,"Singer, Robert",Robert,male,0.9999776797436909,True
Strukt - A pattern system for integrating individual and organizational knowledge work,"Scherp, Ansgar",Ansgar,male,0.9996319421763776,True
Strukt - A pattern system for integrating individual and organizational knowledge work,"Eißing, Daniel",Daniel,male,0.9999484956264236,True
Strukt - A pattern system for integrating individual and organizational knowledge work,"Staab, Steffen",Steffen,male,0.9999847608326736,True
Enterprise systems: State-of-the-art and future trends,"Xu, Li Da",Li,female,0.9821247080400133,True
Extended ontology-based process management architecture,"Liu, Tingting",Tingting,female,0.9998782662833691,True
Extended ontology-based process management architecture,"Wang, Huifen",Huifen,female,0.9753641876782523,True
Extended ontology-based process management architecture,"Liu, Linyan",Linyan,female,0.9783857850859901,True
High quality technical documentation for large industrial plants using an enterprise engineering and conceptual modeling based software solution,"Van Kervel, Steven J. H.",Steven,male,0.9999938645828961,True
Uniform modeling of resources and business processes using business entities,"Liu, Rong",Rong,unknown,0.7174724947670523,False
Uniform modeling of resources and business processes using business entities,"Nigam, Anil",Anil,male,0.9998140050752149,True
Uniform modeling of resources and business processes using business entities,"Shan, Zhe",Zhe,male,0.9817277068458309,True
Uniform modeling of resources and business processes using business entities,"Wu, Frederick",Frederick,male,0.999942547328335,True
M3 - A behavioral similarity metric for business processes,"Kunze, Matthias",Matthias,male,0.9999337682187655,True
M3 - A behavioral similarity metric for business processes,"Weidlich, Matthias",Matthias,male,0.9999337682187655,True
M3 - A behavioral similarity metric for business processes,"Weske, Mathias",Mathias,male,0.999948038650782,True
Goals for an IoT context-based process modelling language regarding logistics,"Ferreira, Pedro",Pedro,male,0.9999821167297533,True
Goals for an IoT context-based process modelling language regarding logistics,"Martinho, Ricardo",Ricardo,male,0.99996029299145,True
Goals for an IoT context-based process modelling language regarding logistics,"Domingos, Dulce",Dulce,female,0.9999686490158941,True
Releasing material screening and continuous nano-imprinting in mold replication for Nano-Imprint Lithography,"Suzuki, Kouta",Kouta,male,0.6613229563843105,False
Releasing material screening and continuous nano-imprinting in mold replication for Nano-Imprint Lithography,"Kobayashi, Hideo",Hideo,male,0.9999803133103462,True
Releasing material screening and continuous nano-imprinting in mold replication for Nano-Imprint Lithography,"Sato, Takashi",Takashi,male,0.9997988481962545,True
Releasing material screening and continuous nano-imprinting in mold replication for Nano-Imprint Lithography,"Yamashita, Hiroshi",Hiroshi,male,0.9998611714963603,True
Releasing material screening and continuous nano-imprinting in mold replication for Nano-Imprint Lithography,"Watanabe, Tsuyoshi",Tsuyoshi,male,0.9997465625592936,True
Optimising operational costs using Soft Computing techniques,"Sedano, Javier",Javier,male,0.9999768372268597,True
Optimising operational costs using Soft Computing techniques,"Berzosa, Alba",Alba,female,0.9999830884018904,True
Optimising operational costs using Soft Computing techniques,"Villar, José R.",José,male,0.9960913709996708,True
Optimising operational costs using Soft Computing techniques,"Corchado, Emilio",Emilio,male,0.9998271675860951,True
Optimising operational costs using Soft Computing techniques,"De La Cal, Enrique",Enrique,male,0.9985890391614565,True
Defining customizable business processes without compromising the maintainability in multi-tenant SaaS applications,"Kapuruge, Malinda",Malinda,female,0.9999984088185713,True
Defining customizable business processes without compromising the maintainability in multi-tenant SaaS applications,"Colman, Alan",Alan,male,0.9999595127093575,True
Defining customizable business processes without compromising the maintainability in multi-tenant SaaS applications,"Han, Jun",Jun,male,0.9972113548054844,True
Business process management adoption: A case study of a South African supermarket retailer,"Grisdale, Wesley",Wesley,male,0.999943116377622,True
Business process management adoption: A case study of a South African supermarket retailer,"Seymour, Lisa F.",Lisa,female,0.9999920796870457,True
A framework proposal for intelligent management of unexpected exceptions in workflow,"Derbali, Myriam Amina",Myriam,female,0.9999019396640695,True
Situatedness - The Amalgam of Agile (S-)BPM,"Neubauer, Matthias",Matthias,male,0.9999337682187655,True
Situatedness - The Amalgam of Agile (S-)BPM,"Stary, Christian",Christian,male,0.9993987974523811,True
PROWIT - Integrated web 2.0 business process collaboration service-platform,"Schwantzer, Simon",Simon,male,0.9999853866925988,True
PROWIT - Integrated web 2.0 business process collaboration service-platform,"Faltin, Nils",Nils,male,0.999609305827729,True
A new approach in the development of ontology based workflow architectures,"Ternai, Katalin",Katalin,female,0.999942475190427,True
A new approach in the development of ontology based workflow architectures,"Török, Mátyás",Mátyás,male,0.9954336469227959,True
A serious game based method for business process management,"Santorum, Marco",Marco,male,0.9998964214527616,True
Towards a Human Reliability Analysis in process modelling: An empirical investigation,"Nielen, Alexander",Alexander,male,0.9999914495946162,True
Towards a Human Reliability Analysis in process modelling: An empirical investigation,"Költer, Denise",Denise,female,0.9999800274983086,True
Towards a Human Reliability Analysis in process modelling: An empirical investigation,"Mütze-Niewöhner, Susanne",Susanne,female,0.9999892357121019,True
Towards a Human Reliability Analysis in process modelling: An empirical investigation,"Karla, Jürgen",Jürgen,male,0.9977530655334812,True
Towards a Human Reliability Analysis in process modelling: An empirical investigation,"Schlick, Christopher M.",Christopher,male,0.9999877129093514,True
Differences in business process management between global players and micro enterprises - Experiences from practice,"Bindner, Jörg",Jörg,male,0.9995939947892971,True
Differences in business process management between global players and micro enterprises - Experiences from practice,"Mayer-Leixner, Gunther",Gunther,male,0.9999793003300154,True
Towards a business process-oriented approach to enterprise content management: The ECM-blueprinting framework,"vom Brocke, Jan",Jan,unknown,0.5504849119650672,False
Towards a business process-oriented approach to enterprise content management: The ECM-blueprinting framework,"Simons, Alexander",Alexander,male,0.9999914495946162,True
Towards a business process-oriented approach to enterprise content management: The ECM-blueprinting framework,"Cleven, Anne",Anne,female,0.9999910090887604,True
Modeling needs in the BPM consulting process,"Reinheimer, Stefan",Stefan,male,0.9999831604184807,True
Combining ERP systems with enterprise 2.0,"Wang, Yucan",Yucan,male,0.998564188306758,True
Combining ERP systems with enterprise 2.0,"Greaseley, Andrew",Andrew,male,0.9999907571453364,True
Combining ERP systems with enterprise 2.0,"Thanassoulis, Emmanuel",Emmanuel,male,0.9999660882485447,True
A concept for comprehensive knowledge management system,"Kucharski, Bartosz",Bartosz,male,0.9997999843954474,True
A concept for comprehensive knowledge management system,"Szczerbicki, Edward",Edward,male,0.9999944888430353,True
A predictive business agility model for service oriented architectures,"Hirzalla, Mamoun",Mamoun,male,0.9998913658242256,True
A predictive business agility model for service oriented architectures,"Bahrs, Peter",Peter,male,0.9999580684529622,True
A predictive business agility model for service oriented architectures,"Cleland-Huang, Jane",Jane,female,0.9998933627948243,True
A predictive business agility model for service oriented architectures,"Miller, Craig S.",Craig,male,0.9997549259561002,True
A predictive business agility model for service oriented architectures,"High, Rob",Rob,male,0.9999922862201587,True
BPM 2.0: Business process management meets empowerment,"Kurz, Matthias",Matthias,male,0.9999337682187655,True
BPM 2.0: Business process management meets empowerment,"Fleischmann, Albert",Albert,male,0.9999213683449588,True
Study on the capabilities model of BPO service provider with relationship concerning,"Jianbin, Chen",Chen,male,0.8803324700638614,True
Study on the capabilities model of BPO service provider with relationship concerning,"Yuanyuan, Che",Che,male,0.9826173548122891,True
Strong non-leak guarantees for workflow models,"Accorsi, Rafael",Rafael,male,0.9999801002723208,True
Strong non-leak guarantees for workflow models,"Wonnemann, Claus",Claus,male,0.9938606674611371,True
Visual modeling of workflow with support to multimedia and spatiotemporal indexing,"Lacerda, Yuri Almeida",Yuri,female,0.8615516334081819,True
Visual modeling of workflow with support to multimedia and spatiotemporal indexing,"De Figueirêdo, Hugo Feitosa",Hugo,male,0.9999959578630685,True
Visual modeling of workflow with support to multimedia and spatiotemporal indexing,"Feitosa, Robson Gonçalves Fechine",Robson,male,0.9999891526715698,True
Visual modeling of workflow with support to multimedia and spatiotemporal indexing,"Falcão, Ana Gabrielle Ramos",Ana,female,0.9999965937600829,True
Visual modeling of workflow with support to multimedia and spatiotemporal indexing,"De Souza Baptista, Cláudio",Cláudio,male,0.9984159011604465,True
Service-oriented enterprise: Taking the next step beyond agility in the digital economy,"Mircea, Marinela",Marinela,female,0.9999987002228896,True
Business objects as a mediator between processes and data,"Kesch, Peter",Peter,male,0.9999580684529622,True
Service networks performance analytics: A literature review,"Carroll, Noel",Noel,male,0.9967487205429406,True
Service networks performance analytics: A literature review,"Wang, Yan",Yan,unknown,0.5336648310743305,False
Key lessons from wikimanagement and BPM best practices: Aspiring for a truly holistic approach in BPM,"Komus, Ayelt",Ayelt,male,0.9915585556497978,True
Applying Protocol Service for the monitoring of business process,"Du, Xiaofeng",Xiaofeng,male,0.8626461853220857,True
Applying Protocol Service for the monitoring of business process,"Bordbar, Behzad",Behzad,male,0.9999961286827491,True
Applying Protocol Service for the monitoring of business process,"Alodib, Mohammed",Mohammed,male,0.99999732840862,True
Applying Protocol Service for the monitoring of business process,"Majeed, Basim",Basim,male,0.9998300911000032,True
A study on process evaluation and selection model for business process management,"Cho, Chiwoon",Chiwoon,unknown,0.6887617114370037,False
A study on process evaluation and selection model for business process management,"Lee, Seungsin",Seungsin,unknown,0.6012299784262517,False
Dynamic catenation and execution of cross organisational business processes - The jCPEX! approach,"Meyer, Nils",Nils,male,0.999609305827729,True
Dynamic catenation and execution of cross organisational business processes - The jCPEX! approach,"Feiner, Thomas",Thomas,male,0.9999981017477207,True
Dynamic catenation and execution of cross organisational business processes - The jCPEX! approach,"Radmayr, Markus",Markus,male,0.9999735872978276,True
Dynamic catenation and execution of cross organisational business processes - The jCPEX! approach,"Blei, Dominik",Dominik,male,0.9999341703754147,True
Dynamic catenation and execution of cross organisational business processes - The jCPEX! approach,"Fleischmann, Albert",Albert,male,0.9999213683449588,True
Querying business process models based on semantics,"Jin, Tao",Tao,male,0.9969686446299408,True
Querying business process models based on semantics,"Wang, Jianmin",Jianmin,male,0.8695557433766125,True
Querying business process models based on semantics,"Wen, Lijie",Lijie,female,0.9790060744846031,True
Architecture combining SOA and BPM,"Ge, Fuhua",Fuhua,female,0.9465334409313323,True
Architecture combining SOA and BPM,"Yao, Shaowen",Shaowen,male,0.8803378831204997,True
Petri net based agents for coordinating resources in a workflow management system,"Plà, Albert",Albert,male,0.9999213683449588,True
Petri net based agents for coordinating resources in a workflow management system,"Gay, Pablo",Pablo,male,0.9999522824750242,True
Petri net based agents for coordinating resources in a workflow management system,"Meléndez, Joaquim",Joaquim,male,0.9999847193699697,True
Petri net based agents for coordinating resources in a workflow management system,"López, Beatriz",Beatriz,female,0.9998569138632866,True
Key challenges for enabling agile BPM with social software,"Bruno, Giorgio",Giorgio,male,0.9999809713075973,True
Key challenges for enabling agile BPM with social software,"Dengler, Frank",Frank,male,0.999947578866658,True
Key challenges for enabling agile BPM with social software,"Jennings, Ben",Ben,male,0.9999724406238173,True
Key challenges for enabling agile BPM with social software,"Khalaf, Rania",Rania,female,0.9999895380905176,True
Key challenges for enabling agile BPM with social software,"Nurcan, Selmin",Selmin,female,0.8544568454027446,True
Key challenges for enabling agile BPM with social software,"Prilla, Michael",Michael,male,0.9999876221560686,True
Key challenges for enabling agile BPM with social software,"Sarini, Marcello",Marcello,male,0.9996360264682205,True
Key challenges for enabling agile BPM with social software,"Schmidt, Rainer",Rainer,male,0.9999264596357705,True
Key challenges for enabling agile BPM with social software,"Silva, Rito",Rito,male,0.9994474446090862,True
BPM and exception handling: Focus on organizational resilience,"Antunes, Pedro",Pedro,male,0.9999821167297533,True
Business process and business rules modelling in concert for e-service design and business alignment,"Holmberg, Nicklas",Nicklas,male,0.999971314788371,True
Business process and business rules modelling in concert for e-service design and business alignment,"Steen, Odd",Odd,male,0.9940067770956975,True
A planning and scheduling perspective for designing business processes from declarative specifications,"Barba, Irene",Irene,female,0.9999787388905271,True
A planning and scheduling perspective for designing business processes from declarative specifications,"Del Valle, Carmelo",Carmelo,male,0.9997529037932493,True
Using MiniZnMASC middleware with different algorithms for business-driven adaptation of business processes,"Lu, Qinghua",Qinghua,female,0.889461969518216,True
Using MiniZnMASC middleware with different algorithms for business-driven adaptation of business processes,"Tosic, Vladimir",Vladimir,male,0.9999351319225824,True
Key features of subject-oriented modeling and organizational deployment tools,"Fleischmann, Albert",Albert,male,0.9999213683449588,True
Key features of subject-oriented modeling and organizational deployment tools,"Stary, Christian",Christian,male,0.9993987974523811,True
Ontological description and similarity-based discovery of business process models,"Belhajjame, Khalid",Khalid,male,0.999949361127034,True
Ontological description and similarity-based discovery of business process models,"Brambilla, Marco",Marco,male,0.9998964214527616,True
Integrating constraints to support legally flexible business processes,"Sun, Yuqing",Yuqing,female,0.9836535101793734,True
Integrating constraints to support legally flexible business processes,"Huang, Joshua Zhexue",Joshua,male,0.9999478409486502,True
Integrating constraints to support legally flexible business processes,"Meng, Xiangxu",Xiangxu,male,0.9091372408283326,True
Establishing conceptual and functional links between S-BPM and business rules,"Sellner, Alexander",Alexander,male,0.9999914495946162,True
Establishing conceptual and functional links between S-BPM and business rules,"Zinser, Erwin",Erwin,male,0.9999518511321507,True
Do we need to re-think current BPM research issues?,"Fleischmann, Albert",Albert,male,0.9999213683449588,True
Towards a collaborative business process management methodology,"Meziani, Rachid",Rachid,male,0.9999913462472123,True
Towards a collaborative business process management methodology,"Saleh, Imad",Imad,male,0.9999893046627879,True
"User requirements notation: The first ten years, the next ten years","Amyot, Daniel",Daniel,male,0.9999484956264236,True
"User requirements notation: The first ten years, the next ten years","Mussbacher, Gunter",Gunter,male,0.9999668826888214,True
Support for concurrent adaptation of multiple Web service compositions to maximize business metrics,"Lu, Qinghua",Qinghua,female,0.889461969518216,True
Support for concurrent adaptation of multiple Web service compositions to maximize business metrics,"Tosic, Vladimir",Vladimir,male,0.9999351319225824,True
Business Process Service Oriented Methodology (BPSOM) with service generation in SoaML,"Delgado, Andrea",Andrea,female,0.9990642945711071,True
Business Process Service Oriented Methodology (BPSOM) with service generation in SoaML,"Ruiz, Francisco",Francisco,male,0.9999572464565292,True
Business Process Service Oriented Methodology (BPSOM) with service generation in SoaML,"De Guzmán, Ignacio García-Rodríguez",Ignacio,male,0.9999054231007377,True
Business Process Service Oriented Methodology (BPSOM) with service generation in SoaML,"Piattini, Mario",Mario,male,0.9998285831560244,True
Analyzing risk dependencies on RFID-driven global logistics processes,"Chun, Myounghoon",Myounghoon,male,0.7117785386559583,False
Analyzing risk dependencies on RFID-driven global logistics processes,"Ahn, Hyun",Hyun,female,0.6602337656838952,False
Analyzing risk dependencies on RFID-driven global logistics processes,"Kim, Kwanghoon",Kwanghoon,unknown,0.690362626434451,False
Analyzing risk dependencies on RFID-driven global logistics processes,"Bang, Hyochan",Hyochan,male,0.7311552167360322,False
Analyzing risk dependencies on RFID-driven global logistics processes,"Kim, Sunjin",Sunjin,female,0.7066179010501392,False
Analyzing risk dependencies on RFID-driven global logistics processes,"Hwang, Jaekag",Jaekag,male,0.6964427830598944,False
A fact-oriented ontological approach to human process modeling for knowledge-intensive business services,"Lee, Jeongsoo",Jeongsoo,unknown,0.7388960647671794,False
A fact-oriented ontological approach to human process modeling for knowledge-intensive business services,"Yoon, Janghyeok",Janghyeok,unknown,0.7004114866411107,False
A fact-oriented ontological approach to human process modeling for knowledge-intensive business services,"Seo, Wonchul",Wonchul,unknown,0.7381556504774953,False
A fact-oriented ontological approach to human process modeling for knowledge-intensive business services,"Kim, Kwangsoo",Kwangsoo,male,0.9990968071921398,True
A fact-oriented ontological approach to human process modeling for knowledge-intensive business services,"Kim, Cheol-Han",Cheol,male,0.9981535200168002,True
Random thoughts on multi-level conceptual modelling,"Henderson-Sellers, Brian",Brian,male,0.999980533484253,True
Business logic evaluation model for web service reliability analysis,"Thirumaran, M.",,unknown,0,False
Business logic evaluation model for web service reliability analysis,"Dhavachelvan, P.",,unknown,0,False
Business logic evaluation model for web service reliability analysis,"Abarna, S.",,unknown,0,False
Business logic evaluation model for web service reliability analysis,"Lakshmi, P.",,unknown,0,False
A genesis of thinking in the evolution of ancient philosophy and modern software development,"Sneed, Stephan H.",Stephan,male,0.9999887311827451,True
"Introduction to the track on cyber physical society with SOA, BPM and sensor networks in the Wetice 2011 conference","Zhou, Zhangbing",Zhangbing,female,0.5744682295722076,False
"Introduction to the track on cyber physical society with SOA, BPM and sensor networks in the Wetice 2011 conference","Sun, Xiaoping",Xiaoping,female,0.9765458875749421,True
"Introduction to the track on cyber physical society with SOA, BPM and sensor networks in the Wetice 2011 conference","Shu, Lei",Lei,female,0.9773825880925103,True
"Introduction to the track on cyber physical society with SOA, BPM and sensor networks in the Wetice 2011 conference","Lai, Chin-Feng",Chin,male,0.9814689338710207,True
Managing process model complexity via concrete syntax modifications,"La Rosa, Marcello",Marcello,male,0.9996360264682205,True
Managing process model complexity via concrete syntax modifications,"Ter Hofstede, Arthur H. M.",Arthur,male,0.9999849927075136,True
Managing process model complexity via concrete syntax modifications,"Wohed, Petia",Petia,female,0.999916611117753,True
Managing process model complexity via concrete syntax modifications,"Reijers, Hajo A.",Hajo,unknown,0.6060434118944652,False
Managing process model complexity via concrete syntax modifications,"Mendling, Jan",Jan,unknown,0.5504849119650672,False
Managing process model complexity via concrete syntax modifications,"Van Der Aalst, Wil M. P.",Wil,male,0.9988491702309068,True
BPM and BPMN as integrating concepts in eGovernment - The Swiss eGovernment BPM ecosystem,"Walser, Konrad",Konrad,male,0.9999905818871407,True
BPM and BPMN as integrating concepts in eGovernment - The Swiss eGovernment BPM ecosystem,"Schaffroth, Marc",Marc,male,0.9999669556997242,True
Business artifacts with guard-stage-milestone lifecycles: Managing artifact interactions with conditions and events,"Hull, Richard",Richard,male,0.9999944029565571,True
Business artifacts with guard-stage-milestone lifecycles: Managing artifact interactions with conditions and events,"Damaggio, Elio",Elio,male,0.9999283379886147,True
Business artifacts with guard-stage-milestone lifecycles: Managing artifact interactions with conditions and events,"De Masellis, Riccardo",Riccardo,male,0.9999560019879111,True
Business artifacts with guard-stage-milestone lifecycles: Managing artifact interactions with conditions and events,"Fournier, Fabiana",Fabiana,female,0.9999972654407242,True
Business artifacts with guard-stage-milestone lifecycles: Managing artifact interactions with conditions and events,"Gupta, Manmohan",Manmohan,male,0.9997884860913749,True
Business artifacts with guard-stage-milestone lifecycles: Managing artifact interactions with conditions and events,"Heath III, Fenno Terry",Fenno,male,0.9932661205017383,True
Business artifacts with guard-stage-milestone lifecycles: Managing artifact interactions with conditions and events,"Hobson, Stacy",Stacy,female,0.996736456450035,True
Business artifacts with guard-stage-milestone lifecycles: Managing artifact interactions with conditions and events,"Linehan, Mark",Mark,male,0.999973238313618,True
Business artifacts with guard-stage-milestone lifecycles: Managing artifact interactions with conditions and events,"Maradugu, Sridhar",Sridhar,male,0.9999842428653053,True
Business artifacts with guard-stage-milestone lifecycles: Managing artifact interactions with conditions and events,"Nigam, Anil",Anil,male,0.9998140050752149,True
Business artifacts with guard-stage-milestone lifecycles: Managing artifact interactions with conditions and events,"Sukaviriya, Piwadee Noi",Piwadee,male,0.5799545977321524,False
Business artifacts with guard-stage-milestone lifecycles: Managing artifact interactions with conditions and events,"Vaculín, Roman",Roman,male,0.9999958558456321,True
Experiences of using different communication styles in business process support systems with the shared spaces architecture,"Bider, Ilia",Ilia,female,0.7355633110002426,False
Experiences of using different communication styles in business process support systems with the shared spaces architecture,"Johannesson, Paul",Paul,male,0.999990342528266,True
Experiences of using different communication styles in business process support systems with the shared spaces architecture,"Schmidt, Rainer",Rainer,male,0.9999264596357705,True
Slipstream: Architecture options for real-time process analytics,"Janiesch, Christian",Christian,male,0.9993987974523811,True
Slipstream: Architecture options for real-time process analytics,"Matzner, Martin",Martin,male,0.9998539477569732,True
Slipstream: Architecture options for real-time process analytics,"Müller, Oliver",Oliver,male,0.9999907881390401,True
Slipstream: Architecture options for real-time process analytics,"Vollmer, Robert",Robert,male,0.9999776797436909,True
Slipstream: Architecture options for real-time process analytics,"Becker, Jörg",Jörg,male,0.9995939947892971,True
Service orienting the Swedish vaccination recommendation activity with the business rules centric digital service VacSam,"Holmberg, Nicklas",Nicklas,male,0.999971314788371,True
Service orienting the Swedish vaccination recommendation activity with the business rules centric digital service VacSam,"Steen, Odd",Odd,male,0.9940067770956975,True
Service orienting the Swedish vaccination recommendation activity with the business rules centric digital service VacSam,"Carlsson, Sven",Sven,male,0.9999829597136491,True
Automatic music emotion classification using chords and BPM,"Park, Sang-Yong",Sang,male,0.9895846472342934,True
Automatic music emotion classification using chords and BPM,"Sim, Han-Moi",Han,male,0.8602843225353817,True
Automatic music emotion classification using chords and BPM,"Kwon, Mi-Kyung",Mi,female,0.9816196733939091,True
Automatic music emotion classification using chords and BPM,"Lee, Won-Hyung",Won,male,0.9967423370712832,True
Relationship between BPM education and business process solutions: Results of a student contest,"Schmidt, Werner",Werner,male,0.9999697709027106,True
The BPI of price management process based on workflow management in 3C distribution,"Cheng-Guo, Han",Han,male,0.8602843225353817,True
The BPI of price management process based on workflow management in 3C distribution,"Zuo-Bin, Liang",Liang,male,0.9782482259488245,True
Why we need to re-think current BPM research issues,"Olbrich, Thomas J.",Thomas,male,0.9999981017477207,True
Understanding the role of communication and hands-on experience in work process design for all,"Stary, Christian",Christian,male,0.9993987974523811,True
Six sigma as a business process management method in services: Analysis of the key application problems,"Johannsen, Florian",Florian,male,0.9999672042878258,True
Six sigma as a business process management method in services: Analysis of the key application problems,"Leist, Susanne",Susanne,female,0.9999892357121019,True
Six sigma as a business process management method in services: Analysis of the key application problems,"Zellner, Gregor",Gregor,male,0.9999917847917771,True
Artifact-centric workflow management system,"Sun, Yu-Tian",Yu,female,0.8656251027956705,True
Artifact-centric workflow management system,"Liu, Xi",Xi,unknown,0.6241046773770502,False
Artifact-centric workflow management system,"Kucukoguz, Esra",Esra,female,0.9999688800388199,True
Artifact-centric workflow management system,"Su, Jian-Wen",Jian,male,0.9975103869595472,True
Artifact-centric workflow management system,"Yang, Jian",Jian,male,0.9975103869595472,True
Methodology and recommendations for crisis processes: An effective way how to manage business process deployment in the crisis management,"Ludík, Tomáš",Tomáš,male,0.9998876726683571,True
Methodology and recommendations for crisis processes: An effective way how to manage business process deployment in the crisis management,"Ráček, Jaroslav",Jaroslav,male,0.9999863309293385,True
Methodology and recommendations for crisis processes: An effective way how to manage business process deployment in the crisis management,"Pekárková, Lucie",Lucie,female,0.9999779403834907,True
An integrated approach for modeling and facilitating RFID-based collaborative logistics processes,"Li, Yu",Yu,female,0.8656251027956705,True
An integrated approach for modeling and facilitating RFID-based collaborative logistics processes,"Oberweis, Andreas",Andreas,male,0.9999763395171621,True
An integrated approach for modeling and facilitating RFID-based collaborative logistics processes,"Zhang, Huayu",Huayu,female,0.6735190604753195,False
Using multi-subjects for process synchronization on different abstraction levels,"Rodenhagen, Jörg",Jörg,male,0.9995939947892971,True
Using multi-subjects for process synchronization on different abstraction levels,"Strecker, Florian",Florian,male,0.9999672042878258,True
Advances in business process management implementation based on a maturity assessment and best practice exchange,"Rohloff, Michael",Michael,male,0.9999876221560686,True
Exporting natural language: Generating NL sentences out of S-BPM process models,"Sneed, Stephan H.",Stephan,male,0.9999887311827451,True
An application of business process method to the clinical efficiency of hospital,"Leu, Jun-Der",Jun,male,0.9972113548054844,True
An application of business process method to the clinical efficiency of hospital,"Huang, Yu-Tsung",Yu,female,0.8656251027956705,True
Bringing knowledge into recommendation systems,"Tomaz, Luiz F. C.",Luiz,male,0.9996898239467037,True
Bringing knowledge into recommendation systems,"Rodrigues Nt, Jose A.",Jose,male,0.9999804924850862,True
Bringing knowledge into recommendation systems,"Souza, Jano M.",Jano,male,0.9822468409987096,True
Bringing knowledge into recommendation systems,"Xexeo, Geraldo B.",Geraldo,male,0.9999071401047015,True
Event-driven business process management in Engineer-to-Order supply chains,"Minguez, Jorge",Jorge,male,0.9999507614101812,True
Event-driven business process management in Engineer-to-Order supply chains,"Zor, Sema",Sema,female,0.9999553147175918,True
Event-driven business process management in Engineer-to-Order supply chains,"Reimann, Peter",Peter,male,0.9999580684529622,True
Towards ontology-based collaboration framework based on messaging system,"Sriharee, Gridaphat",Gridaphat,unknown,0.715378502518371,False
Using distributed CSPs to model business processes agreement in software multiprocess,"Parody, Luisa",Luisa,female,0.9999960147175538,True
Using distributed CSPs to model business processes agreement in software multiprocess,"Gómez-López, Maria Teresa",Maria,female,0.9999948398304921,True
Using distributed CSPs to model business processes agreement in software multiprocess,"Gasca, Rafael M.",Rafael,male,0.9999801002723208,True
Using distributed CSPs to model business processes agreement in software multiprocess,"Borrego, Diana",Diana,female,0.999995961950494,True
Value orientation in process management: Research gap and contribution to economically well-founded decisions in process management,"Buhl, Hans Ulrich",Hans,male,0.9999270008633634,True
Value orientation in process management: Research gap and contribution to economically well-founded decisions in process management,"Röglinger, Maximilian",Maximilian,male,0.9998238213451786,True
Value orientation in process management: Research gap and contribution to economically well-founded decisions in process management,"Stöckl, Stefan",Stefan,male,0.9999831604184807,True
Value orientation in process management: Research gap and contribution to economically well-founded decisions in process management,"Braunwarth, Kathrin S.",Kathrin,female,0.9998351957915239,True
Comparison of system dynamics and BPM for software process simulation,"Kožusznik, Jan",Jan,unknown,0.5504849119650672,False
Comparison of system dynamics and BPM for software process simulation,"Štolfa, Svatopluk",Svatopluk,male,0.9980909007720468,True
Comparison of system dynamics and BPM for software process simulation,"Ježek, David",David,male,0.9999952928042082,True
Comparison of system dynamics and BPM for software process simulation,"Kuchař, Štěpán",Štěpán,male,0.9992113432511146,True
Context-aware web services orchestration for multimedia conference process management,"Cheng, Bo",Bo,male,0.9936897842165783,True
Context-aware web services orchestration for multimedia conference process management,"Lin, Xiangtao",Xiangtao,male,0.9807464122991364,True
Context-aware web services orchestration for multimedia conference process management,"Chen, Junliang",Junliang,male,0.9564774619621866,True
The banking system reference implementation based on SOA,"Zhang, Li",Li,female,0.9821247080400133,True
The banking system reference implementation based on SOA,"Wang, Yan",Yan,unknown,0.5336648310743305,False
The banking system reference implementation based on SOA,"Li, Fu-Jiang",Fu,male,0.9888269146800907,True
Distributed execution of S-BPM business processes,"Aitenbichler, Erwin",Erwin,male,0.9999518511321507,True
Distributed execution of S-BPM business processes,"Borgert, Stephan",Stephan,male,0.9999887311827451,True
Distributed execution of S-BPM business processes,"Mühlhäuser, Max",Max,male,0.9999943791406495,True
Evaluating effectiveness of risk identification and management using organisational models,"Bhuiyan, Moshiur",Moshiur,male,0.9999740785430802,True
Evaluating effectiveness of risk identification and management using organisational models,"Rana, Sohel",Sohel,male,0.9999915638263979,True
Evaluating effectiveness of risk identification and management using organisational models,"Krishna, Aneesh",Aneesh,male,0.9989807132747123,True
Towards modeling real-world aware business processes,"Meyer, Sonja",Sonja,female,0.999994519434546,True
Towards modeling real-world aware business processes,"Sperner, Klaus",Klaus,male,0.9999519344977958,True
Towards modeling real-world aware business processes,"Magerkurth, Carsten",Carsten,male,0.9999179788184361,True
Towards modeling real-world aware business processes,"Pasquier, Jacques",Jacques,male,0.9999799945534292,True
Analyzing behavioral properties of semantic business processes with parametric data,"Ibáñez, María José",María,female,0.9998408731018508,True
Analyzing behavioral properties of semantic business processes with parametric data,"Álvarez, Pedro",Pedro,male,0.9999821167297533,True
Analyzing behavioral properties of semantic business processes with parametric data,"Ezpeleta, Joaquín",Joaquín,male,0.9995034108427707,True
The Third Workshop on Behaviour Modelling - Foundations and Applications,"Roubtsova, Ella",Ella,female,0.9999964991992288,True
The Third Workshop on Behaviour Modelling - Foundations and Applications,"McNeile, Ashley",Ashley,female,0.9987793230320211,True
The Third Workshop on Behaviour Modelling - Foundations and Applications,"Kindler, Ekkart",Ekkart,unknown,0.6462128160048686,False
The Third Workshop on Behaviour Modelling - Foundations and Applications,"Aksit, Mehmet",Mehmet,male,0.9999939737476609,True
"Enhancing data exchange and management supervision in a complex mesh of subcontractors: A theoretic approach to counter interface issues in micro-, small-and medium-sized enterprises","Burnickl, Peter",Peter,male,0.9999580684529622,True
"Enhancing data exchange and management supervision in a complex mesh of subcontractors: A theoretic approach to counter interface issues in micro-, small-and medium-sized enterprises","Basl, Josef",Josef,male,0.9999977561192824,True
Knowledge base development in virtual enterprise network as support for workplace risk assessment,"Dragoi, George",George,male,0.9999684085414767,True
Knowledge base development in virtual enterprise network as support for workplace risk assessment,"Draghici, Anca",Anca,female,0.9999475242567216,True
Knowledge base development in virtual enterprise network as support for workplace risk assessment,"Rosu, Sebastian Marius",Sebastian,male,0.9999469726859632,True
Knowledge base development in virtual enterprise network as support for workplace risk assessment,"Radovici, Alexandru",Alexandru,male,0.9999285156544486,True
Knowledge base development in virtual enterprise network as support for workplace risk assessment,"Cotet, Costel Emil",Costel,male,0.9990594090288247,True
New patents on business process management information systems and decision support,"Campos, Ana Carolina S.M",Ana,female,0.9999965937600829,True
New patents on business process management information systems and decision support,"Daher, Suzana F.D",Suzana,female,0.9999977992818363,True
New patents on business process management information systems and decision support,"Almeida, Adiel T",Adiel,male,0.9991083596936415,True
SOA enabled BPM rule engine,"Valani, D.",,unknown,0,False
SOA enabled BPM rule engine,"Chawan, R.K.",R.K.,male,0.9861808983771063,True
SOA enabled BPM rule engine,"Ghazali, S.",,unknown,0,False
Research on business process management-based supply chain system,"Yu, Xin",Xin,female,0.7003246185087639,False
Research on business process management-based supply chain system,"Liang, Chengsheng",Chengsheng,male,0.9475886184912833,True
Research on business process management-based supply chain system,"Li, Shufen",Shufen,female,0.9829549879553947,True
Research on business process management-based supply chain system,"Sun, Xue",Xue,female,0.9738490518370407,True
A resource oriented framework for context-aware enterprise applications,"Duggal, Dave",Dave,male,0.9998200183915222,True
A resource oriented framework for context-aware enterprise applications,"Malyk, William",William,male,0.999948625742716,True
"Market, network, hierarchy: Emerging mechanisms of governance in business process management","Niehaves, Bjoern",Bjoern,male,0.9999626535245362,True
"Market, network, hierarchy: Emerging mechanisms of governance in business process management","Plattfaut, Ralf",Ralf,male,0.9999738177966511,True
Semantic business process space for intelligent management of sales order business processes,"Kim, Gunwoo",Gunwoo,male,0.9996220642039415,True
Semantic business process space for intelligent management of sales order business processes,"Suh, Yongmoo",Yongmoo,unknown,0.7418470254007903,False
Collaborative business process modeling with CoMoMod: A toolkit for model integration in distributed cooperation environments,"Dollmann, Thorsten",Thorsten,male,0.9999697100379872,True
Collaborative business process modeling with CoMoMod: A toolkit for model integration in distributed cooperation environments,"Houy, Constantin",Constantin,male,0.9998452155438584,True
Collaborative business process modeling with CoMoMod: A toolkit for model integration in distributed cooperation environments,"Fettke, Peter",Peter,male,0.9999580684529622,True
Collaborative business process modeling with CoMoMod: A toolkit for model integration in distributed cooperation environments,"Loos, Peter",Peter,male,0.9999580684529622,True
Syntax highlighting in business process models,"Reijers, H.A.",H.A.,male,0.9978547993886707,True
Syntax highlighting in business process models,"Freytag, Thomas",Thomas,male,0.9999981017477207,True
Syntax highlighting in business process models,"Mendling, Jan",Jan,unknown,0.5504849119650672,False
Syntax highlighting in business process models,"Eckleder, Andreas",Andreas,male,0.9999763395171621,True
Extracting connection types in process models discovered by using from-to chart based approach,"Esgin, Eren",Eren,male,0.9956541200375327,True
Extracting connection types in process models discovered by using from-to chart based approach,"Senkul, Pinar",Pinar,female,0.9997207757760891,True
Process performance management: Illuminating design issues through a systematic problem analysis,"Cleven, Anne",Anne,female,0.9999910090887604,True
Process performance management: Illuminating design issues through a systematic problem analysis,"Winter, Robert",Robert,male,0.9999776797436909,True
Process performance management: Illuminating design issues through a systematic problem analysis,"Wortmann, Felix",Felix,male,0.9998848338420872,True
"Stakeholder-driven business process management ""An evaluation of the suitability, adequacy and effectiveness of quality and process management""","Jungen, Michael",Michael,male,0.9999876221560686,True
CorPN: Managing instance correspondence in collaborative business processes,"Zhao, Xiaohui",Xiaohui,female,0.8933139697047824,True
CorPN: Managing instance correspondence in collaborative business processes,"Liu, Chengfei",Chengfei,male,0.9108119020212339,True
CorPN: Managing instance correspondence in collaborative business processes,"Yang, Yun",Yun,female,0.9855945587294108,True
CorPN: Managing instance correspondence in collaborative business processes,"Sadiq, Wasim",Wasim,male,0.9993698137434353,True
A formal and visual modeling approach to choreography based web services composition and conformance verification,"Yeung, W.L.",W.L.,male,0.9835149923650979,True
Mining association rules to support resource allocation in business process management,"Huang, Zhengxing",Zhengxing,male,0.8698973282812459,True
Mining association rules to support resource allocation in business process management,"Lu, Xudong",Xudong,male,0.9871832056718493,True
Mining association rules to support resource allocation in business process management,"Duan, Huilong",Huilong,male,0.9073269226571864,True
Research on the realization method of workflow engine in enterprise information management,"Qiu, Xiaoping",Xiaoping,female,0.9765458875749421,True
Research on the realization method of workflow engine in enterprise information management,"Shi, Gangqiao",Gangqiao,unknown,0.7141051804568975,False
Research on the realization method of workflow engine in enterprise information management,"Song, Changlin",Changlin,male,0.9752023719510203,True
Research on the realization method of workflow engine in enterprise information management,"Xu, Yang",Yang,unknown,0.6608034619216988,False
Business process management - Do we need a new research agenda?,"Singer, Robert",Robert,male,0.9999776797436909,True
Business process management - Do we need a new research agenda?,"Zinser, Erwin",Erwin,male,0.9999518511321507,True
A systems engineering approach for crown jewels estimation and mission assurance decision making,"Musman, Scott",Scott,male,0.9999236777795567,True
A systems engineering approach for crown jewels estimation and mission assurance decision making,"Tanner, Mike",Mike,male,0.9993471735902227,True
A systems engineering approach for crown jewels estimation and mission assurance decision making,"Temin, Aaron",Aaron,male,0.9999569688558521,True
A systems engineering approach for crown jewels estimation and mission assurance decision making,"Elsaesser, Evan",Evan,male,0.9999798906773547,True
A systems engineering approach for crown jewels estimation and mission assurance decision making,"Loren, Lewis",Lewis,male,0.999936851022061,True
Business process performance prediction on a tracked simulation model,"Solomon, Andrei",Andrei,male,0.9999084569407676,True
Business process performance prediction on a tracked simulation model,"Litoiu, Marin",Marin,female,0.8558238590301718,True
Competency based task assignment in human task management systems,"Ljubicic, Ivica",Ivica,male,0.9849465646628249,True
Competency based task assignment in human task management systems,"Car, Zeljka",Zeljka,female,0.9997587027065759,True
Constraint-centric workflow change analytics,"Wang, Harry Jiannan",Harry,male,0.9997201104874271,True
Constraint-centric workflow change analytics,"Zhao, J. Leon",,unknown,0,False
"An integrated approach for RUP, EA, SOA and BPM implementation","Napoli, Juan Pablo",Juan,male,0.9999978969254493,True
"An integrated approach for RUP, EA, SOA and BPM implementation","Kaloyanova, Kalinka",Kalinka,female,0.9999990894328952,True
OPBUS: Risk-aware framework for the conformance of security-quality requirements in business processes,"Varela-Vaca, A.J.",A.J.,male,0.9838924009026037,True
OPBUS: Risk-aware framework for the conformance of security-quality requirements in business processes,"Gasca, Rafael M.",Rafael,male,0.9999801002723208,True
OPBUS: Risk-aware framework for the conformance of security-quality requirements in business processes,"Pozo, Sergio",Sergio,male,0.9999761025266936,True
SOA adoption phases: A case study,"Trkman, Peter",Peter,male,0.9999580684529622,True
SOA adoption phases: A case study,"Kovačič, Andrej",Andrej,male,0.9999819320861987,True
SOA adoption phases: A case study,"Popovič, Aleš",Aleš,male,0.989993987940338,True
Requirements elicitation using BPM notations: Focusing on the strategic level representation,"Monsalve, Carlos",Carlos,male,0.9999630239120895,True
Requirements elicitation using BPM notations: Focusing on the strategic level representation,"April, Alain",Alain,male,0.9997547561521526,True
Requirements elicitation using BPM notations: Focusing on the strategic level representation,"Abran, Alain",Alain,male,0.9997547561521526,True
How to use e-services to construct BPM platform for e-business,"Chou, Tung-Hsiang",Tung,male,0.992430386227844,True
A methodology for dynamic service compositions based on an event-driven approach,"Vidačkovič, Krešimir",Krešimir,male,0.9984952681806728,True
A methodology for dynamic service compositions based on an event-driven approach,"Weisbecker, Anette",Anette,female,0.9999912143384062,True
The joint impact of service-oriented architectures and business process management on business process quality: An empirical evaluation and comparison,"Beimborn, Daniel",Daniel,male,0.9999484956264236,True
The joint impact of service-oriented architectures and business process management on business process quality: An empirical evaluation and comparison,"Joachim, Nils",Nils,male,0.999609305827729,True
Security validation tool for business processes,"Arsac, Wihem",Wihem,female,0.9868040973679826,True
Security validation tool for business processes,"Compagna, Luca",Luca,male,0.994050482423027,True
Security validation tool for business processes,"Kaluvuri, Samuel Paul",Samuel,male,0.999989157902001,True
Security validation tool for business processes,"Ponta, Serena Elisa",Serena,female,0.9999962616780754,True
Discovering service opportunities through capability modeling,"Kramer, Joseph",Joseph,male,0.9999763849079151,True
Discovering service opportunities through capability modeling,"Gerloff, Gary",Gary,male,0.9997261213475382,True
Discovering service opportunities through capability modeling,"Van Den Boer, Genevieve",Genevieve,female,0.999984234194334,True
Towards robust conformance checking,"Adriansyah, A.",,unknown,0,False
Towards robust conformance checking,"Van Dongen, B.F.",B.F.,male,0.9867762643541993,True
Towards robust conformance checking,"Van Der Aalst, W.M.P.",W.M.P.,male,0.7372678901195386,False
Towards processpedia - An ecological environment for BPM stakeholders collaboration,"Rito Silva, António",António,male,0.9966459700084099,True
Towards processpedia - An ecological environment for BPM stakeholders collaboration,"Rosemann, Michael",Michael,male,0.9999876221560686,True
Towards processpedia - An ecological environment for BPM stakeholders collaboration,"Mazhar, Samia",Samia,female,0.9999853575292066,True
What is sustainability in business process management? A theoretical framework and its application in the public sector of Ethiopia,"Hailemariam, Getachew",Getachew,male,0.9993445810585754,True
What is sustainability in business process management? A theoretical framework and its application in the public sector of Ethiopia,"Vom Brocke, Jan",Jan,unknown,0.5504849119650672,False
A comprehensive device collaboration model for integrating devices with web services under Internet of things,"Chen, Feng",Feng,male,0.9830753668861625,True
A comprehensive device collaboration model for integrating devices with web services under Internet of things,"Ren, Changrui",Changrui,male,0.9813918550272961,True
A comprehensive device collaboration model for integrating devices with web services under Internet of things,"Dong, Jin",Jin,male,0.7377281243241545,False
A comprehensive device collaboration model for integrating devices with web services under Internet of things,"Wang, Qinhua",Qinhua,female,0.6146429335910073,False
A comprehensive device collaboration model for integrating devices with web services under Internet of things,"Li, Jinfeng",Jinfeng,male,0.5636730448150306,False
A comprehensive device collaboration model for integrating devices with web services under Internet of things,"Shao, Bing",Bing,male,0.9070266412590164,True
Business process management for open e-services in local government - Experience report,"Wohed, Petia",Petia,female,0.999916611117753,True
Business process management for open e-services in local government - Experience report,"Truffet, David",David,male,0.9999952928042082,True
Business process management for open e-services in local government - Experience report,"Juell-Skielse, Gustaf",Gustaf,male,0.9999942884633342,True
Metric trees for efficient similarity search in large process model repositories,"Kunze, Matthias",Matthias,male,0.9999337682187655,True
Metric trees for efficient similarity search in large process model repositories,"Weske, Mathias",Mathias,male,0.999948038650782,True
Green business process patterns,"Nowak, Alexander",Alexander,male,0.9999914495946162,True
Green business process patterns,"Leymann, Frank",Frank,male,0.999947578866658,True
Green business process patterns,"Schleicher, Daniel",Daniel,male,0.9999484956264236,True
Green business process patterns,"Schumm, David",David,male,0.9999952928042082,True
Green business process patterns,"Wagner, Sebastian",Sebastian,male,0.9999469726859632,True
Agile business process management in research projects of life sciences,"Holzmüller-Laue, Silke",Silke,female,0.9999933347828766,True
Agile business process management in research projects of life sciences,"Göde, Bernd",Bernd,male,0.9998846486900214,True
Service improvement by business process management using customer complaints in financial service industry,"Pyon, Chong Un",Chong,male,0.9834513520056555,True
Service improvement by business process management using customer complaints in financial service industry,"Woo, Ji Young",Ji,female,0.6110604502837805,False
Service improvement by business process management using customer complaints in financial service industry,"Park, Sang Chan",Sang,male,0.9895846472342934,True
Introducing the guard-stage-milestone approach for specifying business entity lifecycles,"Hull, Richard",Richard,male,0.9999944029565571,True
Introducing the guard-stage-milestone approach for specifying business entity lifecycles,"Damaggio, Elio",Elio,male,0.9999283379886147,True
Introducing the guard-stage-milestone approach for specifying business entity lifecycles,"Fournier, Fabiana",Fabiana,female,0.9999972654407242,True
Introducing the guard-stage-milestone approach for specifying business entity lifecycles,"Gupta, Manmohan",Manmohan,male,0.9997884860913749,True
Introducing the guard-stage-milestone approach for specifying business entity lifecycles,"Heath III, Fenno",Fenno,male,0.9932661205017383,True
Introducing the guard-stage-milestone approach for specifying business entity lifecycles,"Hobson, Stacy",Stacy,female,0.996736456450035,True
Introducing the guard-stage-milestone approach for specifying business entity lifecycles,"Linehan, Mark",Mark,male,0.999973238313618,True
Introducing the guard-stage-milestone approach for specifying business entity lifecycles,"Maradugu, Sridhar",Sridhar,male,0.9999842428653053,True
Introducing the guard-stage-milestone approach for specifying business entity lifecycles,"Nigam, Anil",Anil,male,0.9998140050752149,True
Introducing the guard-stage-milestone approach for specifying business entity lifecycles,"Sukaviriya, Piyawadee",Piyawadee,female,0.9897448327931422,True
Introducing the guard-stage-milestone approach for specifying business entity lifecycles,"Vaculin, Roman",Roman,male,0.9999958558456321,True
Resilient business process management: Framework and Services,"Antunes, Pedro",Pedro,male,0.9999821167297533,True
Resilient business process management: Framework and Services,"Mourão, Hernâni",Hernâni,male,0.9844543823471769,True
"First International Workshop on Cross Enterprise Collaboration, People, and Work (CEC-PAW): Current state of affairs and future research directions","Oppenheim, Daniel",Daniel,male,0.9999484956264236,True
"First International Workshop on Cross Enterprise Collaboration, People, and Work (CEC-PAW): Current state of affairs and future research directions","Cataldo, Marcelo",Marcelo,male,0.9998735221664624,True
ECHO an evolutive vocabulary for collaborative BPM discussions,"Martinho, David",David,male,0.9999952928042082,True
ECHO an evolutive vocabulary for collaborative BPM discussions,"Rito-Silva, António",António,male,0.9966459700084099,True
Business Process Governance: Theorizing and Empirical Application,"Niehaves, Bjoern",Bjoern,male,0.9999626535245362,True
Business Process Governance: Theorizing and Empirical Application,"Plattfaut, Ralf",Ralf,male,0.9999738177966511,True
Business Process Governance: Theorizing and Empirical Application,"Budde, Max",Max,male,0.9999943791406495,True
Business Process Governance: Theorizing and Empirical Application,"Becker, Jörg",Jörg,male,0.9995939947892971,True
Towards a pivotal-based approach for business process alignment,"Ulmer, Jean-Stéphane",Jean,female,0.6637228001271365,False
Towards a pivotal-based approach for business process alignment,"Belaud, Jean-Pierre",Jean,female,0.6637228001271365,False
Towards a pivotal-based approach for business process alignment,"Le Lann, Jean-Marc",Jean,female,0.6637228001271365,False
Integration of UI services into SOA based BPM applications,"Hohwiller, Jörg",Jörg,male,0.9995939947892971,True
Integration of UI services into SOA based BPM applications,"Schlegel, Diethelm",Diethelm,male,0.9811123416991157,True
Efficiently querying business process models with BeehiveZ,"Jin, Tao",Tao,male,0.9969686446299408,True
Efficiently querying business process models with BeehiveZ,"Wang, Jianmin",Jianmin,male,0.8695557433766125,True
Efficiently querying business process models with BeehiveZ,"Wen, Lijie",Lijie,female,0.9790060744846031,True
Semantic support for security-annotated business process models,"Ciuciu, Ioana",Ioana,female,0.9999928919385211,True
Semantic support for security-annotated business process models,"Zhao, Gang",Gang,male,0.9887683088651531,True
Semantic support for security-annotated business process models,"Mülle, Jutta",Jutta,female,0.999995137882791,True
Semantic support for security-annotated business process models,"Von Stackelberg, Silvia",Silvia,female,0.9999810313224872,True
Semantic support for security-annotated business process models,"Vasquez, Cristian",Cristian,male,0.9999351973500834,True
Semantic support for security-annotated business process models,"Haberecht, Thorsten",Thorsten,male,0.9999697100379872,True
Semantic support for security-annotated business process models,"Meersman, Robert",Robert,male,0.9999776797436909,True
Semantic support for security-annotated business process models,"Böhm, Klemens",Klemens,male,0.9937719503158381,True
WSRF usage for BPM and CEP systems integration,"Blumbergs, Normunds",Normunds,male,0.9937585733230068,True
WSRF usage for BPM and CEP systems integration,"Kravcevs, Maksims",Maksims,male,0.996704361653268,True
Weighted nested partitions based on differential evolution (WNPDE) algorithm-based scheduling of parallel batching processing machines (BPM) with incompatible families and dynamic lot arrival,"Su, Guojun",Guojun,male,0.984509381912093,True
Weighted nested partitions based on differential evolution (WNPDE) algorithm-based scheduling of parallel batching processing machines (BPM) with incompatible families and dynamic lot arrival,"Wang, Xionghai",Xionghai,unknown,0.626482234441125,False
Integration of BPM and BRM,"Hohwiller, Jörg",Jörg,male,0.9995939947892971,True
Integration of BPM and BRM,"Schlegel, Diethelm",Diethelm,male,0.9811123416991157,True
Integration of BPM and BRM,"Grieser, Gunter",Gunter,male,0.9999668826888214,True
Integration of BPM and BRM,"Hoekstra, Yvette",Yvette,female,0.9999907571089983,True
Enabling cross-application traceability of semi-structured business processes,"Emrich, Andreas",Andreas,male,0.9999763395171621,True
Enabling cross-application traceability of semi-structured business processes,"Ganz, Frieder",Frieder,male,0.9992448041181751,True
Enabling cross-application traceability of semi-structured business processes,"Werth, Dirk",Dirk,male,0.9999427916159628,True
Enabling cross-application traceability of semi-structured business processes,"Loos, Peter",Peter,male,0.9999580684529622,True
Business process optimization using formalized optimization patterns,"Niedermann, Florian",Florian,male,0.9999672042878258,True
Business process optimization using formalized optimization patterns,"Radeschütz, Sylvia",Sylvia,female,0.9999828327471595,True
Business process optimization using formalized optimization patterns,"Mitschang, Bernhard",Bernhard,male,0.9999742564512356,True
Process performance management as a basic concept for sustainable business process management - Empirical investigation and research agenda,"Cleven, Anne",Anne,female,0.9999910090887604,True
Process performance management as a basic concept for sustainable business process management - Empirical investigation and research agenda,"Winter, Robert",Robert,male,0.9999776797436909,True
Process performance management as a basic concept for sustainable business process management - Empirical investigation and research agenda,"Wortmann, Felix",Felix,male,0.9998848338420872,True
Delta analysis: A hybrid quantitative approach for measuring discrepancies between business process models,"Esgin, Eren",Eren,male,0.9956541200375327,True
Delta analysis: A hybrid quantitative approach for measuring discrepancies between business process models,"Senkul, Pinar",Pinar,female,0.9997207757760891,True
Necessity of it and sw support for business process management,"Tučková, Zuzana",Zuzana,female,0.9999981760838376,True
Necessity of it and sw support for business process management,"Tuček, David",David,male,0.9999952928042082,True
Towards Green BPM - Sustainability and resource efficiency through business process management,"Houy, Constantin",Constantin,male,0.9998452155438584,True
Towards Green BPM - Sustainability and resource efficiency through business process management,"Reiter, Markus",Markus,male,0.9999735872978276,True
Towards Green BPM - Sustainability and resource efficiency through business process management,"Fettke, Peter",Peter,male,0.9999580684529622,True
Towards Green BPM - Sustainability and resource efficiency through business process management,"Loos, Peter",Peter,male,0.9999580684529622,True
Model for improving the process approach to achieve strategic goals in insurance companies: The croatian case,"Peronja, Ivan",Ivan,male,0.9999776517681997,True
Model for improving the process approach to achieve strategic goals in insurance companies: The croatian case,"Veza, Ivica",Ivica,male,0.9849465646628249,True
Model for improving the process approach to achieve strategic goals in insurance companies: The croatian case,"Krolo Crvelin, Anita",Anita,female,0.9999978349336646,True
An exploratory approach to process lifecycle transitions from a paradigm-based perspective,"Caron, Filip",Filip,male,0.999770923163568,True
An exploratory approach to process lifecycle transitions from a paradigm-based perspective,"Vanthienen, Jan",Jan,unknown,0.5504849119650672,False
Towards a context-aware analysis of business process performance,"Leyer, Michael",Michael,male,0.9999876221560686,True
BPM and requirements elicitation at multiple levels of abstraction: A review,"Monsalve, Carlos",Carlos,male,0.9999630239120895,True
BPM and requirements elicitation at multiple levels of abstraction: A review,"April, Alain",Alain,male,0.9997547561521526,True
BPM and requirements elicitation at multiple levels of abstraction: A review,"Abran, Alain",Alain,male,0.9997547561521526,True
Look before you leap into ERP implementation: An object-oriented approach to business process modeling,"Kosalge, Parag",Parag,male,0.9995016854397624,True
Look before you leap into ERP implementation: An object-oriented approach to business process modeling,"Chatterjee, Debabroto",Debabroto,unknown,0.6442192104434914,False
Practitioners view on domain specific business process modeling,"Bicevskis, Janis",Janis,female,0.9996407283595674,True
Practitioners view on domain specific business process modeling,"Cerina-Berzina, Jana",Jana,female,0.9999717556402674,True
Practitioners view on domain specific business process modeling,"Karnitis, Girts",Girts,male,0.9935068324726539,True
Practitioners view on domain specific business process modeling,"Lace, Lelde",Lelde,female,0.9994019035149364,True
Practitioners view on domain specific business process modeling,"Medvedis, Inga",Inga,female,0.9999779949771014,True
Practitioners view on domain specific business process modeling,"Nesterovs, Sergejs",Sergejs,male,0.9947513053427386,True
Towards NFC-aware process execution for dynamic environments,"Hamann, Kristof",Kristof,male,0.999991346260397,True
Towards NFC-aware process execution for dynamic environments,"Steenbuck, Sebastian",Sebastian,male,0.9999469726859632,True
Towards NFC-aware process execution for dynamic environments,"Zaplata, Sonja",Sonja,female,0.999994519434546,True
Process driven competence management: A case study at Hilti Corporation,"Hintringer, Sandra",Sandra,female,0.999979542732284,True
Process driven competence management: A case study at Hilti Corporation,"Nemetz, Martin",Martin,male,0.9998539477569732,True
Business knowledge modelling using the borm method,"Molhanec, Martin",Martin,male,0.9998539477569732,True
Business knowledge modelling using the borm method,"Merunka, Vojtech",Vojtech,male,0.9931837980305327,True
Business knowledge modelling using the borm method,"Merunkova, Iveta",Iveta,female,0.9999974999911918,True
Green IT: The next five years,"Unhelkar, Bhuvan",Bhuvan,male,0.9997461784446574,True
"Handbook of Business Process Management 2 – Strategic Alignment, Governance People and Culture","Hutton, D.M.",D.M.,male,0.891232093862648,True
Intra- and inter-organizational process mining: Discovering processes within and between organizations,"Van Der Aalst, Wil M. P.",Wil,male,0.9988491702309068,True
On reusing data mining in business processes - A pattern-based approach,"Wegener, Dennis",Dennis,male,0.9999370030396483,True
On reusing data mining in business processes - A pattern-based approach,"Rüping, Stefan",Stefan,male,0.9999831604184807,True
Temporal specification of business processes through project planning tools,"Flores, Camilo",Camilo,male,0.9997888821316515,True
Temporal specification of business processes through project planning tools,"Sepúlveda, Marcos",Marcos,male,0.9999676793806923,True
A business process driven approach to manage data dependency constraints,"Lin, Joe Y.-C.",Joe,male,0.9998873089184764,True
A business process driven approach to manage data dependency constraints,"Sadiq, Shazia",Shazia,female,0.9999923830404177,True
Towards understanding process modeling - The case of the BPM academic initiative,"Kunze, Matthias",Matthias,male,0.9999337682187655,True
Towards understanding process modeling - The case of the BPM academic initiative,"Luebbe, Alexander",Alexander,male,0.9999914495946162,True
Towards understanding process modeling - The case of the BPM academic initiative,"Weidlich, Matthias",Matthias,male,0.9999337682187655,True
Towards understanding process modeling - The case of the BPM academic initiative,"Weske, Mathias",Mathias,male,0.999948038650782,True
Dimensions of business process intelligence,"Linden, Markus",Markus,male,0.9999735872978276,True
Dimensions of business process intelligence,"Felden, Carsten",Carsten,male,0.9999179788184361,True
Dimensions of business process intelligence,"Chamoni, Peter",Peter,male,0.9999580684529622,True
Model of information systems' selection for the company management,"Zolotaryova, Iryna",Iryna,female,0.9999967696300486,True
Model of information systems' selection for the company management,"Khodyrevska, Anna",Anna,female,0.9999976672321713,True
Business information systems utilizing the future internet,"Krogstie, John",John,male,0.9999985032120171,True
Refactoring large process model repositories,"Weber, Barbara",Barbara,female,0.999979214602181,True
Refactoring large process model repositories,"Reichert, Manfred",Manfred,male,0.9999883382145358,True
Refactoring large process model repositories,"Mendling, Jan",Jan,unknown,0.5504849119650672,False
Refactoring large process model repositories,"Reijers, Hajo A.",Hajo,unknown,0.6060434118944652,False
Emergent case management for ad-hoc processes: A solution based on microblogging and activity streams,"Böhringer, Martin",Martin,male,0.9998539477569732,True
A notation for supporting social business process modeling,"Brambilla, Marco",Marco,male,0.9998964214527616,True
A notation for supporting social business process modeling,"Fraternali, Piero",Piero,male,0.99991242932963,True
A notation for supporting social business process modeling,"Vaca, Carmen",Carmen,female,0.9959647241082684,True
Modeling and analysis of business process compliance,"Becker, Jörg",Jörg,male,0.9995939947892971,True
Modeling and analysis of business process compliance,"Ahrendt, Christoph",Christoph,male,0.9996583666010818,True
Modeling and analysis of business process compliance,"Coners, André",André,male,0.9937443143503205,True
Modeling and analysis of business process compliance,"Weiß, Burkhard",Burkhard,male,0.9991339329514457,True
Modeling and analysis of business process compliance,"Winkelmann, Axel",Axel,male,0.9999905585480233,True
Uncovering ITIL claims: IT executives' perception on benefits and Business-IT alignment,"Marrone, Mauricio",Mauricio,male,0.9999066366186012,True
Uncovering ITIL claims: IT executives' perception on benefits and Business-IT alignment,"Kolbe, Lutz M.",Lutz,male,0.9936954301368839,True
The impact of quality information provided by business intelligence systems on the use of information in business processes,"Jaklič, Jurij",Jurij,male,0.9977943884882522,True
The impact of quality information provided by business intelligence systems on the use of information in business processes,"Popovič, Aleš",Aleš,male,0.989993987940338,True
The impact of quality information provided by business intelligence systems on the use of information in business processes,"Coelho, Pedro Simões",Pedro,male,0.9999821167297533,True
Automated process decision making based on integrated source data,"Niedermann, Florian",Florian,male,0.9999672042878258,True
Automated process decision making based on integrated source data,"Maier, Bernhard",Bernhard,male,0.9999742564512356,True
Automated process decision making based on integrated source data,"Radeschütz, Sylvia",Sylvia,female,0.9999828327471595,True
Automated process decision making based on integrated source data,"Schwarz, Holger",Holger,male,0.9999848410893235,True
Automated process decision making based on integrated source data,"Mitschang, Bernhard",Bernhard,male,0.9999742564512356,True
Open IT for business: Transforming information system infrastructure with a commercial BPM suite,"Mintchev, Sava",Sava,male,0.8976103205055859,True
An approach to continuous process improvement (CPI) based on case-based reasoning and process change patterns,"Kim, Dongsoo",Dongsoo,male,0.9997127631272084,True
An approach to continuous process improvement (CPI) based on case-based reasoning and process change patterns,"Lee, Namhun",Namhun,unknown,0.6771886403920888,False
An approach to continuous process improvement (CPI) based on case-based reasoning and process change patterns,"Kang, Suk-Ho",Suk,female,0.5838175417281809,False
Modeling an agile enterprise: Reconciling systems and process thinking,"Bider, Ilia",Ilia,female,0.7355633110002426,False
Modeling an agile enterprise: Reconciling systems and process thinking,"Bellinger, Gene",Gene,male,0.9921448229565314,True
Modeling an agile enterprise: Reconciling systems and process thinking,"Perjons, Erik",Erik,male,0.9999606177313712,True
Driving IS value creation by knowledge capturing: Theoretical aspects and empirical evidences,"Dameri, R.P.",R.P.,male,0.9994929618834695,True
Driving IS value creation by knowledge capturing: Theoretical aspects and empirical evidences,"Sabroux, C.R.",C.R.,male,0.9871450779610981,True
Driving IS value creation by knowledge capturing: Theoretical aspects and empirical evidences,"Saad, Ines",Ines,female,0.9992185562997125,True
Professionalizing business process management: Towards a body of knowledge for BPM,"Bandara, Wasana",Wasana,female,0.993626508543848,True
Professionalizing business process management: Towards a body of knowledge for BPM,"Harmon, Paul",Paul,male,0.999990342528266,True
Professionalizing business process management: Towards a body of knowledge for BPM,"Rosemann, Michael",Michael,male,0.9999876221560686,True
Bayesian Network for finding best combination of performers in BPM environment,"Yahya, Bernardo Nugroho",Bernardo,male,0.9999183032961876,True
Bayesian Network for finding best combination of performers in BPM environment,"Wibisono, Arif",Arif,male,0.9999908562680327,True
Bayesian Network for finding best combination of performers in BPM environment,"Bae, Hyerim",Hyerim,female,0.9938731868327746,True
Bayesian Network for finding best combination of performers in BPM environment,"Ryu, Kwangyeol",Kwangyeol,male,0.582868798781278,False
Business process management and the challenge of dynamic services,"Kirkham, Tom",Tom,male,0.9999802916805114,True
Business process management and the challenge of dynamic services,"Winfield, Sandra",Sandra,female,0.999979542732284,True
Business process management and the challenge of dynamic services,"Raza, Muhammad Baqar",Muhammad,male,0.9999971836173159,True
Business process management and the challenge of dynamic services,"Haberecht, Thorsten",Thorsten,male,0.9999697100379872,True
Building a business process map using BPM tools and BPMN notation,"Tresserras, Francesc Xavier Berjano",Francesc,male,0.9774850612404032,True
TTMS: A task tree based workflow management system,"Brüning, Jens",Jens,male,0.9999725010363429,True
TTMS: A task tree based workflow management system,"Forbrig, Peter",Peter,male,0.9999580684529622,True
Improving the diagnosability of business process management systems using test points,"Borrego, D.",,unknown,0,False
Improving the diagnosability of business process management systems using test points,"Gómez-López, Maria Teresa",Maria,female,0.9999948398304921,True
Improving the diagnosability of business process management systems using test points,"Gasca, R.M.",R.M.,male,0.9008054967524639,True
Improving the diagnosability of business process management systems using test points,"Ceballos, R.",,unknown,0,False
Inverse workflows for supporting agile business process management,"Sauer, Thomas",Thomas,male,0.9999981017477207,True
Inverse workflows for supporting agile business process management,"Minor, Mirjam",Mirjam,female,0.999514529682837,True
Inverse workflows for supporting agile business process management,"Bergmann, Ralph",Ralph,male,0.9997605015413181,True
Data consistency in transactional business processes,"Lodde, Andreas",Andreas,male,0.9999763395171621,True
Data consistency in transactional business processes,"Schlechter, Antoine",Antoine,male,0.9984813566222036,True
Data consistency in transactional business processes,"Bauler, Pascal",Pascal,male,0.9999832927816735,True
Data consistency in transactional business processes,"Feltz, Fernand",Fernand,male,0.9999256982843626,True
BPM governance: An exploratory study in public organizations,"Santana, André Felipe Lemos",André,male,0.9937443143503205,True
BPM governance: An exploratory study in public organizations,"Alves, Carina Frota",Carina,female,0.9999987874599865,True
BPM governance: An exploratory study in public organizations,"Santos, Higor Ricardo Monteiro",Higor,male,0.9973412791111052,True
BPM governance: An exploratory study in public organizations,"De Lima Cavalcanti Felix, Adelnei",Adelnei,unknown,0.5504755451819885,False
An efficient business process compliance checking approach,"Becker, Jörg",Jörg,male,0.9995939947892971,True
An efficient business process compliance checking approach,"Bergener, Philipp",Philipp,male,0.9999372005997167,True
An efficient business process compliance checking approach,"Breuker, Dominic",Dominic,male,0.9999608949001698,True
An efficient business process compliance checking approach,"Delfmann, Patrick",Patrick,male,0.9999373211096793,True
An efficient business process compliance checking approach,"Eggert, Mathias",Mathias,male,0.999948038650782,True
Guaranteeing soundness of adaptive business processes using ABIS,"Koetter, Falko",Falko,male,0.9938941136601905,True
Guaranteeing soundness of adaptive business processes using ABIS,"Weidmann, Monika",Monika,female,0.999996989457821,True
Guaranteeing soundness of adaptive business processes using ABIS,"Schleicher, Daniel",Daniel,male,0.9999484956264236,True
Time prediction based on process mining,"Van Der Aalst, W.M.P.",W.M.P.,male,0.7372678901195386,False
Time prediction based on process mining,"Schonenberg, M.H.",M.H.,male,0.9844753836828933,True
Time prediction based on process mining,"Song, M.",,unknown,0,False
Flexible workflows at design- and runtime using BPMN2 adaptation patterns,"Döhring, Markus",Markus,male,0.9999735872978276,True
Flexible workflows at design- and runtime using BPMN2 adaptation patterns,"Zimmermann, Birgit",Birgit,female,0.9997177939291074,True
Flexible workflows at design- and runtime using BPMN2 adaptation patterns,"Karg, Lars",Lars,male,0.9998276630707326,True
Model transformation chains and model management for end-to-end performance decision support,"Fritzsche, Mathias",Mathias,male,0.999948038650782,True
Model transformation chains and model management for end-to-end performance decision support,"Gilani, Wasif",Wasif,male,0.9999707412768138,True
Visualizing meetings as a graph for more accessible meeting artifacts,"Doganata, Yurdaer",Yurdaer,male,0.9978294583504357,True
Visualizing meetings as a graph for more accessible meeting artifacts,"Topkara, Mercan",Mercan,female,0.9830601927293464,True
Introduction to the First International Workshop on Reuse in Business Process Management (rBPM 2010),"Fantinato, Marcelo",Marcelo,male,0.9998735221664624,True
Introduction to the First International Workshop on Reuse in Business Process Management (rBPM 2010),"Felgar De Toledo, Maria Beatriz",Maria,female,0.9999948398304921,True
Introduction to the First International Workshop on Reuse in Business Process Management (rBPM 2010),"De Souza Gimenes, Itana Maria",Itana,female,0.9983161172267363,True
Introduction to the First International Workshop on Reuse in Business Process Management (rBPM 2010),"Thom, Lucinéia Heloisa",Lucinéia,female,0.9998055404510843,True
Introduction to the First International Workshop on Reuse in Business Process Management (rBPM 2010),"Iochpe, Cirano",Cirano,male,0.9938345033392164,True
Views on scientific workflows,"Sonntag, Mirko",Mirko,male,0.9997269613326661,True
Views on scientific workflows,"Görlach, Katharina",Katharina,female,0.9999985016295945,True
Views on scientific workflows,"Karastoyanova, Dimka",Dimka,male,0.8876209879608038,True
Views on scientific workflows,"Leymann, Frank",Frank,male,0.999947578866658,True
Views on scientific workflows,"Malets, Polina",Polina,female,0.99999816768299,True
Views on scientific workflows,"Schumm, David",David,male,0.9999952928042082,True
Discovering the source of failures,"Calderón-Ruiz, Guillermo",Guillermo,male,0.9998999012467473,True
Discovering the source of failures,"Sepúlveda, Marcos",Marcos,male,0.9999676793806923,True
Improving QoS monitoring based on the aspect-orientated paradigm,"Da Silva, Mario Freitas",Mario,male,0.9998285831560244,True
Improving QoS monitoring based on the aspect-orientated paradigm,"De Souza Gimenes, Itana Maria",Itana,female,0.9983161172267363,True
Improving QoS monitoring based on the aspect-orientated paradigm,"Fantinato, Marcelo",Marcelo,male,0.9998735221664624,True
Improving QoS monitoring based on the aspect-orientated paradigm,"De Toledo, Maria Beatriz Felgar",Maria,female,0.9999948398304921,True
Improving QoS monitoring based on the aspect-orientated paradigm,"Garcia, Alessandro Fabricio",Alessandro,male,0.9999636677574057,True
An integrated BPM-SOA framework for agile enterprises,"Wang, Nan",Nan,female,0.9991138495979253,True
An integrated BPM-SOA framework for agile enterprises,"Lee, Vincent",Vincent,male,0.9996829861436367,True
Service learning and teaching foundry: A virtual SOA/BPM learning and teaching community,"Paik, Hye-Young",Hye,female,0.999378251992488,True
Service learning and teaching foundry: A virtual SOA/BPM learning and teaching community,"Rabhi, Fethi A.",Fethi,male,0.9920597474084483,True
Service learning and teaching foundry: A virtual SOA/BPM learning and teaching community,"Benatallah, Boualem",Boualem,male,0.9984720819877133,True
Service learning and teaching foundry: A virtual SOA/BPM learning and teaching community,"Davis, Joseph",Joseph,male,0.9999763849079151,True
Adaptation of process models - A semantic-based approach,"Eisenbarth, Thomas",Thomas,male,0.9999981017477207,True
Adaptation of process models - A semantic-based approach,"Lautenbacher, Florian",Florian,male,0.9999672042878258,True
Adaptation of process models - A semantic-based approach,"Bauer, Bernhard",Bernhard,male,0.9999742564512356,True
Experimental studies of e-contract establishment in the PL4BPM context,"Gonçalves, Tiago Lopes",Tiago,male,0.9999637692020446,True
Experimental studies of e-contract establishment in the PL4BPM context,"De Souza Gimenes, Itana Maria",Itana,female,0.9983161172267363,True
Experimental studies of e-contract establishment in the PL4BPM context,"Fantinato, Marcelo",Marcelo,male,0.9998735221664624,True
Experimental studies of e-contract establishment in the PL4BPM context,"Travassos, Guilherme Horta",Guilherme,male,0.9990789917780888,True
Experimental studies of e-contract establishment in the PL4BPM context,"De Toledo, Maria Beatriz Felgar",Maria,female,0.9999948398304921,True
Petri net based simulation for SPI,"Kožusznik, Jan",Jan,unknown,0.5504849119650672,False
Petri net based simulation for SPI,"Štolfa, Svatopluk",Svatopluk,male,0.9980909007720468,True
Petri net based simulation for SPI,"Ježek, David",David,male,0.9999952928042082,True
Petri net based simulation for SPI,"Kuchař, Štěpán",Štěpán,male,0.9992113432511146,True
Composite process view transformation,"Schumm, David",David,male,0.9999952928042082,True
Composite process view transformation,"Cai, Jiayang",Jiayang,unknown,0.5916822842880932,False
Composite process view transformation,"Fehling, Christoph",Christoph,male,0.9996583666010818,True
Composite process view transformation,"Karastoyanova, Dimka",Dimka,male,0.8876209879608038,True
Composite process view transformation,"Leymann, Frank",Frank,male,0.999947578866658,True
Composite process view transformation,"Weidmann, Monika",Monika,female,0.999996989457821,True
Managing process assets in a global IT service delivery environment,"Buco, Melissa",Melissa,female,0.9999950456142941,True
Managing process assets in a global IT service delivery environment,"Jamjoom, Hani",Hani,male,0.7249547254524648,False
Managing process assets in a global IT service delivery environment,"Parsons, Tom",Tom,male,0.9999802916805114,True
Managing process assets in a global IT service delivery environment,"Schorno, Scott",Scott,male,0.9999236777795567,True
Similarity of business process models: Metrics and evaluation,"Dijkman, Remco",Remco,male,0.999418503534345,True
Similarity of business process models: Metrics and evaluation,"Dumas, Marlon",Marlon,male,0.9996458113945667,True
Similarity of business process models: Metrics and evaluation,"Van Dongen, Boudewijn",Boudewijn,male,0.9942319755131526,True
Similarity of business process models: Metrics and evaluation,"Krik, Reina",Reina,female,0.9999970691046345,True
Similarity of business process models: Metrics and evaluation,"Mendling, Jan",Jan,unknown,0.5504849119650672,False
Search tree generation for the exception handling of e-commerce delivery process,"Shin, Jin-Gyu",Jin,male,0.7377281243241545,False
Search tree generation for the exception handling of e-commerce delivery process,"Choi, Doug-Won",Doug,male,0.9999849948434204,True
Search tree generation for the exception handling of e-commerce delivery process,"Lee, Dong-Cheoldchlee",Dong,male,0.9925219904784107,True
Search tree generation for the exception handling of e-commerce delivery process,"Byun, Yung-Cheol",Yung,male,0.9890386749206428,True
Process mining for electronic data interchange,"Engel, Robert",Robert,male,0.9999776797436909,True
Process mining for electronic data interchange,"Krathu, Worarat",Worarat,female,0.9583878788940142,True
Process mining for electronic data interchange,"Zapletal, Marco",Marco,male,0.9998964214527616,True
Process mining for electronic data interchange,"Pichler, Christian",Christian,male,0.9993987974523811,True
Process mining for electronic data interchange,"Van Der Aalst, Wil M. P.",Wil,male,0.9988491702309068,True
Process mining for electronic data interchange,"Werthner, Hannes",Hannes,male,0.9999500351801358,True
"The quest for know-how, know-why, know-what and know-who: Using KAOS for enterprise modelling","Bernaert, Maxime",Maxime,male,0.9869277779613828,True
"The quest for know-how, know-why, know-what and know-who: Using KAOS for enterprise modelling","Poels, Geert",Geert,male,0.9998608924148286,True
"S-BPM ONE - Learning by Doing - Doing by Learning: Third International Conference,S-BPMONE2011 Ingolstadt, Germany, September 29-30, 2011 Proceedings","Schmidt, Werner",Werner,male,0.9999697709027106,True
Business control management - A discipline to ensure regulatory compliance of SOA applications,"Martens, Axel",Axel,male,0.9999905585480233,True
Business control management - A discipline to ensure regulatory compliance of SOA applications,"Curbera, Francisco",Francisco,male,0.9999572464565292,True
Business control management - A discipline to ensure regulatory compliance of SOA applications,"Mukhi, Nirmal K.",Nirmal,male,0.9926934171349643,True
Business control management - A discipline to ensure regulatory compliance of SOA applications,"Slominski, Aleksander",Aleksander,male,0.9999768324209086,True
Business process improvement in Abnoba,"Hoesch-Klohe, Konstantin",Konstantin,male,0.999857334029376,True
Business process improvement in Abnoba,"Ghose, Aditya",Aditya,male,0.9930058833426924,True
Workflow management issues in virtual enterprise networks,"Kolell, André",André,male,0.9937443143503205,True
Workflow management issues in virtual enterprise networks,"Ginige, Jeewani Anupama",Jeewani,female,0.9968668131089496,True
Optimising complex event queries over business processes using behavioural profiles,"Weidlich, Matthias",Matthias,male,0.9999337682187655,True
Optimising complex event queries over business processes using behavioural profiles,"Ziekow, Holger",Holger,male,0.9999848410893235,True
Optimising complex event queries over business processes using behavioural profiles,"Mendling, Jan",Jan,unknown,0.5504849119650672,False
The current state of BPM education in Australia: Teaching and research challenges,"Marjanovic, Olivera",Olivera,female,0.9982887231498666,True
The current state of BPM education in Australia: Teaching and research challenges,"Bandara, Wasana",Wasana,female,0.993626508543848,True
Condition-based process patterns for modeling of human processes in Knowledge-intensive Business Services,"Lee, Jeongsoo",Jeongsoo,male,0.7388960647671794,False
Condition-based process patterns for modeling of human processes in Knowledge-intensive Business Services,"Kim, Hongbin",Hongbin,male,0.9930228757824261,True
Condition-based process patterns for modeling of human processes in Knowledge-intensive Business Services,"Seo, Wonchul",Wonchul,male,0.7381556504774953,False
Condition-based process patterns for modeling of human processes in Knowledge-intensive Business Services,"Kim, Kwangsoo",Kwangsoo,male,0.9990968071921398,True
Condition-based process patterns for modeling of human processes in Knowledge-intensive Business Services,"Kim, Cheol-Han",Cheol,male,0.9981535200168002,True
Modelling exploratory analysis processes for eResearch,"Yao, Lawrence",Lawrence,male,0.9990188192174712,True
Modelling exploratory analysis processes for eResearch,"Rabhi, Fethi A.",Fethi,male,0.9920597474084483,True
A framework for modeling and enabling reuse of best practice IT processes,"Motahari-Nezhad, Hamid R.",Hamid,male,0.9999253565264725,True
A framework for modeling and enabling reuse of best practice IT processes,"Graupner, Sven",Sven,male,0.9999829597136491,True
A framework for modeling and enabling reuse of best practice IT processes,"Bartolini, Claudio",Claudio,male,0.9999607633184376,True
The phenomenon of business process management: Practitioners' emphasis,"Reiter, Sebastian",Sebastian,male,0.9999469726859632,True
The phenomenon of business process management: Practitioners' emphasis,"Stewart, Glenn",Glenn,male,0.9997110035728446,True
The phenomenon of business process management: Practitioners' emphasis,"Bruce, Christine",Christine,female,0.9999938686823988,True
The phenomenon of business process management: Practitioners' emphasis,"Bandara, Wasana",Wasana,female,0.993626508543848,True
The phenomenon of business process management: Practitioners' emphasis,"Rosemann, Michael",Michael,male,0.9999876221560686,True
Exploring the status quo of business process modelling languages in the banking sector - An empirical insight into the usage of methods in banks,"Becker, Jörg",Jörg,male,0.9995939947892971,True
Exploring the status quo of business process modelling languages in the banking sector - An empirical insight into the usage of methods in banks,"Breuker, Dominic",Dominic,male,0.9999608949001698,True
Exploring the status quo of business process modelling languages in the banking sector - An empirical insight into the usage of methods in banks,"Weiß, Burkhard",Burkhard,male,0.9991339329514457,True
Exploring the status quo of business process modelling languages in the banking sector - An empirical insight into the usage of methods in banks,"Winkelmann, Axel",Axel,male,0.9999905585480233,True
Cloud computing in the curricula of schools of computer science and information systems,"Lawler, James P.",James,male,0.9999966559619894,True
Discrete event Monte-Carlo simulation based decision support system for business process management,"Kumar, Manish",Manish,male,0.9939335079222595,True
Discrete event Monte-Carlo simulation based decision support system for business process management,"Bhat, Jyoti M.",Jyoti,female,0.9994597307736719,True
Collaborative coordination of activities with temporal dependencies,"Franke, Jörn",Jörn,male,0.9996786468901714,True
Collaborative coordination of activities with temporal dependencies,"Charoy, François",François,male,0.9947714368930283,True
Collaborative coordination of activities with temporal dependencies,"Khoury, Paul El",Paul,male,0.999990342528266,True
Supporting compliance through enhancing internal control systems by conceptual business process security modeling,"Riesner, Moritz",Moritz,male,0.9987893251241526,True
Supporting compliance through enhancing internal control systems by conceptual business process security modeling,"Pernul, Günther",Günther,male,0.9993147127922226,True
A meta-model based approach to the description of resources and skills,"Oberweis, Andreas",Andreas,male,0.9999763395171621,True
A meta-model based approach to the description of resources and skills,"Schuster, Thomas",Thomas,male,0.9999981017477207,True
A rule-based approach to proactive exception handling in business processes,"Kim, Kwangmyeong",Kwangmyeong,unknown,0.5282756335520843,False
A rule-based approach to proactive exception handling in business processes,"Choi, Injun",Injun,male,0.9844944877962483,True
A rule-based approach to proactive exception handling in business processes,"Park, Chulsoon",Chulsoon,unknown,0.7015292770524285,False
Baking business process implementations flexible and robust: Error handling in the aristaflow bpm suite,"Lanz, Andreas",Andreas,male,0.9999763395171621,True
Baking business process implementations flexible and robust: Error handling in the aristaflow bpm suite,"Reichert, Manfred",Manfred,male,0.9999883382145358,True
Baking business process implementations flexible and robust: Error handling in the aristaflow bpm suite,"Dadam, Peter",Peter,male,0.9999580684529622,True
Tool support for service oriented development from business processes,"Delgado, Andrea",Andrea,female,0.9990642945711071,True
Tool support for service oriented development from business processes,"De Guzmán, Ignacio García-Rodríguez",Ignacio,male,0.9999054231007377,True
Tool support for service oriented development from business processes,"Ruiz, Francisco",Francisco,male,0.9999572464565292,True
Tool support for service oriented development from business processes,"Piattini, Mario",Mario,male,0.9998285831560244,True
Effects of semantic quality in business process modeling,"Buder, Johannes",Johannes,male,0.9999887278356387,True
Effects of semantic quality in business process modeling,"Felden, Carsten",Carsten,male,0.9999179788184361,True
Does your business process management (Still) fit the market? - a dynamic capability perspective on BPM strategy development,"Niehaves, Bjoern",Bjoern,male,0.9999626535245362,True
Does your business process management (Still) fit the market? - a dynamic capability perspective on BPM strategy development,"Plattfaut, Ralf",Ralf,male,0.9999738177966511,True
Does your business process management (Still) fit the market? - a dynamic capability perspective on BPM strategy development,"Becker, Jörg",Jörg,male,0.9995939947892971,True
"The convergence of workflows, business rules and complex events: Defining a reference architecture and approaching realization challenges","Döhring, Markus",Markus,male,0.9999735872978276,True
"The convergence of workflows, business rules and complex events: Defining a reference architecture and approaching realization challenges","Karg, Lars",Lars,male,0.9998276630707326,True
"The convergence of workflows, business rules and complex events: Defining a reference architecture and approaching realization challenges","Godehardt, Eicke",Eicke,unknown,0.5812635586455789,False
"The convergence of workflows, business rules and complex events: Defining a reference architecture and approaching realization challenges","Zimmermann, Birgit",Birgit,female,0.9997177939291074,True
Scenario-based process modeling with GRETA,"Fahland, Dirk",Dirk,male,0.9999427916159628,True
Scenario-based process modeling with GRETA,"Weidlich, Matthias",Matthias,male,0.9999337682187655,True
Applying the BPM-Culture-Model - The Hilti case,"vom Brocke, Jan",Jan,unknown,0.5504849119650672,False
Applying the BPM-Culture-Model - The Hilti case,"Sinnl, Theresa",Theresa,female,0.9999840684840471,True
Business Process Management (BPM) education in Australia: A critical review based on content analysis,"Delavari, Houra",Houra,female,0.9899967223389139,True
Business Process Management (BPM) education in Australia: A critical review based on content analysis,"Bandara, Wasana",Wasana,female,0.993626508543848,True
Business Process Management (BPM) education in Australia: A critical review based on content analysis,"Marjanovic, Olivera",Olivera,female,0.9982887231498666,True
Business Process Management (BPM) education in Australia: A critical review based on content analysis,"Mathiesen, Paul",Paul,male,0.999990342528266,True
On scientific experiments and flexible service compositions,"Karastoyanova, Dimka",Dimka,male,0.8876209879608038,True
Modelling complex resource requirements in business process management systems,"Ouyang, Chun",Chun,male,0.9816926028175558,True
Modelling complex resource requirements in business process management systems,"Wynn, Moe Thandar",Moe,male,0.9940126776092406,True
Modelling complex resource requirements in business process management systems,"Fidge, Colin",Colin,male,0.9998511786190843,True
Modelling complex resource requirements in business process management systems,"ter Hofstede, Arthur H.M.",Arthur,male,0.9999849927075136,True
Modelling complex resource requirements in business process management systems,"Kuhr, Jan-Christian",Jan,unknown,0.5504849119650672,False
The emergence of a multi-organizational view on business processes - Experiences from a double-loop action research approach,"Haraldson, Sandra",Sandra,female,0.999979542732284,True
The emergence of a multi-organizational view on business processes - Experiences from a double-loop action research approach,"Lind, Mikael",Mikael,male,0.9998799766835778,True
ProcessGene view: An integrated visualization of business process models,"Wasser, Avi",Avi,male,0.9887211397722614,True
ProcessGene view: An integrated visualization of business process models,"Lincoln, Maya",Maya,female,0.9999863421590888,True
Model Driven Interoperability in practice: Preliminary evidences and issues from an industrial project,"Lemrabet, Youness",Youness,male,0.999920205466547,True
Model Driven Interoperability in practice: Preliminary evidences and issues from an industrial project,"Bigand, Michel",Michel,male,0.9997252558451084,True
Model Driven Interoperability in practice: Preliminary evidences and issues from an industrial project,"Clin, David",David,male,0.9999952928042082,True
Model Driven Interoperability in practice: Preliminary evidences and issues from an industrial project,"Benkeltoum, Nordine",Nordine,male,0.9713694006510899,True
Model Driven Interoperability in practice: Preliminary evidences and issues from an industrial project,"Bourey, Jean-Pierre",Jean,female,0.6637228001271365,False
Process owners in the wild: Findings from a multi-method descriptive study,"Reijers, Hajo A.",Hajo,unknown,0.6060434118944652,False
Process owners in the wild: Findings from a multi-method descriptive study,"Peeters, Roel L.J.L.",Roel,male,0.9999873730650223,True
Solvability of formal verification problem for business process templates,"Kostanyan, Armen",Armen,male,0.9999895213450983,True
Solvability of formal verification problem for business process templates,"Shoukourian, Samvel",Samvel,male,0.9999883605958404,True
Solvability of formal verification problem for business process templates,"Varosyan, Anna",Anna,female,0.9999976672321713,True
Process makna - A semantic wiki for scientific workflows,"Paschke, Adrian",Adrian,male,0.998830188234461,True
Process makna - A semantic wiki for scientific workflows,"Zhao, Zhili",Zhili,male,0.7106531227554129,False
An implementation of a process-oriented cross-system compliance monitoring approach in a SAP ERP and BI environment,"Sandner, Thorben",Thorben,male,0.9993248333807753,True
An implementation of a process-oriented cross-system compliance monitoring approach in a SAP ERP and BI environment,"Kehlenbeck, Matthias",Matthias,male,0.9999337682187655,True
An implementation of a process-oriented cross-system compliance monitoring approach in a SAP ERP and BI environment,"Breitner, Michael H.",Michael,male,0.9999876221560686,True
The deployment of business process management systems: A quantitative analysis of end-users' evaluations,"Poelmans, Stephan",Stephan,male,0.9999887311827451,True
The deployment of business process management systems: A quantitative analysis of end-users' evaluations,"Reijers, Hajo A.",Hajo,unknown,0.6060434118944652,False
BPMN process views construction,"Yongchareon, Sira",Sira,female,0.9999386399285821,True
BPMN process views construction,"Liu, Chengfei",Chengfei,male,0.9108119020212339,True
BPMN process views construction,"Zhao, Xiaohui",Xiaohui,female,0.8933139697047824,True
BPMN process views construction,"Kowalkiewicz, Marek",Marek,male,0.9999483104588682,True
The relationship between prior game experience and digital game-based learning: An INNOV8 case-study,"Joubert, Pieter",Pieter,male,0.9999603817918126,True
The relationship between prior game experience and digital game-based learning: An INNOV8 case-study,"Roodt, Sumarie",Sumarie,female,0.9977346941270038,True
Business process management and the is field: Have we finally arrived orjust missed the boat?,"Chircu, Alina",Alina,female,0.9999980054753072,True
Business process management and the is field: Have we finally arrived orjust missed the boat?,"Grover, Varun",Varun,male,0.9999141053093243,True
Business process management and the is field: Have we finally arrived orjust missed the boat?,"Majchrzak, Ann",Ann,female,0.9999537991917057,True
Business process management and the is field: Have we finally arrived orjust missed the boat?,"Rosemann, Michael",Michael,male,0.9999876221560686,True
Risk driven process engineering in Digital Ecosystems: Modelling risk,"Sienou, Amadou",Amadou,male,0.9996903612858196,True
Risk driven process engineering in Digital Ecosystems: Modelling risk,"Lamine, Elyes",Elyes,male,0.9994890660614956,True
Risk driven process engineering in Digital Ecosystems: Modelling risk,"Pingaud, Hervé",Hervé,male,0.9909853703451528,True
Risk driven process engineering in Digital Ecosystems: Modelling risk,"Karduck, Achim P.",Achim,male,0.9999018238288356,True
Meronymy-based aggregation of activities in business process models,"Smirnov, Sergey",Sergey,male,0.9999262025407933,True
Meronymy-based aggregation of activities in business process models,"Dijkman, Remco",Remco,male,0.999418503534345,True
Meronymy-based aggregation of activities in business process models,"Mendling, Jan",Jan,unknown,0.5504849119650672,False
Meronymy-based aggregation of activities in business process models,"Weske, Mathias",Mathias,male,0.999948038650782,True
Requirements and tools for variability management,"Aiello, Marco",Marco,male,0.9998964214527616,True
Requirements and tools for variability management,"Bulanov, Pavel",Pavel,male,0.9999915029945373,True
Requirements and tools for variability management,"Groefsema, Heerko",Heerko,male,0.9973931522427844,True
"Toward a goal-oriented, business intelligence decision-making framework","Pourshahid, Alireza",Alireza,male,0.9978879183887268,True
"Toward a goal-oriented, business intelligence decision-making framework","Richards, Gregory",Gregory,male,0.9999342996907117,True
"Toward a goal-oriented, business intelligence decision-making framework","Amyot, Daniel",Daniel,male,0.9999484956264236,True
Business process management systems - Enabling continuous improvement in industrial services,"Hirvensalo, Heikki",Heikki,male,0.9936376649409784,True
Business process management systems - Enabling continuous improvement in industrial services,"Holmström, Jan",Jan,unknown,0.5504849119650672,False
Business process management systems - Enabling continuous improvement in industrial services,"Ala-Risku, Timo",Timo,male,0.9997459028917776,True
An empirical comparison of the usability of BPMN and UML activity diagrams for business users,"Birkmeier, Dominik",Dominik,male,0.9999341703754147,True
An empirical comparison of the usability of BPMN and UML activity diagrams for business users,"Klöckner, Sebastian",Sebastian,male,0.9999469726859632,True
An empirical comparison of the usability of BPMN and UML activity diagrams for business users,"Overhage, Sven",Sven,male,0.9999829597136491,True
"Collaborative business process management: Exploring themes, achievements, and perspectives","Niehaves, Bjo̊rn",Bjo̊rn,male,0.9998786832447274,True
"Collaborative business process management: Exploring themes, achievements, and perspectives","Plattfaut, Ralf",Ralf,male,0.9999738177966511,True
Strategy content analysis for service identification: A case study on government agencies,"Stewart, Glenn",Glenn,male,0.9997110035728446,True
Strategy content analysis for service identification: A case study on government agencies,"Chakraborty, Ayon",Ayon,male,0.9914247582639613,True
Efficient and accurate retrieval of business process models through indexing (short paper),"Jin, Tao",Tao,male,0.9969686446299408,True
Efficient and accurate retrieval of business process models through indexing (short paper),"Wang, Jianmin",Jianmin,male,0.8695557433766125,True
Efficient and accurate retrieval of business process models through indexing (short paper),"Wu, Nianhua",Nianhua,female,0.9768733437527894,True
Efficient and accurate retrieval of business process models through indexing (short paper),"La Rosa, Marcello",Marcello,male,0.9996360264682205,True
Efficient and accurate retrieval of business process models through indexing (short paper),"Ter Hofstede, Arthur H. M.",Arthur,male,0.9999849927075136,True
Performance analysis modeling applied to business processes,"Braghetto, Kelly Rosa",Kelly,female,0.9987832260441922,True
Performance analysis modeling applied to business processes,"Ferreira, João Eduardo",João,male,0.9999597809713936,True
Performance analysis modeling applied to business processes,"Vincent, Jean-Marc",Jean,female,0.6637228001271365,False
Probabilistic logic-based process mining,"Bellodi, Elena",Elena,female,0.9999927696536459,True
Probabilistic logic-based process mining,"Riguzzi, Fabrizio",Fabrizio,male,0.9999395873949303,True
Probabilistic logic-based process mining,"Lamma, Evelina",Evelina,female,0.9999986862845059,True
Aspect-monitor: An aspect-based approach to ws-contract monitoring,"Da Silva, Mario Freitas",Mario,male,0.9998285831560244,True
Aspect-monitor: An aspect-based approach to ws-contract monitoring,"De Souza Gimenes, Itana Maria",Itana,female,0.9983161172267363,True
Aspect-monitor: An aspect-based approach to ws-contract monitoring,"Fantinato, Marcelo",Marcelo,male,0.9998735221664624,True
Aspect-monitor: An aspect-based approach to ws-contract monitoring,"De Toledo, Maria Beatriz Felgar",Maria,female,0.9999948398304921,True
Aspect-monitor: An aspect-based approach to ws-contract monitoring,"Garcia, Alessandro Fabricio",Alessandro,male,0.9999636677574057,True
Service identification through value chain analysis and prioritization,"Stewart, Glenn",Glenn,male,0.9997110035728446,True
"Business process management, social network analysis and knowledge management: A triangulation of sorts?","Busch, Peter",Peter,male,0.9999580684529622,True
A data-centric approach for privacy-aware business process enablement,"Short, Stuart",Stuart,male,0.9999105655059045,True
A data-centric approach for privacy-aware business process enablement,"Kaluvuri, Samuel Paul",Samuel,male,0.999989157902001,True
Business process management - a missing link in business education,"Seethamraju, Ravi",Ravi,male,0.9998295880717626,True
Alaska simulator toolset for conducting controlled experiments -tool paper,"Weber, Barbara",Barbara,female,0.999979214602181,True
Alaska simulator toolset for conducting controlled experiments -tool paper,"Pinggera, Jakob",Jakob,male,0.9999964001487215,True
Alaska simulator toolset for conducting controlled experiments -tool paper,"Zugal, Stefan",Stefan,male,0.9999831604184807,True
Alaska simulator toolset for conducting controlled experiments -tool paper,"Wild, Werner",Werner,male,0.9999697709027106,True
A critical analysis of the demand for and nature of Business Process Management (BPM) roles in industry: A global analysis,"Mathiesen, Paul",Paul,male,0.999990342528266,True
A critical analysis of the demand for and nature of Business Process Management (BPM) roles in industry: A global analysis,"Bandara, Wasana",Wasana,female,0.993626508543848,True
A critical analysis of the demand for and nature of Business Process Management (BPM) roles in industry: A global analysis,"Marjanovic, Olivera",Olivera,female,0.9982887231498666,True
A critical analysis of the demand for and nature of Business Process Management (BPM) roles in industry: A global analysis,"Delavari, Houra",Houra,female,0.9899967223389139,True
Managing data dependency constraints through business processes,"Lin, Joe Y.-C.",Joe,male,0.9998873089184764,True
Managing data dependency constraints through business processes,"Sadiq, Shazia",Shazia,female,0.9999923830404177,True
Design and implementation of flexible E-Government platform based on XML Data-Bus and lightweight MVC execution framework ASSH,"Wang, Zhidong",Zhidong,male,0.97165181261237,True
Design and implementation of flexible E-Government platform based on XML Data-Bus and lightweight MVC execution framework ASSH,"Liu, Zhi",Zhi,male,0.9843741412639924,True
Design and implementation of flexible E-Government platform based on XML Data-Bus and lightweight MVC execution framework ASSH,"Yang, Yun",Yun,female,0.9855945587294108,True
An estimation procedure to determine the effort required to model business processes,"Cappelli, Claudia",Claudia,female,0.9999814071022761,True
An estimation procedure to determine the effort required to model business processes,"Santoro, Flávia Maria",Flávia,female,0.9980152096934121,True
An estimation procedure to determine the effort required to model business processes,"Nunes, Vanessa",Vanessa,female,0.9999939452932908,True
An estimation procedure to determine the effort required to model business processes,"De Barros, Márcio O.",Márcio,male,0.9969978160111965,True
An estimation procedure to determine the effort required to model business processes,"Dutra, José Roberto",José,male,0.9960913709996708,True
Robust and flexible error handling in the AristaFlow BPM suite,"Lanz, Andreas",Andreas,male,0.9999763395171621,True
Robust and flexible error handling in the AristaFlow BPM suite,"Reichert, Manfred",Manfred,male,0.9999883382145358,True
Robust and flexible error handling in the AristaFlow BPM suite,"Dadam, Peter",Peter,male,0.9999580684529622,True
Crossing the chasm between the real world and business process management,"Schief, Markus",Markus,male,0.9999735872978276,True
Crossing the chasm between the real world and business process management,"Schmidt, Benedikt",Benedikt,male,0.9978531130796385,True
Fast business process similarity search with feature-based similarity estimation,"Yan, Zhiqiang",Zhiqiang,male,0.9827676756260831,True
Fast business process similarity search with feature-based similarity estimation,"Dijkman, Remco",Remco,male,0.999418503534345,True
Fast business process similarity search with feature-based similarity estimation,"Grefen, Paul",Paul,male,0.999990342528266,True
A process view framework for artifact-centric business processes,"Yongchareon, Sira",Sira,female,0.9999386399285821,True
A process view framework for artifact-centric business processes,"Liu, Chengfei",Chengfei,male,0.9108119020212339,True
"Collaborative workforce, business process crowdsourcing as an alternative of BPO","La Vecchia, Gioacchino",Gioacchino,male,0.9998722357498907,True
"Collaborative workforce, business process crowdsourcing as an alternative of BPO","Cisternino, Antonio",Antonio,male,0.9999433950349952,True
Configurable services in the cloud: Supporting variability while enabling cross-organizational process mining,"Van Der Aalst, Wil M. P.",Wil,male,0.9988491702309068,True
A novel approach to global software development for chartered enterprises,"Yao, Qing",Qing,female,0.9896115846174542,True
A novel approach to global software development for chartered enterprises,"Sun, Yuqing",Yuqing,female,0.9836535101793734,True
A novel approach to global software development for chartered enterprises,"Wang, Haiyang",Haiyang,male,0.8845143091573454,True
A multi-perspective approach to business process management in the financial sector teaching course,"Becker, Jörg",Jörg,male,0.9995939947892971,True
A multi-perspective approach to business process management in the financial sector teaching course,"Weiß, Burkhard",Burkhard,male,0.9991339329514457,True
A multi-perspective approach to business process management in the financial sector teaching course,"Winkelmann, Axel",Axel,male,0.9999905585480233,True
Performance analysis of business process models with advanced constructs,"Piessens, David",David,male,0.9999952928042082,True
Performance analysis of business process models with advanced constructs,"Wynn, Moe Thandar",Moe,male,0.9940126776092406,True
Performance analysis of business process models with advanced constructs,"Adams, Michael",Michael,male,0.9999876221560686,True
Performance analysis of business process models with advanced constructs,"van Dongen, Boudewijn F.",Boudewijn,male,0.9942319755131526,True
Business process modeling and quick prototyping with webratio BPM,"Brambilla, Marco",Marco,male,0.9998964214527616,True
Business process modeling and quick prototyping with webratio BPM,"Butti, Stefano",Stefano,male,0.9999619769884374,True
Business process modeling and quick prototyping with webratio BPM,"Fraternali, Piero",Piero,male,0.99991242932963,True
mediEPCs-a model to abstract complex and dynamic processes in healthcare environments,"Sunyaev, Ali",Ali,male,0.988143397255068,True
mediEPCs-a model to abstract complex and dynamic processes in healthcare environments,"Ortmann, Markus",Markus,male,0.9999735872978276,True
mediEPCs-a model to abstract complex and dynamic processes in healthcare environments,"Leimeister, Jan Marco",Jan,unknown,0.5504849119650672,False
mediEPCs-a model to abstract complex and dynamic processes in healthcare environments,"Krcmar, Helmut",Helmut,male,0.9999521700733057,True
On business process model reviews,"Grosskopf, Alexander",Alexander,male,0.9999914495946162,True
On business process model reviews,"Weske, Mathias",Mathias,male,0.999948038650782,True
Service dominant logic and business process blueprinting: Enhancing the view on performance by integrating the customer perspective,"Gersch, Martin",Martin,male,0.9998539477569732,True
Service dominant logic and business process blueprinting: Enhancing the view on performance by integrating the customer perspective,"Schöler, Bernd",Bernd,male,0.9998846486900214,True
Service dominant logic and business process blueprinting: Enhancing the view on performance by integrating the customer perspective,"Hewing, Michael",Michael,male,0.9999876221560686,True
DMAL-BPIDE: A distributed multi-abstraction-level business process IDE,"Xu, Xiaotian",Xiaotian,male,0.9742251873872503,True
DMAL-BPIDE: A distributed multi-abstraction-level business process IDE,"Sun, Hailong",Hailong,male,0.9832127259199327,True
DMAL-BPIDE: A distributed multi-abstraction-level business process IDE,"Wang, Xu",Xu,male,0.7337600554549282,False
Strategic positioning of IT in global organizations - A visual mapping approach,"Siurdyban, Artur",Artur,male,0.9999739518647052,True
Workflow management issues in virtual enterprise networks,"Kolell, André",André,male,0.9937443143503205,True
Workflow management issues in virtual enterprise networks,"Ginige, Jeewani Anupama",Jeewani,female,0.9968668131089496,True
Position paper - Loosely-coupled SOA service access provisioning,"Gu, Sean",Sean,male,0.9999700173452581,True
Ontology driven approach enhancing business services orchestration,"Krupaviciute, Asta",Asta,female,0.9998850353990774,True
Ontology driven approach enhancing business services orchestration,"Fayn, Jocelyne",Jocelyne,female,0.999972878797605,True
Semantic mediation of information flow in cross-organizational business process modeling,"Barnickel, Nils",Nils,male,0.999609305827729,True
Semantic mediation of information flow in cross-organizational business process modeling,"Böttcher, Johannes",Johannes,male,0.9999887278356387,True
Semantic mediation of information flow in cross-organizational business process modeling,"Paschke, Adrian",Adrian,male,0.998830188234461,True
A Reference Model Catalog of models for business process analysis,"Pidun, Tim",Tim,male,0.9999194162795334,True
A Reference Model Catalog of models for business process analysis,"Felden, Carsten",Carsten,male,0.9999179788184361,True
From BPMN business process models to SoaML service models: A transformation-driven approach,"Delgado, Andrea",Andrea,female,0.9990642945711071,True
From BPMN business process models to SoaML service models: A transformation-driven approach,"De Guzmán, Ignacio García-Rodríguez",Ignacio,male,0.9999054231007377,True
From BPMN business process models to SoaML service models: A transformation-driven approach,"Ruiz, Francisco",Francisco,male,0.9999572464565292,True
From BPMN business process models to SoaML service models: A transformation-driven approach,"Piattini, Mario",Mario,male,0.9998285831560244,True
Analysis of business process efficiency based on task assignments,"Wang, Zhenguo",Zhenguo,male,0.9846698944703796,True
Analysis of business process efficiency based on task assignments,"Kong, Jaehyun",Jaehyun,male,0.9883610020016116,True
Analysis of business process efficiency based on task assignments,"Bae, Hyerim",Hyerim,female,0.9938731868327746,True
Analysis of business process efficiency based on task assignments,"Kim, Dong-Soo",Dong,male,0.9925219904784107,True
Stakeholder involvement in business process management agenda-setting and implementation,"Becker, Jörg",Jörg,male,0.9995939947892971,True
Stakeholder involvement in business process management agenda-setting and implementation,"Niehaves, Bjoern",Bjoern,male,0.9999626535245362,True
Stakeholder involvement in business process management agenda-setting and implementation,"Plattfaut, Ralf",Ralf,male,0.9999738177966511,True
Causal knowledge-based approach to formulating six sigma management strategy: An empirical evaluation,"Lee, Kun Chang",Kun,male,0.9912126728146163,True
Causal knowledge-based approach to formulating six sigma management strategy: An empirical evaluation,"Li, Honglei",Honglei,male,0.9187136994174863,True
Causal knowledge-based approach to formulating six sigma management strategy: An empirical evaluation,"Choi, Bong",Bong,male,0.9912763146055966,True
MEMOS: A methodology for modeling services,"Kerrigan, Mick",Mick,male,0.9999404574672522,True
MEMOS: A methodology for modeling services,"Norton, Barry",Barry,male,0.9997107200738254,True
MEMOS: A methodology for modeling services,"Simperl, Elena",Elena,female,0.9999927696536459,True
Establishing a Business Process Management System in a telecoms company,"Green, S.",,unknown,0,False
Establishing a Business Process Management System in a telecoms company,"Abughoush, Ali",Ali,male,0.988143397255068,True
Establishing a Business Process Management System in a telecoms company,"Beeson, Ian",Ian,male,0.9998971717022419,True
Establishing a Business Process Management System in a telecoms company,"Hill, Tim",Tim,male,0.9999194162795334,True
Establishing a Business Process Management System in a telecoms company,"Nwakacha, Justin",Justin,male,0.9999691429091295,True
How many methods do we need? - A multiple case study exploration into the use of business process modeling methods in industry,"Becker, Jörg",Jörg,male,0.9995939947892971,True
How many methods do we need? - A multiple case study exploration into the use of business process modeling methods in industry,"Niehaves, Björn",Björn,male,0.9997078412618494,True
How many methods do we need? - A multiple case study exploration into the use of business process modeling methods in industry,"Thome, Irina",Irina,female,0.9999964489192367,True
Time-domain BPM for modeling ultrashort pulsed optical beams in dispersive medium,"Akond, Mohammad Shahed",Mohammad,male,0.9999978931239886,True
Time-domain BPM for modeling ultrashort pulsed optical beams in dispersive medium,"Masoudi, Husain M.",Husain,male,0.9997616061898512,True
Time-domain BPM for modeling ultrashort pulsed optical beams in dispersive medium,"Alsunaidi, M.A.",M.A.,male,0.9835786431698633,True
Analyzing law-making from a business process view: The paradox of law-making,"van Wijk, Remco",Remco,male,0.999418503534345,True
Analyzing law-making from a business process view: The paradox of law-making,"Fokkema, Welmoed",Welmoed,female,0.9849058694714047,True
Analyzing law-making from a business process view: The paradox of law-making,"Kockelkoren, Stephan",Stephan,male,0.9999887311827451,True
A business process management approach for RFID enabled supply chain management,"Ao, Yintai",Yintai,male,0.5477398209948783,False
A business process management approach for RFID enabled supply chain management,"He, Wei",Wei,male,0.8353828445774668,True
A business process management approach for RFID enabled supply chain management,"Xiao, Xuejian",Xuejian,male,0.9859590673572859,True
A business process management approach for RFID enabled supply chain management,"Lee, Engwah",Engwah,male,0.9751471645182332,True
Logic-based ad-hoc business process management: Concepts and challenges,"Anicic, Darko",Darko,male,0.9998581654231122,True
Logic-based ad-hoc business process management: Concepts and challenges,"Stojanovic, Nenad",Nenad,male,0.9999400690042675,True
Logic-based ad-hoc business process management: Concepts and challenges,"Stojanovic, Ljiljana",Ljiljana,female,0.9999895046356956,True
Cultural differences in implementing business process management systems,"Ravesteyn, Pascal",Pascal,male,0.9999832927816735,True
Cultural differences in implementing business process management systems,"Batenburg, Ronald",Ronald,male,0.9999832565645149,True
Can using M-commerce improve business process?,"Xu, Hongjiang",Hongjiang,male,0.9730717304691274,True
Can using M-commerce improve business process?,"Yang, Jiayun",Jiayun,unknown,0.7356290885965691,False
Ontology-based information extraction for analyzing IT services,"Deokar, Amit V.",Amit,male,0.9985253474283259,True
Ontology-based information extraction for analyzing IT services,"Sen, Sagnika",Sagnika,female,0.7212567383161919,False
Does IT matter for business process maturity? A comparative study on business process maturity models,"Van Looy, Amy",Amy,female,0.9999688840881918,True
Kali-ma: A semantic guide to browsing and accessing functionalities in plugin-based tools,"Adamou, Alessandro",Alessandro,male,0.9999636677574057,True
Kali-ma: A semantic guide to browsing and accessing functionalities in plugin-based tools,"Presutti, Valentina",Valentina,female,0.9999985356541968,True
Kali-ma: A semantic guide to browsing and accessing functionalities in plugin-based tools,"Gangemi, Aldo",Aldo,male,0.9999677563708546,True
An artifact-based architecture for a better flexibility of business processes,"Zerari, Mounira",Mounira,female,0.99943870395557,True
An artifact-based architecture for a better flexibility of business processes,"Boufaida, Mahmoud",Mahmoud,male,0.9999916452287316,True
Business process compliance through reusable units of compliant processes,"Schumm, David",David,male,0.9999952928042082,True
Business process compliance through reusable units of compliant processes,"Turetken, Oktay",Oktay,male,0.9999202279726761,True
Business process compliance through reusable units of compliant processes,"Kokash, Natallia",Natallia,female,0.9999983616897009,True
Business process compliance through reusable units of compliant processes,"Elgammal, Amal",Amal,female,0.9850188491302879,True
Business process compliance through reusable units of compliant processes,"Leymann, Frank",Frank,male,0.999947578866658,True
Business process compliance through reusable units of compliant processes,"Van Den Heuvel, Willem-Jan",Willem,male,0.9999008294243106,True
Understanding the value of business process configuration,"Carroll, Noel",Noel,male,0.9967487205429406,True
Understanding the value of business process configuration,"Whelan, Eoin",Eoin,male,0.9999302126680978,True
Understanding the value of business process configuration,"Richardson, Ita",Ita,female,0.9999206190561826,True
Exploring a domain ontology based approach to business process design,"Hua, Zhimin",Zhimin,unknown,0.5805710179657797,False
Exploring a domain ontology based approach to business process design,"Zhao, J. Leon",,unknown,0,False
Exploring a domain ontology based approach to business process design,"Storey, Veda C.",Veda,female,0.9999850149316206,True
Valuating business process flexibility achievedt hrough an alternative execution path,"Braunwarth, Kathrin",Kathrin,female,0.9998351957915239,True
Valuating business process flexibility achievedt hrough an alternative execution path,"Ullrich, Christian",Christian,male,0.9993987974523811,True
Abductive logic programming as an effective technology for the static verification of declarative business processes,"Montali, Marco",Marco,male,0.9998964214527616,True
Abductive logic programming as an effective technology for the static verification of declarative business processes,"Torroni, Paolo",Paolo,male,0.9999357526976299,True
Abductive logic programming as an effective technology for the static verification of declarative business processes,"Chesani, Federico",Federico,male,0.999947511448034,True
Abductive logic programming as an effective technology for the static verification of declarative business processes,"Mello, Paola",Paola,female,0.9999891372513092,True
Abductive logic programming as an effective technology for the static verification of declarative business processes,"Alberti, Marco",Marco,male,0.9998964214527616,True
Abductive logic programming as an effective technology for the static verification of declarative business processes,"Lamma, Evelina",Evelina,female,0.9999986862845059,True
"Specification, verification and implementation of business processes using CSP","Kleine, Moritz",Moritz,male,0.9987893251241526,True
"Specification, verification and implementation of business processes using CSP","Göthel, Thomas",Thomas,male,0.9999981017477207,True
Secure business processes in service-oriented architectures - A requirements analysis,"Müller, Jens",Jens,male,0.9999725010363429,True
Secure business processes in service-oriented architectures - A requirements analysis,"Mülle, Jutta",Jutta,female,0.999995137882791,True
Secure business processes in service-oriented architectures - A requirements analysis,"Von Stackelberg, Silvia",Silvia,female,0.9999810313224872,True
Secure business processes in service-oriented architectures - A requirements analysis,"Böhm, Klemens",Klemens,male,0.9937719503158381,True
What is S-BPM?,"Fleischmann, Albert",Albert,male,0.9999213683449588,True
Reverse Logistics Process Automation with BPMS,"Johanna, Castellanos A.",Castellanos,male,0.8252673757132695,True
Reverse Logistics Process Automation with BPMS,"Santiago, Aguirre M.",Aguirre,male,0.8198722340693135,True
Reverse Logistics Process Automation with BPMS,"Carlos, Fuquene R.",Fuquene,female,0.6103804920444166,False
Reverse Logistics Process Automation with BPMS,"Carlos, Parra R.",Parra,male,0.8387906485522058,True
Fabrication of a multimode-interference-based multimode power splitter in glass,"Xiang, Wei",Wei,male,0.8353828445774668,True
Fabrication of a multimode-interference-based multimode power splitter in glass,"Zheng, Weiwei",Weiwei,female,0.9841585000191304,True
Fabrication of a multimode-interference-based multimode power splitter in glass,"Jiang, Shuhang",Shuhang,male,0.9776198469595561,True
Fabrication of a multimode-interference-based multimode power splitter in glass,"Wang, Minghua",Minghua,male,0.6930329034879086,False
Fabrication of a multimode-interference-based multimode power splitter in glass,"Yang, Jianyi",Jianyi,male,0.6761189851084629,False
Fabrication of a multimode-interference-based multimode power splitter in glass,"Hao, Yinlei",Yinlei,male,0.9936539750307566,True
Fabrication of a multimode-interference-based multimode power splitter in glass,"Jiang, Xiaoqing",Xiaoqing,female,0.9770489855619313,True
Using e-service to construct general platform of BPM,"Chou, Tung-Hsiang",Tung,male,0.992430386227844,True
Using e-service to construct general platform of BPM,"Lin, Chia-Wen",Chia,female,0.982291762364419,True
Using e-service to construct general platform of BPM,"Liao, Jau-Jiun",Jau,male,0.9831048880619986,True
Probabilistic declarative process mining,"Bellodi, Elena",Elena,female,0.9999927696536459,True
Probabilistic declarative process mining,"Riguzzi, Fabrizio",Fabrizio,male,0.9999395873949303,True
Probabilistic declarative process mining,"Lamma, Evelina",Evelina,female,0.9999986862845059,True
Satisfiability of artifact lifecycle in business process model,"Wang, Ying",Ying,female,0.9976878084537152,True
Satisfiability of artifact lifecycle in business process model,"Liu, Guohua",Guohua,male,0.9356322066961649,True
Satisfiability of artifact lifecycle in business process model,"Zhang, Dawei",Dawei,male,0.9847517678376546,True
Satisfiability of artifact lifecycle in business process model,"Zhao, Danfeng",Danfeng,female,0.9854509611676608,True
Satisfiability of artifact lifecycle in business process model,"Zhao, Wei",Wei,male,0.8353828445774668,True
Supporting the operation of semi-structured work systems,"Faria, Jose",Jose,male,0.9999804924850862,True
Supporting the operation of semi-structured work systems,"Silva, Joao",Joao,male,0.9999988877948677,True
Supporting the operation of semi-structured work systems,"Marques, Helder",Helder,male,0.9999689379099914,True
Towards dependable business processes with fault-tolerance approach,"Varela-Vaca, Angel Jesus",Angel,male,0.9932384210708509,True
Towards dependable business processes with fault-tolerance approach,"Gasca, Rafael M.",Rafael,male,0.9999801002723208,True
Towards dependable business processes with fault-tolerance approach,"Borrego, Diana",Diana,female,0.999995961950494,True
Towards dependable business processes with fault-tolerance approach,"Pozo, Sergio",Sergio,male,0.9999761025266936,True
Incorporating semantic bridges into information flow of cross-organizational business process models,"Barnickel, Nils",Nils,male,0.999609305827729,True
Incorporating semantic bridges into information flow of cross-organizational business process models,"Böttcher, Johannes",Johannes,male,0.9999887278356387,True
Incorporating semantic bridges into information flow of cross-organizational business process models,"Paschke, Adrian",Adrian,male,0.998830188234461,True
Improving Enterprise Resource Planning results using knowledge extraction and learning,"Berzosa, Alba",Alba,female,0.9999830884018904,True
Improving Enterprise Resource Planning results using knowledge extraction and learning,"Sedano, Javier",Javier,male,0.9999768372268597,True
Improving Enterprise Resource Planning results using knowledge extraction and learning,"Villar, José R.",José,male,0.9960913709996708,True
Improving Enterprise Resource Planning results using knowledge extraction and learning,"Garcfía-Tamargo, Marco",Marco,male,0.9998964214527616,True
Improving Enterprise Resource Planning results using knowledge extraction and learning,"Corchado, Emilio",Emilio,male,0.9998271675860951,True
Managing simulation workflow patterns using dynamic service-oriented compositions,"Al-Zoubi, Khaldoon",Khaldoon,male,0.994013743449657,True
Managing simulation workflow patterns using dynamic service-oriented compositions,"Wainer, Gabriel",Gabriel,male,0.9999678001289709,True
Resonant coupler based on Mach-Zehnder configuration,"Zamhari, N.",,unknown,0,False
Resonant coupler based on Mach-Zehnder configuration,"Mohd. Supa'T, A.S.",A.S.,male,0.9781153568015388,True
Resonant coupler based on Mach-Zehnder configuration,"Wan Zainal Abidin, W.A.",W.A.,male,0.9957068914035614,True
Resonant coupler based on Mach-Zehnder configuration,"Othman, A.K.",A.K.,male,0.9824101655515772,True
Resonant coupler based on Mach-Zehnder configuration,"Kipli, K.",,unknown,0,False
WorkAware: Situation-aware workflow management,"Gottesheim, Wolfgang",Wolfgang,male,0.9998326674032032,True
WorkAware: Situation-aware workflow management,"Mitsch, Stefan",Stefan,male,0.9999831604184807,True
WorkAware: Situation-aware workflow management,"Retschitzegger, Werner",Werner,male,0.9999697709027106,True
WorkAware: Situation-aware workflow management,"Schwinger, Wieland",Wieland,male,0.9855225032681728,True
WorkAware: Situation-aware workflow management,"Baumgartner, Norbert",Norbert,male,0.9997332944573782,True
Electronic contract negotiation and renegotiation using features,"Vecchiato, Daniel Avila",Daniel,male,0.9999484956264236,True
Electronic contract negotiation and renegotiation using features,"De Toledo, Maria Beatriz Felgar",Maria,female,0.9999948398304921,True
Electronic contract negotiation and renegotiation using features,"Fantinato, Marcelo",Marcelo,male,0.9998735221664624,True
Electronic contract negotiation and renegotiation using features,"De Souza Gimenes, Itana Maria",Itana,female,0.9983161172267363,True
A Hub architecture for service ecosystems: Towards business-to-business automation with an ontology-enabled collaboration platform,"Norta, Alex",Alex,male,0.9998453611887771,True
"Strategy, networks and systems in the global translation services market","Shaw, Duncan R.",Duncan,male,0.9999717871984101,True
"Strategy, networks and systems in the global translation services market","Holland, Christopher P.",Christopher,male,0.9999877129093514,True
Applicability of process viewing patterns in business process management,"Schumm, David",David,male,0.9999952928042082,True
Applicability of process viewing patterns in business process management,"Anstett, Tobias",Tobias,male,0.9999755650213412,True
Applicability of process viewing patterns in business process management,"Leymann, Frank",Frank,male,0.999947578866658,True
Applicability of process viewing patterns in business process management,"Schleicher, Daniel",Daniel,male,0.9999484956264236,True
A decision-based approach to business process improvement,"Shahzad, Khurram",Khurram,male,0.9999693299205058,True
A decision-based approach to business process improvement,"Zdravkovic, Jelena",Jelena,female,0.9999959150470483,True
The tail of BPM,"Kruba, Steve",Steve,male,0.9996350238609107,True
The tail of BPM,"Meyer, Jim",Jim,male,0.999978699711865,True
The relevance of management of business processes and orchestration,"Heuser, Lutz",Lutz,male,0.9936954301368839,True
Conceptual modeling of complex events of the internet of things,"Seel, Christian",Christian,male,0.9993987974523811,True
Conceptual modeling of complex events of the internet of things,"Schimmelpfennig, Jens",Jens,male,0.9999725010363429,True
Conceptual modeling of complex events of the internet of things,"Mayer, Dirk",Dirk,male,0.9999427916159628,True
Conceptual modeling of complex events of the internet of things,"Walter, Philipp",Philipp,male,0.9999372005997167,True
Carbon-aware business process design in Abnoba,"Hoesch-Klohe, Konstantin",Konstantin,male,0.999857334029376,True
Carbon-aware business process design in Abnoba,"Ghose, Aditya",Aditya,male,0.9930058833426924,True
Business process management - S-BPM a new paradigm for competitive advantage?,"Singer, Robert",Robert,male,0.9999776797436909,True
Business process management - S-BPM a new paradigm for competitive advantage?,"Zinser, Erwin",Erwin,male,0.9999518511321507,True
Context model based SOA policy framework,"Zhou, Yu Chen",Yu,female,0.8656251027956705,True
Context model based SOA policy framework,"Liu, Xin Peng",Xin,female,0.7003246185087639,False
Context model based SOA policy framework,"Wang, Xi Ning",Xi,unknown,0.6241046773770502,False
Context model based SOA policy framework,"Xue, Liang",Liang,male,0.9782482259488245,True
Context model based SOA policy framework,"Tian, Chen",Chen,male,0.8803324700638614,True
Context model based SOA policy framework,"Liang, Xiao Xing",Xiao,unknown,0.7140596202174592,False
A software method for managing event logs to improve quality and dependability of business processes,"Unluturk, Mehmet S.",Mehmet,male,0.9999939737476609,True
A software method for managing event logs to improve quality and dependability of business processes,"Kurtel, Kaan",Kaan,male,0.9999669407959698,True
A case study of BPM and KM integration: From process automation to knowledge intensive business processes,"Marjanovic, Olivera",Olivera,female,0.9982887231498666,True
Public disclosure versus private practice: Challenges in business process management (position paper),"Hobson, Stacy",Stacy,female,0.996736456450035,True
Public disclosure versus private practice: Challenges in business process management (position paper),"Patil, Sameer",Sameer,male,0.9999632489370125,True
Public disclosure versus private practice: Challenges in business process management (position paper),"Liu, Xuan",Xuan,female,0.9819414067324399,True
A project management system for product development,"Peng, Wuliang",Wuliang,male,0.8613348434082233,True
A project management system for product development,"Meng, Fanbo",Fanbo,male,0.9955126339738203,True
A project management system for product development,"Kong, Decai",Decai,male,0.9816108912672606,True
"Quo vadis, S-BPM? The first world-café on S-BPM developments","Stary, Christian",Christian,male,0.9993987974523811,True
Towards deterministically constructing organizations based on the normalized systems approach,"Van Nuffel, Dieter",Dieter,male,0.9999629369688875,True
Towards deterministically constructing organizations based on the normalized systems approach,"Huysmans, Philip",Philip,male,0.9999254046730869,True
Towards deterministically constructing organizations based on the normalized systems approach,"Bellens, David",David,male,0.9999952928042082,True
Towards deterministically constructing organizations based on the normalized systems approach,"Ven, Kris",Kris,male,0.9789680913444609,True
An infrastructure for executing WS-BPEL workflows in a cluster of clusters,"Lechuga, Thiago A.",Thiago,male,0.9999637415449134,True
An infrastructure for executing WS-BPEL workflows in a cluster of clusters,"De Toledo, Maria Felgar Beatriz",Maria,female,0.9999948398304921,True
An infrastructure for executing WS-BPEL workflows in a cluster of clusters,"Capretz, Miriam A. M.",Miriam,female,0.9998748565290823,True
Applying social network analysis to monitor web-enabled business processes,"Carroll, Noel",Noel,male,0.9967487205429406,True
Applying social network analysis to monitor web-enabled business processes,"Richardson, Ita",Ita,female,0.9999206190561826,True
Applying social network analysis to monitor web-enabled business processes,"Whelan, Eoin",Eoin,male,0.9999302126680978,True
Bridging software product lines and service-oriented architectures for service identification using BPM and FM,"Kang, Dongsu",Dongsu,male,0.9903264150802262,True
Bridging software product lines and service-oriented architectures for service identification using BPM and FM,"Baik, Doo-Kweon",Doo,male,0.9763539072321074,True
Agile systems development for the management of service oriented organizations,"Mircea, Marinela",Marinela,female,0.9999987002228896,True
Agile systems development for the management of service oriented organizations,"Andreescu, Anca Ioana",Anca,female,0.9999475242567216,True
Process modeling and optimization of complex systems using Scattered Context Grammars,"Květoňová, Š.",,unknown,0,False
Process modeling and optimization of complex systems using Scattered Context Grammars,"Kolář, D.",,unknown,0,False
Using value engineering and TRIZ for better business process management,"Lee, Larry Jung Hsing",Larry,male,0.9994482934657852,True
Using value engineering and TRIZ for better business process management,"Leu, Jun-Der",Jun,male,0.9972113548054844,True
Transforming process models: Executable rewrite rules versus a formalized Java program,"Van Gorp, Pieter",Pieter,male,0.9999603817918126,True
Transforming process models: Executable rewrite rules versus a formalized Java program,"Eshuis, Rik",Rik,male,0.999965618838259,True
From bureaucratic to quasi-market environments: On the co-evolution of public sector business process management,"Niehaves, Bjoern",Bjoern,male,0.9999626535245362,True
From bureaucratic to quasi-market environments: On the co-evolution of public sector business process management,"Plattfaut, Ralf",Ralf,male,0.9999738177966511,True
MINERVA: Model drIveN and sErvice oRiented framework for the continuous business process improVement and relAted tools,"Delgado, Andrea",Andrea,female,0.9990642945711071,True
MINERVA: Model drIveN and sErvice oRiented framework for the continuous business process improVement and relAted tools,"Ruiz, Francisco",Francisco,male,0.9999572464565292,True
MINERVA: Model drIveN and sErvice oRiented framework for the continuous business process improVement and relAted tools,"García-Rodríguez De Guzmán, Ignacio",Ignacio,male,0.9999054231007377,True
MINERVA: Model drIveN and sErvice oRiented framework for the continuous business process improVement and relAted tools,"Piattini, Mario",Mario,male,0.9998285831560244,True
A cloud-based BPM architecture with user-end distribution of non-compute-intensive activities and sensitive data,"Han, Yan-Bo",Yan,unknown,0.5336648310743305,False
A cloud-based BPM architecture with user-end distribution of non-compute-intensive activities and sensitive data,"Sun, Jun-Yi",Jun,male,0.9972113548054844,True
A cloud-based BPM architecture with user-end distribution of non-compute-intensive activities and sensitive data,"Wang, Gui-Ling",Gui,male,0.9939025504645949,True
A cloud-based BPM architecture with user-end distribution of non-compute-intensive activities and sensitive data,"Li, Hou-Fu",Hou,male,0.9912618174866412,True
Sequential composition of multi-party choreographies,"Schönberger, Andreas",Andreas,male,0.9999763395171621,True
Sequential composition of multi-party choreographies,"Wirtz, Guido",Guido,male,0.999905551240006,True
A resource state-based business process control mechanism for BPM,"Huang, Shuai",Shuai,male,0.9935429934772635,True
A resource state-based business process control mechanism for BPM,"Cai, Hongming",Hongming,male,0.9391859751901778,True
A resource state-based business process control mechanism for BPM,"Xu, Boyi",Boyi,male,0.6950953205018208,False
A frequency-based algorithm for workflow outlier mining,"Chuang, Yu-Cheng",Yu,female,0.8656251027956705,True
A frequency-based algorithm for workflow outlier mining,"Hsu, PingYu",PingYu,female,0.5665769709683741,False
A frequency-based algorithm for workflow outlier mining,"Wang, MinTzu",MinTzu,unknown,0.5252769663914323,False
A frequency-based algorithm for workflow outlier mining,"Chen, Sin-Cheng",Sin,unknown,0.7257181169907839,False
Application of SOA-based business process management in outage management system,"Wu, Bo",Bo,male,0.9936897842165783,True
Application of SOA-based business process management in outage management system,"Lei, Wang",Wang,male,0.9203221744198354,True
The power of 'as-is' processes,"Buchwald, Hagen",Hagen,male,0.9993113223299143,True
Improving business processes through BPM techniques: Experiences from a real case study,"Cartelli, Vincenzo",Vincenzo,male,0.9998085367289719,True
Improving business processes through BPM techniques: Experiences from a real case study,"Di Modica, Giuseppe",Giuseppe,male,0.9998656437376092,True
Improving business processes through BPM techniques: Experiences from a real case study,"Di Naro, Luigi",Luigi,male,0.9997527871316405,True
Improving business processes through BPM techniques: Experiences from a real case study,"Tomarchio, Orazio",Orazio,male,0.9999453589598163,True
Improving business processes through BPM techniques: Experiences from a real case study,"Vita, Lorenzo",Lorenzo,male,0.9998394614331225,True
Improving business processes through BPM techniques: Experiences from a real case study,"Rapisarda, Giuseppe",Giuseppe,male,0.9998656437376092,True
Workflow-based design and implementation of flexible enterprise business,"Yang, Chang Chun",Chang,male,0.9834684501913633,True
Workflow-based design and implementation of flexible enterprise business,"Yang, Li Bo",Li,female,0.9821247080400133,True
Workflow-based design and implementation of flexible enterprise business,"Liu, Yu Xiu",Yu,female,0.8656251027956705,True
Managing long-tail processes using FormSys,"Weber, Ingo",Ingo,male,0.9999333804098659,True
Managing long-tail processes using FormSys,"Paik, Hye-Young",Hye,female,0.999378251992488,True
Managing long-tail processes using FormSys,"Benatallah, Boualem",Boualem,male,0.9984720819877133,True
Managing long-tail processes using FormSys,"Vorwerk, Corren",Corren,female,0.9178879111126943,True
Managing long-tail processes using FormSys,"Gong, Zifei",Zifei,female,0.8515443152621501,True
Managing long-tail processes using FormSys,"Zheng, Liangliang",Liangliang,unknown,0.5896258141817005,False
Managing long-tail processes using FormSys,"Kim, Sung Wook",Sung,male,0.955834662371436,True
An approach for a more agile BPM-SOA integration supported by dynamic services discovery,"De Souza, Alexandre Perin",Alexandre,male,0.9994086190609315,True
An approach for a more agile BPM-SOA integration supported by dynamic services discovery,"Rabelo, Ricardo J.",Ricardo,male,0.99996029299145,True
Establishing an informed S-BPM community,"Schmidt, Werner",Werner,male,0.9999697709027106,True
Establishing an informed S-BPM community,"Stary, Christian",Christian,male,0.9993987974523811,True
Integrating complex events for collaborating and dynamically changing business processes,"Von Ammon, Rainer",Rainer,male,0.9999264596357705,True
Integrating complex events for collaborating and dynamically changing business processes,"Ertlmaier, Thomas",Thomas,male,0.9999981017477207,True
Integrating complex events for collaborating and dynamically changing business processes,"Etzion, Opher",Opher,male,0.9999962845589251,True
Integrating complex events for collaborating and dynamically changing business processes,"Kofman, Alexander",Alexander,male,0.9999914495946162,True
Integrating complex events for collaborating and dynamically changing business processes,"Paulus, Thomas",Thomas,male,0.9999981017477207,True
Business performance management for competitive advantage in the information economy,"Olszak, Celina M.",Celina,female,0.9999990646763782,True
Business performance management for competitive advantage in the information economy,"Ziemba, Ewa",Ewa,female,0.9999969097181365,True
Knowledge services in business Process Management: A new way for increasing of productivity?,"Tuckova, Zuzana",Zuzana,female,0.9999981760838376,True
Knowledge services in business Process Management: A new way for increasing of productivity?,"Tucek, David",David,male,0.9999952928042082,True
Sparking employees' interest in Six Sigma: Transferring a paper-based simulation to a workflow management application,"Börner, René",René,male,0.9819370520009497,True
Sparking employees' interest in Six Sigma: Transferring a paper-based simulation to a workflow management application,"Uremovic, Andreas",Andreas,male,0.9999763395171621,True
Ontology-based Semantic Matching for Business Process Management,"Kim, Gunwoo",Gunwoo,male,0.9996220642039415,True
Ontology-based Semantic Matching for Business Process Management,"Suh, Yongmoo",Yongmoo,unknown,0.7418470254007903,False
Managing process model collections with AProMoRe,"Fauvet, M.C.",M.C.,male,0.9778897548072388,True
Managing process model collections with AProMoRe,"La Rosa, M.",,unknown,0,False
Managing process model collections with AProMoRe,"Sadegh, M.",,unknown,0,False
Managing process model collections with AProMoRe,"Alshareef, A.",,unknown,0,False
Managing process model collections with AProMoRe,"Dijkman, R.M.",R.M.,male,0.9008054967524639,True
Managing process model collections with AProMoRe,"García-Bañuelos, Luciano",Luciano,male,0.9996589196440591,True
Managing process model collections with AProMoRe,"Reijers, H.A.",H.A.,male,0.9978547993886707,True
Managing process model collections with AProMoRe,"Van Der Aalst, W.M.P.",W.M.P.,male,0.7372678901195386,False
Managing process model collections with AProMoRe,"Dumas, Marlon",Marlon,male,0.9996458113945667,True
Managing process model collections with AProMoRe,"Mendling, Jan",Jan,unknown,0.5504849119650672,False
Message correlation and web service protocol mining from inaccurate logs,"Musaraj, Kreshnik",Kreshnik,male,0.9999496611530125,True
Message correlation and web service protocol mining from inaccurate logs,"Yoshida, Tetsuya",Tetsuya,male,0.9933928473956375,True
Message correlation and web service protocol mining from inaccurate logs,"Daniel, Florian",Florian,male,0.9999672042878258,True
Message correlation and web service protocol mining from inaccurate logs,"Hacid, Mohand-Said",Mohand,male,0.9993254287025714,True
Message correlation and web service protocol mining from inaccurate logs,"Casati, Fabio",Fabio,male,0.9999554817772992,True
Message correlation and web service protocol mining from inaccurate logs,"Benatallah, Boualem",Boualem,male,0.9984720819877133,True
Design-time process optimization through optimization patterns and process model matching,"Niedermann, Florian",Florian,male,0.9999672042878258,True
Design-time process optimization through optimization patterns and process model matching,"Radeschütz, Sylvia",Sylvia,female,0.9999828327471595,True
Design-time process optimization through optimization patterns and process model matching,"Mitschang, Bernhard",Bernhard,male,0.9999742564512356,True
An event-model for constraint-based person-centric flows,"Unger, Tobias",Tobias,male,0.9999755650213412,True
An event-model for constraint-based person-centric flows,"Eberle, Hanna",Hanna,female,0.9999970479455866,True
An event-model for constraint-based person-centric flows,"Leymann, Frank",Frank,male,0.999947578866658,True
An event-model for constraint-based person-centric flows,"Wagner, Sebastian",Sebastian,male,0.9999469726859632,True
Typed business process specification,"Atkinson, Colin",Colin,male,0.9998511786190843,True
Typed business process specification,"Draheim, Dirk",Dirk,male,0.9999427916159628,True
Typed business process specification,"Geist, Verena",Verena,female,0.999996786682216,True
The application study in business process management based on intelligent objects technology,"Zu, Qiaohong",Qiaohong,female,0.9815155238675446,True
The application study in business process management based on intelligent objects technology,"Wang, Hui",Hui,female,0.9846458138641376,True
Leveraging business process management through complex event processing for RFID and sensor networks,"Rosales, Pablo",Pablo,male,0.9999522824750242,True
Leveraging business process management through complex event processing for RFID and sensor networks,"Oh, Kyuhyup",Kyuhyup,male,0.6863370477525581,False
Leveraging business process management through complex event processing for RFID and sensor networks,"Kim, Kyuri",Kyuri,female,0.9883301456192968,True
Leveraging business process management through complex event processing for RFID and sensor networks,"Jung, Jae-Yoon",Jae,male,0.9756125269782338,True
Integration of RESTfulBP with BDIM decision making,"Lu, Qinghua",Qinghua,female,0.889461969518216,True
Integration of RESTfulBP with BDIM decision making,"Xu, Xiwei",Xiwei,male,0.5901847024940415,False
Integration of RESTfulBP with BDIM decision making,"Tosic, Vladimir",Vladimir,male,0.9999351319225824,True
Integration of RESTfulBP with BDIM decision making,"Keung, Jacky W.",Jacky,male,0.9859821041924021,True
Integration of RESTfulBP with BDIM decision making,"Zhu, Liming",Liming,male,0.9737247989886653,True
Operationalization of flexibility in business process management,"Eicker, Stefan",Stefan,male,0.9999831604184807,True
Operationalization of flexibility in business process management,"Nagel, Annett",Annett,female,0.9999735887856318,True
Operationalization of flexibility in business process management,"Schuler, Peter M.",Peter,male,0.9999580684529622,True
Generation of component based architecture from business processes: Model driven engineering for SOA,"Dahman, Karim",Karim,male,0.9982261835394265,True
Generation of component based architecture from business processes: Model driven engineering for SOA,"Charoy, François",François,male,0.9947714368930283,True
Generation of component based architecture from business processes: Model driven engineering for SOA,"Godart, Claude",Claude,male,0.9979920763238813,True
Formal analysis of BPMN models: A NuSMV-based approach,"Lam, Vitus S. W.",Vitus,male,0.9996010798476797,True
Application of service-oriented computing and model-driven development paradigms to business processes: A systematic review,"Delgado, Andrea",Andrea,female,0.9990642945711071,True
Application of service-oriented computing and model-driven development paradigms to business processes: A systematic review,"Ruiz, Francisco",Francisco,male,0.9999572464565292,True
Application of service-oriented computing and model-driven development paradigms to business processes: A systematic review,"De Guzmán, Ignacio García-Rodríguez",Ignacio,male,0.9999054231007377,True
Application of service-oriented computing and model-driven development paradigms to business processes: A systematic review,"Piattini, Mario",Mario,male,0.9998285831560244,True
Prototype-based management of business process exception cases,"Montani, Stefania",Stefania,female,0.9999845994479034,True
Business Processes underpinning Information Systems: A Higher Education Institution's framework,"Gonçalves, Nuno Pina",Nuno,male,0.9999005263364984,True
Business Processes underpinning Information Systems: A Higher Education Institution's framework,"Paulino, Sérgio",Sérgio,male,0.9989384818665544,True
Business Processes underpinning Information Systems: A Higher Education Institution's framework,"Silva, Tiago",Tiago,male,0.9999637692020446,True
Business process management,"Hantry, Francois",Francois,male,0.9999775911572618,True
Business process management,"Papazoglou, Mike",Mike,male,0.9993471735902227,True
Business process management,"Van Den Heuvel, Willem-Jan",Willem,male,0.9999008294243106,True
Business process management,"Haque, Rafique",Rafique,male,0.9994758553116705,True
Business process management,"Whelan, Eoin",Eoin,male,0.9999302126680978,True
Business process management,"Carroll, Noel",Noel,male,0.9967487205429406,True
Business process management,"Karastoyanova, Dimka",Dimka,male,0.8876209879608038,True
Business process management,"Leymann, Frank",Frank,male,0.999947578866658,True
Business process management,"Nikolaou, Christos",Christos,male,0.9999396981478821,True
Business process management,"Lammersdorf, Winfried",Winfried,male,0.9999860225464584,True
Business process management,"Hacid, Mohand-Said",Mohand,male,0.9993254287025714,True
A business process management system based on workflow technologies,"Fanbo, Meng",Meng,male,0.9320970818737262,True
A business process management system based on workflow technologies,"Minli, Jin",Jin,male,0.7377281243241545,False
A business process management system based on workflow technologies,"Wuliang, Peng",Peng,male,0.987794148873926,True
A service-oriented architecture of virtual enterprise for manufacturing industry,"Cui, Wei",Wei,male,0.8353828445774668,True
A service-oriented architecture of virtual enterprise for manufacturing industry,"Meng, Xiangxu",Xiangxu,male,0.9091372408283326,True
A service-oriented architecture of virtual enterprise for manufacturing industry,"Liu, Shijun",Shijun,male,0.9926021003893496,True
Combining Data Envelopment Analysis and Business Process Simulation for analyzing the efficiency of business processes,"Dohmen, A.",,unknown,0,False
Combining Data Envelopment Analysis and Business Process Simulation for analyzing the efficiency of business processes,"Leyer, M.",,unknown,0,False
Service networks modelling: An SOA & BPM standpoint,"Danylevych, Olha",Olha,female,0.9999610895780094,True
Service networks modelling: An SOA & BPM standpoint,"Karastoyanova, Dimka",Dimka,male,0.8876209879608038,True
Service networks modelling: An SOA & BPM standpoint,"Leymann, Frank",Frank,male,0.999947578866658,True
BKQoS - A business knowledge-based QoS provisioning framework,"Bök, Patrick-Benjamin",Patrick,male,0.9999373211096793,True
BKQoS - A business knowledge-based QoS provisioning framework,"Tüchelmann, York",York,male,0.9998383390517225,True
Workflow testing,"Robić, Damir",Damir,male,0.9999660318290263,True
Research on key technology of process equipment service platform based on SOA,"Guo, Hong",Hong,female,0.711999011631038,False
Research on key technology of process equipment service platform based on SOA,"Pang, Siqin",Siqin,female,0.9791010914445448,True
Research on key technology of process equipment service platform based on SOA,"Yan, Xianguo",Xianguo,male,0.9846322980663338,True
Research on key technology of process equipment service platform based on SOA,"Li, Jianwei",Jianwei,male,0.9844999857322118,True
Research on key technology of process equipment service platform based on SOA,"Liu, Zhong",Zhong,male,0.9445154882042616,True
State of the art of semantic business process management: An investigation on approaches for business-to-business integration,"Hoang, Hanh Huu",Hanh,female,0.9980197341321809,True
State of the art of semantic business process management: An investigation on approaches for business-to-business integration,"Tran, Phuong-Chi Thi",Phuong,female,0.9909018597552756,True
State of the art of semantic business process management: An investigation on approaches for business-to-business integration,"Le, Thanh Manh",Thanh,male,0.9801043135052536,True
