Article Title,Author Name,First Name,Gender,Probability,Reliable
Logistics Processes Modelled in S-BPM and implemented in SAP to reduce Production Lead Times,"Fleischmann, Christoph",Christoph,male,0.9996583666010818,True
Logistics Processes Modelled in S-BPM and implemented in SAP to reduce Production Lead Times,"Říha, Karel",Karel,male,0.9458722310063506,True
Logistics Processes Modelled in S-BPM and implemented in SAP to reduce Production Lead Times,"Stangl, Gerhard",Gerhard,male,0.9999803048551524,True
S-BPM implementation in CUBA Platform for rapid application development,"Lednev, Andrey",Andrey,male,0.9994753017471417,True
S-BPM implementation in CUBA Platform for rapid application development,"Ivaschenko, Anton",Anton,male,0.9999464363559706,True
"Towards an open, curious S-BPM community: eliciting stakeholder needs","Lerchner, Harald",Harald,male,0.9999263057035207,True
Exploring ACM and S-BPM for Modelling Human-centric Processes: An Empirical Comparison,"Routis, Ioannis",Ioannis,male,0.9999133506151796,True
Exploring ACM and S-BPM for Modelling Human-centric Processes: An Empirical Comparison,"Stratigaki, Christina",Christina,female,0.9999986803241608,True
Exploring ACM and S-BPM for Modelling Human-centric Processes: An Empirical Comparison,"Nikolaidou, Mara",Mara,female,0.9999744519898365,True
ADIGE: semantic business process management for smart retail environments,"Kahl, Gerrit",Gerrit,male,0.9999019892008016,True
ADIGE: semantic business process management for smart retail environments,"Klusch, Matthias",Matthias,male,0.9999337682187655,True
ADIGE: semantic business process management for smart retail environments,"Zinnikus, Ingo",Ingo,male,0.9999333804098659,True
ADIGE: semantic business process management for smart retail environments,"Schimmelpfennig, Jens",Jens,male,0.9999725010363429,True
ADIGE: semantic business process management for smart retail environments,"Zapp, Manuel",Manuel,male,0.9999796545255559,True
Shared Business Objects for Paperless Public Management Processes,"Schaller, Thomas",Thomas,male,0.9999981017477207,True
Shared Business Objects for Paperless Public Management Processes,"Obermeier, Stefan",Stefan,male,0.9999831604184807,True
Towards context-aware processes in people-centered factories of the future,"Kannengiesser, Udo",Udo,male,0.9993990197381508,True
Towards context-aware processes in people-centered factories of the future,"Neubauer, Matthias",Matthias,male,0.9999337682187655,True
Towards context-aware processes in people-centered factories of the future,"Krenn, Florian",Florian,male,0.9999672042878258,True
Towards context-aware processes in people-centered factories of the future,"Di Francescomarino, Chiara",Chiara,female,0.9999918135427956,True
Towards context-aware processes in people-centered factories of the future,"Majoe, Dennis",Dennis,male,0.9999370030396483,True
Towards context-aware processes in people-centered factories of the future,"Bonaldi, David",David,male,0.9999952928042082,True
Working with Natural Language Texts for Process Management: Proposal and Analysis of a Process Analysis Methodology,"Heuser, Tobias",Tobias,male,0.9999755650213412,True
Working with Natural Language Texts for Process Management: Proposal and Analysis of a Process Analysis Methodology,"Elstermann, Matthes",Matthes,unknown,0.6764015388629641,False
A Method for Modeling Business Processes in a Role-based and Decentralized Way,"Ertugrul, Ali Mert",Ali,male,0.988143397255068,True
A Method for Modeling Business Processes in a Role-based and Decentralized Way,"Demirors, Onur",Onur,male,0.9999756895583426,True
Continuous Software Engineering with Special Emphasis on Continuous Business-Process Modeling and Human-Centered Design,"Forbrig, Peter",Peter,male,0.9999580684529622,True
Towards a Modeling Method for Business Process Oriented Organizational Life Cycle Assessment,"Fritsch, Andreas",Andreas,male,0.9999763395171621,True
An exploratory study on role-based collaborative business process modeling approaches,"Ertugrul, Ali Mert",Ali,male,0.988143397255068,True
An exploratory study on role-based collaborative business process modeling approaches,"Demirors, Onur",Onur,male,0.9999756895583426,True
The Butterfly: An Intelligent Framework for Violation Prediction within Business Processes,"Mousheimish, Raef",Raef,male,0.9999947405681093,True
The Butterfly: An Intelligent Framework for Violation Prediction within Business Processes,"Taher, Yehia",Yehia,male,0.9944898591545096,True
The Butterfly: An Intelligent Framework for Violation Prediction within Business Processes,"Zeitouni, Karine",Karine,female,0.9999947595192173,True
Agent-based Business Process Orchestration for IoT,"Kampik, Timotheus",Timotheus,male,0.9999797558155175,True
Agent-based Business Process Orchestration for IoT,"Malhi, Avleen",Avleen,female,0.9998843980891224,True
Agent-based Business Process Orchestration for IoT,"Främling, Kary",Kary,female,0.9927427835832705,True
An approach from statistical mechanics for collaborative business social network reconstruction,"Corallo, Angelo",Angelo,male,0.9998562882400411,True
An approach from statistical mechanics for collaborative business social network reconstruction,"Bisconti, Cristian",Cristian,male,0.9999351973500834,True
An approach from statistical mechanics for collaborative business social network reconstruction,"Fortunato, Laura",Laura,female,0.9999801813992499,True
An approach from statistical mechanics for collaborative business social network reconstruction,"Gentile, Antonio Andrea",Antonio,male,0.9999433950349952,True
An approach from statistical mechanics for collaborative business social network reconstruction,"Pellè, Piergiuseppe",Piergiuseppe,male,0.995327127966849,True
PROWIT: integrated web 2.0 business process collaboration service-platform,"Schwantzer, Simon",Simon,male,0.9999853866925988,True
PROWIT: integrated web 2.0 business process collaboration service-platform,"Faltin, Nils",Nils,male,0.999609305827729,True
Investigating the Collaborative Process of Subtitles Creation and Sharing for Videos on the Web,"Brito, Jessica Oliveira",Jessica,female,0.999955479636159,True
Investigating the Collaborative Process of Subtitles Creation and Sharing for Videos on the Web,"Guimaraes, Rodrigo Laiola",Rodrigo,male,0.9999878411566193,True
Investigating the Collaborative Process of Subtitles Creation and Sharing for Videos on the Web,"Santos, Celso A.S.",Celso,male,0.9998216060635936,True
Semantic annotation of BPMN: current approaches and new methodologies,"Di Martino, Beniamino",Beniamino,male,0.9923554570756454,True
Semantic annotation of BPMN: current approaches and new methodologies,"Esposito, Antonio",Antonio,male,0.9999433950349952,True
Semantic annotation of BPMN: current approaches and new methodologies,"Nacchia, Stefania",Stefania,female,0.9999845994479034,True
Semantic annotation of BPMN: current approaches and new methodologies,"Maisto, Salvatore Augusto",Salvatore,male,0.9995071484491044,True
"How, Who and When: Enhancing Business Process Warehouses By Graph Based Queries","Fazzinga, Bettina",Bettina,female,0.99999719251176,True
"How, Who and When: Enhancing Business Process Warehouses By Graph Based Queries","Flesca, Sergio",Sergio,male,0.9999761025266936,True
"How, Who and When: Enhancing Business Process Warehouses By Graph Based Queries","Furfaro, Filippo",Filippo,male,0.9999393291492403,True
"How, Who and When: Enhancing Business Process Warehouses By Graph Based Queries","Masciari, Elio",Elio,male,0.9999283379886147,True
"How, Who and When: Enhancing Business Process Warehouses By Graph Based Queries","Pontieri, Luigi",Luigi,male,0.9997527871316405,True
"How, Who and When: Enhancing Business Process Warehouses By Graph Based Queries","Pulice, Chiara",Chiara,female,0.9999918135427956,True
Communication Semantics for IoT-aware Business Process Management Systems,"Babaei, Majid",Majid,male,0.9998567579880754,True
Correlation Between Social Media and Non-Technical Business Process Management in Small and Medium Enterprises,"Handayani, Sharfina Febbi",Sharfina,female,0.9984583108914601,True
Correlation Between Social Media and Non-Technical Business Process Management in Small and Medium Enterprises,"Annisa, Lolanda Hamim",Lolanda,female,0.9999958600319161,True
Correlation Between Social Media and Non-Technical Business Process Management in Small and Medium Enterprises,"Wardati, Nanda Kurnia",Nanda,female,0.9892350396151615,True
Correlation Between Social Media and Non-Technical Business Process Management in Small and Medium Enterprises,"Putri, Rachmah Agus",Rachmah,female,0.9818532870624569,True
An extended subject-oriented business process management execution semantics,"Wolski, André",André,male,0.9937443143503205,True
An extended subject-oriented business process management execution semantics,"Borgert, Stephan",Stephan,male,0.9999887311827451,True
An extended subject-oriented business process management execution semantics,"Heuser, Lutz",Lutz,male,0.9936954301368839,True
A CoreASM based reference implementation for subject-oriented business process management execution semantics,"Wolski, André",André,male,0.9937443143503205,True
A CoreASM based reference implementation for subject-oriented business process management execution semantics,"Borgert, Stephan",Stephan,male,0.9999887311827451,True
A CoreASM based reference implementation for subject-oriented business process management execution semantics,"Heuser, Lutz",Lutz,male,0.9936954301368839,True
Design and Realisation of Scalable Business Process Management Systems for Deployment in the Cloud,"Ouyang, Chun",Chun,male,0.9816926028175558,True
Design and Realisation of Scalable Business Process Management Systems for Deployment in the Cloud,"Adams, Michael",Michael,male,0.9999876221560686,True
Design and Realisation of Scalable Business Process Management Systems for Deployment in the Cloud,"Hofstede, Arthur H. M. Ter",Arthur,male,0.9999849927075136,True
Design and Realisation of Scalable Business Process Management Systems for Deployment in the Cloud,"Yu, Yang",Yang,unknown,0.6608034619216988,False
Business process management in small- and medium-sized enterprises: an empirical study,"Singer, Robert",Robert,male,0.9999776797436909,True
Dynamic update of business process management,"Nahabedian, Leandro",Leandro,male,0.9999459472101595,True
The Deployment of an Enhanced Model-Driven Architecture for Business Process Management,"McClatchey, Richard",Richard,male,0.9999944029565571,True
Major Issues in Business Process Management: Key Concerns presented in Academy from a Brazilian Perspective,"Confort, Valdemar T. F.",Valdemar,male,0.9999663435582248,True
Major Issues in Business Process Management: Key Concerns presented in Academy from a Brazilian Perspective,"Santoro, Flavia Maria",Flavia,female,0.9999615517482403,True
Using the Business Digital Simulation Game of MonsoonSIM in the Business Process Management Course for Creating Knowledge and Understanding of University Students,"Tumphasuwan, Khanita",Khanita,female,0.9987980061286204,True
Digital Transformation Model Based on Business Process Management and Lean Manufacturing to Increase the Productivity of the Administrative Area of a Peruvian Aeronautical Company,"Ladera-Mejia, Alexandra Gianella",Alexandra,female,0.9999520604841557,True
Digital Transformation Model Based on Business Process Management and Lean Manufacturing to Increase the Productivity of the Administrative Area of a Peruvian Aeronautical Company,"Pun-Gutierrez, Xiomara Stephanie",Xiomara,female,0.9999877917657973,True
Digital Transformation Model Based on Business Process Management and Lean Manufacturing to Increase the Productivity of the Administrative Area of a Peruvian Aeronautical Company,"Quiroz-Flores, Juan Carlos",Juan,male,0.9999978969254493,True
Digital Transformation Model Based on Business Process Management and Lean Manufacturing to Increase the Productivity of the Administrative Area of a Peruvian Aeronautical Company,"Flores-Perez, Alberto Enrique",Alberto,male,0.9998864566720463,True
Business process management (BPM) in a day,"Bist, Gary",Gary,male,0.9997261213475382,True
BPMS-RA: A Novel Reference Architecture for Business Process Management Systems,"Pourmirza, Shaya",Shaya,unknown,0.5256590966265645,False
BPMS-RA: A Novel Reference Architecture for Business Process Management Systems,"Peters, Sander",Sander,male,0.9998363444871542,True
BPMS-RA: A Novel Reference Architecture for Business Process Management Systems,"Dijkman, Remco",Remco,male,0.999418503534345,True
BPMS-RA: A Novel Reference Architecture for Business Process Management Systems,"Grefen, Paul",Paul,male,0.999990342528266,True
Organizational ontologies to support semantic business process management,"Filipowska, Agata",Agata,female,0.9999959543121029,True
Organizational ontologies to support semantic business process management,"Kaczmarek, Monika",Monika,female,0.999996989457821,True
Organizational ontologies to support semantic business process management,"Kowalkiewicz, Marek",Marek,male,0.9999483104588682,True
Organizational ontologies to support semantic business process management,"Markovic, Ivan",Ivan,male,0.9999776517681997,True
Organizational ontologies to support semantic business process management,"Zhou, Xuan",Xuan,female,0.9819414067324399,True
Business process management in a day,"Bist, Gary",Gary,male,0.9997261213475382,True
Business process management (BPM) in a day,"Bist, Gary",Gary,male,0.9997261213475382,True
Business process management (BPM) in a day,"Cheung, Kenneth K.",Kenneth,male,0.9994244548675503,True
Business process management (BPM) in a day,"Bist, Gary",Gary,male,0.9997261213475382,True
Business process management (BPM) in a day,"Bist, Gary",Gary,male,0.9997261213475382,True
Semantic web service engineering for semantic business process management,"Kerrigan, Mick",Mick,male,0.9999404574672522,True
Semantic web service engineering for semantic business process management,"Norton, Barry",Barry,male,0.9997107200738254,True
Semantic web service engineering for semantic business process management,"Simperl, Elena",Elena,female,0.9999927696536459,True
Semantic web service engineering for semantic business process management,"Fensel, Dieter",Dieter,male,0.9999629369688875,True
Simulation standard for business process management,"Januszczak, John",John,male,0.9999985032120171,True
Simulation standard for business process management,"Hook, Geoff",Geoff,male,0.999994074472292,True
Ontology-based semantic matching for business process management,"Kim, Gunwoo",Gunwoo,male,0.9996220642039415,True
Ontology-based semantic matching for business process management,"Suhh, Yongmoo",Yongmoo,unknown,0.7418470254007903,False
Business process management adoption: a case study of a South African supermarket retailer,"Grisdale, Wesley",Wesley,male,0.999943116377622,True
Business process management adoption: a case study of a South African supermarket retailer,"Seymour, Lisa F.",Lisa,female,0.9999920796870457,True
Incremental implementation of automated guided vehicle-based logistics using S-BPM: experience report of a digitalization project at ENGEL Austria,"Moser, Christoph",Christoph,male,0.9996583666010818,True
Incremental implementation of automated guided vehicle-based logistics using S-BPM: experience report of a digitalization project at ENGEL Austria,"Kannengiesser, Udo",Udo,male,0.9993990197381508,True
Can you see the wood for the trees? collection and compilation of agility models for BPM,"Lederer, Matthias",Matthias,male,0.9999337682187655,True
Can you see the wood for the trees? collection and compilation of agility models for BPM,"Popova, Oleksandra",Oleksandra,female,0.995950423809616,True
Can you see the wood for the trees? collection and compilation of agility models for BPM,"Schmid, Patrick",Patrick,male,0.9999373211096793,True
Supply Chain Resilience Support in S-BPM,"Neubauer, Matthias",Matthias,male,0.9999337682187655,True
"Ten Years After: Quo Vadis, S-BPM?","Fleischmann, Albert",Albert,male,0.9999213683449588,True
Existing and future standards for event-driven business process management,"von Ammon, Rainer",Rainer,male,0.9999264596357705,True
Existing and future standards for event-driven business process management,"Emmersberger, Christoph",Christoph,male,0.9996583666010818,True
Existing and future standards for event-driven business process management,"Ertlmaier, Thomas",Thomas,male,0.9999981017477207,True
Existing and future standards for event-driven business process management,"Etzion, Opher",Opher,male,0.9999962845589251,True
Existing and future standards for event-driven business process management,"Paulus, Thomas",Thomas,male,0.9999981017477207,True
Existing and future standards for event-driven business process management,"Springer, Florian",Florian,male,0.9999672042878258,True
Stakeholder-centered Process Implementation: Assessing S-BPM Tool Support,"Krenn, Florian",Florian,male,0.9999672042878258,True
Stakeholder-centered Process Implementation: Assessing S-BPM Tool Support,"Stary, Christian",Christian,male,0.9993987974523811,True
Stakeholder-centered Process Implementation: Assessing S-BPM Tool Support,"Wachholder, Dominik",Dominik,male,0.9999341703754147,True
Location-aware business process management for real-time monitoring of a cardiac care process,"Tchemeube, Renaud Bougueng",Renaud,male,0.9999832587441561,True
Location-aware business process management for real-time monitoring of a cardiac care process,"Amyot, Daniel",Daniel,male,0.9999484956264236,True
Location-aware business process management for real-time monitoring of a cardiac care process,"Mouttham, Alain",Alain,male,0.9997547561521526,True
Subject-oriented specification of IoT scenarios,"Venkatakumar, Harshitha",Harshitha,female,0.9999963527050284,True
Subject-oriented specification of IoT scenarios,"Schmidt, Werner",Werner,male,0.9999697709027106,True
SLA-driven business process management in SOA,"Muthusamy, Vinod",Vinod,male,0.9998793519109005,True
SLA-driven business process management in SOA,"Jacobsen, Hans-Arno",Hans,male,0.9999270008633634,True
SLA-driven business process management in SOA,"Chau, Tony",Tony,male,0.9996329230975256,True
SLA-driven business process management in SOA,"Chan, Allen",Allen,male,0.9998909262310021,True
SLA-driven business process management in SOA,"Coulthard, Phil",Phil,male,0.9999056709445863,True
Applying agile methods and personas to S-BPM,"Forbrig, Peter",Peter,male,0.9999580684529622,True
Applying agile methods and personas to S-BPM,"Dittmar, Anke",Anke,female,0.9999829340499841,True
Some say Digitalization - others say IT-enabled Process Management thought through to the End,"Lederer, Matthias",Matthias,male,0.9999337682187655,True
Some say Digitalization - others say IT-enabled Process Management thought through to the End,"Betz, Stefanie",Stefanie,female,0.999951936822069,True
Some say Digitalization - others say IT-enabled Process Management thought through to the End,"Kurz, Matthias",Matthias,male,0.9999337682187655,True
Some say Digitalization - others say IT-enabled Process Management thought through to the End,"Schmidt, Werner",Werner,male,0.9999697709027106,True
3rd Event-Driven Business Process Management Workshop (edBPM),"Yoon, Young",Young,male,0.990940072875331,True
3rd Event-Driven Business Process Management Workshop (edBPM),"Jacobsen, Hans-Arno",Hans,male,0.9999270008633634,True
3rd Event-Driven Business Process Management Workshop (edBPM),"Chan, Allen",Allen,male,0.9998909262310021,True
3rd Event-Driven Business Process Management Workshop (edBPM),"Coulthard, Phil",Phil,male,0.9999056709445863,True
3rd Event-Driven Business Process Management Workshop (edBPM),"Paschke, Adrian",Adrian,male,0.998830188234461,True
Lifecycle of composite business applications enabled by WebSphere Business Process Management,"Lau, Diana",Diana,female,0.999995961950494,True
Lifecycle of composite business applications enabled by WebSphere Business Process Management,"Sun, Ying",Ying,female,0.9976878084537152,True
APRUMO (Agile Process Modeling) – A Method to Process Modeling Using Agile BPM,"Vieira, Caio S.M.",Caio,male,0.999962729278481,True
APRUMO (Agile Process Modeling) – A Method to Process Modeling Using Agile BPM,"Lohmann, Pedro A.",Pedro,male,0.9999821167297533,True
APRUMO (Agile Process Modeling) – A Method to Process Modeling Using Agile BPM,"Magdaleno, Andrea M.",Andrea,female,0.9990642945711071,True
APRUMO (Agile Process Modeling) – A Method to Process Modeling Using Agile BPM,"Engiel, Priscila",Priscila,female,0.9999920671154364,True
Automatic Tool Support Possibilities for the Text-Based S-BPM Process Modelling Methodology,"Elstermann, Matthes",Matthes,unknown,0.6764015388629641,False
Automatic Tool Support Possibilities for the Text-Based S-BPM Process Modelling Methodology,"Heuser, Tobias",Tobias,male,0.9999755650213412,True
Industry 4.0 Standardisation: Where Does S-BPM Fit?,"Kannengiesser, Udo",Udo,male,0.9993990197381508,True
Industry 4.0 Standardisation: Where Does S-BPM Fit?,"Müller, Harald",Harald,male,0.9999263057035207,True
Conformance checking: a state-of-the-art literature review,"Dunzer, Sebastian",Sebastian,male,0.9999469726859632,True
Conformance checking: a state-of-the-art literature review,"Stierle, Matthias",Matthias,male,0.9999337682187655,True
Conformance checking: a state-of-the-art literature review,"Matzner, Martin",Martin,male,0.9998539477569732,True
Conformance checking: a state-of-the-art literature review,"Baier, Stephan",Stephan,male,0.9999887311827451,True
Meeting Industrie 4.0 Challenges with S-BPM,"Friedl, Anton",Anton,male,0.9999464363559706,True
BizDevOps and the Role of S-BPM,"Forbrig, Peter",Peter,male,0.9999580684529622,True
"Real time patient flow management using business process management, location tags, and complex events processing","Badreddin, Omar",Omar,male,0.9999954754245614,True
"Real time patient flow management using business process management, location tags, and complex events processing","Peyton, Liam",Liam,male,0.9998655862005859,True
"Digital Transformation, Smart Factories, and Virtual Design: Contributions of Subject Orientation","Lederer, Matthias",Matthias,male,0.9999337682187655,True
"Digital Transformation, Smart Factories, and Virtual Design: Contributions of Subject Orientation","Betz, Stefanie",Stefanie,female,0.999951936822069,True
"Digital Transformation, Smart Factories, and Virtual Design: Contributions of Subject Orientation","Schmidt, Werner",Werner,male,0.9999697709027106,True
Towards BPM Skill Assessment using Computerized Adaptive Testing,"Graf, David",David,male,0.9999952928042082,True
Towards BPM Skill Assessment using Computerized Adaptive Testing,"Oppl, Stefan",Stefan,male,0.9999831604184807,True
Towards BPM Skill Assessment using Computerized Adaptive Testing,"Eckmaier, Alexander",Alexander,male,0.9999914495946162,True
Towards a comprehensive understanding of the context concepts in context-aware business processes,"Song, Rongjia",Rongjia,unknown,0.5239890340315129,False
Towards a comprehensive understanding of the context concepts in context-aware business processes,"Vanthienen, Jan",Jan,unknown,0.5504849119650672,False
Towards a comprehensive understanding of the context concepts in context-aware business processes,"Cui, Weiping",Weiping,unknown,0.6944698644234264,False
Towards a comprehensive understanding of the context concepts in context-aware business processes,"Wang, Ying",Ying,female,0.9976878084537152,True
Towards a comprehensive understanding of the context concepts in context-aware business processes,"Huang, Lei",Lei,female,0.9773825880925103,True
Universal Artifacts: A New Approach to Business Process Management (BPM) Systems,"Sun, Yutian",Yutian,unknown,0.7344049874880008,False
Universal Artifacts: A New Approach to Business Process Management (BPM) Systems,"Su, Jianwen",Jianwen,male,0.8837649764597039,True
Universal Artifacts: A New Approach to Business Process Management (BPM) Systems,"Yang, Jian",Jian,male,0.9975103869595472,True
The convergence of business process management and service oriented architecture,"Kamoun, Faouzi",Faouzi,male,0.9930634082777757,True
A roadmap towards the convergence of business process management and service oriented architecture,"Kamoun, Faouzi",Faouzi,male,0.9930634082777757,True
S-BPM in Surgery Simulation Training,"Ivaschenko, Anton",Anton,male,0.9999464363559706,True
S-BPM in Surgery Simulation Training,"Kolsanov, Alexandr",Alexandr,male,0.9979523611724731,True
S-BPM in Surgery Simulation Training,"Nazaryan, Aikush",Aikush,unknown,0.6159501844433659,False
Resilient Ontology Support Facilitating Multi-Perspective Process Integration in Industry 4.0,"Kaar, Claudia",Claudia,female,0.9999814071022761,True
Resilient Ontology Support Facilitating Multi-Perspective Process Integration in Industry 4.0,"Frysak, Josef",Josef,male,0.9999977561192824,True
Resilient Ontology Support Facilitating Multi-Perspective Process Integration in Industry 4.0,"Stary, Christian",Christian,male,0.9993987974523811,True
Resilient Ontology Support Facilitating Multi-Perspective Process Integration in Industry 4.0,"Kannengiesser, Udo",Udo,male,0.9993990197381508,True
Resilient Ontology Support Facilitating Multi-Perspective Process Integration in Industry 4.0,"Müller, Harald",Harald,male,0.9999263057035207,True
Fast Synthetic Data-Aware Log Generation for Temporal Declarative Models,"Bergami, Giacomo",Giacomo,male,0.9999694890720269,True
Integrating Business Processes and Manufacturing Operations Based on S-BPM and B2MML,"Kannengiesser, Udo",Udo,male,0.9993990197381508,True
Integrating Business Processes and Manufacturing Operations Based on S-BPM and B2MML,"Neubauer, Matthias",Matthias,male,0.9999337682187655,True
Integrating Business Processes and Manufacturing Operations Based on S-BPM and B2MML,"Heininger, Richard",Richard,male,0.9999944029565571,True
Reuse of models in S-BPM process specifications,"Forbrig, Peter",Peter,male,0.9999580684529622,True
Agent-Based Business Process Modeling and Execution: Steps Towards a Compiler-Virtual Machine Architecture,"Singer, Robert",Robert,male,0.9999776797436909,True
Modeling complex process systems with subject-oriented means,"Elstermann, Matthes",Matthes,unknown,0.6764015388629641,False
Modeling complex process systems with subject-oriented means,"Fleischmann, Albert",Albert,male,0.9999213683449588,True
Smart Business Processing in Industry 4.0,"Liakos, Christos",Christos,male,0.9999396981478821,True
Smart Business Processing in Industry 4.0,"Panagopoulos, Aimilios Christos",Aimilios,male,0.9967332163897169,True
Smart Business Processing in Industry 4.0,"Karkazis, Panagiotis",Panagiotis,male,0.9999221249138908,True
"Dependable data sharing in dynamic IoT-systems: subject-oriented process design, complex event processing, and blockchains","Fleischmann, Albert",Albert,male,0.9999213683449588,True
"Dependable data sharing in dynamic IoT-systems: subject-oriented process design, complex event processing, and blockchains","Stary, Christian",Christian,male,0.9993987974523811,True
Business-Actors as base components of complex and distributed software applications,"Strecker, Florian",Florian,male,0.9999672042878258,True
Business-Actors as base components of complex and distributed software applications,"Gniza, Reinhard",Reinhard,male,0.9999789678768612,True
Business-Actors as base components of complex and distributed software applications,"Hollosy, Thomas",Thomas,male,0.9999981017477207,True
Business-Actors as base components of complex and distributed software applications,"Schmatzer, Florian",Florian,male,0.9999672042878258,True
Next step recommendation and prediction based on process mining in adaptive case management,"Huber, Sebastian",Sebastian,male,0.9999469726859632,True
Next step recommendation and prediction based on process mining in adaptive case management,"Fietta, Marian",Marian,female,0.998937269301458,True
Next step recommendation and prediction based on process mining in adaptive case management,"Hof, Sebastian",Sebastian,male,0.9999469726859632,True
Towards the automated business process building by means of type theory,"Shapkin, Pavel",Pavel,male,0.9999915029945373,True
Towards the automated business process building by means of type theory,"Marenkov, Alexander",Alexander,male,0.9999914495946162,True
Towards the automated business process building by means of type theory,"Shumsky, Leonid",Leonid,male,0.999959879094152,True
Towards the automated business process building by means of type theory,"Roslovtsev, Vladimir",Vladimir,male,0.9999351319225824,True
Towards the automated business process building by means of type theory,"Wolfengagen, Viacheslav",Viacheslav,male,0.9987740955954193,True
Adaptive open innovation: solution approach and tool support,"Huber, Sebastian",Sebastian,male,0.9999469726859632,True
Adaptive open innovation: solution approach and tool support,"Schott, Peter",Peter,male,0.9999580684529622,True
Adaptive open innovation: solution approach and tool support,"Lederer, Matthias",Matthias,male,0.9999337682187655,True
Actor Based Business Process Automation via Intelligent Business Objects,"Unterberger, Florian",Florian,male,0.9999672042878258,True
Actor Based Business Process Automation via Intelligent Business Objects,"Singer, Robert",Robert,male,0.9999776797436909,True
"Process Culture: Maturity, Drivers, and Barriers","Weitlaner, Doris",Doris,female,0.9995743114631943,True
CSPm models for the ATM case study,"Hense, Andreas V.",Andreas,male,0.9999763395171621,True
Leveraging CMMN for ACM: examining the applicability of a new OMG standard for adaptive case management,"Kurz, Matthias",Matthias,male,0.9999337682187655,True
Leveraging CMMN for ACM: examining the applicability of a new OMG standard for adaptive case management,"Schmidt, Werner",Werner,male,0.9999697709027106,True
Leveraging CMMN for ACM: examining the applicability of a new OMG standard for adaptive case management,"Fleischmann, Albert",Albert,male,0.9999213683449588,True
Leveraging CMMN for ACM: examining the applicability of a new OMG standard for adaptive case management,"Lederer, Matthias",Matthias,male,0.9999337682187655,True
The Semantic Exchange Standard for Subject-Oriented Process Models,"Elstermann, Matthes",Matthes,unknown,0.6764015388629641,False
The Semantic Exchange Standard for Subject-Oriented Process Models,"Krenn, Florian",Florian,male,0.9999672042878258,True
Dealing with Process Complexity: A Multiperspective Approach,"Krenn, Florian",Florian,male,0.9999672042878258,True
BPM Maturity Models: A Qualitative Study under the Perspective of Specialists,"da Nobrega, Simone Nunes",Simone,female,0.9989115818066938,True
BPM Maturity Models: A Qualitative Study under the Perspective of Specialists,"Oliveira, Joyce Aline",Joyce,female,0.9998932133443771,True
BPM Maturity Models: A Qualitative Study under the Perspective of Specialists,"Reboucas, Rodrigo",Rodrigo,male,0.9999878411566193,True
Subject-Orientation and Agility,"Buchwald, Hagen",Hagen,male,0.9993113223299143,True
Sisi in the ALPS: A Simple Simulation and Verification Approach for PASS,"Elstermann, Matthes",Matthes,unknown,0.6764015388629641,False
Sisi in the ALPS: A Simple Simulation and Verification Approach for PASS,"Ovtcharova, Jivka",Jivka,female,0.998286071792992,True
Designing the Learning Process: The IOLAOS Platform,"Vidakis, Nikolas",Nikolas,male,0.9999808354112506,True
Designing the Learning Process: The IOLAOS Platform,"Charitakis, Stavros",Stavros,male,0.9999810190066217,True
Measuring Process Experience: A Collaborative Modelling Instrument for Determining the Impact of a New Law on Public Service Experience,"Hoppenbrouwers, Stijn",Stijn,male,0.9934761545778056,True
Measuring Process Experience: A Collaborative Modelling Instrument for Determining the Impact of a New Law on Public Service Experience,"Wilmont, Ilona",Ilona,female,0.999994891609944,True
Measuring Process Experience: A Collaborative Modelling Instrument for Determining the Impact of a New Law on Public Service Experience,"van Loon, Daniël",Daniël,male,0.9956806612093849,True
Measuring Process Experience: A Collaborative Modelling Instrument for Determining the Impact of a New Law on Public Service Experience,"van der Geest, Thea",Thea,female,0.9998014929775462,True
Measuring Process Experience: A Collaborative Modelling Instrument for Determining the Impact of a New Law on Public Service Experience,"Oppl, Stefan",Stefan,male,0.9999831604184807,True
"Supporting People-Driven, Dynamic and Geo-Located Work Processes","Antunes, Pedro",Pedro,male,0.9999821167297533,True
"Supporting People-Driven, Dynamic and Geo-Located Work Processes","Baloian, Nelson",Nelson,male,0.9999183097997376,True
"Supporting People-Driven, Dynamic and Geo-Located Work Processes","Zurita, Gustavo",Gustavo,male,0.9999547032163499,True
"Supporting People-Driven, Dynamic and Geo-Located Work Processes","Pino, José A.",José,male,0.9960913709996708,True
Validation of Business Process Models through Interactively Enacted Simulation,"Hochleitner, Felix",Felix,male,0.9998848338420872,True
Validation of Business Process Models through Interactively Enacted Simulation,"Oppl, Stefan",Stefan,male,0.9999831604184807,True
Using Machine Learning to Classify Process Model Elements for Process Infrastructure Analysis,"Avila, Diego Toralles",Diego,male,0.9999727834593694,True
Using Machine Learning to Classify Process Model Elements for Process Infrastructure Analysis,"de Moura, Vitor Camargo",Vitor,male,0.9999396805631499,True
Using Machine Learning to Classify Process Model Elements for Process Infrastructure Analysis,"Thom, Lucineia Heloisa",Lucineia,female,0.9997929220982892,True
How Organizational Culture influences BPM Evolution,"Jatoba, Iveruska",Iveruska,unknown,0.6986891678598954,False
How Organizational Culture influences BPM Evolution,"Alves, Carina",Carina,female,0.9999987874599865,True
Subject-oriented Design of Smart Hyper-connected Logistics Systems,"Neubauer, Matthias",Matthias,male,0.9999337682187655,True
Subject-oriented Design of Smart Hyper-connected Logistics Systems,"Krenn, Florian",Florian,male,0.9999672042878258,True
Subject-oriented plural method meets BPMN: a case study,"van den Hurk, Henk",Henk,male,0.997776941933279,True
Subject-oriented plural method meets BPMN: a case study,"Turetken, Oktay",Oktay,male,0.9999202279726761,True
Subject-oriented plural method meets BPMN: a case study,"van Moll, Jan",Jan,unknown,0.5504849119650672,False
Proposal for Using Semantic Technologies as a Means to Store and Exchange Subject-Oriented Process Models,"Elstermann, Matthes",Matthes,unknown,0.6764015388629641,False
Business Process Elaboration through Virtual Enactment,"Oppl, Stefan",Stefan,male,0.9999831604184807,True
Subject-Oriented Specification of Smart Environments,"Forbrig, P.",,unknown,0,False
Subject-Oriented Specification of Smart Environments,"Buchholz, G.",,unknown,0,False
Detecting Concept Drift in Processes using Graph Metrics on Process Graphs,"Seeliger, Alexander",Alexander,male,0.9999914495946162,True
Detecting Concept Drift in Processes using Graph Metrics on Process Graphs,"Nolle, Timo",Timo,male,0.9997459028917776,True
Detecting Concept Drift in Processes using Graph Metrics on Process Graphs,"Mühlhäuser, Max",Max,male,0.9999943791406495,True
Orchestrating Privacy Enhancing Technologies and Services with BPM Tools: The WITDOM Data Protection Orchestrator,"Notario, Nicolás",Nicolás,male,0.999005286725862,True
Orchestrating Privacy Enhancing Technologies and Services with BPM Tools: The WITDOM Data Protection Orchestrator,"Ciceri, Eleonora",Eleonora,female,0.999982119805137,True
Orchestrating Privacy Enhancing Technologies and Services with BPM Tools: The WITDOM Data Protection Orchestrator,"Crespo, Alberto",Alberto,male,0.9998864566720463,True
Orchestrating Privacy Enhancing Technologies and Services with BPM Tools: The WITDOM Data Protection Orchestrator,"Real, Eduardo González",Eduardo,male,0.9999664554772328,True
Orchestrating Privacy Enhancing Technologies and Services with BPM Tools: The WITDOM Data Protection Orchestrator,"Catallo, Ilio",Ilio,male,0.9970189084722553,True
Orchestrating Privacy Enhancing Technologies and Services with BPM Tools: The WITDOM Data Protection Orchestrator,"Vicini, Sauro",Sauro,male,0.9985907406218565,True
Ontology-based metrics computation for business process analysis,"Pedrinaci, Carlos",Carlos,male,0.9999630239120895,True
Ontology-based metrics computation for business process analysis,"Domingue, John",John,male,0.9999985032120171,True
"Best Practice (BPM): In business process management, finding the right tool suite is just the beginning.","Miers, Derek",Derek,male,0.9999720082596188,True
Three Dimensions of Process Models Regarding their Execution,"Fichtenbauer, Christian",Christian,male,0.9993987974523811,True
Three Dimensions of Process Models Regarding their Execution,"Fleischmann, Albert",Albert,male,0.9999213683449588,True
Commercial Management Model based on the DFSS and BPM Methodology to Increase Liquidity in SMEs in the Retail Commercial Sector,"Quiroz-Flores, Juan Carlos",Juan,male,0.9999978969254493,True
Commercial Management Model based on the DFSS and BPM Methodology to Increase Liquidity in SMEs in the Retail Commercial Sector,"Sanchez-Jimenez, Yasmin",Yasmin,female,0.9995632749257217,True
Commercial Management Model based on the DFSS and BPM Methodology to Increase Liquidity in SMEs in the Retail Commercial Sector,"Meza-La Rosa, Catherine",Catherine,female,0.9999923564041191,True
Conceptual Framework Introducing the Success Factors for Implementing Intelligent Automation-A Qualitative Multiple Case Study,"Dirnberger-Wild, Johannes",Johannes,male,0.9999887278356387,True
Conceptual Framework Introducing the Success Factors for Implementing Intelligent Automation-A Qualitative Multiple Case Study,"Roth, Maximilian",Maximilian,male,0.9998238213451786,True
Engines supporting the subject-oriented paradigm,"Krauthausen, Clemens",Clemens,male,0.9997642752089578,True
Engines supporting the subject-oriented paradigm,"Krauthausen, Stefan",Stefan,male,0.9999831604184807,True
Model While You Work: Towards Effective and Playful Acquisition of Stakeholder Processes,"Lerchner, Harald",Harald,male,0.9999263057035207,True
Model While You Work: Towards Effective and Playful Acquisition of Stakeholder Processes,"Stary, Christian",Christian,male,0.9993987974523811,True
Enhancing process compliance in complex product developments: insights from an international manufacturer,"Schott, Peter",Peter,male,0.9999580684529622,True
Enhancing process compliance in complex product developments: insights from an international manufacturer,"Lederer, Matthias",Matthias,male,0.9999337682187655,True
Enhancing process compliance in complex product developments: insights from an international manufacturer,"Huber, Sebastian",Sebastian,male,0.9999469726859632,True
Enhancing process compliance in complex product developments: insights from an international manufacturer,"Keppler, Alexander",Alexander,male,0.9999914495946162,True
BPMN Model Interchange: The Quest for Interoperability,"Kurz, Matthias",Matthias,male,0.9999337682187655,True
Using BPM Technology to Deploy and Manage Distributed Analytics in Collaborative IoT-Driven Business Scenarios,"d'Hondt, Tim",Tim,male,0.9999194162795334,True
Using BPM Technology to Deploy and Manage Distributed Analytics in Collaborative IoT-Driven Business Scenarios,"Wilbik, Anna",Anna,female,0.9999976672321713,True
Using BPM Technology to Deploy and Manage Distributed Analytics in Collaborative IoT-Driven Business Scenarios,"Grefen, Paul",Paul,male,0.999990342528266,True
Using BPM Technology to Deploy and Manage Distributed Analytics in Collaborative IoT-Driven Business Scenarios,"Ludwig, Heiko",Heiko,male,0.9998293009457082,True
Using BPM Technology to Deploy and Manage Distributed Analytics in Collaborative IoT-Driven Business Scenarios,"Baracaldo, Natalie",Natalie,female,0.9999889754086704,True
Using BPM Technology to Deploy and Manage Distributed Analytics in Collaborative IoT-Driven Business Scenarios,"Anwar, Ali",Ali,male,0.988143397255068,True
Lean Service and BPM to Increase the Efficiency of an Operational Process in the Insurance Sector,"Jacinto, Mariela",Mariela,female,0.99999889734795,True
Lean Service and BPM to Increase the Efficiency of an Operational Process in the Insurance Sector,"Rivera, Melissa",Melissa,female,0.9999950456142941,True
Lean Service and BPM to Increase the Efficiency of an Operational Process in the Insurance Sector,"Viacava, Gino",Gino,male,0.9998775510996063,True
Comparison of the subject-oriented and the Petri net based approach for business process automation,"Hense, Andreas V.",Andreas,male,0.9999763395171621,True
Comparison of the subject-oriented and the Petri net based approach for business process automation,"Malz, Robert",Robert,male,0.9999776797436909,True
An ASM model for the procure to pay case study,"Zenzaro, Simone",Simone,female,0.9989115818066938,True
When process managers act as requirements engineers: a template-based proposal using workflow models to derive innovative IT requirements,"Lederer, Matthias",Matthias,male,0.9999337682187655,True
When process managers act as requirements engineers: a template-based proposal using workflow models to derive innovative IT requirements,"Schott, Peter",Peter,male,0.9999580684529622,True
When process managers act as requirements engineers: a template-based proposal using workflow models to derive innovative IT requirements,"Kurz, Matthias",Matthias,male,0.9999337682187655,True
Abstract state machine nets: closing the gap between business process models and their implementation,"Börger, Egon",Egon,male,0.9999747779602656,True
Abstract state machine nets: closing the gap between business process models and their implementation,"Fleischmann, Albert",Albert,male,0.9999213683449588,True
Tool-based checking of business process models,"Speck, Andreas",Andreas,male,0.9999763395171621,True
Tool-based checking of business process models,"Witt, Sören",Sören,male,0.9938018940061262,True
Tool-based checking of business process models,"Feja, Sven",Sven,male,0.9999829597136491,True
Tool-based checking of business process models,"Pulvermüller, Elke",Elke,female,0.9999770229790401,True
Resource management and authorization for cloud services,"Lawall, Alexander",Alexander,male,0.9999914495946162,True
Resource management and authorization for cloud services,"Reichelt, Dominik",Dominik,male,0.9999341703754147,True
Resource management and authorization for cloud services,"Schaller, Thomas",Thomas,male,0.9999981017477207,True
HINT project: a BPM teleconsultation and telemonitoring platform,"Caforio, Antonio",Antonio,male,0.9999433950349952,True
HINT project: a BPM teleconsultation and telemonitoring platform,"Calogiuri, Tobia",Tobia,male,0.9466471187610377,True
HINT project: a BPM teleconsultation and telemonitoring platform,"Lazoi, Mariangela",Mariangela,female,0.9999987265027869,True
HINT project: a BPM teleconsultation and telemonitoring platform,"Mitrano, Gianvito",Gianvito,male,0.9997428048454652,True
HINT project: a BPM teleconsultation and telemonitoring platform,"Paiano, Roberto",Roberto,male,0.9999404051490157,True
Articulation of subject-oriented business process models,"Oppl, Stefan",Stefan,male,0.9999831604184807,True
Modeling for change via component-based decomposition and ASM refinement,"Börger, Egon",Egon,male,0.9999747779602656,True
Modeling for change via component-based decomposition and ASM refinement,"Zenzaro, Simone",Simone,female,0.9989115818066938,True
A Framework for Quantifiable Process Improvement through Method Fragments in Situational Method Engineering,"Ogbuachi, Michael Chima",Michael,male,0.9999876221560686,True
A Framework for Quantifiable Process Improvement through Method Fragments in Situational Method Engineering,"Podder, Itilekha",Itilekha,unknown,0.6159180233055486,False
A Framework for Quantifiable Process Improvement through Method Fragments in Situational Method Engineering,"Bub, Udo",Udo,male,0.9993990197381508,True
A Framework for Quantifiable Process Improvement through Method Fragments in Situational Method Engineering,"Huseynli, Murad",Murad,male,0.999977526907688,True
Enhancing telecommunication business process representation and integration with ontologised industry standards,"de Francisco, David",David,male,0.9999952928042082,True
Enhancing telecommunication business process representation and integration with ontologised industry standards,"Grenon, Pierre",Pierre,male,0.999741392176316,True
Fundamental Framework for Task Mining Technology Adoption: Results from a Qualitative Empirical Study,"Dirnberger, Johannes",Johannes,male,0.9999887278356387,True
Fundamental Framework for Task Mining Technology Adoption: Results from a Qualitative Empirical Study,"Loidl, Bernadette",Bernadette,female,0.9999895392969292,True
Fundamental Framework for Task Mining Technology Adoption: Results from a Qualitative Empirical Study,"Brunner, Uwe",Uwe,male,0.9993723681134667,True
Cognitive Support for S-BPM User Interfaces Intertwining Modeling and Execution,"Fleischmann, Albert",Albert,male,0.9999213683449588,True
Cognitive Support for S-BPM User Interfaces Intertwining Modeling and Execution,"Schmidt, Werner",Werner,male,0.9999697709027106,True
A BPM-based Emerald Factory Information System: Redesigning Emerald Crafting Process in Myanmar,"Wongwatkit, Charoenchai",Charoenchai,male,0.998526712992251,True
A BPM-based Emerald Factory Information System: Redesigning Emerald Crafting Process in Myanmar,"Mar, Sai Won",Sai,male,0.9716499335660027,True
Increase of Perfect Orders through the Application of Mixed Methodologies in a Company in the Heavy Freight Transportation Sector,"Cusihuaman-Torres, Luis Alonso",Luis,male,0.9999544636263329,True
Increase of Perfect Orders through the Application of Mixed Methodologies in a Company in the Heavy Freight Transportation Sector,"Quispe-Rodriguez, Leiton",Leiton,male,0.9920601872330267,True
Increase of Perfect Orders through the Application of Mixed Methodologies in a Company in the Heavy Freight Transportation Sector,"Quiroz-Flores, Juan Carlos",Juan,male,0.9999978969254493,True
Commercial Model to Increase Sales through Mixed Methodologies in an Automotive Retailer,"Farfan-Pena, Hansell",Hansell,male,0.995994863972618,True
Commercial Model to Increase Sales through Mixed Methodologies in an Automotive Retailer,"Guibovich-Jara, Mirko",Mirko,male,0.9997269613326661,True
Commercial Model to Increase Sales through Mixed Methodologies in an Automotive Retailer,"Quiroz-Flores, Juan Carlos",Juan,male,0.9999978969254493,True
Commercial Model to Increase Sales through Mixed Methodologies in an Automotive Retailer,"Flores-Perez, Alberto",Alberto,male,0.9998864566720463,True
Process Knowledge Extraction and Knowledge Graph Construction Through Prompting: A Quantitative Analysis,"Bellan, Patrizio",Patrizio,male,0.9994352517037481,True
Process Knowledge Extraction and Knowledge Graph Construction Through Prompting: A Quantitative Analysis,"Dragoni, Mauro",Mauro,male,0.9999639461270868,True
Process Knowledge Extraction and Knowledge Graph Construction Through Prompting: A Quantitative Analysis,"Ghidini, Chiara",Chiara,female,0.9999918135427956,True
Integrating CEP and BPM: how CEP realizes functional requirements of BPM applications (industry article),"Daum, Michael",Michael,male,0.9999876221560686,True
Integrating CEP and BPM: how CEP realizes functional requirements of BPM applications (industry article),"Götz, Manuel",Manuel,male,0.9999796545255559,True
Integrating CEP and BPM: how CEP realizes functional requirements of BPM applications (industry article),"Domaschka, Jörg",Jörg,male,0.9995939947892971,True
The Implementation of Robotic Process Automation for Banking Sector Case Study of A Private Bank in Indonesia,"Susilo, Andrianto",Andrianto,male,0.982760429594573,True
The Implementation of Robotic Process Automation for Banking Sector Case Study of A Private Bank in Indonesia,"Prabowo, Harjanto",Harjanto,male,0.9660273999224362,True
The Implementation of Robotic Process Automation for Banking Sector Case Study of A Private Bank in Indonesia,"Kosasih, Wibowo",Wibowo,male,0.9913120524616127,True
The Implementation of Robotic Process Automation for Banking Sector Case Study of A Private Bank in Indonesia,"Kartono, Rano",Rano,female,0.9749262198864809,True
The Implementation of Robotic Process Automation for Banking Sector Case Study of A Private Bank in Indonesia,"Utami Tjhin, Viany",Viany,female,0.9999657301930897,True
Model-driven development and business process modeling applied to personal productivity in the consumer mobile app market,"Bancora, Max",Max,male,0.9999943791406495,True
Model-driven development and business process modeling applied to personal productivity in the consumer mobile app market,"Ripamonti, Davide",Davide,male,0.9995122693716512,True
Model-driven development and business process modeling applied to personal productivity in the consumer mobile app market,"Vaccarella, Andrea",Andrea,female,0.9990642945711071,True
Model-driven development and business process modeling applied to personal productivity in the consumer mobile app market,"Brambilla, Marco",Marco,male,0.9998964214527616,True
Digital TwinCity: a holistic approach towards comparative analysis of business processes,"Saito, Shinobu",Shinobu,female,0.9900571068608139,True
Are My Business Process Models Compliant With LGPD? The LGPD4BP Method to Evaluate and to Model LGPD aware Business Processes,"Araújo, Eric",Eric,male,0.9999798907567824,True
Are My Business Process Models Compliant With LGPD? The LGPD4BP Method to Evaluate and to Model LGPD aware Business Processes,"Vilela, Jéssyka",Jéssyka,female,0.9994501235542745,True
Are My Business Process Models Compliant With LGPD? The LGPD4BP Method to Evaluate and to Model LGPD aware Business Processes,"Silva, Carla",Carla,female,0.999996784390149,True
Are My Business Process Models Compliant With LGPD? The LGPD4BP Method to Evaluate and to Model LGPD aware Business Processes,"Alves, Carina",Carina,female,0.9999987874599865,True
LS/ABPM - an agent-powered suite for goal-oriented autonomic BPM,"Rimassa, Giovanni",Giovanni,male,0.999396045165578,True
LS/ABPM - an agent-powered suite for goal-oriented autonomic BPM,"Kernland, Martin E.",Martin,male,0.9998539477569732,True
LS/ABPM - an agent-powered suite for goal-oriented autonomic BPM,"Ghizzioli, Roberto",Roberto,male,0.9999404051490157,True
Process Management in the Greek Public Sector: A case study in the Municipality of Kalamaria,"Athanasopoulos, Konstantinos",Konstantinos,male,0.9999558085455126,True
Process Management in the Greek Public Sector: A case study in the Municipality of Kalamaria,"Nikoletos, Georgios",Georgios,male,0.9999721163040117,True
Process Management in the Greek Public Sector: A case study in the Municipality of Kalamaria,"Georgiadis, Georgios",Georgios,male,0.9999721163040117,True
Process Management in the Greek Public Sector: A case study in the Municipality of Kalamaria,"Stamelos, Ioannis",Ioannis,male,0.9999133506151796,True
Process Management in the Greek Public Sector: A case study in the Municipality of Kalamaria,"Skolarikis, Spiros",Spiros,male,0.9999648595972594,True
Combining social web and BPM for improving enterprise performances: the BPM4People approach to social BPM,"Brambilla, Marco",Marco,male,0.9998964214527616,True
Combining social web and BPM for improving enterprise performances: the BPM4People approach to social BPM,"Fraternali, Piero",Piero,male,0.99991242932963,True
Combining social web and BPM for improving enterprise performances: the BPM4People approach to social BPM,"Vaca Ruiz, Carmen Karina",Carmen,female,0.9959647241082684,True
Improving the Business Processes Management from the Knowledge Management,"Tabares, Marta S.",Marta,female,0.9999974882383316,True
Improving the Business Processes Management from the Knowledge Management,"Giraldo, Liliana",Liliana,female,0.9999990854144832,True
Improving the Business Processes Management from the Knowledge Management,"Joyanes, Luis",Luis,male,0.9999544636263329,True
IT Enabled Organizational Transformation: A Case Study in Public Sector,"Khan, Abdul Zahid",Abdul,male,0.9999849121594339,True
IT Enabled Organizational Transformation: A Case Study in Public Sector,"Bokhari, Rahat H.",Rahat,male,0.9834558530703698,True
Designing user engagement for cognitively-enhanced processes,"Lapouchnian, Alexei",Alexei,male,0.9988239638081096,True
Designing user engagement for cognitively-enhanced processes,"Babar, Zia",Zia,female,0.9368502197010486,True
Designing user engagement for cognitively-enhanced processes,"Yu, Eric",Eric,male,0.9999798907567824,True
The Factors of BPM Economic Impact,"Fiodorov, Igor",Igor,male,0.9999871325016193,True
The estimating index and self-organizing model based on the ant colony algorithm,"Xu, Peng",Peng,male,0.987794148873926,True
The estimating index and self-organizing model based on the ant colony algorithm,"Luan, Shu",Shu,female,0.8174134311698968,True
Natural Language Processing in Business Process Identification and Modeling: A Systematic Literature Review,"de Almeida Bordignon, Ana Cláudia",Ana,female,0.9999965937600829,True
Natural Language Processing in Business Process Identification and Modeling: A Systematic Literature Review,"Thom, Lucinéia Heloisa",Lucinéia,female,0.9998055404510843,True
Natural Language Processing in Business Process Identification and Modeling: A Systematic Literature Review,"Silva, Thanner Soares",Thanner,unknown,0.6746640125913225,False
Natural Language Processing in Business Process Identification and Modeling: A Systematic Literature Review,"Dani, Vinicius Stein",Vinicius,male,0.9998707285752677,True
Natural Language Processing in Business Process Identification and Modeling: A Systematic Literature Review,"Fantinato, Marcelo",Marcelo,male,0.9998735221664624,True
Natural Language Processing in Business Process Identification and Modeling: A Systematic Literature Review,"Ferreira, Renato Cesar Borges",Renato,male,0.9998782738596962,True
Semantic-based enterprise attention management systems,"Stojanovic, Ljiljana",Ljiljana,female,0.9999895046356956,True
Semantic-based enterprise attention management systems,"Ma, Jun",Jun,male,0.9972113548054844,True
Semantic-based enterprise attention management systems,"Stojanovic, Nenad",Nenad,male,0.9999400690042675,True
Semantic enabled complex event language for business process monitoring,"Liu, Dong",Dong,male,0.9925219904784107,True
Semantic enabled complex event language for business process monitoring,"Pedrinaci, Carlos",Carlos,male,0.9999630239120895,True
Semantic enabled complex event language for business process monitoring,"Domingue, John",John,male,0.9999985032120171,True
Unary RDF-annotated petri nets: a formalism for the modeling and validation of business processes with semantic information,"Ibáñez, M. J.",,unknown,0,False
Unary RDF-annotated petri nets: a formalism for the modeling and validation of business processes with semantic information,"Álvarez, P.",,unknown,0,False
Unary RDF-annotated petri nets: a formalism for the modeling and validation of business processes with semantic information,"Bhiri, S.",,unknown,0,False
Unary RDF-annotated petri nets: a formalism for the modeling and validation of business processes with semantic information,"Ezpeleta, J.",,unknown,0,False
The business process modelling ontology,"Cabral, Liliana",Liliana,female,0.9999990854144832,True
The business process modelling ontology,"Norton, Barry",Barry,male,0.9997107200738254,True
The business process modelling ontology,"Domingue, John",John,male,0.9999985032120171,True
Model-based domain ontology engineering,"Fengel, Janina",Janina,female,0.9999974412154872,True
Model-based domain ontology engineering,"Rebstock, Michael",Michael,male,0.9999876221560686,True
Ontology design patterns for the semantic business processes,"Damjanovic, Violeta",Violeta,female,0.9999976922501379,True
Integrated Lean BPM model to increase customer loyalty in a last-mile courier,"Quiroz-Flores, Juan Carlos",Juan,male,0.9999978969254493,True
Integrated Lean BPM model to increase customer loyalty in a last-mile courier,"Chuman-Bobadilla, Mauricio Alonso",Mauricio,male,0.9999066366186012,True
Integrated Lean BPM model to increase customer loyalty in a last-mile courier,"Liendo-Carrillo, Alexander Sebastian",Alexander,male,0.9999914495946162,True
Towards the ontology-based transformation of business process models,"Norton, Barry",Barry,male,0.9997107200738254,True
Resource Management for Business Process Scheduling in the Presence of Availability Constraints,"Xu, Jiajie",Jiajie,male,0.926145280273948,True
Resource Management for Business Process Scheduling in the Presence of Availability Constraints,"Liu, Chengfei",Chengfei,male,0.9108119020212339,True
Resource Management for Business Process Scheduling in the Presence of Availability Constraints,"Zhao, Xiaohui",Xiaohui,female,0.8933139697047824,True
Resource Management for Business Process Scheduling in the Presence of Availability Constraints,"Yongchareon, Sira",Sira,female,0.9999386399285821,True
Resource Management for Business Process Scheduling in the Presence of Availability Constraints,"Ding, Zhiming",Zhiming,male,0.983189580621429,True
Improving mobile business process monitoring with enhanced NFV MANO: a method to elicit connectivity requirements from process models,"Meroni, Giovanni",Giovanni,male,0.999396045165578,True
Improving mobile business process monitoring with enhanced NFV MANO: a method to elicit connectivity requirements from process models,"Mizmizi, Marouan",Marouan,male,0.9991331187757374,True
Improving mobile business process monitoring with enhanced NFV MANO: a method to elicit connectivity requirements from process models,"Plebani, Pierluigi",Pierluigi,male,0.9997616540531535,True
Improving mobile business process monitoring with enhanced NFV MANO: a method to elicit connectivity requirements from process models,"Reggiani, Luca",Luca,male,0.994050482423027,True
"Integration of Knowledge and Task Management in an Evolving, Communication-intensive Environment","Hübscher, Gerd",Gerd,male,0.8598633871655845,True
"Integration of Knowledge and Task Management in an Evolving, Communication-intensive Environment","Geist, Verena",Verena,female,0.999996786682216,True
"Integration of Knowledge and Task Management in an Evolving, Communication-intensive Environment","Auer, Dagmar",Dagmar,female,0.9978924592191896,True
"Integration of Knowledge and Task Management in an Evolving, Communication-intensive Environment","Hübscher, Nicole",Nicole,female,0.9999164981365798,True
"Integration of Knowledge and Task Management in an Evolving, Communication-intensive Environment","Küng, Josef",Josef,male,0.9999977561192824,True
Dynamic Coupling of Learning with Operational Processes,"Krenn, Florian",Florian,male,0.9999672042878258,True
I Will Survive: An Event-driven Conformance Checking Approach Over Process Streams,"Raun, Kristo",Kristo,male,0.9992953982396434,True
I Will Survive: An Event-driven Conformance Checking Approach Over Process Streams,"Tommasini, Riccardo",Riccardo,male,0.9999560019879111,True
I Will Survive: An Event-driven Conformance Checking Approach Over Process Streams,"Awad, Ahmed",Ahmed,male,0.9999977341795334,True
Research on Test Data Management Platform of Heavy-duty Vehicle Manufacturing Enterprise Based on SOA and BPM,"JIANG, NAN",NAN,female,0.9991138495979253,True
Integrated BPM-TPM Maintenance Model to reduce over-time order rate in heavy-duty sector SMEs: A Research in Peru,"Quiroz-Flores, Juan Carlos",Juan,male,0.9999978969254493,True
Integrated BPM-TPM Maintenance Model to reduce over-time order rate in heavy-duty sector SMEs: A Research in Peru,"Carrasco-Morales, Karin Alexandra",Karin,female,0.9999368040739162,True
Integrated BPM-TPM Maintenance Model to reduce over-time order rate in heavy-duty sector SMEs: A Research in Peru,"Aznarán-Sánchez, Sandra Zulema",Sandra,female,0.999979542732284,True
Business process regulatory compliance management solution frameworks: a comparative evaluation,"El Kharbili, Marwane",Marwane,male,0.9855668173803149,True
Collaborative process maturing support by mining activity streams,"Ochsenkühn, Christian",Christian,male,0.9993987974523811,True
Collaborative process maturing support by mining activity streams,"Peinl, René",René,male,0.9819370520009497,True
Tuning Concurrency of the Business Process by Dynamic Programming,"Yaghoubi, Mehdi",Mehdi,male,0.9998841882341889,True
Tuning Concurrency of the Business Process by Dynamic Programming,"Zahedi, Morteza",Morteza,male,0.9973929349060671,True
Dynamic Capabilities that Facilitates the Successful Implementation of Digitalization,"Sun, Wei",Wei,male,0.8353828445774668,True
Personalized Process and Decision Support in Emergency Care by Mining Electronic Health Records and Sensor Data,"Mertens, Steven",Steven,male,0.9999938645828961,True
SOA enabled BPM rule engine,"Valani, D.",,unknown,0,False
SOA enabled BPM rule engine,"Chawan, R. K.",,unknown,0,False
SOA enabled BPM rule engine,"Ghazali, S.",,unknown,0,False
Automated analysis of industrial workflow-based models,"Cortes-Cornax, Mario",Mario,male,0.9998285831560244,True
Automated analysis of industrial workflow-based models,"Krishna, Ajay",Ajay,male,0.9999522178714005,True
Automated analysis of industrial workflow-based models,"Mos, Adrian",Adrian,male,0.998830188234461,True
Automated analysis of industrial workflow-based models,"Salaün, Gwen",Gwen,female,0.9967889938551612,True
AutoEPRS-20: extracting business process redesign suggestions from natural language text,"Mustansir, Amina",Amina,female,0.9999975049995746,True
AutoEPRS-20: extracting business process redesign suggestions from natural language text,"Shahzad, Khurram",Khurram,male,0.9999693299205058,True
AutoEPRS-20: extracting business process redesign suggestions from natural language text,"Malik, Muhammad Kamran",Muhammad,male,0.9999971836173159,True
Verification of Hierarchical Artifact Systems,"Deutsch, Alin",Alin,unknown,0.5246724395973323,False
Verification of Hierarchical Artifact Systems,"Li, Yuliang",Yuliang,male,0.9776814526165708,True
Verification of Hierarchical Artifact Systems,"Vianu, Victor",Victor,male,0.9999862345379419,True
"An integrated approach for RUP, EA, SOA and BPM implementation","Napoli, Juan Pablo",Juan,male,0.9999978969254493,True
"An integrated approach for RUP, EA, SOA and BPM implementation","Kaloyanova, Kalinka",Kalinka,female,0.9999990894328952,True
Adaptive case management for the government policy office,"Brantley, William A.",William,male,0.999948625742716,True
Process mining-enabled jurimetrics: analysis of a Brazilian court's judicial performance in the business law processing,"Unger, Adriana Jacoto",Adriana,female,0.9999969905972506,True
Process mining-enabled jurimetrics: analysis of a Brazilian court's judicial performance in the business law processing,"Neto, José Francisco dos Santos",José,male,0.9960913709996708,True
Process mining-enabled jurimetrics: analysis of a Brazilian court's judicial performance in the business law processing,"Fantinato, Marcelo",Marcelo,male,0.9998735221664624,True
Process mining-enabled jurimetrics: analysis of a Brazilian court's judicial performance in the business law processing,"Peres, Sarajane Marques",Sarajane,female,0.9999796099204314,True
Process mining-enabled jurimetrics: analysis of a Brazilian court's judicial performance in the business law processing,"Trecenti, Julio",Julio,male,0.9999149411605313,True
Process mining-enabled jurimetrics: analysis of a Brazilian court's judicial performance in the business law processing,"Hirota, Renata",Renata,female,0.9999937852557952,True
BPM/BPM+: Software-based dynamic memory partitioning mechanisms for mitigating DRAM bank-/channel-level interferences in multicore systems,"Liu, Lei",Lei,female,0.9773825880925103,True
BPM/BPM+: Software-based dynamic memory partitioning mechanisms for mitigating DRAM bank-/channel-level interferences in multicore systems,"Cui, Zehan",Zehan,male,0.8990345834483553,True
BPM/BPM+: Software-based dynamic memory partitioning mechanisms for mitigating DRAM bank-/channel-level interferences in multicore systems,"Li, Yong",Yong,male,0.9844618295633396,True
BPM/BPM+: Software-based dynamic memory partitioning mechanisms for mitigating DRAM bank-/channel-level interferences in multicore systems,"Bao, Yungang",Yungang,male,0.972734469960787,True
BPM/BPM+: Software-based dynamic memory partitioning mechanisms for mitigating DRAM bank-/channel-level interferences in multicore systems,"Chen, Mingyu",Mingyu,unknown,0.5262242568982438,False
BPM/BPM+: Software-based dynamic memory partitioning mechanisms for mitigating DRAM bank-/channel-level interferences in multicore systems,"Wu, Chengyong",Chengyong,male,0.9430069486613453,True
A framework for cost-aware process management: generation of accurate and timely management accounting cost reports,"Wynn, M. T.",,unknown,0,False
A framework for cost-aware process management: generation of accurate and timely management accounting cost reports,"Low, W. Z.",,unknown,0,False
A framework for cost-aware process management: generation of accurate and timely management accounting cost reports,"Nauta, W.",,unknown,0,False
Robust Drift Characterization from Event Streams of Business Processes,"Ostovar, Alireza",Alireza,male,0.9978879183887268,True
Robust Drift Characterization from Event Streams of Business Processes,"Leemans, Sander J. J.",Sander,male,0.9998363444871542,True
Robust Drift Characterization from Event Streams of Business Processes,"Rosa, Marcello La",Marcello,male,0.9996360264682205,True
Improve Performance Management in Flexible Business Processes,"Estrada-Torres, Bedilia",Bedilia,female,0.9996167509052016,True
"Composite, Real-time Validation for Business Process Modelling","Smuts, Martin",Martin,male,0.9998539477569732,True
"Composite, Real-time Validation for Business Process Modelling","Burger, Clayton",Clayton,male,0.9998945022422548,True
"Composite, Real-time Validation for Business Process Modelling","Scholtz, Brenda",Brenda,female,0.9999878658105535,True
A Framework and Tool Support for Managing a Family of Business Process Variants,"Chika Eleonu, Henry",Henry,male,0.9996441999204112,True
Process Mining: Overview and Opportunities,"van der Aalst, Wil",Wil,male,0.9988491702309068,True
Slipstream: architecture options for real-time process analytics,"Janiesch, Christian",Christian,male,0.9993987974523811,True
Slipstream: architecture options for real-time process analytics,"Matzner, Martin",Martin,male,0.9998539477569732,True
Slipstream: architecture options for real-time process analytics,"Müller, Oliver",Oliver,male,0.9999907881390401,True
Slipstream: architecture options for real-time process analytics,"Vollmer, Robert",Robert,male,0.9999776797436909,True
Slipstream: architecture options for real-time process analytics,"Becker, Jörg",Jörg,male,0.9995939947892971,True
Engineering a state monitoring service for real-time patient flow management,"Baarah, Aladdin",Aladdin,male,0.9999274940291942,True
Engineering a state monitoring service for real-time patient flow management,"Peyton, Liam",Liam,male,0.9998655862005859,True
Achieving business agility with WebSphere ILOG JRules and WebSphere BPM,"Koshkina, Maria",Maria,female,0.9999948398304921,True
Achieving business agility with WebSphere ILOG JRules and WebSphere BPM,"Huynh, Kien",Kien,male,0.9971223485365553,True
Achieving business agility with WebSphere ILOG JRules and WebSphere BPM,"Zhao, Ying",Ying,female,0.9976878084537152,True
DMOMVP: A Business-Process-Oriented Data Model Optimization Method Based on Database Vertical Partition,"Wu, Budan",Budan,male,0.9838465107323487,True
DMOMVP: A Business-Process-Oriented Data Model Optimization Method Based on Database Vertical Partition,"Lin, Rongheng",Rongheng,unknown,0.5382268084507629,False
DMOMVP: A Business-Process-Oriented Data Model Optimization Method Based on Database Vertical Partition,"Liu, Ran",Ran,male,0.9908569608720531,True
Supporting user-centric business processes with WADE,"Bergenti, Federico",Federico,male,0.999947511448034,True
Supporting user-centric business processes with WADE,"Caire, Giovanni",Giovanni,male,0.999396045165578,True
Supporting user-centric business processes with WADE,"Gotta, Danilo",Danilo,male,0.9997236714704757,True
Optimizing Business Processes through Parallel Task Execution,"Varvoutas, Konstantinos",Konstantinos,male,0.9999558085455126,True
Optimizing Business Processes through Parallel Task Execution,"Kougka, Georgia",Georgia,female,0.9999481351356873,True
Optimizing Business Processes through Parallel Task Execution,"Gounaris, Anastasios",Anastasios,male,0.9999260027730631,True
Distributed Compliance Monitoring of Business Processes over MapReduce Architectures,"Loreti, Daniela",Daniela,female,0.9999978509319162,True
Distributed Compliance Monitoring of Business Processes over MapReduce Architectures,"Chesani, Federico",Federico,male,0.999947511448034,True
Distributed Compliance Monitoring of Business Processes over MapReduce Architectures,"Ciampolini, Anna",Anna,female,0.9999976672321713,True
Distributed Compliance Monitoring of Business Processes over MapReduce Architectures,"Mello, Paola",Paola,female,0.9999891372513092,True
Integrating sustainability into day-to-day business: a tactical management dashboard for O-LCA,"Büdel, Vera",Vera,female,0.999989641773325,True
Integrating sustainability into day-to-day business: a tactical management dashboard for O-LCA,"Fritsch, Andreas",Andreas,male,0.9999763395171621,True
Integrating sustainability into day-to-day business: a tactical management dashboard for O-LCA,"Oberweis, Andreas",Andreas,male,0.9999763395171621,True
A methodology to support the execution of proficiency tests for software quality assessment,"Dallilo, Felipe Diniz",Felipe,male,0.9992350889370495,True
A methodology to support the execution of proficiency tests for software quality assessment,"Delamaro, Marcio Eduardo",Marcio,male,0.9999151030062827,True
A methodology to support the execution of proficiency tests for software quality assessment,"Souza, Simone Senger",Simone,female,0.9989115818066938,True
BDI-agents for agile goal-oriented business processes,"Burmeister, Birgit",Birgit,female,0.9997177939291074,True
BDI-agents for agile goal-oriented business processes,"Arnold, M.",,unknown,0,False
BDI-agents for agile goal-oriented business processes,"Copaciu, Felicia",Felicia,female,0.9999951620749423,True
BDI-agents for agile goal-oriented business processes,"Rimassa, Giovanni",Giovanni,male,0.999396045165578,True
Security evaluation by arrogance: saving time and money,"Almohri, Hussain M. J.",Hussain,male,0.9999448117068568,True
Security evaluation by arrogance: saving time and money,"Almohri, Sayed A.",Sayed,male,0.9999469195384791,True
An operation framework of educational process management enhanced by information technology: take graduate financial aid management as an example,"Liang, Jingsai",Jingsai,unknown,0.668657912803386,False
An operation framework of educational process management enhanced by information technology: take graduate financial aid management as an example,"Han, Xibin",Xibin,male,0.981635649257305,True
An operation framework of educational process management enhanced by information technology: take graduate financial aid management as an example,"Liu, Yingqun",Yingqun,unknown,0.5558332262647465,False
Towards Aspects Identification in Business Process Through Process Mining,"Brandao, Bruna Christina P.",Bruna,female,0.9999834298473494,True
Towards Aspects Identification in Business Process Through Process Mining,"Santoro, Flavia Maria",Flavia,female,0.9999615517482403,True
Towards Aspects Identification in Business Process Through Process Mining,"Azevedo, Leonardo Guerreiro",Leonardo,male,0.9999184146751624,True
Passage challenges from data-intensive system to knowledge-intensive system related to process mining field,"Lamghari, Zineb",Zineb,female,0.9998311809485392,True
Passage challenges from data-intensive system to knowledge-intensive system related to process mining field,"Radgui, Maryam",Maryam,female,0.9998920168924817,True
Passage challenges from data-intensive system to knowledge-intensive system related to process mining field,"Saidi, Rajaa",Rajaa,female,0.9996716063046318,True
Passage challenges from data-intensive system to knowledge-intensive system related to process mining field,"Rahmani, Moulay Driss",Moulay,male,0.99945555959305,True
A Task of Behaviour Modelling in Execution Context,"Poulin, Michael",Michael,male,0.9999876221560686,True
Performance analysis modeling applied to business processes,"Braghetto, Kelly Rosa",Kelly,female,0.9987832260441922,True
Performance analysis modeling applied to business processes,"Ferreira, João Eduardo",João,male,0.9999597809713936,True
Performance analysis modeling applied to business processes,"Vincent, Jean-Marc",Jean,unknown,0.6637228001271365,False
Towards smart logistics processes: a predictive monitoring and proactive adaptation approach,"Mousheimish, Raef",Raef,male,0.9999947405681093,True
Towards smart logistics processes: a predictive monitoring and proactive adaptation approach,"Taher, Yehia",Yehia,male,0.9944898591545096,True
Towards smart logistics processes: a predictive monitoring and proactive adaptation approach,"Finance, Béatrice",Béatrice,female,0.9987043268570328,True
Monitoring of Business Processes' non Functional Requirements based on Quality of Service,"Borges, Evando Souza",Evando,male,0.9942953706525819,True
Monitoring of Business Processes' non Functional Requirements based on Quality of Service,"Thom, Lucinéia Heloisa",Lucinéia,female,0.9998055404510843,True
Monitoring of Business Processes' non Functional Requirements based on Quality of Service,"Fantinato, Marcelo",Marcelo,male,0.9998735221664624,True
Green business process patterns,"Nowak, Alexander",Alexander,male,0.9999914495946162,True
Green business process patterns,"Leymann, Frank",Frank,male,0.999947578866658,True
Green business process patterns,"Schleicher, Daniel",Daniel,male,0.9999484956264236,True
Green business process patterns,"Schumm, David",David,male,0.9999952928042082,True
Green business process patterns,"Wagner, Sebastian",Sebastian,male,0.9999469726859632,True
Incorporating spatial context into remaining-time predictive process monitoring,"Ogunbiyi, Niyi",Niyi,male,0.9833489509863395,True
Incorporating spatial context into remaining-time predictive process monitoring,"Basukoski, Artie",Artie,unknown,0.6422707299206196,False
Incorporating spatial context into remaining-time predictive process monitoring,"Chaussalet, Thierry",Thierry,male,0.9986107594852149,True
Verification of Hierarchical Artifact Systems,"Deutsch, Alin",Alin,female,0.5246724395973323,False
Verification of Hierarchical Artifact Systems,"Li, Yuliang",Yuliang,male,0.9776814526165708,True
Verification of Hierarchical Artifact Systems,"Vianu, Victor",Victor,male,0.9999862345379419,True
BPMN in Engineering Software Requirements: An Introductory Brief Guide,"Odeh, Yousra",Yousra,female,0.9999805892273861,True
Risk-aware business process modeling: a comparison of discrete event and agent-based approaches,"Sulis, Emilio",Emilio,male,0.9998271675860951,True
Risk-aware business process modeling: a comparison of discrete event and agent-based approaches,"Amantea, Ilaria Angela",Ilaria,female,0.999991246543736,True
Risk-aware business process modeling: a comparison of discrete event and agent-based approaches,"Fornero, Giulio",Giulio,male,0.9999319678528888,True
Making business processes adaptive through semantically enhanced workflow descriptions,"Zeiner, Herwig",Herwig,male,0.9968607165061047,True
Making business processes adaptive through semantically enhanced workflow descriptions,"Halb, Wolfgang",Wolfgang,male,0.9998326674032032,True
Making business processes adaptive through semantically enhanced workflow descriptions,"Lernbeiß, Harald",Harald,male,0.9999263057035207,True
Making business processes adaptive through semantically enhanced workflow descriptions,"Jandl, Bernhard",Bernhard,male,0.9999742564512356,True
Making business processes adaptive through semantically enhanced workflow descriptions,"Derler, Christian",Christian,male,0.9993987974523811,True
Reduction techniques for efficient behavioral model checking in adaptive case management,"Czepa, Christoph",Christoph,male,0.9996583666010818,True
Reduction techniques for efficient behavioral model checking in adaptive case management,"Tran, Huy",Huy,male,0.9999060157211702,True
Reduction techniques for efficient behavioral model checking in adaptive case management,"Zdun, Uwe",Uwe,male,0.9993723681134667,True
Reduction techniques for efficient behavioral model checking in adaptive case management,"Tran, Thanh",Thanh,male,0.9801043135052536,True
Reduction techniques for efficient behavioral model checking in adaptive case management,"Weiss, Erhard",Erhard,male,0.9999903834092392,True
Reduction techniques for efficient behavioral model checking in adaptive case management,"Ruhsam, Christoph",Christoph,male,0.9996583666010818,True
Smart Contract Powered Framework for the Next Generation Industry 4.0 Business Model,"Stefanescu, Denis",Denis,male,0.9965813436278006,True
Smart Contract Powered Framework for the Next Generation Industry 4.0 Business Model,"Montalvillo, Leticia",Leticia,female,0.9999974190188755,True
Smart Contract Powered Framework for the Next Generation Industry 4.0 Business Model,"Urbieta, Aitor",Aitor,male,0.9999538656838859,True
Smart Contract Powered Framework for the Next Generation Industry 4.0 Business Model,"Galán-García, Patxi",Patxi,male,0.9854253838281772,True
Smart Contract Powered Framework for the Next Generation Industry 4.0 Business Model,"Unzilla Galan, Juan Jose",Juan,male,0.9999978969254493,True
Diversity Guided Evolutionary Mining of Hierarchical Process Models,"Molka, Thomas",Thomas,male,0.9999981017477207,True
Diversity Guided Evolutionary Mining of Hierarchical Process Models,"Redlich, David",David,male,0.9999952928042082,True
Diversity Guided Evolutionary Mining of Hierarchical Process Models,"Drobek, Marc",Marc,male,0.9999669556997242,True
Diversity Guided Evolutionary Mining of Hierarchical Process Models,"Zeng, Xiao-Jun",Xiao,unknown,0.7140596202174592,False
Diversity Guided Evolutionary Mining of Hierarchical Process Models,"Gilani, Wasif",Wasif,male,0.9999707412768138,True
Churn Analysis for Constructive Employment Using Machine Learning Classifiers,"Sharma, Pravek",Pravek,male,0.7781711013991938,True
Churn Analysis for Constructive Employment Using Machine Learning Classifiers,"Agarwal, Tushar",Tushar,male,0.9999911782533482,True
Churn Analysis for Constructive Employment Using Machine Learning Classifiers,"Chugh, Aarti",Aarti,female,0.9999853010064207,True
Churn Analysis for Constructive Employment Using Machine Learning Classifiers,"Jain, Charu",Charu,female,0.9977675473048656,True
The Full Intelligent Stakeholder Value Network Model and Its Empirical Results Based on Value Stream in Hospital,"Duan, Qinghong",Qinghong,unknown,0.5530854496338982,False
The Full Intelligent Stakeholder Value Network Model and Its Empirical Results Based on Value Stream in Hospital,"Chai, Huan",Huan,male,0.9833980742948882,True
The Full Intelligent Stakeholder Value Network Model and Its Empirical Results Based on Value Stream in Hospital,"Wu, Tao",Tao,male,0.9969686446299408,True
The Full Intelligent Stakeholder Value Network Model and Its Empirical Results Based on Value Stream in Hospital,"Ouyang, Weiwei",Weiwei,female,0.9841585000191304,True
The Full Intelligent Stakeholder Value Network Model and Its Empirical Results Based on Value Stream in Hospital,"Lei, Ying",Ying,female,0.9976878084537152,True
The Full Intelligent Stakeholder Value Network Model and Its Empirical Results Based on Value Stream in Hospital,"Zhao, Xu",Xu,unknown,0.7337600554549282,False
The Full Intelligent Stakeholder Value Network Model and Its Empirical Results Based on Value Stream in Hospital,"Zhao, Zexin",Zexin,male,0.9754808218571538,True
The Full Intelligent Stakeholder Value Network Model and Its Empirical Results Based on Value Stream in Hospital,"Jin, Yan",Yan,unknown,0.5336648310743305,False
The Full Intelligent Stakeholder Value Network Model and Its Empirical Results Based on Value Stream in Hospital,"Zhou, Zhongfei",Zhongfei,male,0.9075277288321855,True
The Full Intelligent Stakeholder Value Network Model and Its Empirical Results Based on Value Stream in Hospital,"Chen, Jianping",Jianping,unknown,0.57857560259806,False
Challenges in Scholarly Communication and Scientific Publication – Present Scenario and Opportunities through Blockchain Solutions,"Sivakumar, Eashwar",Eashwar,male,0.999607696335895,True
Challenges in Scholarly Communication and Scientific Publication – Present Scenario and Opportunities through Blockchain Solutions,"Chawla, Paras",Paras,male,0.9990902240172946,True
Challenges in Scholarly Communication and Scientific Publication – Present Scenario and Opportunities through Blockchain Solutions,"Ganesan, Geetha",Geetha,female,0.999990305470971,True
Automated team selection and compliance checking in business processes,"Cabanillas, Cristina",Cristina,female,0.9999968566271442,True
Automated team selection and compliance checking in business processes,"Resinas, Manuel",Manuel,male,0.9999796545255559,True
Automated team selection and compliance checking in business processes,"Mendling, Jan",Jan,unknown,0.5504849119650672,False
Automated team selection and compliance checking in business processes,"Ruiz-Cortés, Antonio",Antonio,male,0.9999433950349952,True
Mapping semantically enriched Formal Tropos to business process models,"Decreus, Ken",Ken,male,0.999961489624478,True
Mapping semantically enriched Formal Tropos to business process models,"Poels, Geert",Geert,male,0.9998608924148286,True
Improving Business Process Interoperability by Shared Ledgers,"Cen, Yuanyuan",Yuanyuan,female,0.9922356411989286,True
Improving Business Process Interoperability by Shared Ledgers,"Wang, Hui",Hui,female,0.9846458138641376,True
Improving Business Process Interoperability by Shared Ledgers,"Li, Xuefeng",Xuefeng,male,0.9179898355951132,True
Towards a structure of a pattern language for visualising in business processes,"Blattmeier, Monika",Monika,female,0.999996989457821,True
Patterns for flexible BPMN workflows,"Zimmermann, Birgit",Birgit,female,0.9997177939291074,True
Patterns for flexible BPMN workflows,"Doehring, Markus",Markus,male,0.9999735872978276,True
An Approach to Generate Process-oriented Text from Natural Language,"Ferreira, Renato C.B.",Renato,male,0.9998782738596962,True
An Approach to Generate Process-oriented Text from Natural Language,"Thom, Lucineia H.",Lucineia,female,0.9997929220982892,True
Design Workflows and Algorithm Diagrams Interpretation Method in Software Development,"Nikolaevich Voit, Nikolay",Nikolay,male,0.9999162559793521,True
Design Workflows and Algorithm Diagrams Interpretation Method in Software Development,"Igorevich Bochkov, Semen",Semen,male,0.9880809102749851,True
Design Workflows and Algorithm Diagrams Interpretation Method in Software Development,"Yuryevich Kirillov, Sergey",Sergey,male,0.9999262025407933,True
Design Workflows and Algorithm Diagrams Interpretation Method in Software Development,"Ukhanova, Maria",Maria,female,0.9999948398304921,True
Measuring process flexibility and agility,"Gong, Yiwei",Yiwei,unknown,0.5292285412566516,False
Measuring process flexibility and agility,"Janssen, Marijn",Marijn,unknown,0.6991258488869239,False
Performance evaluation of medical imaging service,"Tavares, E.",,unknown,0,False
Performance evaluation of medical imaging service,"Aleixo, J.",,unknown,0,False
Performance evaluation of medical imaging service,"Maciel, P.",,unknown,0,False
Performance evaluation of medical imaging service,"Oliveira, D.",,unknown,0,False
Performance evaluation of medical imaging service,"Heyde, E.",,unknown,0,False
Performance evaluation of medical imaging service,"Araujo, R.",,unknown,0,False
Performance evaluation of medical imaging service,"Maia, L.",,unknown,0,False
Performance evaluation of medical imaging service,"Duarte, A.",,unknown,0,False
Performance evaluation of medical imaging service,"Novaes, M.",,unknown,0,False
The S-BPM modelling technique as an enabling tool for representation of agency and situation,"Strecker, Florian",Florian,male,0.9999672042878258,True
The S-BPM modelling technique as an enabling tool for representation of agency and situation,"Meyer, Nils",Nils,male,0.999609305827729,True
Monitoring Constraints and Metaconstraints with Temporal Logics on Finite Traces,"De Giacomo, Giuseppe",Giuseppe,male,0.9998656437376092,True
Monitoring Constraints and Metaconstraints with Temporal Logics on Finite Traces,"De Masellis, Riccardo",Riccardo,male,0.9999560019879111,True
Monitoring Constraints and Metaconstraints with Temporal Logics on Finite Traces,"Maggi, Fabrizio Maria",Fabrizio,male,0.9999395873949303,True
Monitoring Constraints and Metaconstraints with Temporal Logics on Finite Traces,"Montali, Marco",Marco,male,0.9998964214527616,True
Towards situational business process modeling support,"Neubauer, Matthias",Matthias,male,0.9999337682187655,True
Empowering business process simulation through automated model transformations,"Bocciarelli, Paolo",Paolo,male,0.9999357526976299,True
Empowering business process simulation through automated model transformations,"D'Ambrogio, Andrea",Andrea,female,0.9990642945711071,True
Empowering business process simulation through automated model transformations,"Giglio, Andrea",Andrea,female,0.9990642945711071,True
Empowering business process simulation through automated model transformations,"Paglia, Emiliano",Emiliano,male,0.9995056193495935,True
Empowering business process simulation through automated model transformations,"Gianni, Daniele",Daniele,female,0.96515816052381,True
Storage System Based on Norm and BPMN mapping Research on Business Process Modeling,"Luo, Ning",Ning,female,0.9810746140370538,True
Storage System Based on Norm and BPMN mapping Research on Business Process Modeling,"Zhao, Jun",Jun,male,0.9972113548054844,True
Identifying Support for Knowledge-Intensive Processes in BPMN and its Extensions,"Nunes, Mariano de Oliveira",Mariano,male,0.9994285303002071,True
Identifying Support for Knowledge-Intensive Processes in BPMN and its Extensions,"Pillat, Raquel Mainardi",Raquel,female,0.9985335531340606,True
Identifying Support for Knowledge-Intensive Processes in BPMN and its Extensions,"Oliveira, Toacy Cavalcante de",Toacy,unknown,0.5605617146958229,False
Towards modeling real-world aware business processes,"Meyer, Sonja",Sonja,female,0.999994519434546,True
Towards modeling real-world aware business processes,"Sperner, Klaus",Klaus,male,0.9999519344977958,True
Towards modeling real-world aware business processes,"Magerkurth, Carsten",Carsten,male,0.9999179788184361,True
Towards modeling real-world aware business processes,"Pasquier, Jacques",Jacques,male,0.9999799945534292,True
Model-driven engineering in practice: integrated performance decision support for process-centric business impact analysis,"Redlich, David",David,male,0.9999952928042082,True
Model-driven engineering in practice: integrated performance decision support for process-centric business impact analysis,"Winkler, Ulrich",Ulrich,male,0.9989625930816818,True
Model-driven engineering in practice: integrated performance decision support for process-centric business impact analysis,"Molka, Thomas",Thomas,male,0.9999981017477207,True
Model-driven engineering in practice: integrated performance decision support for process-centric business impact analysis,"Gilani, Wasif",Wasif,male,0.9999707412768138,True
CoreSec: an ontology of security aplied to the business process of management,"de Azevedo, Ryan Ribeiro",Ryan,male,0.9999724923267826,True
CoreSec: an ontology of security aplied to the business process of management,"Freitas, Fred",Fred,male,0.9999953349528334,True
CoreSec: an ontology of security aplied to the business process of management,"de Almeida, Silas Cardoso",Silas,male,0.9999085102982407,True
CoreSec: an ontology of security aplied to the business process of management,"Almeida, Marcelo José S. C.",Marcelo,male,0.9998735221664624,True
CoreSec: an ontology of security aplied to the business process of management,"de Barros C. Filho, Edson C.",Edson,male,0.999986779292972,True
CoreSec: an ontology of security aplied to the business process of management,"Veras, Wendell Campos",Wendell,male,0.999875484141596,True
Strong non-leak guarantees for workflow models,"Accorsi, Rafael",Rafael,male,0.9999801002723208,True
Strong non-leak guarantees for workflow models,"Wonnemann, Claus",Claus,male,0.9938606674611371,True
A software process line for service-oriented applications,"Garcia, Cleiton",Cleiton,male,0.9908077401264761,True
A software process line for service-oriented applications,"Paludo, Marco",Marco,male,0.9998964214527616,True
A software process line for service-oriented applications,"Malucelli, Andreia",Andreia,female,0.9999890198321232,True
A software process line for service-oriented applications,"Reinehr, Sheila",Sheila,female,0.9999975571907288,True
Toward a Time-centric modeling of Business Processes in BPMN 2.0,"Cheikhrouhou, Saoussen",Saoussen,female,0.9908310959020573,True
Toward a Time-centric modeling of Business Processes in BPMN 2.0,"Kallel, Slim",Slim,male,0.9911499403655679,True
Toward a Time-centric modeling of Business Processes in BPMN 2.0,"Guermouche, Nawal",Nawal,female,0.9953561393814838,True
Toward a Time-centric modeling of Business Processes in BPMN 2.0,"Jmaiel, Mohamed",Mohamed,male,0.9999971268152898,True
Accelerate service integration in your BPM/SOA applications,"Chan, Allen",Allen,male,0.9998909262310021,True
Accelerate service integration in your BPM/SOA applications,"Petrini, Brian",Brian,male,0.999980533484253,True
Accelerate service integration in your BPM/SOA applications,"Chechik, Marsha",Marsha,female,0.9999890897513957,True
Managing large numbers of business processes with cloud workflow systems,"Liu, Xiao",Xiao,unknown,0.7140596202174592,False
Managing large numbers of business processes with cloud workflow systems,"Yang, Yun",Yun,female,0.9855945587294108,True
Managing large numbers of business processes with cloud workflow systems,"Cao, Dahai",Dahai,male,0.9917576541730903,True
Managing large numbers of business processes with cloud workflow systems,"Yuan, Dong",Dong,male,0.9925219904784107,True
Managing large numbers of business processes with cloud workflow systems,"Chen, Jinjun",Jinjun,male,0.9829423374086208,True
Bridging the business-IT divide using BPM: challenges and opportunities,"AbdelRazik, Mohamed",Mohamed,male,0.9999971268152898,True
Bridging the business-IT divide using BPM: challenges and opportunities,"Wong, Janette",Janette,female,0.9999857428542542,True
Bridging the business-IT divide using BPM: challenges and opportunities,"Czarnecki, Krzysztof",Krzysztof,male,0.9999579894277437,True
Bridging the business-IT divide using BPM: challenges and opportunities,"Nigul, Leho",Leho,male,0.9983937522802694,True
Towards a metamodel for supporting decisions in knowledge-intensive processes,"Venero, Sheila Katherine",Sheila,female,0.9999975571907288,True
Towards a metamodel for supporting decisions in knowledge-intensive processes,"Reis, Julio Cesar dos",Julio,male,0.9999149411605313,True
Towards a metamodel for supporting decisions in knowledge-intensive processes,"Montecchi, Leonardo",Leonardo,male,0.9999184146751624,True
Towards a metamodel for supporting decisions in knowledge-intensive processes,"Rubira, Cecília Mary Fischer",Cecília,female,0.999784526136886,True
Supporting adaptive e-Learning: an approach based on open-source learning management systems,"Indzhov, Hristo",Hristo,male,0.9998991955309443,True
Supporting adaptive e-Learning: an approach based on open-source learning management systems,"Zhelyazkova, Polina",Polina,female,0.99999816768299,True
Supporting adaptive e-Learning: an approach based on open-source learning management systems,"Totkov, George",George,male,0.9999684085414767,True
"Faster, Harder? Investigating the Impact of Changing Background Music Speed on Gameplay Performance and Player Experience in an Endless Runner Game","Schabert, German",German,male,0.9999875211844671,True
"Faster, Harder? Investigating the Impact of Changing Background Music Speed on Gameplay Performance and Player Experience in an Endless Runner Game","Schubhan, Marc",Marc,male,0.9999669556997242,True
"Faster, Harder? Investigating the Impact of Changing Background Music Speed on Gameplay Performance and Player Experience in an Endless Runner Game","Schmitz, Michael",Michael,male,0.9999876221560686,True
"Faster, Harder? Investigating the Impact of Changing Background Music Speed on Gameplay Performance and Player Experience in an Endless Runner Game","Altmeyer, Maximilian",Maximilian,male,0.9998238213451786,True
Simulating business processes with EPML.SIM,"Rossi, Davide",Davide,male,0.9995122693716512,True
Simulating business processes with EPML.SIM,"Turrini, Elisa",Elisa,female,0.9999962405105229,True
Simulating business processes with EPML.SIM,"Vitali, Fabio",Fabio,male,0.9999554817772992,True
Public health management facing disaster response: a business process simulation perspective,"Sulis, Emilio",Emilio,male,0.9998271675860951,True
Public health management facing disaster response: a business process simulation perspective,"Di Leva, Antonio",Antonio,male,0.9999433950349952,True
Process design modeling with extended event graphs,"Wagner, Gerd",Gerd,male,0.8598633871655845,True
Declarative workflows to efficiently manage flexible and advanced business processes,"Demeyer, Romain",Romain,male,0.9999642424925583,True
Declarative workflows to efficiently manage flexible and advanced business processes,"Van Assche, Maxime",Maxime,male,0.9869277779613828,True
Declarative workflows to efficiently manage flexible and advanced business processes,"Langevine, Ludovic",Ludovic,male,0.999994349340537,True
Declarative workflows to efficiently manage flexible and advanced business processes,"Vanhoof, Wim",Wim,male,0.9940077677904846,True
Process instance migration: flexible execution of distributed business processes,"Hamann, Kristof",Kristof,male,0.999991346260397,True
Process instance migration: flexible execution of distributed business processes,"Zaplata, Sonja",Sonja,female,0.999994519434546,True
Process instance migration: flexible execution of distributed business processes,"Lamersdorf, Winfried",Winfried,male,0.9999860225464584,True
Enabling flexible processes by ECA orchestration architecture,"Gong, Yiwei",Yiwei,male,0.5292285412566516,False
Enabling flexible processes by ECA orchestration architecture,"Janssen, Marijn",Marijn,unknown,0.6991258488869239,False
Enabling flexible processes by ECA orchestration architecture,"Overbeek, Sietse",Sietse,male,0.9891950499494984,True
Enabling flexible processes by ECA orchestration architecture,"Zuurmond, Arre",Arre,male,0.9220838785071714,True
Business activity management for service networks in cloud environments,"Janiesch, Christian",Christian,male,0.9993987974523811,True
Business activity management for service networks in cloud environments,"Fischer, Robin",Robin,female,0.9831070203571547,True
Business activity management for service networks in cloud environments,"Matzner, Martin",Martin,male,0.9998539477569732,True
Business activity management for service networks in cloud environments,"Müller, Oliver",Oliver,male,0.9999907881390401,True
SOA Reuse: Systematic Literature Review Updating and Research Directions,"Oliveira, Joyce Aline",Joyce,female,0.9998932133443771,True
SOA Reuse: Systematic Literature Review Updating and Research Directions,"Vargas, Matheus",Matheus,male,0.9999472348210907,True
SOA Reuse: Systematic Literature Review Updating and Research Directions,"Rodrigues, Roni",Roni,female,0.8625209930071641,True
The role of editor in collaborative modeling,"Rittgen, Peter",Peter,male,0.9999580684529622,True
Improving business process in semiconductor manufacturing by discovering business rules,"Khemiri, Abdelhak",Abdelhak,male,0.9998297681249757,True
Improving business process in semiconductor manufacturing by discovering business rules,"Hamri, Maamar El Amine",Maamar,male,0.9992216435729123,True
Improving business process in semiconductor manufacturing by discovering business rules,"Frydman, Claudia",Claudia,female,0.9999814071022761,True
Improving business process in semiconductor manufacturing by discovering business rules,"Pinaton, Jacques",Jacques,male,0.9999799945534292,True
Dealing with uncertainty: Robust workflow navigation in the healthcare domain,"Wolf, Hannes",Hannes,male,0.9999500351801358,True
Dealing with uncertainty: Robust workflow navigation in the healthcare domain,"Herrmann, Klaus",Klaus,male,0.9999519344977958,True
Dealing with uncertainty: Robust workflow navigation in the healthcare domain,"Rothermel, Kurt",Kurt,male,0.9999499590383706,True
Conceptual modeling of inter-dependencies between processes and data,"Combi, Carlo",Carlo,male,0.9997840566904899,True
Conceptual modeling of inter-dependencies between processes and data,"Oliboni, Barbara",Barbara,female,0.999979214602181,True
Conceptual modeling of inter-dependencies between processes and data,"Weske, Mathias",Mathias,male,0.999948038650782,True
Conceptual modeling of inter-dependencies between processes and data,"Zerbato, Francesca",Francesca,female,0.9999873243455307,True
Process performance management: illuminating design issues through a systematic problem analysis,"Cleven, Anne",Anne,female,0.9999910090887604,True
Process performance management: illuminating design issues through a systematic problem analysis,"Winter, Robert",Robert,male,0.9999776797436909,True
Process performance management: illuminating design issues through a systematic problem analysis,"Wortmann, Felix",Felix,male,0.9998848338420872,True
"Government Process Integration Using the ""Enterprise Resource Planning"" System","Cherouana, Amina",Amina,female,0.9999975049995746,True
"Government Process Integration Using the ""Enterprise Resource Planning"" System","Mahdaoui, Latifa",Latifa,female,0.9999976514586271,True
Object relational business process repository,"Grigorova, Katalina",Katalina,female,0.999999048291767,True
Object relational business process repository,"Kamenarov, Ivaylo",Ivaylo,male,0.9995801081589338,True
Model-driven development of families of Service-Oriented Architectures,"Asadi, Mohsen",Mohsen,male,0.9999898944899944,True
Model-driven development of families of Service-Oriented Architectures,"Mohabbati, Bardia",Bardia,male,0.9947432020368018,True
Model-driven development of families of Service-Oriented Architectures,"Kaviani, Nima",Nima,unknown,0.7331843419872531,False
Model-driven development of families of Service-Oriented Architectures,"Gašević, Dragan",Dragan,male,0.999987607841517,True
Model-driven development of families of Service-Oriented Architectures,"Bošković, Marko",Marko,male,0.9997997360424177,True
Model-driven development of families of Service-Oriented Architectures,"Hatala, Marek",Marek,male,0.9999483104588682,True
"Automation, control, and analysis of knowledge-intensive processes","Yu, Eric",Eric,male,0.9999798907567824,True
"Automation, control, and analysis of knowledge-intensive processes","Senderovich, Arik",Arik,male,0.9997429292348146,True
"Automation, control, and analysis of knowledge-intensive processes","Reijers, Hajo A.",Hajo,unknown,0.6060434118944652,False
"Automation, control, and analysis of knowledge-intensive processes","Chan, Allen",Allen,male,0.9998909262310021,True
"Automation, control, and analysis of knowledge-intensive processes","Carbajales, Sebastian",Sebastian,male,0.9999469726859632,True
An evaluation of process warehousing approaches for business process analysis,"Shahzad, Khurram",Khurram,male,0.9999693299205058,True
An evaluation of process warehousing approaches for business process analysis,"Johannesson, Paul",Paul,male,0.999990342528266,True
Towards a Framework of Process Owner Competencies and Tasks,"Rudman, Alfred",Alfred,male,0.999993889484819,True
Towards a Framework of Process Owner Competencies and Tasks,"Garbutt, Malcolm",Malcolm,male,0.9998326424670474,True
Towards a Framework of Process Owner Competencies and Tasks,"Seymour, Lisa F.",Lisa,female,0.9999920796870457,True
Inferring state for real-time monitoring of care processes,"Baffoe, Shirley A.",Shirley,female,0.9998547944848402,True
Inferring state for real-time monitoring of care processes,"Baarah, Aladdin",Aladdin,male,0.9999274940291942,True
Inferring state for real-time monitoring of care processes,"Peyton, Liam",Liam,male,0.9998655862005859,True
Service oriented system for business cooperation,"Ionita, Anca Daniela",Anca,female,0.9999475242567216,True
Service oriented system for business cooperation,"Catapano, Alessandra",Alessandra,female,0.9999804788148248,True
Service oriented system for business cooperation,"Giuroiu, Stelian",Stelian,male,0.997072371906818,True
Service oriented system for business cooperation,"Florea, Monica",Monica,female,0.9999945356847385,True
An extended interpretation of process design and modeling,"Jablonski, Stefan",Stefan,male,0.9999831604184807,True
An extended interpretation of process design and modeling,"Meerkamm, Stephanie",Stephanie,female,0.9999579843236666,True
Towards a Repository for the Reuse of Business Process Models from a Requirements Analysis Perspective,"Aouachria, Moufida",Moufida,female,0.9988233269933814,True
Towards a Repository for the Reuse of Business Process Models from a Requirements Analysis Perspective,"Ghomari, Abdessamed Réda",Abdessamed,male,0.9999069397291809,True
Towards a Repository for the Reuse of Business Process Models from a Requirements Analysis Perspective,"Seghir, Rachid",Rachid,male,0.9999913462472123,True
Business Process Fragmentation for Enhancing Process Modeling,"Maalouf, Eliane",Eliane,female,0.9999906972508694,True
Business Process Fragmentation for Enhancing Process Modeling,"Di Zuzio, Marcel",Marcel,male,0.9997303200563393,True
Business Process Fragmentation for Enhancing Process Modeling,"Sokhn, Maria",Maria,female,0.9999948398304921,True
Digital transformation of telecom providers management customer system: a process research and effects assessment,"Silakova, Liubov",Liubov,female,0.9991474914627217,True
Digital transformation of telecom providers management customer system: a process research and effects assessment,"Nikishina, Arina",Arina,female,0.9999889453795958,True
Development of a Flexible Imaging Data Integration Tool for Multicenter Clinical Trials,"Shi, Jingyi",Jingyi,female,0.996037064403839,True
Development of a Flexible Imaging Data Integration Tool for Multicenter Clinical Trials,"Carr, Jeff",Jeff,male,0.9999989819323392,True
Development of a Flexible Imaging Data Integration Tool for Multicenter Clinical Trials,"Ge, Yaorong",Yaorong,male,0.9437782044553159,True
Devs modelling and simulation for healthcare process application for hospital emergency department,"Sbayou, Mariem",Mariem,female,0.9999300014329606,True
Devs modelling and simulation for healthcare process application for hospital emergency department,"Bouanan, Youssef",Youssef,male,0.9999940915074512,True
Devs modelling and simulation for healthcare process application for hospital emergency department,"Zacharewicz, Gregory",Gregory,male,0.9999342996907117,True
Devs modelling and simulation for healthcare process application for hospital emergency department,"Ribault, Judicael",Judicael,male,0.9900818528795888,True
Devs modelling and simulation for healthcare process application for hospital emergency department,"François, Julien",Julien,male,0.9998832693215475,True
Incorporating Multidisciplinary Emerging Areas in CS Curriculum: the Pedagogical Challenges,"Haque, Waqar",Waqar,male,0.9999535162525501,True
"Automation, control, and analysis of knowledge-intensive processes","Yu, Eric",Eric,male,0.9999798907567824,True
"Automation, control, and analysis of knowledge-intensive processes","Senderovich, Arik",Arik,male,0.9997429292348146,True
"Automation, control, and analysis of knowledge-intensive processes","Reijers, Hajo A.",Hajo,unknown,0.6060434118944652,False
"Automation, control, and analysis of knowledge-intensive processes","Chan, Allen",Allen,male,0.9998909262310021,True
"Automation, control, and analysis of knowledge-intensive processes","Carbajales, Sebastian",Sebastian,male,0.9999469726859632,True
Optimal acquisition of input data for decision taking in business processes,"Bazhenova, Ekaterina",Ekaterina,female,0.9999977076002395,True
Optimal acquisition of input data for decision taking in business processes,"Weske, Mathias",Mathias,male,0.999948038650782,True
EUD for enterprise process and information management,"Stoitsev, Todor",Todor,male,0.9999963027530435,True
EUD for enterprise process and information management,"Spahn, Michael",Michael,male,0.9999876221560686,True
EUD for enterprise process and information management,"Scheidl, Stefan",Stefan,male,0.9999831604184807,True
BPM: The Promise and the Challenge: It’s all about closing the loop from conception to execution and back.,"Verner, Laury",Laury,female,0.9987742129304079,True
IoT Data Prefetching in Indoor Navigation SOAs,"Konstantinidis, Andreas",Andreas,male,0.9999763395171621,True
IoT Data Prefetching in Indoor Navigation SOAs,"Irakleous, Panagiotis",Panagiotis,male,0.9999221249138908,True
IoT Data Prefetching in Indoor Navigation SOAs,"Georgiou, Zacharias",Zacharias,male,0.9999449423775959,True
IoT Data Prefetching in Indoor Navigation SOAs,"Zeinalipour-Yazti, Demetrios",Demetrios,male,0.9999740237774264,True
IoT Data Prefetching in Indoor Navigation SOAs,"Chrysanthis, Panos K.",Panos,male,0.999958274709462,True
Agile systems development for the management of service oriented organizations,"Mircea, Marinela",Marinela,female,0.9999987002228896,True
Agile systems development for the management of service oriented organizations,"Andreescu, Anca Ioana",Anca,female,0.9999475242567216,True
On the exploitation of process mining for security audits: the process discovery case,"Accorsi, Rafael",Rafael,male,0.9999801002723208,True
On the exploitation of process mining for security audits: the process discovery case,"Stocker, Thomas",Thomas,male,0.9999981017477207,True
On the exploitation of process mining for security audits: the process discovery case,"Müller, Günter",Günter,male,0.9910187608441391,True
A resource oriented framework for context-aware enterprise applications,"Duggal, Dave",Dave,male,0.9998200183915222,True
A resource oriented framework for context-aware enterprise applications,"Malyk, William",William,male,0.999948625742716,True
A Pattern Language for Workflow Engine Conformance and Performance Benchmarking,"Harrer, Simon",Simon,male,0.9999853866925988,True
A Pattern Language for Workflow Engine Conformance and Performance Benchmarking,"Lenhard, Jörg",Jörg,male,0.9995939947892971,True
A Pattern Language for Workflow Engine Conformance and Performance Benchmarking,"Kopp, Oliver",Oliver,male,0.9999907881390401,True
A Pattern Language for Workflow Engine Conformance and Performance Benchmarking,"Ferme, Vincenzo",Vincenzo,male,0.9998085367289719,True
A Pattern Language for Workflow Engine Conformance and Performance Benchmarking,"Pautasso, Cesare",Cesare,male,0.9996423685346849,True
Towards an Integration System for Artifact-centric Processes,"Abi Assaf, Maroun",Maroun,male,0.9983639772127082,True
Impact of Industry 4.0 on Economic Development and Conditions for its Successful Implementation,"Palkina, Elena",Elena,female,0.9999927696536459,True
Foundations of data-aware process analysis: a database theory perspective,"Calvanese, Diego",Diego,male,0.9999727834593694,True
Foundations of data-aware process analysis: a database theory perspective,"De Giacomo, Giuseppe",Giuseppe,male,0.9998656437376092,True
Foundations of data-aware process analysis: a database theory perspective,"Montali, Marco",Marco,male,0.9998964214527616,True
Local Concurrency Detection in Business Process Event Logs,"Armas-Cervantes, Abel",Abel,male,0.9999931229245255,True
Local Concurrency Detection in Business Process Event Logs,"Dumas, Marlon",Marlon,male,0.9996458113945667,True
Local Concurrency Detection in Business Process Event Logs,"Rosa, Marcello La",Marcello,male,0.9996360264682205,True
Local Concurrency Detection in Business Process Event Logs,"Maaradji, Abderrahmane",Abderrahmane,male,0.9939931992190564,True
Open source workflow management systems for the internal audit process,"de Almeida, Nádia Valls",Nádia,female,0.9996765470558189,True
Open source workflow management systems for the internal audit process,"Trigo, António",António,male,0.9966459700084099,True
Analysis of Profile and Role from Business Analysts in National Context,"Zadra, Viviane Cortese",Viviane,female,0.9999900044935198,True
Analysis of Profile and Role from Business Analysts in National Context,"Porto, Josiane Brietzke",Josiane,female,0.9999789108678945,True
Achieving Business Process Improvement via Ubiquitous Decision-Aware Business Processes,"Yousfi, Alaaeddine",Alaaeddine,male,0.9853574948121171,True
Achieving Business Process Improvement via Ubiquitous Decision-Aware Business Processes,"Batoulis, Kimon",Kimon,male,0.9993025235798617,True
Achieving Business Process Improvement via Ubiquitous Decision-Aware Business Processes,"Weske, Mathias",Mathias,male,0.999948038650782,True
Fine-grained Emotion Role Detection Based on Retweet Information,"Yu, Zhiwen",Zhiwen,male,0.9759762863569037,True
Fine-grained Emotion Role Detection Based on Retweet Information,"Yi, Fei",Fei,unknown,0.524875276973862,False
Fine-grained Emotion Role Detection Based on Retweet Information,"Ma, Chao",Chao,male,0.9987376034463382,True
Fine-grained Emotion Role Detection Based on Retweet Information,"Wang, Zhu",Zhu,unknown,0.735024676955168,False
Fine-grained Emotion Role Detection Based on Retweet Information,"Guo, Bin",Bin,male,0.9912955838328016,True
Fine-grained Emotion Role Detection Based on Retweet Information,"Chen, Liming",Liming,male,0.9737247989886653,True
Latency-Aware Application Module Management for Fog Computing Environments,"Mahmud, Redowan",Redowan,male,0.9998018860184847,True
Latency-Aware Application Module Management for Fog Computing Environments,"Ramamohanarao, Kotagiri",Kotagiri,male,0.8886531098077324,True
Latency-Aware Application Module Management for Fog Computing Environments,"Buyya, Rajkumar",Rajkumar,male,0.9999887507233017,True
An Autonomic Cognitive Pattern for Smart IoT-Based System Manageability: Application to Comorbidity Management,"Mezghani, Emna",Emna,female,0.9999941910763388,True
An Autonomic Cognitive Pattern for Smart IoT-Based System Manageability: Application to Comorbidity Management,"Exposito, Ernesto",Ernesto,male,0.9998480650905026,True
An Autonomic Cognitive Pattern for Smart IoT-Based System Manageability: Application to Comorbidity Management,"Drira, Khalil",Khalil,male,0.9998704540695005,True
Driving knowledge acquisition via metric life-cycle in process intelligence,"Azzini, Antonia",Antonia,female,0.9999709461144286,True
Driving knowledge acquisition via metric life-cycle in process intelligence,"Ceravolo, Paolo",Paolo,male,0.9999357526976299,True
Driving knowledge acquisition via metric life-cycle in process intelligence,"Damiani, Ernesto",Ernesto,male,0.9998480650905026,True
Driving knowledge acquisition via metric life-cycle in process intelligence,"Zavatarelli, Francesco",Francesco,male,0.9999449415190484,True
Driving knowledge acquisition via metric life-cycle in process intelligence,"Vicari, Claudia",Claudia,female,0.9999814071022761,True
Driving knowledge acquisition via metric life-cycle in process intelligence,"Savarino, Vincenzo",Vincenzo,male,0.9998085367289719,True
Business artifacts with guard-stage-milestone lifecycles: managing artifact interactions with conditions and events,"Hull, Richard",Richard,male,0.9999944029565571,True
Business artifacts with guard-stage-milestone lifecycles: managing artifact interactions with conditions and events,"Damaggio, Elio",Elio,male,0.9999283379886147,True
Business artifacts with guard-stage-milestone lifecycles: managing artifact interactions with conditions and events,"De Masellis, Riccardo",Riccardo,male,0.9999560019879111,True
Business artifacts with guard-stage-milestone lifecycles: managing artifact interactions with conditions and events,"Fournier, Fabiana",Fabiana,female,0.9999972654407242,True
Business artifacts with guard-stage-milestone lifecycles: managing artifact interactions with conditions and events,"Gupta, Manmohan",Manmohan,male,0.9997884860913749,True
Business artifacts with guard-stage-milestone lifecycles: managing artifact interactions with conditions and events,"Heath, Fenno Terry",Fenno,male,0.9932661205017383,True
Business artifacts with guard-stage-milestone lifecycles: managing artifact interactions with conditions and events,"Hobson, Stacy",Stacy,female,0.996736456450035,True
Business artifacts with guard-stage-milestone lifecycles: managing artifact interactions with conditions and events,"Linehan, Mark",Mark,male,0.999973238313618,True
Business artifacts with guard-stage-milestone lifecycles: managing artifact interactions with conditions and events,"Maradugu, Sridhar",Sridhar,male,0.9999842428653053,True
Business artifacts with guard-stage-milestone lifecycles: managing artifact interactions with conditions and events,"Nigam, Anil",Anil,male,0.9998140050752149,True
Business artifacts with guard-stage-milestone lifecycles: managing artifact interactions with conditions and events,"Sukaviriya, Piwadee Noi",Piwadee,unknown,0.5799545977321524,False
Business artifacts with guard-stage-milestone lifecycles: managing artifact interactions with conditions and events,"Vaculin, Roman",Roman,male,0.9999958558456321,True
Dynamic temporal constraints in business processes,"Wondoh, John",John,male,0.9999985032120171,True
Dynamic temporal constraints in business processes,"Grossmann, Georg",Georg,male,0.9999050343867972,True
Dynamic temporal constraints in business processes,"Stumptner, Markus",Markus,male,0.9999735872978276,True
Incentive-Based Crowdsourcing of Hotspot Services,"Neiat, Azadeh Ghari",Azadeh,female,0.999837563096912,True
Incentive-Based Crowdsourcing of Hotspot Services,"Bouguettaya, Athman",Athman,male,0.9998837654587392,True
Incentive-Based Crowdsourcing of Hotspot Services,"Mistry, Sajib",Sajib,male,0.9997436393116449,True
A flexible approach for abstracting and personalizing large business process models,"Kolb, Jens",Jens,male,0.9999725010363429,True
A flexible approach for abstracting and personalizing large business process models,"Reichert, Manfred",Manfred,male,0.9999883382145358,True
SENTINEL: a semantic business process monitoring tool,"Pedrinaci, Carlos",Carlos,male,0.9999630239120895,True
SENTINEL: a semantic business process monitoring tool,"Lambert, Dave",Dave,male,0.9998200183915222,True
SENTINEL: a semantic business process monitoring tool,"Wetzstein, Branimir",Branimir,male,0.9999641382823664,True
SENTINEL: a semantic business process monitoring tool,"van Lessen, Tammo",Tammo,male,0.984948567260137,True
SENTINEL: a semantic business process monitoring tool,"Cekov, Luchesar",Luchesar,unknown,0.6827709736731485,False
SENTINEL: a semantic business process monitoring tool,"Dimitrov, Marin",Marin,female,0.8558238590301718,True
Context-Driven and Real-Time Provisioning of Data-Centric IoT Services in the Cloud,"Taherkordi, Amir",Amir,male,0.9998883344052137,True
Context-Driven and Real-Time Provisioning of Data-Centric IoT Services in the Cloud,"Eliassen, Frank",Frank,male,0.999947578866658,True
Context-Driven and Real-Time Provisioning of Data-Centric IoT Services in the Cloud,"Mcdonald, Michael",Michael,male,0.9999876221560686,True
Context-Driven and Real-Time Provisioning of Data-Centric IoT Services in the Cloud,"Horn, Geir",Geir,male,0.9984126011230164,True
Towards mobile process as a service,"Zaplata, Sonja",Sonja,female,0.999994519434546,True
Towards mobile process as a service,"Lamersdorf, Winfried",Winfried,male,0.9999860225464584,True
The story of a working workflow management system,"Brahe, Steen",Steen,male,0.9997312383010676,True
The story of a working workflow management system,"Schmidt, Kjeld",Kjeld,male,0.9993153005791751,True
Measuring Performance in Knowledge-intensive Processes,"Estrada-Torres, Bedilia",Bedilia,female,0.9996167509052016,True
Measuring Performance in Knowledge-intensive Processes,"Richetti, Pedro Henrique Piccoli",Pedro,male,0.9999821167297533,True
Measuring Performance in Knowledge-intensive Processes,"Del-Río-Ortega, Adela",Adela,female,0.999990800859609,True
Measuring Performance in Knowledge-intensive Processes,"Baião, Fernanda Araujo",Fernanda,female,0.9999823446075592,True
Measuring Performance in Knowledge-intensive Processes,"Resinas, Manuel",Manuel,male,0.9999796545255559,True
Measuring Performance in Knowledge-intensive Processes,"Santoro, Flávia Maria",Flávia,female,0.9980152096934121,True
Measuring Performance in Knowledge-intensive Processes,"Ruiz-Cortés, Antonio",Antonio,male,0.9999433950349952,True
