Job construals – Conceptualizing and measuring process participants’ perception of process embeddedness,"Kettenbohrer, Janina",Janina,female,0.9999974412154872,True
Job construals – Conceptualizing and measuring process participants’ perception of process embeddedness,"Beimborn, Daniel",Daniel,male,0.9999484956264236,True
Job construals – Conceptualizing and measuring process participants’ perception of process embeddedness,"Siebert, Ina",Ina,female,0.9999955047625694,True
Towards a typology of business process management professionals: identifying patterns of competences through latent semantic analysis,"Müller, Oliver",Oliver,male,0.9999907881390401,True
Towards a typology of business process management professionals: identifying patterns of competences through latent semantic analysis,"Schmiedel, Theresa",Theresa,female,0.9999840684840471,True
Towards a typology of business process management professionals: identifying patterns of competences through latent semantic analysis,"Gorbacheva, Elena",Elena,female,0.9999927696536459,True
Towards a typology of business process management professionals: identifying patterns of competences through latent semantic analysis,"vom Brocke, Jan",Jan,unknown,0.5504849119650672,False
Towards dynamic business process management: Adapting processes via cloud-based adaptation processes,"Oberhauser, Roy",Roy,male,0.9999319550277614,True
Learning path specification for workplace learning based on business process management,"Subramanian, Venkatapathy",Venkatapathy,female,0.52525757969461,False
Learning path specification for workplace learning based on business process management,"Bertolino, Antonia",Antonia,female,0.9999709461144286,True
Elasticity of the business process execution. Application to Bonita BPM; [Élasticité de l'exécution des processus métiers Application à BonitaBPM],"Rosinosky, Guillaume",Guillaume,male,0.9995033457648226,True
Towards RAM-based variant generation of business process models,"Tealeb, Ahmed",Ahmed,male,0.9999977341795334,True
Towards RAM-based variant generation of business process models,"Awad, Ahmed",Ahmed,male,0.9999977341795334,True
Towards RAM-based variant generation of business process models,"Galal-Edeen, Galal",Galal,male,0.9924488666325432,True
Batch processing across multiple business processes based on object life cycles,"Pufahl, Luise",Luise,female,0.9998936197750643,True
Batch processing across multiple business processes based on object life cycles,"Weske, Mathias",Mathias,male,0.999948038650782,True
Towards ontology-based anti-patterns for the verification of business process behavior,"Roa, Jorge",Jorge,male,0.9999507614101812,True
Towards ontology-based anti-patterns for the verification of business process behavior,"Reynares, Emiliano",Emiliano,male,0.9995056193495935,True
Towards ontology-based anti-patterns for the verification of business process behavior,"Caliusco, María Laura",María,female,0.9998408731018508,True
Towards ontology-based anti-patterns for the verification of business process behavior,"Villarreal, Pablo",Pablo,male,0.9999522824750242,True
Towards a methodology for the engineering of event-driven process applications,"Baumgraß, Anne",Anne,female,0.9999910090887604,True
Towards a methodology for the engineering of event-driven process applications,"Botezatu, Mirela",Mirela,female,0.9999968855060476,True
Towards a methodology for the engineering of event-driven process applications,"Di Ciccio, Claudio",Claudio,male,0.9999607633184376,True
Towards a methodology for the engineering of event-driven process applications,"Dijkman, Remco",Remco,male,0.999418503534345,True
Towards a methodology for the engineering of event-driven process applications,"Grefen, Paul",Paul,male,0.999990342528266,True
Towards a methodology for the engineering of event-driven process applications,"Hewelt, Marcin",Marcin,male,0.999854736332431,True
Towards a methodology for the engineering of event-driven process applications,"Mendling, Jan",Jan,unknown,0.5504849119650672,False
Towards a methodology for the engineering of event-driven process applications,"Meyer, Andreas",Andreas,male,0.9999763395171621,True
Towards a methodology for the engineering of event-driven process applications,"Pourmirza, Shaya",Shaya,unknown,0.5256590966265645,False
Towards a methodology for the engineering of event-driven process applications,"Völzer, Hagen",Hagen,male,0.9993113223299143,True
An agile approach to improve process-oriented software development,"Herden, Adriana",Adriana,female,0.9999969905972506,True
An agile approach to improve process-oriented software development,"Farias, Pedro Porfirio Muniz",Pedro,male,0.9999821167297533,True
An agile approach to improve process-oriented software development,"Albuquerque, Adriano Bessa",Adriano,male,0.9997230892960969,True
"Expressing pre-, post-conditions, attributes and business constraints in artifact-centric business processes using object role modeling","Quân, Nguyen-Le",Nguyen,male,0.7300599410539637,False
"Expressing pre-, post-conditions, attributes and business constraints in artifact-centric business processes using object role modeling","Lê, Lam-Son",Lam,male,0.9880688424662691,True
Potentials of image mining for business process management,"Schmidt, Rainer",Rainer,male,0.9999264596357705,True
Potentials of image mining for business process management,"Möhring, Michael",Michael,male,0.9999876221560686,True
Potentials of image mining for business process management,"Zimmermann, Alfred",Alfred,male,0.999993889484819,True
Potentials of image mining for business process management,"Härting, Ralf-Christian",Ralf,male,0.9999738177966511,True
Potentials of image mining for business process management,"Keller, Barbara",Barbara,female,0.999979214602181,True
Proactive learning from SLA violation in cloud service based application,"Meskini, Ameni",Ameni,female,0.9937779754802933,True
Proactive learning from SLA violation in cloud service based application,"Taher, Yehia",Yehia,male,0.9944898591545096,True
Proactive learning from SLA violation in cloud service based application,"El Gammal, Amal",Amal,female,0.9850188491302879,True
Proactive learning from SLA violation in cloud service based application,"Finance, Béatrice",Béatrice,female,0.9987043268570328,True
Proactive learning from SLA violation in cloud service based application,"Slimani, Yahya",Yahya,male,0.992882778685688,True
Towards rigid actor assignment in dynamic workflows,"Illibauer, Christa",Christa,female,0.9999982398918826,True
Towards rigid actor assignment in dynamic workflows,"Ziebermayr, Thomas",Thomas,male,0.9999981017477207,True
Towards rigid actor assignment in dynamic workflows,"Geist, Verena",Verena,female,0.999996786682216,True
Potential benefits of using social software in ERP-based business process management,"Brehm, Lars",Lars,male,0.9998276630707326,True
Potential benefits of using social software in ERP-based business process management,"Schmidt, Rainer",Rainer,male,0.9999264596357705,True
Semantic application for the internationalization audit of higher education institutions,"Ternai, Katalin",Katalin,female,0.999942475190427,True
Semantic application for the internationalization audit of higher education institutions,"Szabó, Ildikó",Ildikó,female,0.9952623941029717,True
A new framework for cloud business process management,"Watfa, Mohamed K.",Mohamed,male,0.9999971268152898,True
A new framework for cloud business process management,"Najjar, Nafez A. L.",Nafez,male,0.9940207913199671,True
A new framework for cloud business process management,"Cheikha, Jad",Jad,male,0.9999879977984674,True
A new framework for cloud business process management,"Buali, Nayef",Nayef,male,0.9999337263286873,True
Evaluating the reliability of ambient-assisted living business processes,"Martinho, Ricardo",Ricardo,male,0.99996029299145,True
Evaluating the reliability of ambient-assisted living business processes,"Domingos, Dulce",Dulce,female,0.9999686490158941,True
Evaluating the reliability of ambient-assisted living business processes,"Respício, Ana",Ana,female,0.9999965937600829,True
A process based methodology to evaluate the use of PLM tools in the product design,"Corallo, Angelo",Angelo,male,0.9998562882400411,True
A process based methodology to evaluate the use of PLM tools in the product design,"Lazoi, Mariangela",Mariangela,female,0.9999987265027869,True
A process based methodology to evaluate the use of PLM tools in the product design,"Margarito, Antonio",Antonio,male,0.9999433950349952,True
Embracing process compliance and flexibility through behavioral consistency checking in ACM: A repair service management case,"Kim, Thanh Tran Thi",Thanh,male,0.9801043135052536,True
Embracing process compliance and flexibility through behavioral consistency checking in ACM: A repair service management case,"Weiss, Erhard",Erhard,male,0.9999903834092392,True
Embracing process compliance and flexibility through behavioral consistency checking in ACM: A repair service management case,"Ruhsam, Christoph",Christoph,male,0.9996583666010818,True
Embracing process compliance and flexibility through behavioral consistency checking in ACM: A repair service management case,"Czepa, Christoph",Christoph,male,0.9996583666010818,True
Embracing process compliance and flexibility through behavioral consistency checking in ACM: A repair service management case,"Tran, Huy",Huy,male,0.9999060157211702,True
Embracing process compliance and flexibility through behavioral consistency checking in ACM: A repair service management case,"Zdun, Uwe",Uwe,male,0.9993723681134667,True
Pattern-based engineering of systems-of-systems for process execution support,"Fleischmann, Albert",Albert,male,0.9999213683449588,True
Pattern-based engineering of systems-of-systems for process execution support,"Schmidt, Werner",Werner,male,0.9999697709027106,True
Pattern-based engineering of systems-of-systems for process execution support,"Stary, Christian",Christian,male,0.9993987974523811,True
Pattern-based engineering of systems-of-systems for process execution support,"Fichtenbauer, Christian",Christian,male,0.9993987974523811,True
Agent-based semantic business process management methodology,"Kir, Hüseyin",Hüseyin,male,0.9950005888482928,True
Agent-based semantic business process management methodology,"Erdoğan, Nadia",Nadia,female,0.9999924993899152,True
Cognitive efforts in using integrated models of business processes and rules,"Wang, Wei",Wei,male,0.8353828445774668,True
Cognitive efforts in using integrated models of business processes and rules,"Indulska, Marta",Marta,female,0.9999974882383316,True
Cognitive efforts in using integrated models of business processes and rules,"Sadiq, Shazia",Shazia,female,0.9999923830404177,True
Unified compliance modeling and management using compliance descriptors,"Koetter, Falko",Falko,male,0.9938941136601905,True
Unified compliance modeling and management using compliance descriptors,"Kintz, Maximilien",Maximilien,male,0.9997534500075188,True
Unified compliance modeling and management using compliance descriptors,"Kochanowski, Monika",Monika,female,0.999996989457821,True
Unified compliance modeling and management using compliance descriptors,"Fehling, Christoph",Christoph,male,0.9996583666010818,True
Unified compliance modeling and management using compliance descriptors,"Gildein, Philipp",Philipp,male,0.9999372005997167,True
Unified compliance modeling and management using compliance descriptors,"Leymann, Frank",Frank,male,0.999947578866658,True
Unified compliance modeling and management using compliance descriptors,"Weisbecker, Anette",Anette,female,0.9999912143384062,True
Business collaboration – an approach towards end-to-end ICT solutions for virtual factory,"Shamsuzzoha, Ahm",Ahm,male,0.9926063328855089,True
Business collaboration – an approach towards end-to-end ICT solutions for virtual factory,"Helo, Petri",Petri,male,0.9436160024500793,True
WebBPMN: A language to design web applications regulated by workflows,"Cognini, Riccardo",Riccardo,male,0.9999560019879111,True
WebBPMN: A language to design web applications regulated by workflows,"Marani, Michelangelo",Michelangelo,male,0.9998976375669262,True
WebBPMN: A language to design web applications regulated by workflows,"Polzonetti, Alberto",Alberto,male,0.9998864566720463,True
WebBPMN: A language to design web applications regulated by workflows,"Re, Barbara",Barbara,female,0.999979214602181,True
Modelling the process of process execution: A process model-driven approach to customising user interfaces for business process support systems,"Kannengiesser, Udo",Udo,male,0.9993990197381508,True
Modelling the process of process execution: A process model-driven approach to customising user interfaces for business process support systems,"Heininger, Richard",Richard,male,0.9999944029565571,True
Modelling the process of process execution: A process model-driven approach to customising user interfaces for business process support systems,"Gründer, Tobias",Tobias,male,0.9999755650213412,True
Modelling the process of process execution: A process model-driven approach to customising user interfaces for business process support systems,"Schedl, Stefan",Stefan,male,0.9999831604184807,True
Elastic manufacturing process landscapes,"Skarlat, Olena",Olena,female,0.9999963137368277,True
Digital service platform for networked enterprises collaboration: A case study of the NEMESYS project,"Bellini, Francesco",Francesco,male,0.9999449415190484,True
Digital service platform for networked enterprises collaboration: A case study of the NEMESYS project,"D’Ascenzo, Fabrizio",Fabrizio,male,0.9999395873949303,True
Digital service platform for networked enterprises collaboration: A case study of the NEMESYS project,"Dulskaia, Iana",Iana,female,0.9999978364074467,True
Digital service platform for networked enterprises collaboration: A case study of the NEMESYS project,"Savastano, Marco",Marco,male,0.9998964214527616,True
Integration of risk aspects into business process modeling,"Anton, Tobias",Tobias,male,0.9999755650213412,True
Integration of risk aspects into business process modeling,"Lackes, Richard",Richard,male,0.9999944029565571,True
Integration of risk aspects into business process modeling,"Siepermann, Markus",Markus,male,0.9999735872978276,True
Process mining monitoring for map reduce applications in the cloud,"Chesani, Federico",Federico,male,0.999947511448034,True
Process mining monitoring for map reduce applications in the cloud,"Ciampolini, Anna",Anna,female,0.9999976672321713,True
Process mining monitoring for map reduce applications in the cloud,"Loreti, Daniela",Daniela,female,0.9999978509319162,True
Process mining monitoring for map reduce applications in the cloud,"Mello, Paola",Paola,female,0.9999891372513092,True
Data-aware service choreographies through transparent data exchange,"Hahn, Michael",Michael,male,0.9999876221560686,True
Data-aware service choreographies through transparent data exchange,"Karastoyanova, Dimka",Dimka,male,0.8876209879608038,True
Data-aware service choreographies through transparent data exchange,"Leymann, Frank",Frank,male,0.999947578866658,True
Hybrid business process modeling for the optimization of outcome data,"Parody, Luisa",Luisa,female,0.9999960147175538,True
Hybrid business process modeling for the optimization of outcome data,"Gómez-López, María Teresa",María,female,0.9998408731018508,True
Hybrid business process modeling for the optimization of outcome data,"Gasca, Rafael M.",Rafael,male,0.9999801002723208,True
A framework for recommending resource allocation based on process mining,"Arias, Michael",Michael,male,0.9999876221560686,True
A framework for recommending resource allocation based on process mining,"Rojas, Eric",Eric,male,0.9999798907567824,True
A framework for recommending resource allocation based on process mining,"Munoz-Gama, Jorge",Jorge,male,0.9999507614101812,True
A framework for recommending resource allocation based on process mining,"Sepúlveda, Marcos",Marcos,male,0.9999676793806923,True
Modelling business process variants using graph transformation rules,"Natschläger, Christine",Christine,female,0.9999938686823988,True
Modelling business process variants using graph transformation rules,"Geist, Verena",Verena,female,0.999996786682216,True
Modelling business process variants using graph transformation rules,"Illibauer, Christa",Christa,female,0.9999982398918826,True
Modelling business process variants using graph transformation rules,"Hutter, Robert",Robert,male,0.9999776797436909,True
To integrate or not to integrate - The business rules question,"Wang, Wei",Wei,male,0.8353828445774668,True
To integrate or not to integrate - The business rules question,"Indulska, Marta",Marta,female,0.9999974882383316,True
To integrate or not to integrate - The business rules question,"Sadiq, Shazia",Shazia,female,0.9999923830404177,True
Towards a common data framework for analytical environments,"Santos, Maribel Yasmina",Maribel,female,0.9998380167354034,True
Towards a common data framework for analytical environments,"E Sá, Jorge Oliveira",Jorge,male,0.9999507614101812,True
Towards a common data framework for analytical environments,"Andrade, Carina",Carina,female,0.9999987874599865,True
A case modelling language for process variant management in case-based reasoning,"Cognini, Riccardo",Riccardo,male,0.9999560019879111,True
A case modelling language for process variant management in case-based reasoning,"Hinkelmann, Knut",Knut,male,0.9999243739652264,True
A case modelling language for process variant management in case-based reasoning,"Martin, Andreas",Andreas,male,0.9999763395171621,True
Business process improvement: A process warehouse based resource management method,"Sohail, Abid",Abid,male,0.9999930830489452,True
Business process improvement: A process warehouse based resource management method,"Dominic, P.D.D.",P.D.D.,male,0.7046717600622775,False
Business process as a service (BPaaS): The BPaaS design environment,"Woitsch, Robert",Robert,male,0.9999776797436909,True
Business process as a service (BPaaS): The BPaaS design environment,"Hinkelmann, Knut",Knut,male,0.9999243739652264,True
Business process as a service (BPaaS): The BPaaS design environment,"Ferrer, Ana Maria Juan",Ana,female,0.9999965937600829,True
Business process as a service (BPaaS): The BPaaS design environment,"Yuste, Joaquin Iranzo",Joaquin,male,0.9999895083990977,True
Simulation of BPMN process models: Current BPM tools capabilities,"Pereira, José Luís",José,male,0.9960913709996708,True
Simulation of BPMN process models: Current BPM tools capabilities,"Freitas, António Paulo",António,male,0.9966459700084099,True
Applying case management principles to support analytics process management,"Heath, Fenno F.",Fenno,male,0.9932661205017383,True
Applying case management principles to support analytics process management,"Hull, Richard",Richard,male,0.9999944029565571,True
Applying case management principles to support analytics process management,"Oppenheim, Daniel",Daniel,male,0.9999484956264236,True
The process of process management: Enabling high performance in a digital world,"Kirchmer, Mathias",Mathias,male,0.999948038650782,True
On energy efficiency of BPM enactment in the cloud,"Skarlat, Olena",Olena,female,0.9999963137368277,True
On energy efficiency of BPM enactment in the cloud,"Hoenisch, Philipp",Philipp,male,0.9999372005997167,True
On energy efficiency of BPM enactment in the cloud,"Dustdar, Schahram",Schahram,unknown,0.7299774829155605,False
Business process modeling languages: A comparative framework,"Pereira, José Luís",José,male,0.9960913709996708,True
Business process modeling languages: A comparative framework,"Silva, Diogo",Diogo,male,0.9999835245889825,True
Towards a common understanding of business process instance data,"Moghadam, Nima",Nima,male,0.7331843419872531,False
Towards a common understanding of business process instance data,"Paik, Hye-Young",Hye,female,0.999378251992488,True
An experience on applying process mining techniques to the tuscan port community system,"Spagnolo, Giorgio O.",Giorgio,male,0.9999809713075973,True
An experience on applying process mining techniques to the tuscan port community system,"Marchetti, Eda",Eda,female,0.9999891346427413,True
An experience on applying process mining techniques to the tuscan port community system,"Coco, Alessandro",Alessandro,male,0.9999636677574057,True
An experience on applying process mining techniques to the tuscan port community system,"Scarpellini, Paolo",Paolo,male,0.9999357526976299,True
An experience on applying process mining techniques to the tuscan port community system,"Querci, Antonella",Antonella,female,0.9999976482666009,True
An experience on applying process mining techniques to the tuscan port community system,"Fabbrini, Fabrizio",Fabrizio,male,0.9999395873949303,True
An experience on applying process mining techniques to the tuscan port community system,"Gnesi, Stefania",Stefania,female,0.9999845994479034,True
ConFlex - An ontology-based approach for the flexible integration of controls into business processes,"Seyffarth, Tobias",Tobias,male,0.9999755650213412,True
ConFlex - An ontology-based approach for the flexible integration of controls into business processes,"Kühnel, Stephan",Stephan,male,0.9999887311827451,True
ConFlex - An ontology-based approach for the flexible integration of controls into business processes,"Sackmann, Stefan",Stefan,male,0.9999831604184807,True
A procedural approach for evaluating the performance of business processes,"Mendes, Thiago",Thiago,male,0.9999637415449134,True
A procedural approach for evaluating the performance of business processes,"Santos, Simone",Simone,female,0.9989115818066938,True
Social-data driven sales processes in local clothing retail stores,"Keller, Barbara",Barbara,female,0.999979214602181,True
Social-data driven sales processes in local clothing retail stores,"Schmidt, Rainer",Rainer,male,0.9999264596357705,True
Social-data driven sales processes in local clothing retail stores,"Möhring, Michael",Michael,male,0.9999876221560686,True
Social-data driven sales processes in local clothing retail stores,"Härting, Ralf-Christian",Ralf,male,0.9999738177966511,True
Social-data driven sales processes in local clothing retail stores,"Zimmermann, Alfred",Alfred,male,0.999993889484819,True
Towards ontology guided translation of activity-centric processes to GSM,"Köpke, Julius",Julius,male,0.9999231781568044,True
Towards ontology guided translation of activity-centric processes to GSM,"Su, Jianwen",Jianwen,male,0.8837649764597039,True
A general framework for predictive business process monitoring,"Verenich, Ilya",Ilya,male,0.9838110709953211,True
From scientific process management to process science: Towards an empirical research agenda for business process management,"Mendling, Jan",Jan,unknown,0.5504849119650672,False
Extending generic BPM with computer vision capabilities,"Mos, Adrian",Adrian,male,0.998830188234461,True
Extending generic BPM with computer vision capabilities,"Gaidon, Adrien",Adrien,male,0.9885798621755554,True
Extending generic BPM with computer vision capabilities,"Vig, Eleonora",Eleonora,female,0.999982119805137,True
Design time validation for the correct execution of BPMN collaborations,"Anseeuw, Jonas",Jonas,male,0.9999883877686782,True
Design time validation for the correct execution of BPMN collaborations,"Van Seghbroeck, Gregory",Gregory,male,0.9999342996907117,True
Design time validation for the correct execution of BPMN collaborations,"Volckaert, Bruno",Bruno,male,0.9999652389475681,True
Design time validation for the correct execution of BPMN collaborations,"De Turck, Filip",Filip,male,0.999770923163568,True
Integrating activity- and goal-based workflows: A data model based design method,"Silva, António Rito",António,male,0.9966459700084099,True
Integrating activity- and goal-based workflows: A data model based design method,"García-Díaz, Vicente",Vicente,male,0.998018688648721,True
Using classification method for querying the relevant process models,"Wang, Jiaxing",Jiaxing,unknown,0.7293637233250325,False
Using classification method for querying the relevant process models,"Gao, Sibin",Sibin,male,0.9905062236782681,True
Using classification method for querying the relevant process models,"Peng, Hongjie",Hongjie,male,0.9735655852219403,True
Using classification method for querying the relevant process models,"Cao, Bin",Bin,male,0.9912955838328016,True
Using classification method for querying the relevant process models,"Fan, Jing",Jing,female,0.990305236721775,True
A hypermedia middleware for process enactment and adaptation,"Oberhauser, Roy",Roy,male,0.9999319550277614,True
Evolution of distributed monitoring for scalable business process management in cloud-based databases,"Kikuchi, Shinji",Shinji,male,0.9951767257595686,True
Evolution of distributed monitoring for scalable business process management in cloud-based databases,"Bhalla, Subhash",Subhash,male,0.9997875701381961,True
Research on the optimization of mini-enterprise business process management,"Wang, Long",Long,male,0.9929877184878725,True
Research on the optimization of mini-enterprise business process management,"Liu, Weining",Weining,male,0.7192162671872053,False
Research on the optimization of mini-enterprise business process management,"Wang, Zhe",Zhe,male,0.9817277068458309,True
Data inaccuracy-aware design of business processes,"Evron, Yotam",Yotam,male,0.9999473077413905,True
Technological implications in the development and modelling of the intellectual capital,"Gogan, L.M.",L.M.,male,0.8360306001299694,True
Technological implications in the development and modelling of the intellectual capital,"Draghici, A.",,unknown,0,False
Technological implications in the development and modelling of the intellectual capital,"Ivascu, L.",,unknown,0,False
Data aware business process models: A framework for the analysis and verification of properties,"Dell’Aversana, Raffaele",Raffaele,male,0.9994192029161726,True
Natural language processing for risk identification in business process repositories,"Wasser, Avi",Avi,male,0.9887211397722614,True
Natural language processing for risk identification in business process repositories,"Lincoln, Maya",Maya,female,0.9999863421590888,True
3D printing process pipeline on the Internet,"Baumann, Felix",Felix,male,0.9998848338420872,True
3D printing process pipeline on the Internet,"Roller, Dieter",Dieter,male,0.9999629369688875,True
Liveness and reachability analysis of BPMN process models,"Rachdi, Anass",Anass,male,0.9993954591863354,True
Liveness and reachability analysis of BPMN process models,"En-Nouaary, Abdeslam",Abdeslam,male,0.9995800018256982,True
Liveness and reachability analysis of BPMN process models,"Dahchour, Mohamed",Mohamed,male,0.9999971268152898,True
Business process composition based on meta models,"Sarno, Riyanarto",Riyanarto,unknown,0.5283243191216946,False
Business process composition based on meta models,"Pamungkas, Endang Wahyu",Endang,female,0.9964562738773498,True
Business process composition based on meta models,"Sunaryono, Dwi",Dwi,female,0.9734726418201639,True
Business process composition based on meta models,Sarwosri,Sarwosri,male,0.5245261333787659,False
Business process management and supply chain collaboration: a critical comparison,"Pradabwong, Jiraporn",Jiraporn,female,0.9863282092019122,True
Business process management and supply chain collaboration: a critical comparison,"Braziotis, Christos",Christos,male,0.9999396981478821,True
Business process management and supply chain collaboration: a critical comparison,"Pawar, Kulwant S.",Kulwant,male,0.9016104647599011,True
Business process management and supply chain collaboration: a critical comparison,"Tannock, James",James,male,0.9999966559619894,True
Self-managed component-based software architecture for business process management,"Debbabi, Bassem",Bassem,male,0.9999699278082508,True
Self-managed component-based software architecture for business process management,"Calmant, Thomas",Thomas,male,0.9999981017477207,True
Self-managed component-based software architecture for business process management,"Gattaz, Olivier",Olivier,male,0.9998287181379905,True
Self-managed component-based software architecture for business process management,"Massonnat, Sandra",Sandra,female,0.999979542732284,True
Self-managed component-based software architecture for business process management,"Emin, Patrick",Patrick,male,0.9999373211096793,True
The research of system wide information management based on SOA,"Wang, Zhongbo",Zhongbo,male,0.9843464944759511,True
The research of system wide information management based on SOA,"Luo, Xiling",Xiling,female,0.7125460038780125,False
The research of system wide information management based on SOA,"Zhao, Milong",Milong,female,0.5330771113222349,False
The research of system wide information management based on SOA,"Qi, Ming",Ming,unknown,0.5866865921981015,False
Collaborative enterprise applications based on business and social artifacts,"Maamar, Zakaria",Zakaria,male,0.9847095380844968,True
Collaborative enterprise applications based on business and social artifacts,"Burégio, Vanilson",Vanilson,male,0.9940599462802722,True
Collaborative enterprise applications based on business and social artifacts,"Sellami, Mohamed",Mohamed,male,0.9999971268152898,True
An innovation model in curriculum design for teaching engineering at universidad EAFIT,"Zea, Claudia M.",Claudia,female,0.9999814071022761,True
An innovation model in curriculum design for teaching engineering at universidad EAFIT,"Rodriguez, Alberto",Alberto,male,0.9998864566720463,True
An innovation model in curriculum design for teaching engineering at universidad EAFIT,"Bueno, Natalia A.",Natalia,female,0.999997044243537,True
Model-Driven Development and Business Process Modeling Applied to Personal Productivity in the Consumer Mobile App Market,"Bancora, Max",Max,male,0.9999943791406495,True
Model-Driven Development and Business Process Modeling Applied to Personal Productivity in the Consumer Mobile App Market,"Ripamonti, Davide",Davide,male,0.9995122693716512,True
Model-Driven Development and Business Process Modeling Applied to Personal Productivity in the Consumer Mobile App Market,"Vaccarella, Andrea",Andrea,female,0.9990642945711071,True
Model-Driven Development and Business Process Modeling Applied to Personal Productivity in the Consumer Mobile App Market,"Brambilla, Marco",Marco,male,0.9998964214527616,True
Towards a change-aware process environment for system and software process,"Hajmoosaei, Mojtaba",Mojtaba,male,0.9879105262227434,True
Towards a change-aware process environment for system and software process,"Tran, Hanh Nhi",Hanh,female,0.9980197341321809,True
Towards a change-aware process environment for system and software process,"Percebois, Christian",Christian,male,0.9993987974523811,True
Towards a change-aware process environment for system and software process,"Front, Agnes",Agnes,female,0.9996094304167977,True
Towards a change-aware process environment for system and software process,"Roncancio, Claudia",Claudia,female,0.9999814071022761,True
Business process management as the “Killer App” for Petri nets,"van der Aalst, W.M.P.",W.M.P.,male,0.7372678901195386,False
Research and design of frequency synthesizer for BPM timing simulator,"Yang, Chaozhong",Chaozhong,male,0.5399530675267276,False
Research and design of frequency synthesizer for BPM timing simulator,"Wang, Yulin",Yulin,female,0.5901385901610308,False
Research and design of frequency synthesizer for BPM timing simulator,"Hua, Yu",Yu,female,0.8656251027956705,True
Research and design of frequency synthesizer for BPM timing simulator,"Hu, Zhaopeng",Zhaopeng,male,0.9754552949090796,True
Research and design of frequency synthesizer for BPM timing simulator,"Gao, Yuanyuan",Yuanyuan,female,0.9922356411989286,True
Business Process Maturity Assessment: State of the Art and Key Characteristics,"Tarhan, Ayca",Ayca,female,0.9999913235317374,True
Business Process Maturity Assessment: State of the Art and Key Characteristics,"Turetken, Oktay",Oktay,male,0.9999202279726761,True
Business Process Maturity Assessment: State of the Art and Key Characteristics,"Ilisulu, Fadime",Fadime,female,0.9988077722630293,True
Integrated GIS-based logistics process monitoring framework with convenient work processing environment for smart logistics,"Yu, Yeong-Woong",Yeong,male,0.8694036399098592,True
Integrated GIS-based logistics process monitoring framework with convenient work processing environment for smart logistics,"Jung, Hoon",Hoon,male,0.9895182799137844,True
Integrated GIS-based logistics process monitoring framework with convenient work processing environment for smart logistics,"Bae, Hyerim",Hyerim,female,0.9938731868327746,True
Remote monitoring of heart rate and music to tune the heart rate,Mohana,Mohana,female,0.8586338041641759,True
Remote monitoring of heart rate and music to tune the heart rate,"Sagar, R.",,unknown,0,False
Remote monitoring of heart rate and music to tune the heart rate,"Aradhya, H. V. Ravish",,unknown,0,False
"Towards an open, curious S-BPM community - Eliciting stakeholder needs","Lerchner, Harald",Harald,male,0.9999263057035207,True
Business process management in small-and medium-sized enterprises: An empirical study,"Singer, Robert",Robert,male,0.9999776797436909,True
A visual editor for language-independent scripting for BPMN modeling,"Wiriyakul, Jessada",Jessada,male,0.9801656544088573,True
A visual editor for language-independent scripting for BPMN modeling,"Senivongse, Twittie",Twittie,female,0.5350964888470491,False
The temporal perspective in business process modeling: a survey and research challenges,"Cheikhrouhou, Saoussen",Saoussen,female,0.9908310959020573,True
The temporal perspective in business process modeling: a survey and research challenges,"Kallel, Slim",Slim,male,0.9911499403655679,True
The temporal perspective in business process modeling: a survey and research challenges,"Guermouche, Nawal",Nawal,female,0.9953561393814838,True
The temporal perspective in business process modeling: a survey and research challenges,"Jmaiel, Mohamed",Mohamed,male,0.9999971268152898,True
Leveraging CMMN for ACM: Examining the applicability of a new OMG standard for adaptive case management,"Kurz, Matthias",Matthias,male,0.9999337682187655,True
Leveraging CMMN for ACM: Examining the applicability of a new OMG standard for adaptive case management,"Schmidt, Werner",Werner,male,0.9999697709027106,True
Leveraging CMMN for ACM: Examining the applicability of a new OMG standard for adaptive case management,"Fleischmann, Albert",Albert,male,0.9999213683449588,True
Leveraging CMMN for ACM: Examining the applicability of a new OMG standard for adaptive case management,"Lederer, Matthias",Matthias,male,0.9999337682187655,True
Numerical optimization of a waveguide transition using finite element beam propagation,"Dörfler, Willy",Willy,male,0.991492290589988,True
Numerical optimization of a waveguide transition using finite element beam propagation,"Findeisen, Stefan",Stefan,male,0.9999831604184807,True
The impact of process visibility on process performance: A multiple case study of operations control centers in ITSM,"Berner, Martin",Martin,male,0.9998539477569732,True
The impact of process visibility on process performance: A multiple case study of operations control centers in ITSM,"Augustine, Jino",Jino,male,0.9994012233154455,True
The impact of process visibility on process performance: A multiple case study of operations control centers in ITSM,"Maedche, Alexander",Alexander,male,0.9999914495946162,True
An intelligent approach to data extraction and task identification for process mining,"Li, Jiexun",Jiexun,unknown,0.7395581364781382,False
An intelligent approach to data extraction and task identification for process mining,"Wang, Harry Jiannan",Harry,male,0.9997201104874271,True
An intelligent approach to data extraction and task identification for process mining,"Bai, Xue",Xue,female,0.9738490518370407,True
Characteristics of dual-core photonic crystal fiber by fd-bpm,"Chikh-Bled, Hicham",Hicham,male,0.9999884608268526,True
Characteristics of dual-core photonic crystal fiber by fd-bpm,"Lasri, Boumediene",Boumediene,male,0.9867485646482386,True
Characteristics of dual-core photonic crystal fiber by fd-bpm,"Chikh-Bled, Mohammed El-Kebir",Mohammed,male,0.99999732840862,True
Activity failure prediction based on process mining,"Camara, Mamadou Samba",Mamadou,male,0.9999389044681322,True
Activity failure prediction based on process mining,"Fall, Ibrahima",Ibrahima,male,0.998693286050884,True
Activity failure prediction based on process mining,"Mendy, Gervais",Gervais,male,0.9992663547042305,True
Activity failure prediction based on process mining,"Diaw, Samba",Samba,male,0.9962838570648536,True
Bringing value-based business process management to the operational process level,"Bolsinger, Manuel",Manuel,male,0.9999796545255559,True
"Modeling, enacting, and integrating custom crowdsourcing processes","Tranquillini, Stefano",Stefano,male,0.9999619769884374,True
"Modeling, enacting, and integrating custom crowdsourcing processes","Daniel, Florian",Florian,male,0.9999672042878258,True
"Modeling, enacting, and integrating custom crowdsourcing processes","Kucherbaev, Pavel",Pavel,male,0.9999915029945373,True
"Modeling, enacting, and integrating custom crowdsourcing processes","Casati, Fabio",Fabio,male,0.9999554817772992,True
Impact analysis and change propagation in service-oriented enterprises: A systematic review,"Alam, Khubaib Amjad",Khubaib,male,0.9984386318948232,True
Impact analysis and change propagation in service-oriented enterprises: A systematic review,"Ahmad, Rodina",Rodina,female,0.9996439762734111,True
Impact analysis and change propagation in service-oriented enterprises: A systematic review,"Akhunzada, Adnan",Adnan,male,0.9999596751967326,True
Impact analysis and change propagation in service-oriented enterprises: A systematic review,"Nasir, Mohd Hairul Nizam Md",Mohd,male,0.9999652934861983,True
Impact analysis and change propagation in service-oriented enterprises: A systematic review,"Khan, Samee U.",Samee,male,0.9893577300979446,True
Enterprise-scale cloud migration orchestrator,"Hwang, Jinho",Jinho,male,0.9999023257874917,True
Enterprise-scale cloud migration orchestrator,"Huang, Yun-Wu",Yun,female,0.9855945587294108,True
Enterprise-scale cloud migration orchestrator,"Vukovic, Maja",Maja,female,0.9999911553938743,True
Enterprise-scale cloud migration orchestrator,"Anerousis, Nikos",Nikos,male,0.9999790924669226,True
A framework for semantic telco process management - An industrial case study,"Assy, Nour",Nour,female,0.6792643083964383,False
A framework for semantic telco process management - An industrial case study,"Yongsiriwit, Karn",Karn,female,0.724257655727375,False
A framework for semantic telco process management - An industrial case study,"Gaaloul, Walid",Walid,male,0.9999190638369029,True
A framework for semantic telco process management - An industrial case study,"Ben Yahia, Imen Grida",Imen,female,0.974283695293582,True
A charging scenario for parallel buck-boost battery power modules with full power utilization and charge equalization,"Wu, Tsung-Hsi",Tsung,male,0.9710957982001063,True
A charging scenario for parallel buck-boost battery power modules with full power utilization and charge equalization,"Chang, Chu-Shen",Chu,male,0.7082883722592044,False
A charging scenario for parallel buck-boost battery power modules with full power utilization and charge equalization,"Moo, Chin-Sien",Chin,male,0.9814689338710207,True
The Shifting Printing Paradigm: A goodbye to traditional printing technology,"Kim, Hyuck",Hyuck,male,0.9823907441961387,True
The Shifting Printing Paradigm: A goodbye to traditional printing technology,"Hwang, KiYoung",KiYoung,male,0.9753253304911875,True
Event interval analysis: Why do processes take time?,"Suriadi, Suriadi",Suriadi,male,0.9749255613519064,True
Event interval analysis: Why do processes take time?,"Ouyang, Chun",Chun,male,0.9816926028175558,True
Event interval analysis: Why do processes take time?,"Van Der Aalst, Wil M.P.",Wil,male,0.9988491702309068,True
Event interval analysis: Why do processes take time?,"Ter Hofstede, Arthur H.M.",Arthur,male,0.9999849927075136,True
A Framework for Embedding Analytics in a Business Process,"Shankararaman, Venky",Venky,male,0.9867760123703313,True
A Framework for Embedding Analytics in a Business Process,"Gottipati, Swapna",Swapna,female,0.9999938709909919,True
Using a mobile app to improve performance of management of services orders and teams processes,"De Andrade, Paulo R. M.",Paulo,male,0.9999412882539611,True
Using a mobile app to improve performance of management of services orders and teams processes,"Albuquerque, Adriano B.",Adriano,male,0.9997230892960969,True
Using a mobile app to improve performance of management of services orders and teams processes,"Frota, Otávio F.",Otávio,male,0.999658275991619,True
Using a mobile app to improve performance of management of services orders and teams processes,"Morais, Mirko A. N.",Mirko,male,0.9997269613326661,True
Using process mapping to reveal process redesign opportunities during ERP planning,"Bradford, Marianne",Marianne,female,0.9999966684761136,True
Using process mapping to reveal process redesign opportunities during ERP planning,"Gerard, Gregory J.",Gregory,male,0.9999342996907117,True
Enhancing process compliance in complex product developments - Insights from an international manufacturer,"Schott, Peter",Peter,male,0.9999580684529622,True
Enhancing process compliance in complex product developments - Insights from an international manufacturer,"Lederer, Matthias",Matthias,male,0.9999337682187655,True
Enhancing process compliance in complex product developments - Insights from an international manufacturer,"Huber, Sebastian",Sebastian,male,0.9999469726859632,True
Enhancing process compliance in complex product developments - Insights from an international manufacturer,"Keppler, Alexander",Alexander,male,0.9999914495946162,True
Heuristic and meta-heuristic workflow scheduling algorithms in multi-cloud environments-A survey,"Nandhakumar, C.",,unknown,0,False
Heuristic and meta-heuristic workflow scheduling algorithms in multi-cloud environments-A survey,"Ranjithprabhu, K.",,unknown,0,False
Management of Collaborative Behavior through a Service-Oriented Mediation System: The Case of Crisis Management,"Benaben, Frederick",Frederick,male,0.999942547328335,True
Management of Collaborative Behavior through a Service-Oriented Mediation System: The Case of Crisis Management,"Truptil, Sebastien",Sebastien,male,0.9999278260848805,True
Management of Collaborative Behavior through a Service-Oriented Mediation System: The Case of Crisis Management,"Lauras, Matthieu",Matthieu,male,0.9996916073806652,True
Management of Collaborative Behavior through a Service-Oriented Mediation System: The Case of Crisis Management,"Salatge, Nicolas",Nicolas,male,0.9999785911728513,True
"Connecting clinical care and research: Single-source with x4T - Process design, architecture, and use cases","Forster, Christian",Christian,male,0.9993987974523811,True
"Connecting clinical care and research: Single-source with x4T - Process design, architecture, and use cases","Bruland, Philipp",Philipp,male,0.9999372005997167,True
"Connecting clinical care and research: Single-source with x4T - Process design, architecture, and use cases","Lechtenbörger, Jens",Jens,male,0.9999725010363429,True
"Connecting clinical care and research: Single-source with x4T - Process design, architecture, and use cases","Breil, Bernhard",Bernhard,male,0.9999742564512356,True
"Connecting clinical care and research: Single-source with x4T - Process design, architecture, and use cases","Vossen, Gottfried",Gottfried,male,0.9999714706060201,True
Supply chain orchestration and choreography: Programmable logistics using semantics,"Dalmolen, S.",,unknown,0,False
Supply chain orchestration and choreography: Programmable logistics using semantics,"Moonen, H.M.",H.M.,male,0.9860136472278256,True
Supply chain orchestration and choreography: Programmable logistics using semantics,"Van Hillegersberg, J.",,unknown,0,False
Supply chain orchestration and choreography: Programmable logistics using semantics,"Stoter, A.J.R.",A.J.R.,unknown,0.73330998181892,False
Supply chain orchestration and choreography: Programmable logistics using semantics,"Cornelisse, E.",,unknown,0,False
Process discovery: A new method fitted to big event logs,"Boushaba, Souhail",Souhail,male,0.9998066239540337,True
Process discovery: A new method fitted to big event logs,"Kabbaj, Mohammad Issam",Mohammad,male,0.9999978931239886,True
Process discovery: A new method fitted to big event logs,"Belouadha, Fatima-Zahra",Fatima,female,0.9999968460591531,True
Process discovery: A new method fitted to big event logs,"Bakkoury, Zohra",Zohra,female,0.9999295273468682,True
"Knowledge management implementation, business process, and market relationship outcomes: An empirical study","Hung, Shin-Yuan",Shin,male,0.8055345113308964,True
"Knowledge management implementation, business process, and market relationship outcomes: An empirical study","Tsai, Jacob Chia-An",Jacob,male,0.9999947850861054,True
"Knowledge management implementation, business process, and market relationship outcomes: An empirical study","Lee, Wen-Ting",Wen,female,0.8707008596774066,True
"Knowledge management implementation, business process, and market relationship outcomes: An empirical study","Chau, Patrick Y.K.",Patrick,male,0.9999373211096793,True
Blending Ad Hoc and Formal Workflow Models in Support of Different Stakeholders Needs,"Silva Filho, Roberto Silveira",Roberto,male,0.9999404051490157,True
Blending Ad Hoc and Formal Workflow Models in Support of Different Stakeholders Needs,"McKenna, Monica",Monica,female,0.9999945356847385,True
Blending Ad Hoc and Formal Workflow Models in Support of Different Stakeholders Needs,"McDevitt, Kevin",Kevin,male,0.9999799402805698,True
Performance on optical properties of AWG based on SOI demultiplexer and receiver sensitivity in CWDM system,"Juhari, Nurjuliana",Nurjuliana,female,0.9999509188824726,True
Performance on optical properties of AWG based on SOI demultiplexer and receiver sensitivity in CWDM system,"Susthitha Menon, P.",,unknown,0,False
Performance on optical properties of AWG based on SOI demultiplexer and receiver sensitivity in CWDM system,"Ehsan, Abang Annuar",Abang,male,0.8338632113546103,True
Performance on optical properties of AWG based on SOI demultiplexer and receiver sensitivity in CWDM system,"Shaari, Sahbudin",Sahbudin,male,0.9978566596268255,True
Performance on optical properties of AWG based on SOI demultiplexer and receiver sensitivity in CWDM system,"Jalar, Azman",Azman,male,0.9994107983566768,True
Performance on optical properties of AWG based on SOI demultiplexer and receiver sensitivity in CWDM system,"Majlis, Burhanuddin Yeop",Burhanuddin,male,0.9997735662186404,True
A software process line for service-oriented applications,"Garcia, Cleiton",Cleiton,male,0.9908077401264761,True
A software process line for service-oriented applications,"Malucelli, Andreia",Andreia,female,0.9999890198321232,True
A software process line for service-oriented applications,"Paludo, Marco",Marco,male,0.9998964214527616,True
A software process line for service-oriented applications,"Reinehr, Sheila",Sheila,female,0.9999975571907288,True
Context-adaptive Petri nets: Supporting adaptation for the execution context,"Serral, Estefanía",Estefanía,female,0.9998639714042346,True
Context-adaptive Petri nets: Supporting adaptation for the execution context,"De Smedt, Johannes",Johannes,male,0.9999887278356387,True
Context-adaptive Petri nets: Supporting adaptation for the execution context,"Snoeck, Monique",Monique,female,0.9999698902791753,True
Context-adaptive Petri nets: Supporting adaptation for the execution context,"Vanthienen, Jan",Jan,unknown,0.5504849119650672,False
Extending the Multiple Domain Matrix by Using Business Process Model and Notation for Business Process Analysis,"Lee, Wen-Tin",Wen,female,0.8707008596774066,True
Extending the Multiple Domain Matrix by Using Business Process Model and Notation for Business Process Analysis,"Ma, Shang-Pin",Shang,male,0.983408490858732,True
Extending the Multiple Domain Matrix by Using Business Process Model and Notation for Business Process Analysis,"Lee, Shin-Jie",Shin,male,0.8055345113308964,True
Extending the Multiple Domain Matrix by Using Business Process Model and Notation for Business Process Analysis,"Law, Po-Jen",Po,male,0.9930066795983815,True
Extending the Multiple Domain Matrix by Using Business Process Model and Notation for Business Process Analysis,"Chang, Ting-Shao",Ting,female,0.9934231487912134,True
Workflow common fragments extraction based on WSDL similarity and graph dependency,"Sarno, Riyanarto",Riyanarto,unknown,0.5283243191216946,False
Workflow common fragments extraction based on WSDL similarity and graph dependency,"Pamungkas, Endang Wahyu",Endang,female,0.9964562738773498,True
Workflow common fragments extraction based on WSDL similarity and graph dependency,"Sunaryono, Dwi",Dwi,female,0.9734726418201639,True
Workflow common fragments extraction based on WSDL similarity and graph dependency,Sarwosri,Sarwosri,male,0.5245261333787659,False
A methodology proposal for collaborative business process elaboration using a model-driven approach,"Mu, Wenxin",Wenxin,female,0.6930061713772477,False
A methodology proposal for collaborative business process elaboration using a model-driven approach,"Bénaben, Frédérick",Frédérick,male,0.9974738522158153,True
A methodology proposal for collaborative business process elaboration using a model-driven approach,"Pingaud, Hervé",Hervé,male,0.9909853703451528,True
Strategic business process management,"La Rosa, Marcello",Marcello,male,0.9996360264682205,True
A new business process assistant: Based on real-time analysis of user live communications,"Laga, Nassim",Nassim,male,0.9978159784451607,True
A new business process assistant: Based on real-time analysis of user live communications,"Ditini, Nabil",Nabil,male,0.9991939047786288,True
Supporting and assisting the execution of flexible healthcare processes,"Mertens, Steven",Steven,male,0.9999938645828961,True
Supporting and assisting the execution of flexible healthcare processes,"Gailly, Frederik",Frederik,male,0.9999404558005246,True
Supporting and assisting the execution of flexible healthcare processes,"Poels, Geert",Geert,male,0.9998608924148286,True
Abdominal surgery process modeling framework for simulation using spreadsheets,"Boshkoska, Biljana Mileva",Biljana,female,0.9999904506404592,True
Abdominal surgery process modeling framework for simulation using spreadsheets,"Damij, Talib",Talib,male,0.9998043740386237,True
Abdominal surgery process modeling framework for simulation using spreadsheets,"Jelenc, Franc",Franc,male,0.9850716792021181,True
Abdominal surgery process modeling framework for simulation using spreadsheets,"Damij, Nadja",Nadja,female,0.9999948578940938,True
The Influence of Process Acceptance on BPM: An Empirical Investigation,"Muellerleile, Thomas",Thomas,male,0.9999981017477207,True
The Influence of Process Acceptance on BPM: An Empirical Investigation,"Ritter, Stefan",Stefan,male,0.9999831604184807,True
The Influence of Process Acceptance on BPM: An Empirical Investigation,"Englisch, Lucas",Lucas,male,0.9999718945700141,True
The Influence of Process Acceptance on BPM: An Empirical Investigation,"Nissen, Volker",Volker,male,0.9999763202187522,True
The Influence of Process Acceptance on BPM: An Empirical Investigation,"Joenssen, Dieter W.",Dieter,male,0.9999629369688875,True
"ICE-B 2013 - 10th International Conference on E-Business, Part of the ICETE 2013: 10th International Joint Conference on E-Business and Telecommunications, Proceedings","Hense, Andreas V.",Andreas,male,0.9999763395171621,True
Cost-Efficient Scheduling of Elastic Processes in Hybrid Clouds,"Hoenisch, Philipp",Philipp,male,0.9999372005997167,True
Cost-Efficient Scheduling of Elastic Processes in Hybrid Clouds,"Hochreiner, Christoph",Christoph,male,0.9996583666010818,True
Cost-Efficient Scheduling of Elastic Processes in Hybrid Clouds,"Schuller, Dieter",Dieter,male,0.9999629369688875,True
Cost-Efficient Scheduling of Elastic Processes in Hybrid Clouds,"Schulte, Stefan",Stefan,male,0.9999831604184807,True
Cost-Efficient Scheduling of Elastic Processes in Hybrid Clouds,"Mendling, Jan",Jan,unknown,0.5504849119650672,False
Cost-Efficient Scheduling of Elastic Processes in Hybrid Clouds,"Dustdar, Schahram",Schahram,unknown,0.7299774829155605,False
Formation of business solutions of cognitive economy,"Brusakova, I.A.",I.A.,male,0.6091439262436857,False
Leveraging organizational performance via knowledge management systems platforms in emerging economies: Evidence from the Egyptian information and communication technology (ICT) industry,"Shehata, Gamal Mohamed",Gamal,male,0.9999868786579087,True
Empirical Study of Applying the DEMO Method for Improving BPMN Process Models in Academic Environment,"Naplava, Pavel",Pavel,male,0.9999915029945373,True
Empirical Study of Applying the DEMO Method for Improving BPMN Process Models in Academic Environment,"Pergl, Robert",Robert,male,0.9999776797436909,True
Next step recommendation and prediction based on process mining in adaptive case management,"Huber, Sebastian",Sebastian,male,0.9999469726859632,True
Next step recommendation and prediction based on process mining in adaptive case management,"Fietta, Marian",Marian,female,0.998937269301458,True
Next step recommendation and prediction based on process mining in adaptive case management,"Hof, Sebastian",Sebastian,male,0.9999469726859632,True
India's Cybersecurity Landscape: The Roles of the Private Sector and Public-Private Partnership,"Kshetri, Nir",Nir,male,0.9900062042653007,True
Supporting interoperability of collaborative networks through engineering of a service-based Mediation Information System (MISE 2.0),"Benaben, Frederick",Frederick,male,0.999942547328335,True
Supporting interoperability of collaborative networks through engineering of a service-based Mediation Information System (MISE 2.0),"Mu, Wenxin",Wenxin,female,0.6930061713772477,False
Supporting interoperability of collaborative networks through engineering of a service-based Mediation Information System (MISE 2.0),"Boissel-Dallier, Nicolas",Nicolas,male,0.9999785911728513,True
Supporting interoperability of collaborative networks through engineering of a service-based Mediation Information System (MISE 2.0),"Barthe-Delanoe, Anne-Marie",Anne,female,0.9999910090887604,True
Supporting interoperability of collaborative networks through engineering of a service-based Mediation Information System (MISE 2.0),"Zribi, Sarah",Sarah,female,0.999855391232182,True
Supporting interoperability of collaborative networks through engineering of a service-based Mediation Information System (MISE 2.0),"Pingaud, Herve",Herve,male,0.9993841703992203,True
Architecture of remote virtual labs as a service in cloud computing,"Boukil, Naoual",Naoual,female,0.9868042172632271,True
Architecture of remote virtual labs as a service in cloud computing,"Ibriz, Abdelali",Abdelali,male,0.9939989473007105,True
Specification and automated design-time analysis of the business process human resource perspective,"Cabanillas, Cristina",Cristina,female,0.9999968566271442,True
Specification and automated design-time analysis of the business process human resource perspective,"Resinas, Manuel",Manuel,male,0.9999796545255559,True
Specification and automated design-time analysis of the business process human resource perspective,"Del-Río-Ortega, Adela",Adela,female,0.999990800859609,True
Specification and automated design-time analysis of the business process human resource perspective,"Ruiz-Cortés, Antonio",Antonio,male,0.9999433950349952,True
"The consideration of organizational, human and corporate cultural factors in the implementation of business process management projects: Social factors to prevent failure of BPM projects","Bulander, Rebecca",Rebecca,female,0.9999808188430196,True
"The consideration of organizational, human and corporate cultural factors in the implementation of business process management projects: Social factors to prevent failure of BPM projects","Dietel, Matthias",Matthias,male,0.9999337682187655,True
Subject-oriented plural method meets BPMN: A case study,"Van Den Hurk, Henk",Henk,male,0.997776941933279,True
Subject-oriented plural method meets BPMN: A case study,"Turetken, Oktay",Oktay,male,0.9999202279726761,True
Subject-oriented plural method meets BPMN: A case study,"Van Moll, Jan",Jan,unknown,0.5504849119650672,False
Controlling Elasticity Dependencies for Multi-tenant Business Process,"Sellami, Wael",Wael,male,0.9999720386154145,True
Controlling Elasticity Dependencies for Multi-tenant Business Process,"Kacem, Hatem Hadj",Hatem,male,0.987594531147125,True
Controlling Elasticity Dependencies for Multi-tenant Business Process,"Kacem, Ahmed Hadj",Ahmed,male,0.9999977341795334,True
Consistent Abstraction of Business Processes Based on Constraints,"Mafazi, Shamila",Shamila,female,0.9999965581350782,True
Consistent Abstraction of Business Processes Based on Constraints,"Grossmann, Georg",Georg,male,0.9999050343867972,True
Consistent Abstraction of Business Processes Based on Constraints,"Mayer, Wolfgang",Wolfgang,male,0.9998326674032032,True
Consistent Abstraction of Business Processes Based on Constraints,"Schrefl, Michael",Michael,male,0.9999876221560686,True
Consistent Abstraction of Business Processes Based on Constraints,"Stumptner, Markus",Markus,male,0.9999735872978276,True
An agent-mediated platform for business processes,"Dam, Hoa Khanh",Hoa,female,0.9753096327380884,True
An agent-mediated platform for business processes,"Ghose, Aditya",Aditya,male,0.9930058833426924,True
An agent-mediated platform for business processes,"Qasim, Mohammad",Mohammad,male,0.9999978931239886,True
A model-driven approach for event-based business process monitoring,"Koetter, Falko",Falko,male,0.9938941136601905,True
A model-driven approach for event-based business process monitoring,"Kochanowski, Monika",Monika,female,0.999996989457821,True
Facilitating Evolution during Design and Implementation,"McClatchey, Richard",Richard,male,0.9999944029565571,True
Towards context-aware processes in people-centered factories of the future,"Kannengiesser, Udo",Udo,male,0.9993990197381508,True
Towards context-aware processes in people-centered factories of the future,"Di Francescomarino, Chiara",Chiara,female,0.9999918135427956,True
Towards context-aware processes in people-centered factories of the future,"Neubauer, Matthias",Matthias,male,0.9999337682187655,True
Towards context-aware processes in people-centered factories of the future,"Majoe, Dennis",Dennis,male,0.9999370030396483,True
Towards context-aware processes in people-centered factories of the future,"Krenn, Florian",Florian,male,0.9999672042878258,True
Towards context-aware processes in people-centered factories of the future,"Bonaldi, David",David,male,0.9999952928042082,True
Reuse of models in S-BPM process specifications,"Forbrig, Peter",Peter,male,0.9999580684529622,True
Diversity guided evolutionary mining of hierarchical process models,"Molka, Thomas",Thomas,male,0.9999981017477207,True
Diversity guided evolutionary mining of hierarchical process models,"Redlich, David",David,male,0.9999952928042082,True
Diversity guided evolutionary mining of hierarchical process models,"Drobek, Marc",Marc,male,0.9999669556997242,True
Diversity guided evolutionary mining of hierarchical process models,"Zeng, Xiao-Jun",Xiao,unknown,0.7140596202174592,False
Diversity guided evolutionary mining of hierarchical process models,"Gilani, Wasif",Wasif,male,0.9999707412768138,True
Towards a process-centered resilience framework,"Zahoransky, Richard M.",Richard,male,0.9999944029565571,True
Towards a process-centered resilience framework,"Brenig, Christian",Christian,male,0.9993987974523811,True
Towards a process-centered resilience framework,"Koslowski, Thomas",Thomas,male,0.9999981017477207,True
Adaptive open innovation - Solution approach and tool support,"Huber, Sebastian",Sebastian,male,0.9999469726859632,True
Adaptive open innovation - Solution approach and tool support,"Schott, Peter",Peter,male,0.9999580684529622,True
Adaptive open innovation - Solution approach and tool support,"Lederer, Matthias",Matthias,male,0.9999337682187655,True
Enhancing Business Process modelling for e-Government processes using semantic web technologies and Linked Data principles,"Maalouf, Eliane",Eliane,female,0.9999906972508694,True
Enhancing Business Process modelling for e-Government processes using semantic web technologies and Linked Data principles,"Sokhn, Maria",Maria,female,0.9999948398304921,True
Semantic annotation of BPMN: Current approaches and new methodologies,"Di Martino, Beniamino",Beniamino,male,0.9923554570756454,True
Semantic annotation of BPMN: Current approaches and new methodologies,"Esposito, Antonio",Antonio,male,0.9999433950349952,True
Semantic annotation of BPMN: Current approaches and new methodologies,"Nacchia, Stefania",Stefania,female,0.9999845994479034,True
Semantic annotation of BPMN: Current approaches and new methodologies,"Maisto, Salvatore Augusto",Salvatore,male,0.9995071484491044,True
Impact analysis of process change at run-time,"Hajmoosaei, Mojtaba",Mojtaba,male,0.9879105262227434,True
Impact analysis of process change at run-time,"Tran, Hanh-Nhi",Hanh,female,0.9980197341321809,True
Impact analysis of process change at run-time,"Percebois, Christian",Christian,male,0.9993987974523811,True
Impact analysis of process change at run-time,"Front, Agnes",Agnes,female,0.9996094304167977,True
Impact analysis of process change at run-time,"Roncancio, Claudia",Claudia,female,0.9999814071022761,True
Investigating expressiveness and understandability of hierarchy in declarative business process models,"Zugal, Stefan",Stefan,male,0.9999831604184807,True
Investigating expressiveness and understandability of hierarchy in declarative business process models,"Soffer, Pnina",Pnina,female,0.9999980394229345,True
Investigating expressiveness and understandability of hierarchy in declarative business process models,"Haisjackl, Cornelia",Cornelia,female,0.9999950392532043,True
Investigating expressiveness and understandability of hierarchy in declarative business process models,"Pinggera, Jakob",Jakob,male,0.9999964001487215,True
Investigating expressiveness and understandability of hierarchy in declarative business process models,"Reichert, Manfred",Manfred,male,0.9999883382145358,True
Investigating expressiveness and understandability of hierarchy in declarative business process models,"Weber, Barbara",Barbara,female,0.999979214602181,True
ADIGE: Semantic business process management for smart retail environments,"Kahl, Gerrit",Gerrit,male,0.9999019892008016,True
ADIGE: Semantic business process management for smart retail environments,"Klusch, Matthias",Matthias,male,0.9999337682187655,True
ADIGE: Semantic business process management for smart retail environments,"Zinnikus, Ingo",Ingo,male,0.9999333804098659,True
ADIGE: Semantic business process management for smart retail environments,"Schimmelpfennig, Jens",Jens,male,0.9999725010363429,True
ADIGE: Semantic business process management for smart retail environments,"Zapp, Manuel",Manuel,male,0.9999796545255559,True
Engines supporting the subject-oriented paradigm,"Krauthausen, Clemens",Clemens,male,0.9997642752089578,True
Engines supporting the subject-oriented paradigm,"Krauthausen, Stefan",Stefan,male,0.9999831604184807,True
Towards a repository for the reuse of business process models from a requirements analysis perspective,"Aouachria, Moufida",Moufida,female,0.9988233269933814,True
Towards a repository for the reuse of business process models from a requirements analysis perspective,"Ghomari, Abdessamed Réda",Abdessamed,male,0.9999069397291809,True
Towards a repository for the reuse of business process models from a requirements analysis perspective,"Seghir, Rachid",Rachid,male,0.9999913462472123,True
Towards smart logistics processes: A predictive monitoring and proactive adaptation approach,"Mousheimish, Raef",Raef,male,0.9999947405681093,True
Towards smart logistics processes: A predictive monitoring and proactive adaptation approach,"Taher, Yehia",Yehia,male,0.9944898591545096,True
Towards smart logistics processes: A predictive monitoring and proactive adaptation approach,"Finance, Béatrice",Béatrice,female,0.9987043268570328,True
The tension between business process modelling and flexibility: Revealing multiple dimensions with a sociomaterial approach,"De Albuquerque, João Porto",João,male,0.9999597809713936,True
The tension between business process modelling and flexibility: Revealing multiple dimensions with a sociomaterial approach,"Christ, Marcel",Marcel,male,0.9997303200563393,True
In-Memory Business Process Management,"Balko, Soren",Soren,male,0.9991765977608841,True
In-Memory Business Process Management,"Barros, Alistair",Alistair,male,0.999914404984895,True
Event-B Based Approach for Verifying Cloud Resource Allocation in Business Process,"Boubaker, Souha",Souha,female,0.994793542304833,True
Event-B Based Approach for Verifying Cloud Resource Allocation in Business Process,"Gaaloul, Walid",Walid,male,0.9999190638369029,True
Event-B Based Approach for Verifying Cloud Resource Allocation in Business Process,"Graiet, Mohamed",Mohamed,male,0.9999971268152898,True
Event-B Based Approach for Verifying Cloud Resource Allocation in Business Process,"Hadj-Alouane, Nejib Ben",Nejib,male,0.9999261666390087,True
Design science in action: developing a modeling technique for eliciting requirements on business process management (BPM) tools,"Bider, Ilia",Ilia,female,0.7355633110002426,False
Design science in action: developing a modeling technique for eliciting requirements on business process management (BPM) tools,"Perjons, Erik",Erik,male,0.9999606177313712,True
Pumping method for multi-core erbium-doped double-clad fiber amplifier based on higher-order mode coupling,"Koike, Tatsuya",Tatsuya,male,0.9971594584714352,True
Pumping method for multi-core erbium-doped double-clad fiber amplifier based on higher-order mode coupling,"Nakamura, Moriya",Moriya,female,0.999993075841962,True
Pumping method for multi-core erbium-doped double-clad fiber amplifier based on higher-order mode coupling,"Klaus, Werner",Werner,male,0.9999697709027106,True
Pumping method for multi-core erbium-doped double-clad fiber amplifier based on higher-order mode coupling,"Awaji, Yoshinari",Yoshinari,male,0.9938116593967321,True
Pumping method for multi-core erbium-doped double-clad fiber amplifier based on higher-order mode coupling,"Wada, Naoya",Naoya,male,0.9937351778173821,True
An approach from statistical mechanics for collaborative business social network reconstruction,"Corallo, Angelo",Angelo,male,0.9998562882400411,True
An approach from statistical mechanics for collaborative business social network reconstruction,"Bisconti, Cristian",Cristian,male,0.9999351973500834,True
An approach from statistical mechanics for collaborative business social network reconstruction,"Fortunato, Laura",Laura,female,0.9999801813992499,True
An approach from statistical mechanics for collaborative business social network reconstruction,"Gentile, Antonio Andrea",Antonio,male,0.9999433950349952,True
An approach from statistical mechanics for collaborative business social network reconstruction,"Pellè, Piergiuseppe",Piergiuseppe,male,0.995327127966849,True
An approach to define semantics for BPM systems interoperability,"Rico, Mariela",Mariela,female,0.99999889734795,True
An approach to define semantics for BPM systems interoperability,"Caliusco, María Laura",María,female,0.9998408731018508,True
An approach to define semantics for BPM systems interoperability,"Chiotti, Omar",Omar,male,0.9999954754245614,True
An approach to define semantics for BPM systems interoperability,"Galli, María Rosa",María,female,0.9998408731018508,True
Automated team selection and compliance checking in business processes,"Cabanillas, Cristina",Cristina,female,0.9999968566271442,True
Automated team selection and compliance checking in business processes,"Resinas, Manuel",Manuel,male,0.9999796545255559,True
Automated team selection and compliance checking in business processes,"Mendling, Jan",Jan,unknown,0.5504849119650672,False
Automated team selection and compliance checking in business processes,"Ruiz-Cortés, Antonio",Antonio,male,0.9999433950349952,True
Editorial: Business Process intelligence: Connecting data and processes,"Van Der Aalst, Wil",Wil,male,0.9988491702309068,True
Editorial: Business Process intelligence: Connecting data and processes,"Zhao, J. Leon",,unknown,0,False
Editorial: Business Process intelligence: Connecting data and processes,"Wang, Harry Jiannan",Harry,male,0.9997201104874271,True
Configurable process models: A semantic validation,"El Faquih, Loubna",Loubna,female,0.9999927230703592,True
Configurable process models: A semantic validation,"Sbaï, Hanae",Hanae,female,0.9999551736829082,True
Configurable process models: A semantic validation,"Fredj, Mounia",Mounia,female,0.9999617223402388,True
Modeling evidence-based medicine applications with provenance data in pathways,"Yildiz, Ustun",Ustun,male,0.9846511611366539,True
Modeling evidence-based medicine applications with provenance data in pathways,"Belhajjame, Khalid",Khalid,male,0.999949361127034,True
Modeling evidence-based medicine applications with provenance data in pathways,"Grigori, Daniela",Daniela,female,0.9999978509319162,True
Collaborative process maturing support by mining activity streams,"Christian, Ochsenkühn",Ochsenkühn,unknown,0.7295602031009529,False
Collaborative process maturing support by mining activity streams,"Peinl, René",René,male,0.9819370520009497,True
"Towards Increased Comparability of Business Process Models: Design, Implementation and Evaluation of Semantic Standardization Functionality","Shitkova, Maria",Maria,female,0.9999948398304921,True
"Towards Increased Comparability of Business Process Models: Design, Implementation and Evaluation of Semantic Standardization Functionality","Clever, Nico",Nico,male,0.9970057349139636,True
"Towards Increased Comparability of Business Process Models: Design, Implementation and Evaluation of Semantic Standardization Functionality","Holler, Justus",Justus,male,0.9995254274459374,True
"Towards Increased Comparability of Business Process Models: Design, Implementation and Evaluation of Semantic Standardization Functionality","Becker, Jörg",Jörg,male,0.9995939947892971,True
Multilevel modeling for business process automation,"Schuetz, Christoph G.",Christoph,male,0.9996583666010818,True
Multilevel modeling for business process automation,"Neumayr, Bernd",Bernd,male,0.9998846486900214,True
Multilevel modeling for business process automation,"Schrefl, Michael",Michael,male,0.9999876221560686,True
Towards a reeingeniering of business process management lifecycle by the use of social networks,"El Hamali, Samiha",Samiha,female,0.999995618432558,True
Towards a reeingeniering of business process management lifecycle by the use of social networks,"Mahdaoui, Latifa",Latifa,female,0.9999976514586271,True
A conceptual architecture for an event-based information aggregation engine in smart logistics,"Baumgrass, Anne",Anne,female,0.9999910090887604,True
A conceptual architecture for an event-based information aggregation engine in smart logistics,"Cabanillas, Cristina",Cristina,female,0.9999968566271442,True
A conceptual architecture for an event-based information aggregation engine in smart logistics,"Di Ciccio, Claudio",Claudio,male,0.9999607633184376,True
Case management as a tool for forming corporate knowledge,"Serova, Elena",Elena,female,0.9999927696536459,True
Towards Aspects Identification in Business Process Through Process Mining,"Brandão, Bruna Christina P.",Bruna,female,0.9999834298473494,True
Towards Aspects Identification in Business Process Through Process Mining,"Santoro, Flávia Maria",Flávia,female,0.9980152096934121,True
Towards Aspects Identification in Business Process Through Process Mining,"Azevedo, Leonardo Guerreiro",Leonardo,male,0.9999184146751624,True
Standardisation of risk screening processes in healthcare through business rules management,"Mens, Joris",Joris,male,0.999780103301615,True
Standardisation of risk screening processes in healthcare through business rules management,"Luiten, Sander",Sander,male,0.9998363444871542,True
Standardisation of risk screening processes in healthcare through business rules management,"Driel, Yannick",Yannick,male,0.9993165159513071,True
Standardisation of risk screening processes in healthcare through business rules management,"Smit, Kobus",Kobus,male,0.9997758532471194,True
Standardisation of risk screening processes in healthcare through business rules management,"Ravesteyn, Pascal",Pascal,male,0.9999832927816735,True
Do you walk the talk in quality culture?,"Barata, João",João,male,0.9999597809713936,True
Do you walk the talk in quality culture?,"da Cunha, Paulo Rupino",Paulo,male,0.9999412882539611,True
Timestamp accuracy in healthcare business process improvement,"Laine, Sami",Sami,male,0.9853481728140153,True
Timestamp accuracy in healthcare business process improvement,"Soikkeli, Juha",Juha,male,0.9991741537561182,True
Timestamp accuracy in healthcare business process improvement,"Ruohonen, Toni",Toni,female,0.9963908861976722,True
Timestamp accuracy in healthcare business process improvement,"Nieminen, Marko",Marko,male,0.9997997360424177,True
Business process management: Saving the planet?,"Gohar, Shahrzad Roohy",Shahrzad,female,0.9986718557727859,True
Business process management: Saving the planet?,"Indulska, Marta",Marta,female,0.9999974882383316,True
A gender perspective on business process management competences offered on professional online social networks,"Gorbacheva, Elena",Elena,female,0.9999927696536459,True
A gender perspective on business process management competences offered on professional online social networks,"Stein, Armin",Armin,male,0.9999658640564734,True
A gender perspective on business process management competences offered on professional online social networks,"Schmiedel, Theresa",Theresa,female,0.9999840684840471,True
A gender perspective on business process management competences offered on professional online social networks,"Müller, Oliver",Oliver,male,0.9999907881390401,True
Testing business processes using TTCN-3,"Stepien, Bernard",Bernard,male,0.9999727077977167,True
Testing business processes using TTCN-3,"Mallur, Kavya",Kavya,female,0.9999683873113567,True
Testing business processes using TTCN-3,"Peyton, Liam",Liam,male,0.9998655862005859,True
Investigating the role of inertia in business process standardization initiatives,"Kettenbohrer, Janina",Janina,female,0.9999974412154872,True
Investigating the role of inertia in business process standardization initiatives,"Beimborn, Daniel",Daniel,male,0.9999484956264236,True
A framework for next generation e-health systems and services,"Cardoso, Jorge",Jorge,male,0.9999507614101812,True
A framework for next generation e-health systems and services,"Da Cunha, Paulo Rupino",Paulo,male,0.9999412882539611,True
A framework for next generation e-health systems and services,"Berthold, Henrike",Henrike,female,0.9856207783233025,True
A framework for next generation e-health systems and services,"Mans, Ronny",Ronny,male,0.9976439092588669,True
A framework for next generation e-health systems and services,"Van Der Aalst, Wil",Wil,male,0.9988491702309068,True
A framework for next generation e-health systems and services,"Quaglini, Silvana",Silvana,female,0.999996824801531,True
Overall design approach for urbanized information systems: Application of the method PRAXEME,"Lamyae, Serehane",Serehane,female,0.5932119013521722,False
Overall design approach for urbanized information systems: Application of the method PRAXEME,"Abdennebi, Talbi",Talbi,male,0.9808499420469157,True
PACT-ART: Adaptive and context-aware processes for the transportation of artworks,"Mousheimish, Raef",Raef,male,0.9999947405681093,True
PACT-ART: Adaptive and context-aware processes for the transportation of artworks,"Taher, Yehia",Yehia,male,0.9944898591545096,True
PACT-ART: Adaptive and context-aware processes for the transportation of artworks,"Zeitouni, Karine",Karine,female,0.9999947595192173,True
PACT-ART: Adaptive and context-aware processes for the transportation of artworks,"Dubus, Michel",Michel,male,0.9997252558451084,True
Towards an extended metamodel of event-driven process chains to model complex event patterns,"Krumeich, Julian",Julian,male,0.9999128116879805,True
Towards an extended metamodel of event-driven process chains to model complex event patterns,"Mehdiyev, Nijat",Nijat,male,0.9977064202211785,True
Towards an extended metamodel of event-driven process chains to model complex event patterns,"Werth, Dirk",Dirk,male,0.9999427916159628,True
Towards an extended metamodel of event-driven process chains to model complex event patterns,"Loos, Peter",Peter,male,0.9999580684529622,True
Exploration and Assessment of Event Data,"Bodesinsky, Peter",Peter,male,0.9999580684529622,True
Exploration and Assessment of Event Data,"Alsallakh, Bilal",Bilal,male,0.9999214532480581,True
Exploration and Assessment of Event Data,"Gschwandtner, Theresia",Theresia,female,0.999960938861518,True
Exploration and Assessment of Event Data,"Miksch, Silvia",Silvia,female,0.9999810313224872,True
Application of process mining for improving adaptivity in case management systems,"Heber, Eberhard",Eberhard,male,0.999992248787784,True
Application of process mining for improving adaptivity in case management systems,"Hagen, Holger",Holger,male,0.9999848410893235,True
Application of process mining for improving adaptivity in case management systems,"Schmollinger, Martin",Martin,male,0.9998539477569732,True
Complexity Analysis of a Business Process Automation: Case Study on a Healthcare Organization,"Martinho, Ricardo",Ricardo,male,0.99996029299145,True
Complexity Analysis of a Business Process Automation: Case Study on a Healthcare Organization,"Rijo, Rui",Rui,male,0.993836254526766,True
Complexity Analysis of a Business Process Automation: Case Study on a Healthcare Organization,"Nunes, Ana",Ana,female,0.9999965937600829,True
Co-design of information systems with digital records management: A proposal for research,"Xie, Sherry L.",Sherry,female,0.9999172324974834,True
"Modeling as-is, ought-to-be and to-be-experiences from a case study in the health sector","Fossland, Snorre",Snorre,male,0.9930967427303533,True
"Modeling as-is, ought-to-be and to-be-experiences from a case study in the health sector","Krogstie, John",John,male,0.9999985032120171,True
Proxied authentication in single sign-on setups with common open source systems - An empirical survey,"Peinl, René",René,male,0.9819370520009497,True
Proxied authentication in single sign-on setups with common open source systems - An empirical survey,"Holzschuher, Florian",Florian,male,0.9999672042878258,True
Cloud-based material management system for small-medium size printing companies in China,"Fang, P.",,unknown,0,False
Cloud-based material management system for small-medium size printing companies in China,"Zhang, Y.B.",Y.B.,unknown,0.6677965629632617,False
Subject-oriented BPM as the glue for integrating enterprise processes in smart factories,"Kannengiesser, Udo",Udo,male,0.9993990197381508,True
Subject-oriented BPM as the glue for integrating enterprise processes in smart factories,"Neubauer, Matthias",Matthias,male,0.9999337682187655,True
Subject-oriented BPM as the glue for integrating enterprise processes in smart factories,"Heininger, Richard",Richard,male,0.9999944029565571,True
BPMN extensions for decentralized execution and monitoring of business processes,"Anseeuw, Jonas",Jonas,male,0.9999883877686782,True
BPMN extensions for decentralized execution and monitoring of business processes,"Van Seghbroeck, Gregory",Gregory,male,0.9999342996907117,True
BPMN extensions for decentralized execution and monitoring of business processes,"Volckaert, Bruno",Bruno,male,0.9999652389475681,True
BPMN extensions for decentralized execution and monitoring of business processes,"De Turck, Filip",Filip,male,0.999770923163568,True
Process improvement roadmapping how to max out your process,"Linhart, Alexander",Alexander,male,0.9999914495946162,True
Process improvement roadmapping how to max out your process,"Manderscheid, Jonas",Jonas,male,0.9999883877686782,True
Process improvement roadmapping how to max out your process,"Röglinger, Maximilian",Maximilian,male,0.9998238213451786,True
Process improvement roadmapping how to max out your process,"Schlott, Helen",Helen,female,0.9995416720748296,True
Visibility of business processes - An information processing perspective in the financial services industry,"Graupner, Enrico",Enrico,male,0.9996785043632522,True
Visibility of business processes - An information processing perspective in the financial services industry,"Schewer, Carsten",Carsten,male,0.9999179788184361,True
Visibility of business processes - An information processing perspective in the financial services industry,"Maedche, Alexander",Alexander,male,0.9999914495946162,True
Domain specific monitoring of business processes using concept probes,"Mos, Adrian",Adrian,male,0.998830188234461,True
Enriching cooking workflows with multimedia data from a high security cloud storage,"Bedué, Patrick",Patrick,male,0.9999373211096793,True
Enriching cooking workflows with multimedia data from a high security cloud storage,"Han, Wenxia",Wenxia,female,0.9820526534015774,True
Enriching cooking workflows with multimedia data from a high security cloud storage,"Hauschild, Mathias",Mathias,male,0.999948038650782,True
Enriching cooking workflows with multimedia data from a high security cloud storage,"Pötz, Maximilian",Maximilian,male,0.9998238213451786,True
Enriching cooking workflows with multimedia data from a high security cloud storage,"Minor, Mirjam",Mirjam,female,0.999514529682837,True
Modelling sensible business processes,"Simões, David",David,male,0.9999952928042082,True
Modelling sensible business processes,"Thuan, Nguyen Hoang",Nguyen,male,0.7300599410539637,False
Modelling sensible business processes,"Jonnavithula, Lalitha",Lalitha,female,0.9999985918894523,True
Modelling sensible business processes,"Antunes, Pedro",Pedro,male,0.9999821167297533,True
BPIM: A multi-view model for business process instances,"Moghadam, Nima",Nima,male,0.7331843419872531,False
BPIM: A multi-view model for business process instances,"Paik, Hye-Young",Hye,female,0.999378251992488,True
Adapting processes via adaptation processes: A flexible and cloud-capable adaptation approach for dynamic business process management,"Oberhauser, Roy",Roy,male,0.9999319550277614,True
Enhancing organizational performance through event-based Process predictions,"Krumeich, Julian",Julian,male,0.9999128116879805,True
Enhancing organizational performance through event-based Process predictions,"Werth, Dirk",Dirk,male,0.9999427916159628,True
Enhancing organizational performance through event-based Process predictions,"Loos, Peter",Peter,male,0.9999580684529622,True
Major Issues in Business Process Management: Key Concerns presented in Academy from a Brazilian Perspective,"Confort, Valdemar T.F.",Valdemar,male,0.9999663435582248,True
Major Issues in Business Process Management: Key Concerns presented in Academy from a Brazilian Perspective,"Santoro, Flávia Maria",Flávia,female,0.9980152096934121,True
Feedback on the integration of a serious game in the Business Process Management learning,"Tantan, Olfa",Olfa,female,0.9929172824051062,True
Feedback on the integration of a serious game in the Business Process Management learning,"Lang, Daniel",Daniel,male,0.9999484956264236,True
Feedback on the integration of a serious game in the Business Process Management learning,"Boughzala, Imed",Imed,male,0.9998879697632816,True
Towards goal-oriented conformance checking,"Horita, Hiroki",Hiroki,male,0.9997470067414045,True
Towards goal-oriented conformance checking,"Hirayama, Hideaki",Hideaki,male,0.9917023485481563,True
Towards goal-oriented conformance checking,"Tahara, Yasuyuki",Yasuyuki,male,0.999551346307097,True
Towards goal-oriented conformance checking,"Ohsuga, Akihiko",Akihiko,male,0.9871782725161492,True
SUPER: Social-based business process management framework,"Maamar, Zakaria",Zakaria,male,0.9847095380844968,True
SUPER: Social-based business process management framework,"Sakr, Sherif",Sherif,male,0.9999709009816719,True
SUPER: Social-based business process management framework,"Faci, Noura",Noura,female,0.9992392598868125,True
SUPER: Social-based business process management framework,"Boukhebouze, Mohamed",Mohamed,male,0.9999971268152898,True
SUPER: Social-based business process management framework,"Barnawi, Ahmed",Ahmed,male,0.9999977341795334,True
Bitemporal support for business process contingency management,"Wondoh, John",John,male,0.9999985032120171,True
Bitemporal support for business process contingency management,"Grossmann, Georg",Georg,male,0.9999050343867972,True
Bitemporal support for business process contingency management,"Gasevic, Dragan",Dragan,male,0.999987607841517,True
Bitemporal support for business process contingency management,"Reichert, Manfred",Manfred,male,0.9999883382145358,True
Bitemporal support for business process contingency management,"Schrefl, Michael",Michael,male,0.9999876221560686,True
Bitemporal support for business process contingency management,"Stumptner, Markus",Markus,male,0.9999735872978276,True
Organisational issues in modelling business processes: An activity-based inventory and directions for research,"Jonnavithula, Lalitha",Lalitha,female,0.9999985918894523,True
Organisational issues in modelling business processes: An activity-based inventory and directions for research,"Antunes, Pedro",Pedro,male,0.9999821167297533,True
Organisational issues in modelling business processes: An activity-based inventory and directions for research,"Cranefield, Jocelyn",Jocelyn,female,0.999051563715797,True
Organisational issues in modelling business processes: An activity-based inventory and directions for research,"Pino, José A.",José,male,0.9960913709996708,True
A visual analysis of the process of process modeling,"Claes, Jan",Jan,unknown,0.5504849119650672,False
A visual analysis of the process of process modeling,"Vanderfeesten, Irene",Irene,female,0.9999787388905271,True
A visual analysis of the process of process modeling,"Pinggera, Jakob",Jakob,male,0.9999964001487215,True
A visual analysis of the process of process modeling,"Reijers, Hajo A.",Hajo,unknown,0.6060434118944652,False
A visual analysis of the process of process modeling,"Weber, Barbara",Barbara,female,0.999979214602181,True
A visual analysis of the process of process modeling,"Poels, Geert",Geert,male,0.9998608924148286,True
BAB Framework: Process Mining on Cloud,"Sutrisnowati, Riska Asriana",Riska,female,0.9967686088153107,True
BAB Framework: Process Mining on Cloud,"Bae, Hyerim",Hyerim,female,0.9938731868327746,True
BAB Framework: Process Mining on Cloud,"Pulshashi, Iq Reviessay",Iq,male,0.9975646691503447,True
BAB Framework: Process Mining on Cloud,"Putra, Ahmad Dzulfikar Adi",Ahmad,male,0.9999926458308085,True
BAB Framework: Process Mining on Cloud,"Prastyabudi, Wahyu Andy",Wahyu,male,0.9709450395153938,True
BAB Framework: Process Mining on Cloud,"Park, Sanghyuck",Sanghyuck,unknown,0.6180270606314551,False
BAB Framework: Process Mining on Cloud,"Joo, Byeongjun",Byeongjun,unknown,0.7102782478114872,False
BAB Framework: Process Mining on Cloud,"Choi, Yulim",Yulim,female,0.983612723161837,True
What performance & capacity people need to know about intelligent BPM,"Rhodes, John",John,male,0.9999985032120171,True
What performance & capacity people need to know about intelligent BPM,"Kalm, Denise P.",Denise,female,0.9999800274983086,True
Perioperative workflow and patient care documentation perpetuated through electronic medical records via integrated hospital information systems,"Ryan, Jim",Jim,male,0.999978699711865,True
Perioperative workflow and patient care documentation perpetuated through electronic medical records via integrated hospital information systems,"Doster, Barbara",Barbara,female,0.999979214602181,True
Perioperative workflow and patient care documentation perpetuated through electronic medical records via integrated hospital information systems,"Daily, Sandra",Sandra,female,0.999979542732284,True
Perioperative workflow and patient care documentation perpetuated through electronic medical records via integrated hospital information systems,"Ryan, Rosemary",Rosemary,female,0.9998492042562326,True
Perioperative workflow and patient care documentation perpetuated through electronic medical records via integrated hospital information systems,"Lewis, Carmen",Carmen,female,0.9959647241082684,True
Dynamic constructs competition miner - occurrence- vs. time-based ageing,"Redlich, David",David,male,0.9999952928042082,True
Dynamic constructs competition miner - occurrence- vs. time-based ageing,"Molka, Thomas",Thomas,male,0.9999981017477207,True
Dynamic constructs competition miner - occurrence- vs. time-based ageing,"Gilani, Wasif",Wasif,male,0.9999707412768138,True
Dynamic constructs competition miner - occurrence- vs. time-based ageing,"Blair, Gordon",Gordon,male,0.999986639612892,True
Dynamic constructs competition miner - occurrence- vs. time-based ageing,"Rashid, Awais",Awais,male,0.9998645973538794,True
Business process modeling support by depictive and descriptive diagrams,"Koschmider, Agnes",Agnes,female,0.9996094304167977,True
Business process modeling support by depictive and descriptive diagrams,"Caporale, Timm",Timm,male,0.9998394559952749,True
Business process modeling support by depictive and descriptive diagrams,"Fellmann, Michael",Michael,male,0.9999876221560686,True
Business process modeling support by depictive and descriptive diagrams,"Lehner, Jonas",Jonas,male,0.9999883877686782,True
Business process modeling support by depictive and descriptive diagrams,"Oberweis, Andreas",Andreas,male,0.9999763395171621,True
Business process model matching: An approach based on semantics and structure,"Makni, Lobna",Lobna,female,0.9951801687448607,True
Business process model matching: An approach based on semantics and structure,"Haddar, Nahla Zaaboub",Nahla,female,0.9999916768069279,True
Business process model matching: An approach based on semantics and structure,"Ben-Abdallah, Hanêne",Hanêne,female,0.9994449701980372,True
BPM supported privacy by design for cross-organization business processes,"Stevovic, Jovan",Jovan,male,0.9943462207797679,True
BPM supported privacy by design for cross-organization business processes,"Sottovia, Paolo",Paolo,male,0.9999357526976299,True
BPM supported privacy by design for cross-organization business processes,"Marchese, Maurizio",Maurizio,male,0.9999056951422044,True
BPM supported privacy by design for cross-organization business processes,"Armellin, Giampaolo",Giampaolo,male,0.9998890852938298,True
VMES: Virtualization aware manufacturing execution system,"Morariu, Octavian",Octavian,male,0.9997453820734493,True
VMES: Virtualization aware manufacturing execution system,"Borangiu, Theodor",Theodor,male,0.9999935600165321,True
VMES: Virtualization aware manufacturing execution system,"Raileanu, Silviu",Silviu,male,0.9998461978281664,True
Are instructions via e-mail suitable? How to choose an effective communication medium after changes in it-enabled workflows,"Lederer, Matthias",Matthias,male,0.9999337682187655,True
Are instructions via e-mail suitable? How to choose an effective communication medium after changes in it-enabled workflows,"Missal, Felix",Felix,male,0.9998848338420872,True
Experiences from selecting a BPM notation for an enterprise,"Sandkuhl, Kurt",Kurt,male,0.9999499590383706,True
Experiences from selecting a BPM notation for an enterprise,"Wiebring, Jörn",Jörn,male,0.9996786468901714,True
Conceptual knowledge relationship model of enterprise architecture and top management roles,"Ahmad, Hawa",Hawa,female,0.999978902861942,True
Conceptual knowledge relationship model of enterprise architecture and top management roles,"Ahmad, Aishah",Aishah,female,0.9996445532235788,True
Conceptual knowledge relationship model of enterprise architecture and top management roles,"Hafaz, Nik Hazliana Nik Abdullah",Nik,male,0.9925137918260889,True
A survey on handling data in business process models,"Marrella, Andrea",Andrea,female,0.9990642945711071,True
A survey on handling data in business process models,"Mecella, Massimo",Massimo,male,0.9998962669439312,True
A survey on handling data in business process models,"Russo, Alessandro",Alessandro,male,0.9999636677574057,True
A survey on handling data in business process models,"Steinau, Sebastian",Sebastian,male,0.9999469726859632,True
A survey on handling data in business process models,"Andrews, Kevin",Kevin,male,0.9999799402805698,True
A survey on handling data in business process models,"Reichert, Manfred",Manfred,male,0.9999883382145358,True
Using intentional fragments to bridge the gap between organizational and intentional levels,"Cortes-Cornax, M.",,unknown,0,False
Using intentional fragments to bridge the gap between organizational and intentional levels,"Matei, A.",,unknown,0,False
Using intentional fragments to bridge the gap between organizational and intentional levels,"Dupuy-Chessa, S.",,unknown,0,False
Using intentional fragments to bridge the gap between organizational and intentional levels,"Rieu, D.",,unknown,0,False
Using intentional fragments to bridge the gap between organizational and intentional levels,"Mandran, N.",,unknown,0,False
Using intentional fragments to bridge the gap between organizational and intentional levels,"Letier, E.",,unknown,0,False
Using BPMN to simplify IMF caption & subtitle creation,"Devlin, Bruce",Bruce,male,0.9998928059585829,True
Using BPMN to simplify IMF caption & subtitle creation,"Adler, Simon",Simon,male,0.9999853866925988,True
Production process monitoring using model-driven event processing networks,"Koetter, Falko",Falko,male,0.9938941136601905,True
Production process monitoring using model-driven event processing networks,"Krause, Tobias",Tobias,male,0.9999755650213412,True
Experiencing adaptive case management capabilities with cognoscenti,"Collenbusch, Danielle",Danielle,female,0.9999922219709306,True
Experiencing adaptive case management capabilities with cognoscenti,"Sauter, Anja",Anja,female,0.9999958128177637,True
Experiencing adaptive case management capabilities with cognoscenti,"Tastekil, Ipek",Ipek,female,0.9986936595133201,True
Experiencing adaptive case management capabilities with cognoscenti,"Uslu, Denise",Denise,female,0.9999800274983086,True
Information logistics as a paradigm,"Bobkowska, Anna E.",Anna,female,0.9999976672321713,True
BPM: A bad page management strategy for the lifetime extension of flash memory,"Wei, Debao",Debao,male,0.9878327378477915,True
BPM: A bad page management strategy for the lifetime extension of flash memory,"Qiao, Liyan",Liyan,female,0.9908829691395896,True
BPM: A bad page management strategy for the lifetime extension of flash memory,"Zhang, Peng",Peng,male,0.987794148873926,True
BPM: A bad page management strategy for the lifetime extension of flash memory,"Peng, Xiyuan",Xiyuan,unknown,0.6663320830302963,False
Construction of a cloud computing platform for medical logistics service,"Qi, Fang-Zhong",Fang,female,0.9891921110977769,True
Construction of a cloud computing platform for medical logistics service,"Wang, Jun-Feng",Jun,male,0.9972113548054844,True
Impact of socio-technical network on process performance,"Liu, Rong",Rong,unknown,0.7174724947670523,False
Impact of socio-technical network on process performance,"Kumar, Akhil",Akhil,male,0.999973180302116,True
Knowledge management and decision support in adaptive case management platforms,"Osuszek, Łukasz",Łukasz,male,0.9973502889660565,True
Knowledge management and decision support in adaptive case management platforms,"Stanek, Stanisław",Stanisław,male,0.9999664455353938,True
Towards a business process model transformations framework,"Bouchbout, Khoutir",Khoutir,male,0.6670352566472404,False
Towards a business process model transformations framework,"Khaldoun, Sarah",Sarah,female,0.999855391232182,True
Towards a business process model transformations framework,"Marouf, Saber",Saber,male,0.9869120972273187,True
Enhanced method for quality-fit (ISO 9001) operations within the automotive industry,"Sivri, Serdal D.",Serdal,male,0.9990392903981664,True
Enhanced method for quality-fit (ISO 9001) operations within the automotive industry,"Hennersdorf, Sibylle",Sibylle,female,0.9999903275212858,True
Enhanced method for quality-fit (ISO 9001) operations within the automotive industry,"Krallmann, Hermann",Hermann,male,0.9997308872769081,True
From business process models to capability models,"Koç, Hasan",Hasan,male,0.9999706752604077,True
From business process models to capability models,"Sandkuhl, Kurt",Kurt,male,0.9999499590383706,True
Static weaving in aspect oriented business process management,"Jalali, Amin",Amin,male,0.999758654462319,True
Effectiveness of role plays on processoriented behaviour in daily work practices: An analysis in the financial services sector,"Leyer, Michael",Michael,male,0.9999876221560686,True
Effectiveness of role plays on processoriented behaviour in daily work practices: An analysis in the financial services sector,"Hirzel, Ann-Kathrin",Ann,female,0.9999537991917057,True
Effectiveness of role plays on processoriented behaviour in daily work practices: An analysis in the financial services sector,"Moormann, Jürgen",Jürgen,male,0.9977530655334812,True
Process mining as a modelling tool: Beyond the domain of business process management,"Cerone, Antonio",Antonio,male,0.9999433950349952,True
Data-Centric Business Process Improvement A Data-Centric Approach for Business Process Improvement Based on Decision Theory,"Bazhenova, Ekaterina",Ekaterina,female,0.9999977076002395,True
Case example. Deutsche Bahn AG: FINK - With BPM managing complex specialized processes in environmental protection; [Praxisbeispiel Deutsche Bahn AG: FINK - Mit BPM komplexe Fachprozesse im Umweltschutz managen],"Bloching, Svetlana",Svetlana,female,0.9999898478108317,True
Case example. Deutsche Bahn AG: FINK - With BPM managing complex specialized processes in environmental protection; [Praxisbeispiel Deutsche Bahn AG: FINK - Mit BPM komplexe Fachprozesse im Umweltschutz managen],"Neumann, Jürgen",Jürgen,male,0.9977530655334812,True
Case example. Deutsche Bahn AG: FINK - With BPM managing complex specialized processes in environmental protection; [Praxisbeispiel Deutsche Bahn AG: FINK - Mit BPM komplexe Fachprozesse im Umweltschutz managen],"Rabener, Iris",Iris,female,0.9996987853741394,True
Case example. Deutsche Bahn AG: FINK - With BPM managing complex specialized processes in environmental protection; [Praxisbeispiel Deutsche Bahn AG: FINK - Mit BPM komplexe Fachprozesse im Umweltschutz managen],"Rau, Ingo",Ingo,male,0.9999333804098659,True
The process of process management mastering the new normal in a digital world,"Kirchmer, Mathias",Mathias,male,0.999948038650782,True
Achieving sustainable development by integrating it into the business process management system,"Rozman, Tomislav",Tomislav,male,0.9999800652669941,True
Achieving sustainable development by integrating it into the business process management system,"Draghici, Anca",Anca,female,0.9999475242567216,True
Achieving sustainable development by integrating it into the business process management system,"Riel, Andreas",Andreas,male,0.9999763395171621,True
VarBPM A product line for creating business process model variants,"Sinnhofer, Andreas Daniel",Andreas,male,0.9999763395171621,True
VarBPM A product line for creating business process model variants,"Pühringer, Peter",Peter,male,0.9999580684529622,True
VarBPM A product line for creating business process model variants,"Kreiner, Christian",Christian,male,0.9993987974523811,True
Design and implementation of a workflow oriented ERP system,"Molńar, Bálint",Bálint,male,0.9867788093812618,True
Design and implementation of a workflow oriented ERP system,"Márías, Zsigmond",Zsigmond,male,0.986689069466437,True
Lessons learned from experimental prototype development for KPI acquisition and modeling from legacy ERP systems,"Alksnis, Gundars",Gundars,male,0.9980846917372802,True
Lessons learned from experimental prototype development for KPI acquisition and modeling from legacy ERP systems,"Asnina, Erika",Erika,female,0.9999940127953302,True
Lessons learned from experimental prototype development for KPI acquisition and modeling from legacy ERP systems,"Finke, Anita",Anita,female,0.9999978349336646,True
Lessons learned from experimental prototype development for KPI acquisition and modeling from legacy ERP systems,"Kirikova, Marite",Marite,female,0.9999962509037612,True
A business process based method for capability modelling,"Koç, Hasan",Hasan,male,0.9999706752604077,True
A business process based method for capability modelling,"Sandkuhl, Kurt",Kurt,male,0.9999499590383706,True
An experiment for measuring business process maturity with different maturity models,"Van Looy, Amy",Amy,female,0.9999688840881918,True
Graph theory and model collection management: conceptual framework and runtime analysis of selected graph algorithms,"Breuker, Dominic",Dominic,male,0.9999608949001698,True
Graph theory and model collection management: conceptual framework and runtime analysis of selected graph algorithms,"Delfmann, Patrick",Patrick,male,0.9999373211096793,True
Graph theory and model collection management: conceptual framework and runtime analysis of selected graph algorithms,"Dietrich, Hanns-Alexander",Hanns,male,0.9970354834946082,True
Graph theory and model collection management: conceptual framework and runtime analysis of selected graph algorithms,"Steinhorst, Matthias",Matthias,male,0.9999337682187655,True
Selecting the “right” notation for business process modeling: Experiences from an industrial case,"Wiebring, Jörn",Jörn,male,0.9996786468901714,True
Selecting the “right” notation for business process modeling: Experiences from an industrial case,"Sandkuhl, Kurt",Kurt,male,0.9999499590383706,True
Towards smart logistics process management,"Mousheimish, Raef",Raef,male,0.9999947405681093,True
Towards smart logistics process management,"Taher, Yehia",Yehia,male,0.9944898591545096,True
Towards smart logistics process management,"Finance, Béatrice",Béatrice,female,0.9987043268570328,True
Incorporating analytics into a business process modelling course,"Gottipati, Swapna",Swapna,female,0.9999938709909919,True
Incorporating analytics into a business process modelling course,"Shankararaman, Venky",Venky,male,0.9867760123703313,True
Workflow processing using ERP objects,"Selmeci, Attila",Attila,male,0.9939835703019426,True
Workflow processing using ERP objects,"Orosz, Tamás",Tamás,male,0.9996409600131632,True
Workflow processing using ERP objects,"Orosz, István",István,male,0.9969008401939056,True
Opportunities for business process semantization in open-source process execution environments,"Kluza, Krzysztof",Krzysztof,male,0.9999579894277437,True
Opportunities for business process semantization in open-source process execution environments,"Kaczor, Krzysztof",Krzysztof,male,0.9999579894277437,True
Opportunities for business process semantization in open-source process execution environments,"Nalepa, Grzegorz J.",Grzegorz,male,0.9998641275902351,True
Opportunities for business process semantization in open-source process execution environments,"͆lazyński, Mateusz",Mateusz,male,0.9996485042211498,True
The simulation of optical IR-UWB doublet pulse generation and Fiber Transmission,"He, Jing",Jing,female,0.990305236721775,True
The simulation of optical IR-UWB doublet pulse generation and Fiber Transmission,"Huang, Yuan",Yuan,male,0.6305973625632009,False
The simulation of optical IR-UWB doublet pulse generation and Fiber Transmission,"Chen, Lin",Lin,female,0.9884401263971199,True
The simulation of optical IR-UWB doublet pulse generation and Fiber Transmission,"Su, Jinshu",Jinshu,female,0.7641387620560152,True
Towards a semantic enrichment of configurable process models,"Faquih, Loubna El",Loubna,female,0.9999927230703592,True
Towards a semantic enrichment of configurable process models,"Sbai, Hanae",Hanae,female,0.9999551736829082,True
Towards a semantic enrichment of configurable process models,"Fredj, Mounia",Mounia,female,0.9999617223402388,True
Evaluation of Process Modeling Paradigms Enabling Flexibility,"Mejri, Asma",Asma,female,0.9999509248063684,True
Evaluation of Process Modeling Paradigms Enabling Flexibility,"Ghanouchi, Sonia Ayachi",Sonia,female,0.9999923290636098,True
Evaluation of Process Modeling Paradigms Enabling Flexibility,"Martinho, Ricardo",Ricardo,male,0.99996029299145,True
Semantic and structural performer clustering in BPMN models transformed into social network models,"Khlif, Wiem",Wiem,female,0.9917279205462783,True
Semantic and structural performer clustering in BPMN models transformed into social network models,"Ben-Abdallah, Hanêne",Hanêne,female,0.9994449701980372,True
"""BPELanon"": Protect business processes on the cloud","Skouradaki, Marigianna",Marigianna,female,0.80114336169702,True
"""BPELanon"": Protect business processes on the cloud","Ferme, Vincenzo",Vincenzo,male,0.9998085367289719,True
"""BPELanon"": Protect business processes on the cloud","Leymann, Frank",Frank,male,0.999947578866658,True
"""BPELanon"": Protect business processes on the cloud","Pautasso, Cesare",Cesare,male,0.9996423685346849,True
"""BPELanon"": Protect business processes on the cloud","Roller, Dieter H.",Dieter,male,0.9999629369688875,True
A framework supporting the analysis of process logs stored in either relational or NoSQL DBMSS,"Fazzinga, Bettina",Bettina,female,0.99999719251176,True
A framework supporting the analysis of process logs stored in either relational or NoSQL DBMSS,"Flesca, Sergio",Sergio,male,0.9999761025266936,True
A framework supporting the analysis of process logs stored in either relational or NoSQL DBMSS,"Furfaro, Filippo",Filippo,male,0.9999393291492403,True
A framework supporting the analysis of process logs stored in either relational or NoSQL DBMSS,"Masciari, Elio",Elio,male,0.9999283379886147,True
A framework supporting the analysis of process logs stored in either relational or NoSQL DBMSS,"Pontieri, Luigi",Luigi,male,0.9997527871316405,True
A framework supporting the analysis of process logs stored in either relational or NoSQL DBMSS,"Pulice, Chiara",Chiara,female,0.9999918135427956,True
How social software can support business process management - Developing a framework,"Kettenbohrer, Janina",Janina,female,0.9999974412154872,True
How social software can support business process management - Developing a framework,"Beimborn, Daniel",Daniel,male,0.9999484956264236,True
How social software can support business process management - Developing a framework,"Fischer, Dorit",Dorit,female,0.9998472063987277,True
How social software can support business process management - Developing a framework,"Kloppenburg, Mirko",Mirko,male,0.9997269613326661,True
Conceptualizing a network process model based production platform,"Knothe, Thomas",Thomas,male,0.9999981017477207,True
Conceptualizing a network process model based production platform,"Zoch, Adrian",Adrian,male,0.998830188234461,True
Conceptualizing a network process model based production platform,"Meißner, Malte",Malte,male,0.9918146394198525,True
Information quality in dynamic networked business process management,"Rasouli, Mohammad R.",Mohammad,male,0.9999978931239886,True
Information quality in dynamic networked business process management,"Eshuis, Rik",Rik,male,0.999965618838259,True
Information quality in dynamic networked business process management,"Trienekens, Jos J. M.",Jos,male,0.9997510087962823,True
Information quality in dynamic networked business process management,"Kusters, Rob J.",Rob,male,0.9999922862201587,True
Information quality in dynamic networked business process management,"Grefen, Paul W. P. J.",Paul,male,0.999990342528266,True
Integrated process oriented requirements management,"Wintrich, Nikolaus",Nikolaus,male,0.9999465734434343,True
Integrated process oriented requirements management,"Gering, Patrick",Patrick,male,0.9999373211096793,True
Integrated process oriented requirements management,"Meissner, Malte",Malte,male,0.9918146394198525,True
IT-enabled adaptive open innovation,"Huber, Sebastian",Sebastian,male,0.9999469726859632,True
IT-enabled adaptive open innovation,"Schott, Peter",Peter,male,0.9999580684529622,True
IT-enabled adaptive open innovation,"Lederer, Matthias",Matthias,male,0.9999337682187655,True
Process extraction from texts using semantic unification,"Sokolov, Konstantin",Konstantin,male,0.999857334029376,True
Process extraction from texts using semantic unification,"Timofeev, Dimitri",Dimitri,male,0.9996214170653422,True
Process extraction from texts using semantic unification,"Samochadin, Alexander",Alexander,male,0.9999914495946162,True
Business Process Management for legal domains: Supporting execution and management of preliminary injunctions,"Capuzzimati, Federico",Federico,male,0.999947511448034,True
Business Process Management for legal domains: Supporting execution and management of preliminary injunctions,"Violato, Andrea",Andrea,female,0.9990642945711071,True
Business Process Management for legal domains: Supporting execution and management of preliminary injunctions,"Baldoni, Matteo",Matteo,male,0.9999519863854803,True
Business Process Management for legal domains: Supporting execution and management of preliminary injunctions,"Boella, Guido",Guido,male,0.999905551240006,True
Do mature business processes lead to improved performance?-A review of literature for empirical evidence,"Tarhan, A.",,unknown,0,False
Do mature business processes lead to improved performance?-A review of literature for empirical evidence,"Turetken, O.",,unknown,0,False
Do mature business processes lead to improved performance?-A review of literature for empirical evidence,"Reijers, H.A.",H.A.,male,0.9978547993886707,True
A Rule-Based Language for Integrating Business Processes and Business Rules,"Pham, Tuan Anh",Tuan,male,0.9998762255131747,True
A Rule-Based Language for Integrating Business Processes and Business Rules,"Thanh, Nhan Le",Nhan,male,0.994040164005926,True
Towards formal verification of business process using a graphical specification,"El Hichami, Outman",Outman,male,0.999365636165705,True
Towards formal verification of business process using a graphical specification,"Mohajir, Badr Eddine El",Badr,male,0.9998355115368831,True
Towards formal verification of business process using a graphical specification,"Achhab, Mohammed Al",Mohammed,male,0.99999732840862,True
Towards formal verification of business process using a graphical specification,"Berrada, Ismail",Ismail,male,0.9999380756964177,True
Towards formal verification of business process using a graphical specification,"Oucheikh, Rachid",Rachid,male,0.9999913462472123,True
Using the process-assets framework for creating a holistic view over process documentation,"Josefsson, Magnus",Magnus,male,0.9999384043041677,True
Using the process-assets framework for creating a holistic view over process documentation,"Widman, Kim",Kim,female,0.9884323514222398,True
Using the process-assets framework for creating a holistic view over process documentation,"Bider, Ilia",Ilia,female,0.7355633110002426,False
Leveraging textual information for improving decision-making in the business process lifecycle,"Schmidt, Rainer",Rainer,male,0.9999264596357705,True
Leveraging textual information for improving decision-making in the business process lifecycle,"Möhring, Michael",Michael,male,0.9999876221560686,True
Leveraging textual information for improving decision-making in the business process lifecycle,"Härting, Ralf-Christian",Ralf,male,0.9999738177966511,True
Leveraging textual information for improving decision-making in the business process lifecycle,"Zimmermann, Alfred",Alfred,male,0.999993889484819,True
Leveraging textual information for improving decision-making in the business process lifecycle,"Heitmann, Jan",Jan,unknown,0.5504849119650672,False
Leveraging textual information for improving decision-making in the business process lifecycle,"Blum, Franziska",Franziska,female,0.9999948013846526,True
Towards cognitive BPM as the next generation BPM platform for analytics-driven business processes,"Motahari Nezhad, Hamid R.",Hamid,male,0.9999253565264725,True
Towards cognitive BPM as the next generation BPM platform for analytics-driven business processes,"Akkiraju, Rama",Rama,female,0.8959391705792412,True
Verification and validation of UML artifact-centric business process models,"Estañol, Montserrat",Montserrat,female,0.9996665718044369,True
Verification and validation of UML artifact-centric business process models,"Sancho, Maria-Ribera",Maria,female,0.9999948398304921,True
Verification and validation of UML artifact-centric business process models,"Teniente, Ernest",Ernest,male,0.9998256071543871,True
A language for process map design,"Malinova, Monika",Monika,female,0.999996989457821,True
Heterogeneous business process management: A metamodel-based approach,"Azzini, Antonia",Antonia,female,0.9999709461144286,True
Heterogeneous business process management: A metamodel-based approach,"Ceravolo, Paolo",Paolo,male,0.9999357526976299,True
Heterogeneous business process management: A metamodel-based approach,"Damiani, Ernesto",Ernesto,male,0.9998480650905026,True
Heterogeneous business process management: A metamodel-based approach,"Scarabottolo, Nello",Nello,male,0.9995131074030141,True
Heterogeneous business process management: A metamodel-based approach,"Zavatarelli, Francesco",Francesco,male,0.9999449415190484,True
Heterogeneous business process management: A metamodel-based approach,"Vicari, Claudia",Claudia,female,0.9999814071022761,True
Heterogeneous business process management: A metamodel-based approach,"Savarino, Vincenzo",Vincenzo,male,0.9998085367289719,True
Designing and evaluating an interpretable predictive modeling technique for business processes,"Breuker, Dominic",Dominic,male,0.9999608949001698,True
Designing and evaluating an interpretable predictive modeling technique for business processes,"Delfmann, Patrick",Patrick,male,0.9999373211096793,True
Designing and evaluating an interpretable predictive modeling technique for business processes,"Matzner, Martin",Martin,male,0.9998539477569732,True
Designing and evaluating an interpretable predictive modeling technique for business processes,"Becker, Jörg",Jörg,male,0.9995939947892971,True
Technology Monitoring System to Improve the Competitiveness and Innovation in Colombian Companies,"Ortega, Alvaro Espinel",Alvaro,male,0.9999757446770866,True
Technology Monitoring System to Improve the Competitiveness and Innovation in Colombian Companies,"Escobar, Adriana Marcela Vega",Adriana,female,0.9999969905972506,True
Technology Monitoring System to Improve the Competitiveness and Innovation in Colombian Companies,"García, Víctor Martín",Víctor,male,0.9993763434433499,True
Privacy-aware scheduling for inter-organizational processes,"Hochreiner, Christoph",Christoph,male,0.9996583666010818,True
Assisting the deployment of security-sensitive workflows by finding execution scenarios,"dos Santos, Daniel R.",Daniel,male,0.9999484956264236,True
Assisting the deployment of security-sensitive workflows by finding execution scenarios,"Ranise, Silvio",Silvio,male,0.9999588568115965,True
Assisting the deployment of security-sensitive workflows by finding execution scenarios,"Compagna, Luca",Luca,male,0.994050482423027,True
Assisting the deployment of security-sensitive workflows by finding execution scenarios,"Ponta, Serena E.",Serena,female,0.9999962616780754,True
"Personal, social and event organization through web and mobile apps: The Fluxedo case","Bancora, Max",Max,male,0.9999943791406495,True
"Personal, social and event organization through web and mobile apps: The Fluxedo case","Brambilla, Marco",Marco,male,0.9998964214527616,True
"Personal, social and event organization through web and mobile apps: The Fluxedo case","Ripamonti, Davide",Davide,male,0.9995122693716512,True
"Personal, social and event organization through web and mobile apps: The Fluxedo case","Vaccarella, Andrea",Andrea,female,0.9990642945711071,True
An explorative study for process map design,"Malinova, Monika",Monika,female,0.999996989457821,True
An explorative study for process map design,"Leopold, Henrik",Henrik,male,0.9999612355431858,True
An explorative study for process map design,"Mendling, Jan",Jan,unknown,0.5504849119650672,False
jBPM4S: A multi-tenant extension of jBPM to support BPaaS,"Yu, Dongjin",Dongjin,male,0.9845686592885412,True
jBPM4S: A multi-tenant extension of jBPM to support BPaaS,"Zhu, Qi",Qi,unknown,0.7168904722752344,False
jBPM4S: A multi-tenant extension of jBPM to support BPaaS,"Guo, Dalong",Dalong,male,0.9843073993211761,True
jBPM4S: A multi-tenant extension of jBPM to support BPaaS,"Huang, Binbin",Binbin,female,0.9301468560633649,True
jBPM4S: A multi-tenant extension of jBPM to support BPaaS,"Su, Jianwen",Jianwen,male,0.8837649764597039,True
Inspection coming due! how to determine the service interval of your processes!,"Manderscheid, Jonas",Jonas,male,0.9999883877686782,True
Inspection coming due! how to determine the service interval of your processes!,"Reißner, Daniel",Daniel,male,0.9999484956264236,True
Inspection coming due! how to determine the service interval of your processes!,"Röglinger, Maximilian",Maximilian,male,0.9998238213451786,True
A foundation for dynamic workflow patterns,"Lam, Vitus S.W.",Vitus,male,0.9996010798476797,True
OPC UA interface for a BPM suite to enable seamless process management,"Kannengiesser, Udo",Udo,male,0.9993990197381508,True
OPC UA interface for a BPM suite to enable seamless process management,"Neubauer, Matthias",Matthias,male,0.9999337682187655,True
OPC UA interface for a BPM suite to enable seamless process management,"Heininger, Richard",Richard,male,0.9999944029565571,True
Petri net model cost extension based on process mining: Cost data description and analysis,"Thabet, Dhafer",Dhafer,male,0.999561278861567,True
Petri net model cost extension based on process mining: Cost data description and analysis,"Ghannouchi, Sonia Ayachi",Sonia,female,0.9999923290636098,True
Petri net model cost extension based on process mining: Cost data description and analysis,"Ghézala, Henda Hajjami Ben",Henda,female,0.9889631123768721,True
Efficient process model discovery using maximal pattern mining,"Liesaputra, Veronica",Veronica,female,0.9999932753929621,True
Efficient process model discovery using maximal pattern mining,"Yongchareon, Sira",Sira,female,0.9999386399285821,True
Efficient process model discovery using maximal pattern mining,"Chaisiri, Sivadon",Sivadon,male,0.9992132356224147,True
A method for modeling and analyzing business processes for knowledge carriers,"Caporale, Timm",Timm,male,0.9998394559952749,True
Proposals for a virtual machine for business processes,"Prinz, Thomas M.",Thomas,male,0.9999981017477207,True
Supporting legal requirements in the design of public processes,"Cherouana, Amina",Amina,female,0.9999975049995746,True
Supporting legal requirements in the design of public processes,"Mahdaoui, Latifa",Latifa,female,0.9999976514586271,True
Machine learning agents in the cloud to support smart business process management,"Gamoura, Samia",Samia,female,0.9999853575292066,True
Machine learning agents in the cloud to support smart business process management,"Buzon, Laurent",Laurent,male,0.9995686397331167,True
Machine learning agents in the cloud to support smart business process management,"Derrouiche, Ridha",Ridha,unknown,0.5696967994164317,False
PM2: A process mining project methodology,"Van Eck, Maikel L",Maikel,male,0.999949230492523,True
PM2: A process mining project methodology,"Lu, Xixi",Xixi,female,0.9841624129902592,True
PM2: A process mining project methodology,"Leemans, Sander J. J",Sander,male,0.9998363444871542,True
PM2: A process mining project methodology,"Van Der Aalst, Wil M. P",Wil,male,0.9988491702309068,True
A systematic approach for evaluating BPM systems: Case studies on open source and proprietary tools,"Delgado, Andrea",Andrea,female,0.9990642945711071,True
A systematic approach for evaluating BPM systems: Case studies on open source and proprietary tools,"Calegari, Daniel",Daniel,male,0.9999484956264236,True
A systematic approach for evaluating BPM systems: Case studies on open source and proprietary tools,"Milanese, Pablo",Pablo,male,0.9999522824750242,True
A systematic approach for evaluating BPM systems: Case studies on open source and proprietary tools,"Falcon, Renatta",Renatta,female,0.9999963938435839,True
A systematic approach for evaluating BPM systems: Case studies on open source and proprietary tools,"García, Esteban",Esteban,male,0.9999482005053317,True
Evaluation of paradigms enabling flexibility: BPMSs comparative study,"Mejri, Asma",Asma,female,0.9999509248063684,True
Evaluation of paradigms enabling flexibility: BPMSs comparative study,"Ghanouchi, Sonia Ayachi",Sonia,female,0.9999923290636098,True
Smart maintenance to support digital life,"Bergenti, Federico",Federico,male,0.999947511448034,True
Smart maintenance to support digital life,"Chiappone, Massimo",Massimo,male,0.9998962669439312,True
Smart maintenance to support digital life,"Gotta, Danilo",Danilo,male,0.9997236714704757,True
Integrating the Internet of Things with business process management: A process-aware framework for Smart Objects,"Meroni, Giovanni",Giovanni,male,0.999396045165578,True
BPM in the cloud – trends and challenges (extended abstract),"Decker, Gero",Gero,male,0.9980286213175219,True
Business process management skills and roles: An investigation of the demand and supply side of BPM professionals,"Lohmann, Patrick",Patrick,male,0.9999373211096793,True
Business process management skills and roles: An investigation of the demand and supply side of BPM professionals,"Muehlen, Michael Zur",Michael,male,0.9999876221560686,True
A pattern-based approach to transform natural text from laws into compliance controls in the food industry,"Zasada, Andrea",Andrea,female,0.9990642945711071,True
A pattern-based approach to transform natural text from laws into compliance controls in the food industry,"Fellmann, Michael",Michael,male,0.9999876221560686,True
An impact study of business process models for requirements elicitation in XP,"Ordóñez, Hugo",Hugo,male,0.9999959578630685,True
An impact study of business process models for requirements elicitation in XP,"Villada, Andrés Felipe Escobar",Andrés,male,0.9991337707463355,True
An impact study of business process models for requirements elicitation in XP,"Vanegas, Diana Lorena Velandia",Diana,female,0.999995961950494,True
An impact study of business process models for requirements elicitation in XP,"Cobos, Carlos",Carlos,male,0.9999630239120895,True
An impact study of business process models for requirements elicitation in XP,"Ordóñez, Armando",Armando,male,0.9999506604483615,True
An impact study of business process models for requirements elicitation in XP,"Segovia, Rocio",Rocio,female,0.9992264738910933,True
Towards location-aware process modeling and execution,"Zhu, Xinwei",Xinwei,male,0.73585446057119,False
Towards location-aware process modeling and execution,"Zhu, Guobin",Guobin,male,0.982408136861994,True
Towards location-aware process modeling and execution,"vanden Broucke, Seppe K. L. M.",Seppe,male,0.9843615460127191,True
Towards location-aware process modeling and execution,"Vanthienen, Jan",Jan,unknown,0.5504849119650672,False
Towards location-aware process modeling and execution,"Baesens, Bart",Bart,male,0.9998763825923659,True
Hybrid service compositions: When BPM meets dynamic case management,"Traganos, Konstantinos",Konstantinos,male,0.9999558085455126,True
Hybrid service compositions: When BPM meets dynamic case management,"Grefen, Paul",Paul,male,0.999990342528266,True
Delineating worker-centered organizational work: Blending BPMS and social software features,"Alexopoulou, Nancy",Nancy,female,0.9999657563620072,True
Delineating worker-centered organizational work: Blending BPMS and social software features,"Stary, Christian",Christian,male,0.9993987974523811,True
Delineating worker-centered organizational work: Blending BPMS and social software features,"Oppl, Stefan",Stefan,male,0.9999831604184807,True
Changing the focus of an organization: From information systems to process aware information systems,"Delgado, Andrea",Andrea,female,0.9990642945711071,True
Changing the focus of an organization: From information systems to process aware information systems,"Calegari, Daniel",Daniel,male,0.9999484956264236,True
Extending CPN tools with ontologies to support the management of context-adaptive business processes,"Serral, Estefanía",Estefanía,female,0.9998639714042346,True
Extending CPN tools with ontologies to support the management of context-adaptive business processes,"De Smedt, Johannes",Johannes,male,0.9999887278356387,True
Extending CPN tools with ontologies to support the management of context-adaptive business processes,"Vanthienen, Jan",Jan,unknown,0.5504849119650672,False
Strategy to increase the state’s role in the business process management on the airport service market,"Gubenko, A.V.",A.V.,male,0.9820892062312492,True
Strategy to increase the state’s role in the business process management on the airport service market,"Ksenofontova, Tatiana Yurevna",Tatiana,female,0.9999984801405577,True
Supporting and assisting the execution of knowledge-intensive processes,"Mertens, Steven",Steven,male,0.9999938645828961,True
Evolutionary computation based discovery of hierarchical business process models,"Molka, Thomas",Thomas,male,0.9999981017477207,True
Evolutionary computation based discovery of hierarchical business process models,"Redlich, David",David,male,0.9999952928042082,True
Evolutionary computation based discovery of hierarchical business process models,"Gilani, Wasif",Wasif,male,0.9999707412768138,True
Evolutionary computation based discovery of hierarchical business process models,"Zeng, Xiao-Jun",Xiao,unknown,0.7140596202174592,False
Evolutionary computation based discovery of hierarchical business process models,"Drobek, Marc",Marc,male,0.9999669556997242,True
Evaluating the performance of a batch activity in process models,"Pufahl, Luise",Luise,female,0.9998936197750643,True
Evaluating the performance of a batch activity in process models,"Bazhenova, Ekaterina",Ekaterina,female,0.9999977076002395,True
Evaluating the performance of a batch activity in process models,"Weske, Mathias",Mathias,male,0.999948038650782,True
Enrichment of business process management with external data,"Masse, Pierre-Aymeric",Pierre,male,0.999741392176316,True
Automated analysis and adaptation of disaster response processes with place-related restrictions,"Hofmann, Marlen",Marlen,female,0.9968160984446262,True
Automated analysis and adaptation of disaster response processes with place-related restrictions,"Betke, Hans",Hans,male,0.9999270008633634,True
Automated analysis and adaptation of disaster response processes with place-related restrictions,"Sackmann, Stefan",Stefan,male,0.9999831604184807,True
Combining business processes and cloud services: A marketplace for processlets,"Sprovieri, Danillo",Danillo,male,0.9928066545355037,True
Combining business processes and cloud services: A marketplace for processlets,"Vogler, Sandro",Sandro,male,0.9999473217912795,True
Work systems paradigm and frames for fractal architecture of information systems,"Kirikova, Marite",Marite,female,0.9999962509037612,True
On improving the maintainability of compliance rules for business processes,"Niemand, Sven",Sven,male,0.9999829597136491,True
On improving the maintainability of compliance rules for business processes,"Feja, Sven",Sven,male,0.9999829597136491,True
On improving the maintainability of compliance rules for business processes,"Witt, Sören",Sören,male,0.9938018940061262,True
On improving the maintainability of compliance rules for business processes,"Speck, Andreas",Andreas,male,0.9999763395171621,True
Bonita BPM: An open-source BPM-based application development platform to build adaptable business applications,"Chabanoles, Nicolas",Nicolas,male,0.9999785911728513,True
Bonita BPM: An open-source BPM-based application development platform to build adaptable business applications,"Ozil, Philippe",Philippe,male,0.999830316752672,True
Production case management: A prototypical process engine to execute flexible business processes,"Haarmann, Stephan",Stephan,male,0.9999887311827451,True
Production case management: A prototypical process engine to execute flexible business processes,"Podlesny, Nikolai J.",Nikolai,male,0.9999229316933544,True
Production case management: A prototypical process engine to execute flexible business processes,"Hewelt, Marcin",Marcin,male,0.999854736332431,True
Production case management: A prototypical process engine to execute flexible business processes,"Meyer, Andreas",Andreas,male,0.9999763395171621,True
Production case management: A prototypical process engine to execute flexible business processes,"Weske, Mathias",Mathias,male,0.999948038650782,True
A construction management framework for mass customisation in traditional construction,"Andújar-Montoya, María Dolores",María,female,0.9998408731018508,True
A construction management framework for mass customisation in traditional construction,"Gilart-Iglesias, Virgilio",Virgilio,male,0.9998304920237306,True
A construction management framework for mass customisation in traditional construction,"Montoyo, Andrés",Andrés,male,0.9991337707463355,True
A construction management framework for mass customisation in traditional construction,"Marcos-Jorquera, Diego",Diego,male,0.9999727834593694,True
BPM in German companies -information gathering,"Baumann, Felix",Felix,male,0.9998848338420872,True
BPM in German companies -information gathering,"Roller, Dieter",Dieter,male,0.9999629369688875,True
Social business process management approaches: A comparative study,"Khider, Hadjer",Hadjer,female,0.9848776525180511,True
Social business process management approaches: A comparative study,"Benna, Amel",Amel,female,0.6885738073834725,False
Personal BPM -bringing the power of business process management to the user,"Lehner, Jonas",Jonas,male,0.9999883877686782,True
Discovering business models for software process management: An approach for integrating time and resource perspectives from Legacy Information Systems,"Arevalo, C.",,unknown,0,False
Discovering business models for software process management: An approach for integrating time and resource perspectives from Legacy Information Systems,"Ramos, I.",,unknown,0,False
Discovering business models for software process management: An approach for integrating time and resource perspectives from Legacy Information Systems,"Escalona, M.J.",M.J.,male,0.7776062719213189,True
Patient flow management combining analytical and observational data to uncover flow patterns,"Badreddin, Omar",Omar,male,0.9999954754245614,True
Patient flow management combining analytical and observational data to uncover flow patterns,"Castillo, Ricardo",Ricardo,male,0.99996029299145,True
VrBPMN* and FM: An approach to model business process line,"Landre, Geraldo",Geraldo,male,0.9999071401047015,True
VrBPMN* and FM: An approach to model business process line,"Palma, Edilson",Edilson,male,0.999955428544188,True
VrBPMN* and FM: An approach to model business process line,"Paiva, Débora Maria",Débora,female,0.9971697415085309,True
VrBPMN* and FM: An approach to model business process line,"Nakagawa, Elisa Yumi",Elisa,female,0.9999962405105229,True
VrBPMN* and FM: An approach to model business process line,"Cagnin, Maria Istela",Maria,female,0.9999948398304921,True
On-the-fly performance-aware human resource allocation in the business process management systems environment using Naïve Bayes,"Wibisono, Arif",Arif,male,0.9999908562680327,True
On-the-fly performance-aware human resource allocation in the business process management systems environment using Naïve Bayes,"Nisafani, Amna Shifia",Amna,female,0.9999767267562292,True
On-the-fly performance-aware human resource allocation in the business process management systems environment using Naïve Bayes,"Bae, Hyerim",Hyerim,female,0.9938731868327746,True
On-the-fly performance-aware human resource allocation in the business process management systems environment using Naïve Bayes,"Park, You-Jin",You,male,0.9859709457969251,True
Evaluation of the dynamic construct competition miner for an eHealth system,"Redlich, David",David,male,0.9999952928042082,True
Evaluation of the dynamic construct competition miner for an eHealth system,"Galushka, Mykola",Mykola,male,0.9991127444269977,True
Evaluation of the dynamic construct competition miner for an eHealth system,"Molka, Thomas",Thomas,male,0.9999981017477207,True
Evaluation of the dynamic construct competition miner for an eHealth system,"Gilani, Wasif",Wasif,male,0.9999707412768138,True
Evaluation of the dynamic construct competition miner for an eHealth system,"Blair, Gordon",Gordon,male,0.999986639612892,True
Evaluation of the dynamic construct competition miner for an eHealth system,"Rashid, Awais",Awais,male,0.9998645973538794,True
Separation of decision modeling from business process modeling using new “decision model and notation” (DMN) for automating operational decision-making,"Biard, Thierry",Thierry,male,0.9986107594852149,True
Separation of decision modeling from business process modeling using new “decision model and notation” (DMN) for automating operational decision-making,"Mauff, Alexandre Le",Alexandre,male,0.9994086190609315,True
Separation of decision modeling from business process modeling using new “decision model and notation” (DMN) for automating operational decision-making,"Bigand, Michel",Michel,male,0.9997252558451084,True
Separation of decision modeling from business process modeling using new “decision model and notation” (DMN) for automating operational decision-making,"Bourey, Jean-Pierre",Jean,female,0.6637228001271365,False
Doctoral consortium of the 12th international conference on business process management (BPM-DC 2014),"Fahland, Dirk",Dirk,male,0.9999427916159628,True
Doctoral consortium of the 12th international conference on business process management (BPM-DC 2014),"Rinderle-Ma, Stefanie",Stefanie,female,0.999951936822069,True
Process visualization techniques for multi-perspective process comparisons,"Pini, A.",,unknown,0,False
Process visualization techniques for multi-perspective process comparisons,"Brown, R.",,unknown,0,False
Process visualization techniques for multi-perspective process comparisons,"Wynn, M.T.",M.T.,male,0.9221333366252694,True
Towards guiding process modelers depending upon their expertise levels,"Gassen, Jonas Bulegon",Jonas,male,0.9999883877686782,True
Towards guiding process modelers depending upon their expertise levels,"Mendling, Jan",Jan,unknown,0.5504849119650672,False
Towards guiding process modelers depending upon their expertise levels,"Thom, Lucineía Heloisa",Lucineía,female,0.9997894881320168,True
Towards guiding process modelers depending upon their expertise levels,"De Oliveira, José Palazzo M.",José,male,0.9960913709996708,True
BP-XACML an authorisation policy language for business processes,"Alissa, Khalid",Khalid,male,0.999949361127034,True
BP-XACML an authorisation policy language for business processes,"Reid, Jason",Jason,male,0.9999930990838566,True
BP-XACML an authorisation policy language for business processes,"Dawson, Ed",Ed,male,0.9999897031004125,True
BP-XACML an authorisation policy language for business processes,"Salim, Farzad",Farzad,male,0.9999794474204174,True
"Business Process Management: 13th International Conference, BPM 2015 Innsbruck, Austria, August 31 - September 3, 2015 Proceedings","Motahari-Nezhad, Hamid R.",Hamid,male,0.9999253565264725,True
"Business Process Management: 13th International Conference, BPM 2015 Innsbruck, Austria, August 31 - September 3, 2015 Proceedings","Recker, Jan",Jan,unknown,0.5504849119650672,False
"Business Process Management: 13th International Conference, BPM 2015 Innsbruck, Austria, August 31 - September 3, 2015 Proceedings","Weidlich, Matthias",Matthias,male,0.9999337682187655,True
Designing engaging e-Government services by combining user-centered design and gamification: A use-case,"Dargan, Tuhina",Tuhina,female,0.9996101868963595,True
Designing engaging e-Government services by combining user-centered design and gamification: A use-case,"Evequoz, Florian",Florian,male,0.9999672042878258,True
EPBPM: A graphical language supporting interoperability of participatory process,"Alfaro, Cesar",Cesar,male,0.9999749818326019,True
EPBPM: A graphical language supporting interoperability of participatory process,"Lavín, José M.",José,male,0.9960913709996708,True
EPBPM: A graphical language supporting interoperability of participatory process,"Gomez, Javier",Javier,male,0.9999768372268597,True
EPBPM: A graphical language supporting interoperability of participatory process,"Insua, David Rlos",David,male,0.9999952928042082,True
Automating correctness verification of artifact-centric business process models,"Borrego, Diana",Diana,female,0.999995961950494,True
Automating correctness verification of artifact-centric business process models,"Gasca, Rafael M.",Rafael,male,0.9999801002723208,True
Automating correctness verification of artifact-centric business process models,"Gómez-López, María Teresa",María,female,0.9998408731018508,True
Analytics process management: A new challenge for the BPM community,"Terry Heath, Fenno F.",Fenno,male,0.9932661205017383,True
Analytics process management: A new challenge for the BPM community,"Hull, Richard",Richard,male,0.9999944029565571,True
Virtual business role-play: Leveraging familiar environments to prime stakeholder memory during process elicitation,"Harman, Joel",Joel,male,0.9999974824032438,True
Virtual business role-play: Leveraging familiar environments to prime stakeholder memory during process elicitation,"Brown, Ross",Ross,male,0.9999412678480439,True
Virtual business role-play: Leveraging familiar environments to prime stakeholder memory during process elicitation,"Johnson, Daniel",Daniel,male,0.9999484956264236,True
Virtual business role-play: Leveraging familiar environments to prime stakeholder memory during process elicitation,"Rinderle-Ma, Stefanie",Stefanie,female,0.999951936822069,True
Virtual business role-play: Leveraging familiar environments to prime stakeholder memory during process elicitation,"Kannengiesser, Udo",Udo,male,0.9993990197381508,True
Role and task recommendation and social tagging to enable social business process management,"Rangiha, Mohammad Ehson",Mohammad,male,0.9999978931239886,True
Role and task recommendation and social tagging to enable social business process management,"Comuzzi, Marco",Marco,male,0.9998964214527616,True
Role and task recommendation and social tagging to enable social business process management,"Karakostas, Bill",Bill,male,0.9997859443490958,True
Factors affecting perceived satisfaction with a BPM tool: A student perspective,"Scott, Judy E.",Judy,female,0.9991676954711254,True
Factors affecting perceived satisfaction with a BPM tool: A student perspective,"Choi, Jae Hoon",Jae,male,0.9756125269782338,True
User-centric process modeling and enactment: The clavii BPM platform,"Kammerer, Klaus",Klaus,male,0.9999519344977958,True
User-centric process modeling and enactment: The clavii BPM platform,"Kolb, Jens",Jens,male,0.9999725010363429,True
User-centric process modeling and enactment: The clavii BPM platform,"Andrews, Kevin",Kevin,male,0.9999799402805698,True
User-centric process modeling and enactment: The clavii BPM platform,"Bueringer, Stefan",Stefan,male,0.9999831604184807,True
User-centric process modeling and enactment: The clavii BPM platform,"Meyer, Britta",Britta,female,0.9999953850659278,True
User-centric process modeling and enactment: The clavii BPM platform,"Reichert, Manfred",Manfred,male,0.9999883382145358,True
Ontology-Driven process specialization,"Leshob, Abderrahmane",Abderrahmane,male,0.9939931992190564,True
Ontology-Driven process specialization,"Mili, Hafedh",Hafedh,male,0.993707191876143,True
Ontology-Driven process specialization,"Boubaker, Anis",Anis,male,0.9846033753614614,True
A semantic framework for continuous u-health services provisioning,"Echeverría, Matías",Matías,male,0.9952084822617561,True
A semantic framework for continuous u-health services provisioning,"Jimenez-Molina, Angel",Angel,male,0.9932384210708509,True
A semantic framework for continuous u-health services provisioning,"Ríos, Sebastián A.",Sebastián,male,0.9973712839163131,True
The business process game,"Herzberg, Nico",Nico,male,0.9970057349139636,True
The business process game,"Kunze, Matthias",Matthias,male,0.9999337682187655,True
The use of social tagging in social business process management,"Rangiha, Mohammad Ehson",Mohammad,male,0.9999978931239886,True
The use of social tagging in social business process management,"Karakostas, Bill",Bill,male,0.9997859443490958,True
BPMN4V: An extension of BPMN for modelling adaptive processes using versions,"Said, Imen Ben",Imen,female,0.974283695293582,True
BPMN4V: An extension of BPMN for modelling adaptive processes using versions,"Chaâbane, Mohamed Amine",Mohamed,male,0.9999971268152898,True
BPMN4V: An extension of BPMN for modelling adaptive processes using versions,"Andonoff, Eric",Eric,male,0.9999798907567824,True
BPMN4V: An extension of BPMN for modelling adaptive processes using versions,"Bouaziz, Rafik",Rafik,male,0.9999192281385887,True
YAWL in the cloud: Supporting process sharing and variability,"Schunselaar, D.M.M.",D.M.M.,unknown,0.6943480244998945,False
YAWL in the cloud: Supporting process sharing and variability,"Verbeek, H.M.W.",H.M.W.,male,0.6613134659769525,False
YAWL in the cloud: Supporting process sharing and variability,"Reijers, H.A.",H.A.,male,0.9978547993886707,True
YAWL in the cloud: Supporting process sharing and variability,"van der Aalst, Wil M. P.",Wil,male,0.9988491702309068,True
Sociotechnical requirements-specification - The example of continuous support for collaborative modelling and design,"Herrmann, Thomas",Thomas,male,0.9999981017477207,True
Sociotechnical requirements-specification - The example of continuous support for collaborative modelling and design,"Nolte, Alexander",Alexander,male,0.9999914495946162,True
A framework for interactive exception management of long-term human-involved business processes,"Kretzschmar, Johannes",Johannes,male,0.9999887278356387,True
A framework for interactive exception management of long-term human-involved business processes,"Beckstein, Clemens",Clemens,male,0.9997642752089578,True
Classification framework for context data from business processes,"Möhring, Michael",Michael,male,0.9999876221560686,True
Classification framework for context data from business processes,"Schmidt, Rainer",Rainer,male,0.9999264596357705,True
Classification framework for context data from business processes,"Härting, Ralf-Christian",Ralf,male,0.9999738177966511,True
Classification framework for context data from business processes,"Bär, Florian",Florian,male,0.9999672042878258,True
Classification framework for context data from business processes,"Zimmermann, Alfred",Alfred,male,0.999993889484819,True
Icebricks mobile application for business process modeling,"Becker, Jörg",Jörg,male,0.9995939947892971,True
Icebricks mobile application for business process modeling,"Clever, Nico",Nico,male,0.9970057349139636,True
Icebricks mobile application for business process modeling,"Holler, Justus",Justus,male,0.9995254274459374,True
Icebricks mobile application for business process modeling,"Shitkova, Maria",Maria,female,0.9999948398304921,True
Verification of data aware business process models: A methodological survey of research results and challenges,"Dell’Aversana, Raffaele",Raffaele,male,0.9994192029161726,True
Tagging model for enhancing knowledge transfer and usage during business process execution,"Karni, Reuven",Reuven,male,0.9999900727219466,True
Tagging model for enhancing knowledge transfer and usage during business process execution,"Levy, Meira",Meira,female,0.9999951546761251,True
"A workaround design system for anticipating, designing, and/or preventing workarounds","Alter, Steven",Steven,male,0.9999938645828961,True
Adaptation of business process management to requirements of small and medium-sized enterprises in the context of strategic flexibility,"Reher, Felix",Felix,male,0.9998848338420872,True
"Asia Pacific Business Process Management: Third Asia Pacific Conference, AP-BPM 2015 Busan, South Korea, June 24-26, 2015 Proceedings","Bae, Joonsoo",Joonsoo,male,0.7722804660547181,True
"Asia Pacific Business Process Management: Third Asia Pacific Conference, AP-BPM 2015 Busan, South Korea, June 24-26, 2015 Proceedings","Suriadi, Suriadi",Suriadi,male,0.9749255613519064,True
"Asia Pacific Business Process Management: Third Asia Pacific Conference, AP-BPM 2015 Busan, South Korea, June 24-26, 2015 Proceedings","Wen, Lijie",Lijie,female,0.9790060744846031,True
3rd international workshop on data-and artifact-centric BPM (DAB 2014),"Fahland, Dirk",Dirk,male,0.9999427916159628,True
3rd international workshop on data-and artifact-centric BPM (DAB 2014),"Limonad, Lior",Lior,male,0.9887692585553113,True
3rd international workshop on data-and artifact-centric BPM (DAB 2014),"Vaculín, Roman",Roman,male,0.9999958558456321,True
Structure and elements of disaster response processes - A general meta-model,"Betke, Hans",Hans,male,0.9999270008633634,True
RALph: A graphical notation for resource assignments in business processes,"Cabanillas, Cristina",Cristina,female,0.9999968566271442,True
RALph: A graphical notation for resource assignments in business processes,"Knuplesch, David",David,male,0.9999952928042082,True
RALph: A graphical notation for resource assignments in business processes,"Resinas, Manuel",Manuel,male,0.9999796545255559,True
RALph: A graphical notation for resource assignments in business processes,"Reichert, Manfred",Manfred,male,0.9999883382145358,True
RALph: A graphical notation for resource assignments in business processes,"Mendling, Jan",Jan,unknown,0.5504849119650672,False
RALph: A graphical notation for resource assignments in business processes,"Ruiz-Cortés, Antonio",Antonio,male,0.9999433950349952,True
Investigating completeness of coding in Business Process Model and Notation,"Dos Santos, Carlos Habekost",Carlos,male,0.9999630239120895,True
Investigating completeness of coding in Business Process Model and Notation,"Thom, Lucinéia Heloisa",Lucinéia,female,0.9998055404510843,True
Investigating completeness of coding in Business Process Model and Notation,"Fantinato, Marcelo",Marcelo,male,0.9998735221664624,True
Social-software-based support for enterprise architecture management processes,"Schmidt, Rainer",Rainer,male,0.9999264596357705,True
Social-software-based support for enterprise architecture management processes,"Zimmermann, Alfred",Alfred,male,0.999993889484819,True
Social-software-based support for enterprise architecture management processes,"Möhring, Michael",Michael,male,0.9999876221560686,True
Social-software-based support for enterprise architecture management processes,"Jugel, Dierk",Dierk,male,0.9999344378326226,True
Social-software-based support for enterprise architecture management processes,"Bär, Florian",Florian,male,0.9999672042878258,True
Social-software-based support for enterprise architecture management processes,"Schweda, Christian M.",Christian,male,0.9993987974523811,True
Patterns in Privacy - A pattern-based approach for assessments,"Kahrmann, Jörn",Jörn,male,0.9996786468901714,True
Patterns in Privacy - A pattern-based approach for assessments,"Schiering, Ina",Ina,female,0.9999955047625694,True
An open S-BPM runtime environment based on abstract state machines,"Lerchner, Harald",Harald,male,0.9999263057035207,True
An open S-BPM runtime environment based on abstract state machines,"Stary, Christian",Christian,male,0.9993987974523811,True
On merging business process management and geographic information systems: Modeling and execution of ecological concerns in processes,"Zhu, Xinwei",Xinwei,male,0.73585446057119,False
On merging business process management and geographic information systems: Modeling and execution of ecological concerns in processes,"Zhu, Guobin",Guobin,male,0.982408136861994,True
On merging business process management and geographic information systems: Modeling and execution of ecological concerns in processes,"Broucke, Seppe Vanden",Seppe,male,0.9843615460127191,True
On merging business process management and geographic information systems: Modeling and execution of ecological concerns in processes,"Recker, Jan",Jan,unknown,0.5504849119650672,False
Wiki-based enterprise knowledge management system,"Mu, Bin",Bin,male,0.9912955838328016,True
Wiki-based enterprise knowledge management system,"Ren, Yi Ping",Yi,female,0.8940381462246494,True
Wiki-based enterprise knowledge management system,"Sun, Zhiwei",Zhiwei,male,0.9799244874527846,True
Subject-oriented development of federated systems- A methodological approach,"Fleischmann, Albert",Albert,male,0.9999213683449588,True
Subject-oriented development of federated systems- A methodological approach,"Schmidt, Werner",Werner,male,0.9999697709027106,True
Subject-oriented development of federated systems- A methodological approach,"Stary, Christian",Christian,male,0.9993987974523811,True
Business process analysis using process mining in accommodation industry,"Kwon, Hyukjin",Hyukjin,unknown,0.7058936269718333,False
Business process analysis using process mining in accommodation industry,"Kim, Dongsoo",Dongsoo,male,0.9997127631272084,True
"Composite, real-time validation for business process modelling","Smuts, Martin",Martin,male,0.9998539477569732,True
"Composite, real-time validation for business process modelling","Burger, Clayton",Clayton,male,0.9998945022422548,True
"Composite, real-time validation for business process modelling","Scholtz, Brenda",Brenda,female,0.9999878658105535,True
Batch Regions: Process Instance Synchronization Based on Data,"Pufahl, Luise",Luise,female,0.9998936197750643,True
Batch Regions: Process Instance Synchronization Based on Data,"Meyer, Andreas",Andreas,male,0.9999763395171621,True
Batch Regions: Process Instance Synchronization Based on Data,"Weske, Mathias",Mathias,male,0.999948038650782,True
Achieving intention-centric BPM through automated planning,"Van Beest, Nick R.T.P.",Nick,male,0.9999194880658754,True
Achieving intention-centric BPM through automated planning,"Russell, Nick",Nick,male,0.9999194880658754,True
Achieving intention-centric BPM through automated planning,"Ter Hofstede, Arthur H.M.",Arthur,male,0.9999849927075136,True
Achieving intention-centric BPM through automated planning,"Lazovik, Alexander",Alexander,male,0.9999914495946162,True
"The generic model query language GMQL - Conceptual specification, implementation, and runtime evaluation","Delfmann, Patrick",Patrick,male,0.9999373211096793,True
"The generic model query language GMQL - Conceptual specification, implementation, and runtime evaluation","Steinhorst, Matthias",Matthias,male,0.9999337682187655,True
"The generic model query language GMQL - Conceptual specification, implementation, and runtime evaluation","Dietrich, Hanns-Alexander",Hanns,male,0.9970354834946082,True
"The generic model query language GMQL - Conceptual specification, implementation, and runtime evaluation","Becker, Jörg",Jörg,male,0.9995939947892971,True
The need for business vocabularies in BPM or ISD related activities: Survey based study,"Kapocius, Kestutis",Kestutis,male,0.9999140834994069,True
The need for business vocabularies in BPM or ISD related activities: Survey based study,"Skersys, Tomas",Tomas,male,0.999996989207828,True
The need for business vocabularies in BPM or ISD related activities: Survey based study,"Butleris, Rimantas",Rimantas,male,0.9999780535518726,True
Integrating security risk management into business process management for the cloud,"Goettelmann, Elio",Elio,male,0.9999283379886147,True
Integrating security risk management into business process management for the cloud,"Mayer, Nicolas",Nicolas,male,0.9999785911728513,True
Integrating security risk management into business process management for the cloud,"Godart, Claude",Claude,male,0.9979920763238813,True
Facility management by means of subject oriented cross organizational business process management,"Borgert, Stephan",Stephan,male,0.9999887311827451,True
Facility management by means of subject oriented cross organizational business process management,"Münch, Daniel",Daniel,male,0.9999484956264236,True
Facility management by means of subject oriented cross organizational business process management,"Heuser, Lutz",Lutz,male,0.9936954301368839,True
EPIKOUROS - Virtualized platforms using heterogeneous sensor services in cloud computing environment,"Vouyioukas, Demosthenes",Demosthenes,male,0.9999784799144493,True
EPIKOUROS - Virtualized platforms using heterogeneous sensor services in cloud computing environment,"Moralis, Athanasios",Athanasios,male,0.9999857563188396,True
EPIKOUROS - Virtualized platforms using heterogeneous sensor services in cloud computing environment,"Sardis, Manolis",Manolis,male,0.9999285200941248,True
EPIKOUROS - Virtualized platforms using heterogeneous sensor services in cloud computing environment,"Drakoulis, Dimitris",Dimitris,male,0.9999193920782357,True
EPIKOUROS - Virtualized platforms using heterogeneous sensor services in cloud computing environment,"Labropoulos, George",George,male,0.9999684085414767,True
EPIKOUROS - Virtualized platforms using heterogeneous sensor services in cloud computing environment,"Kyriazakos, Sofoklis",Sofoklis,male,0.9987163742538002,True
EPIKOUROS - Virtualized platforms using heterogeneous sensor services in cloud computing environment,"Dres, Dimitris",Dimitris,male,0.9999193920782357,True
Collaborative cross-organizational BPM - Case study Hutchison 3G,"Karle, Thomas",Thomas,male,0.9999981017477207,True
Collaborative cross-organizational BPM - Case study Hutchison 3G,"Teichenthaler, Kurt",Kurt,male,0.9999499590383706,True
A study on the task assignment in emergency business process management using genetic algorithm,"Kim, Junbum",Junbum,unknown,0.7051471548641153,False
A study on the task assignment in emergency business process management using genetic algorithm,"Cho, Nam-Wook",Nam,male,0.9935236031952805,True
Flexible End2End Workflow Automation of Hit-Discovery Research,"Holzmüller-Laue, Silke",Silke,female,0.9999933347828766,True
Flexible End2End Workflow Automation of Hit-Discovery Research,"Göde, Bernd",Bernd,male,0.9998846486900214,True
Flexible End2End Workflow Automation of Hit-Discovery Research,"Thurow, Kerstin",Kerstin,female,0.9998460920259101,True
Merging event logs for process mining: A rule based merging method and rule suggestion algorithm,"Claes, Jan",Jan,unknown,0.5504849119650672,False
Merging event logs for process mining: A rule based merging method and rule suggestion algorithm,"Poels, Geert",Geert,male,0.9998608924148286,True
End-to-end process management: Implications for theory and practice,"Maddern, Harry",Harry,male,0.9997201104874271,True
End-to-end process management: Implications for theory and practice,"Smart, Philip Andrew",Philip,male,0.9999254046730869,True
End-to-end process management: Implications for theory and practice,"Maull, Roger S.",Roger,male,0.9999953459002401,True
End-to-end process management: Implications for theory and practice,"Childe, Stephen",Stephen,male,0.9999906814314838,True
An alignment-based framework to check the conformance of declarative process models and to preprocess event-log data,"De Leoni, Massimiliano",Massimiliano,male,0.9997809476578167,True
An alignment-based framework to check the conformance of declarative process models and to preprocess event-log data,"Maggi, Fabrizio M.",Fabrizio,male,0.9999395873949303,True
An alignment-based framework to check the conformance of declarative process models and to preprocess event-log data,"Van Der Aalst, Wil M.P.",Wil,male,0.9988491702309068,True
Towards automated process and workflow management: A feasibility study on tool-supported and automated engineering process modeling approaches,"Winkler, Dietmar",Dietmar,male,0.999991274897892,True
Towards automated process and workflow management: A feasibility study on tool-supported and automated engineering process modeling approaches,"Schonbauer, Michaela",Michaela,female,0.9999954728976184,True
Towards automated process and workflow management: A feasibility study on tool-supported and automated engineering process modeling approaches,"Biffl, Stefan",Stefan,male,0.9999831604184807,True
Capability annotation of actions based on their textual descriptions,"Gao, Feng",Feng,male,0.9830753668861625,True
Capability annotation of actions based on their textual descriptions,"Bhiri, Sami",Sami,male,0.9853481728140153,True
A new model for discovering process trees from event logs,"Vahedian Khezerlou, Amin",Amin,male,0.999758654462319,True
A new model for discovering process trees from event logs,"Alizadeh, Somayeh",Somayeh,female,0.9947238288391659,True
Project management suported by business process management: A case study in a Brazilian justice organization,"Do Carmo, Welkey Costa",Welkey,male,0.6190296528355705,False
Project management suported by business process management: A case study in a Brazilian justice organization,"Albuquerque, Adriano Bessa",Adriano,male,0.9997230892960969,True
Enhancing formal specification and verification of temporal constraints in business processes,"Cheikhrouhou, Saoussen",Saoussen,female,0.9908310959020573,True
Enhancing formal specification and verification of temporal constraints in business processes,"Kallel, Slim",Slim,male,0.9911499403655679,True
Enhancing formal specification and verification of temporal constraints in business processes,"Guermouche, Nawal",Nawal,female,0.9953561393814838,True
Enhancing formal specification and verification of temporal constraints in business processes,"Jmaiel, Mohamed",Mohamed,male,0.9999971268152898,True
Modeling and matching business processes using Web services,"Belouadha, Fatima-Zahra",Fatima,female,0.9999968460591531,True
Modeling and matching business processes using Web services,"Omrana, Hajar",Hajar,female,0.9957631382951425,True
Modeling and matching business processes using Web services,"Roudies, Ounsa",Ounsa,female,0.6684054102691227,False
A PaaS to support collaborations through service composition,"Montarnal, Aurelie",Aurelie,female,0.9999804791486204,True
A PaaS to support collaborations through service composition,"Delanoe, Anne Marie Barthe",Anne,female,0.9999910090887604,True
A PaaS to support collaborations through service composition,"Benaben, Frederick",Frederick,male,0.999942547328335,True
A PaaS to support collaborations through service composition,"Lauras, Matthieu",Matthieu,male,0.9996916073806652,True
A PaaS to support collaborations through service composition,"Lamothe, Jacques",Jacques,male,0.9999799945534292,True
Implementing BPMN 2.0 Scenarios for AAL@Home Solution,"Rusu, Lucia",Lucia,female,0.999993652640956,True
Implementing BPMN 2.0 Scenarios for AAL@Home Solution,"Cramariuc, Bogdan",Bogdan,male,0.9999861052531946,True
Implementing BPMN 2.0 Scenarios for AAL@Home Solution,"Benta, Dan",Dan,male,0.9998938548042234,True
Implementing BPMN 2.0 Scenarios for AAL@Home Solution,"Mailat, Marinela",Marinela,female,0.9999987002228896,True
Inter-organizational process flow adjustment: Applying multi-layered process flow adjustment tool,"Iizuka, Kayo",Kayo,male,0.9778367947643571,True
Inter-organizational process flow adjustment: Applying multi-layered process flow adjustment tool,"Okawada, Takuya",Takuya,male,0.9992867648816652,True
Inter-organizational process flow adjustment: Applying multi-layered process flow adjustment tool,"Shime, Yuki",Yuki,female,0.9906641321332236,True
Inter-organizational process flow adjustment: Applying multi-layered process flow adjustment tool,"Kurihashi, Sui",Sui,female,0.9880015704162931,True
Inter-organizational process flow adjustment: Applying multi-layered process flow adjustment tool,"Iizuka, Yasuki",Yasuki,male,0.9938980016689746,True
Inter-organizational process flow adjustment: Applying multi-layered process flow adjustment tool,"Suematsu, Chihiro",Chihiro,female,0.9953457867991082,True
Service Oriented Architecture for Clinical Decision Support: A Systematic Review and Future Directions,"Loya, Salvador Rodriguez",Salvador,male,0.9999682120933581,True
Service Oriented Architecture for Clinical Decision Support: A Systematic Review and Future Directions,"Kawamoto, Kensaku",Kensaku,male,0.9922827109493488,True
Service Oriented Architecture for Clinical Decision Support: A Systematic Review and Future Directions,"Chatwin, Chris",Chris,male,0.9947324204288283,True
Service Oriented Architecture for Clinical Decision Support: A Systematic Review and Future Directions,"Huser, Vojtech",Vojtech,male,0.9931837980305327,True
Active rule representation in BPMN for iot service design,"Jung, Jae-Yoon",Jae,male,0.9756125269782338,True
Active rule representation in BPMN for iot service design,"Kim, Minsoo",Minsoo,male,0.9844713311846426,True
A recommendation system for predicting risks across multiple business process instances,"Conforti, Raffaele",Raffaele,male,0.9994192029161726,True
A recommendation system for predicting risks across multiple business process instances,"De Leoni, Massimiliano",Massimiliano,male,0.9997809476578167,True
A recommendation system for predicting risks across multiple business process instances,"La Rosa, Marcello",Marcello,male,0.9996360264682205,True
A recommendation system for predicting risks across multiple business process instances,"Van Der Aalst, Wil M.P.",Wil,male,0.9988491702309068,True
A recommendation system for predicting risks across multiple business process instances,"Ter Hofstede, Arthur H.M.",Arthur,male,0.9999849927075136,True
Requirements specification as executable software design - A behavior perspective,"Fleischmann, Albert",Albert,male,0.9999213683449588,True
Requirements specification as executable software design - A behavior perspective,"Schmidt, Werner",Werner,male,0.9999697709027106,True
Requirements specification as executable software design - A behavior perspective,"Stary, Christian",Christian,male,0.9993987974523811,True
A balanced perspective to perioperative process management aligned to hospital strategy,"Ryan, Jim",Jim,male,0.999978699711865,True
A balanced perspective to perioperative process management aligned to hospital strategy,"Doster, Barbara",Barbara,female,0.999979214602181,True
A balanced perspective to perioperative process management aligned to hospital strategy,"Daily, Sandra",Sandra,female,0.999979542732284,True
A balanced perspective to perioperative process management aligned to hospital strategy,"Lewis, Carmen",Carmen,female,0.9959647241082684,True
There is nothing routine about innovation,"Swenson, Keith D.",Keith,male,0.9982254263219633,True
Enterprise architecture and knowledge perspectives on continuous requirements engineering,"Kirikova, Marite",Marite,female,0.9999962509037612,True
Subject-oriented process design across organizational control layers,"Neubauer, Matthias",Matthias,male,0.9999337682187655,True
Subject-oriented process design across organizational control layers,"Stary, Chris",Chris,male,0.9947324204288283,True
Subject-oriented process design across organizational control layers,"Krenn, Florian",Florian,male,0.9999672042878258,True
Improved Compliance by BPM-Driven Workflow Automation,"Holzmüller-Laue, Silke",Silke,female,0.9999933347828766,True
Improved Compliance by BPM-Driven Workflow Automation,"Göde, Bernd",Bernd,male,0.9998846486900214,True
Improved Compliance by BPM-Driven Workflow Automation,"Fleischer, Heidi",Heidi,female,0.9999533340917288,True
Improved Compliance by BPM-Driven Workflow Automation,"Thurow, Kerstin",Kerstin,female,0.9998460920259101,True
Democratizing business process management: Empowering process participants to contribute to the enactment of business processes,"Meyer, Nils",Nils,male,0.999609305827729,True
Democratizing business process management: Empowering process participants to contribute to the enactment of business processes,"Schiffner, Stephan",Stephan,male,0.9999887311827451,True
Realizing quality attributes of service-based business processes: A model-driven approach,"Teles, Fabrício",Fabrício,male,0.9976709653330129,True
Realizing quality attributes of service-based business processes: A model-driven approach,"Rosa, Nelson",Nelson,male,0.9999183097997376,True
Realizing quality attributes of service-based business processes: A model-driven approach,"Lins, Fernando",Fernando,male,0.9998906875755088,True
A comparison between business process management and information security management,"Wangen, Gaute",Gaute,male,0.9908317205122386,True
A comparison between business process management and information security management,"Snekkenes, Einar Arthur",Einar,male,0.999901771012873,True
Understanding the IT/business partnership: A business process perspective,"Siurdyban, Artur",Artur,male,0.9999739518647052,True
Cognitive support for S-BPM user interfaces intertwining modeling and execution,"Fleischmann, Albert",Albert,male,0.9999213683449588,True
Cognitive support for S-BPM user interfaces intertwining modeling and execution,"Schmidt, Werner",Werner,male,0.9999697709027106,True
How do we progress? An exploration of alternate explanations for BPM capability development,"Poeppelbuss, Jens",Jens,male,0.9999725010363429,True
How do we progress? An exploration of alternate explanations for BPM capability development,"Plattfaut, Ralf",Ralf,male,0.9999738177966511,True
How do we progress? An exploration of alternate explanations for BPM capability development,"Niehaves, Bjoern",Bjoern,male,0.9999626535245362,True
Toward the automation of business process ontology generation,"De Cesare, Sergio",Sergio,male,0.9999761025266936,True
Toward the automation of business process ontology generation,"Juric, Damir",Damir,male,0.9999660318290263,True
Toward the automation of business process ontology generation,"Lycett, Mark",Mark,male,0.999973238313618,True
A process warehouse based resource performance evaluation method for business processes improvement,"Sohail, Abid",Abid,male,0.9999930830489452,True
A process warehouse based resource performance evaluation method for business processes improvement,"Dominic, P.D.D.",P.D.D.,male,0.7046717600622775,False
A process warehouse based resource performance evaluation method for business processes improvement,"Shahzad, Khurram",Khurram,male,0.9999693299205058,True
Empowering business process users through a pragmatic approach: A case study,"Meziani, Rachid",Rachid,male,0.9999913462472123,True
16-channel arrayed waveguide grating (AWG) demultiplexer design on SOI wafer for application in CWDM-PON,"Juhari, Nurjuliana",Nurjuliana,female,0.9999509188824726,True
16-channel arrayed waveguide grating (AWG) demultiplexer design on SOI wafer for application in CWDM-PON,"Menon, P. Susthitha",,unknown,0,False
16-channel arrayed waveguide grating (AWG) demultiplexer design on SOI wafer for application in CWDM-PON,"Ehsan, Abang Annuar",Abang,male,0.8338632113546103,True
16-channel arrayed waveguide grating (AWG) demultiplexer design on SOI wafer for application in CWDM-PON,"Shaari, Sahbudin",Sahbudin,male,0.9978566596268255,True
Designing and implementing a multi-agent architecture for business process management,"Norman, Timothy J.",Timothy,male,0.9999470920340167,True
Designing and implementing a multi-agent architecture for business process management,"Jennings, Nick R.",Nick,male,0.9999194880658754,True
Designing and implementing a multi-agent architecture for business process management,"Faratin, Peyman",Peyman,male,0.9998496280677996,True
Designing and implementing a multi-agent architecture for business process management,"Mamdani, E.H.",E.H.,male,0.984073512545158,True
A mapping from BPMN model to JADEX model,"Nouzri, Sana",Sana,female,0.9999646606775127,True
A mapping from BPMN model to JADEX model,"El Fazziki, Abdelaziz",Abdelaziz,male,0.9999374913519348,True
Blueprint for business middleware as a managed cloud service,"Dettori, Paolo",Paolo,male,0.9999357526976299,True
Blueprint for business middleware as a managed cloud service,"Frank, David",David,male,0.9999952928042082,True
Blueprint for business middleware as a managed cloud service,"Seelam, Seetharami R.",Seetharami,female,0.5272076896742102,False
Blueprint for business middleware as a managed cloud service,"Feillet, Pierre",Pierre,male,0.999741392176316,True
A new verification technique for large processes based on identification of relevant tasks,"Mrasek, Richard",Richard,male,0.9999944029565571,True
A new verification technique for large processes based on identification of relevant tasks,"Mülle, Jutta",Jutta,female,0.999995137882791,True
A new verification technique for large processes based on identification of relevant tasks,"Böhm, Klemens",Klemens,male,0.9937719503158381,True
Measuring method complexity of the case management modeling and notation (CMMN),"Marin, Mike A.",Mike,male,0.9993471735902227,True
Measuring method complexity of the case management modeling and notation (CMMN),"Lotriet, Hugo",Hugo,male,0.9999959578630685,True
Measuring method complexity of the case management modeling and notation (CMMN),"Van Der Poll, John A.",John,male,0.9999985032120171,True
Role of social networks and paperless citizens' claims processing in strengthening democracy in the Arab world: The case of Morocco: Towards a CIRM across the state,"Elmahfoudi, Mohamed Amine",Mohamed,male,0.9999971268152898,True
Role of social networks and paperless citizens' claims processing in strengthening democracy in the Arab world: The case of Morocco: Towards a CIRM across the state,"Hayar, Awatif",Awatif,female,0.9907723162885118,True
Role of social networks and paperless citizens' claims processing in strengthening democracy in the Arab world: The case of Morocco: Towards a CIRM across the state,"Miranda, Serge",Serge,male,0.9997217883126452,True
Role of social networks and paperless citizens' claims processing in strengthening democracy in the Arab world: The case of Morocco: Towards a CIRM across the state,"Meyer, Vincent",Vincent,male,0.9996829861436367,True
The business value of process flexibility: An optimization model and its application in the service sector,"Afflerbach, Patrick",Patrick,male,0.9999373211096793,True
The business value of process flexibility: An optimization model and its application in the service sector,"Kastner, Gregor",Gregor,male,0.9999917847917771,True
The business value of process flexibility: An optimization model and its application in the service sector,"Krause, Felix",Felix,male,0.9998848338420872,True
The business value of process flexibility: An optimization model and its application in the service sector,"Röglinger, Maximilian",Maximilian,male,0.9998238213451786,True
Increasing availability of workflows executing in a pervasive environment,"Schafer, David Richard",David,male,0.9999952928042082,True
Increasing availability of workflows executing in a pervasive environment,"Bach, Thomas",Thomas,male,0.9999981017477207,True
Increasing availability of workflows executing in a pervasive environment,"Tariq, Muhammad Adnan",Muhammad,male,0.9999971836173159,True
Increasing availability of workflows executing in a pervasive environment,"Rothermel, Kurt",Kurt,male,0.9999499590383706,True
Ontology-based approaches for cross-enterprise collaboration: a literature review on semantic business process management,"Hoang, Hanh H.",Hanh,female,0.9980197341321809,True
Ontology-based approaches for cross-enterprise collaboration: a literature review on semantic business process management,"Jung, Jason J.",Jason,male,0.9999930990838566,True
Ontology-based approaches for cross-enterprise collaboration: a literature review on semantic business process management,"Tran, Chi P.",Chi,male,0.719650789537785,False
Verifiable UML artifact-centric business process models,"Calvanese, Diego",Diego,male,0.9999727834593694,True
Verifiable UML artifact-centric business process models,"Montali, Marco",Marco,male,0.9998964214527616,True
Verifiable UML artifact-centric business process models,"Estañol, Montserrat",Montserrat,female,0.9996665718044369,True
Verifiable UML artifact-centric business process models,"Teniente, Ernest",Ernest,male,0.9998256071543871,True
The structure of cross-functional process model collections: An empirical investigation,"Sanz, Jorge L.C.",Jorge,male,0.9999507614101812,True
The structure of cross-functional process model collections: An empirical investigation,"Suarez, Fernando",Fernando,male,0.9998906875755088,True
The structure of cross-functional process model collections: An empirical investigation,"Calmon, Andre",Andre,male,0.9998504933161846,True
The structure of cross-functional process model collections: An empirical investigation,"Becker, Valeria",Valeria,female,0.9999950631122845,True
Research challenges in adaptive case management: A literature review,"Hauder, Matheus",Matheus,male,0.9999472348210907,True
Research challenges in adaptive case management: A literature review,"Pigat, Simon",Simon,male,0.9999853866925988,True
Research challenges in adaptive case management: A literature review,"Matthes, Florian",Florian,male,0.9999672042878258,True
Business process fragmentation for enhancing process modeling,"Maalouf, Eliane",Eliane,female,0.9999906972508694,True
Business process fragmentation for enhancing process modeling,"Di Zuzio, Marcel",Marcel,male,0.9997303200563393,True
Business process fragmentation for enhancing process modeling,"Sokhn, Maria",Maria,female,0.9999948398304921,True
Driving knowledge acquisition via metric life-cycle in process intelligence,"Azzini, Antonia",Antonia,female,0.9999709461144286,True
Driving knowledge acquisition via metric life-cycle in process intelligence,"Ceravolo, Paolo",Paolo,male,0.9999357526976299,True
Driving knowledge acquisition via metric life-cycle in process intelligence,"Damiani, Ernesto",Ernesto,male,0.9998480650905026,True
Driving knowledge acquisition via metric life-cycle in process intelligence,"Zavatarelli, Francesco",Francesco,male,0.9999449415190484,True
Driving knowledge acquisition via metric life-cycle in process intelligence,"Vicari, Claudia",Claudia,female,0.9999814071022761,True
Driving knowledge acquisition via metric life-cycle in process intelligence,"Savarino, Vincenzo",Vincenzo,male,0.9998085367289719,True
"Government process integration using the ""enterprise resource planning"" system","Cherouana, Amina",Amina,female,0.9999975049995746,True
"Government process integration using the ""enterprise resource planning"" system","Mahdaoui, Latifa",Latifa,female,0.9999976514586271,True
"Object-Business Process Mapping Frameworks: Abstractions, Architecture, and Implementation","Garcia, Rogel",Rogel,male,0.9999473924813694,True
"Object-Business Process Mapping Frameworks: Abstractions, Architecture, and Implementation","Valente, Marco Tulio",Marco,male,0.9998964214527616,True
Supporting doctors through mobile multimodal interaction and process-aware execution of clinical guidelines,"Cossu, Fabrizio",Fabrizio,male,0.9999395873949303,True
Supporting doctors through mobile multimodal interaction and process-aware execution of clinical guidelines,"Marrella, Andrea",Andrea,female,0.9990642945711071,True
Supporting doctors through mobile multimodal interaction and process-aware execution of clinical guidelines,"Mecella, Massimo",Massimo,male,0.9998962669439312,True
Supporting doctors through mobile multimodal interaction and process-aware execution of clinical guidelines,"Russo, Alessandro",Alessandro,male,0.9999636677574057,True
Supporting doctors through mobile multimodal interaction and process-aware execution of clinical guidelines,"Kimani, Stephen",Stephen,male,0.9999906814314838,True
Supporting doctors through mobile multimodal interaction and process-aware execution of clinical guidelines,"Bertazzoni, Giuliano",Giuliano,male,0.9997723527000716,True
Supporting doctors through mobile multimodal interaction and process-aware execution of clinical guidelines,"Colabianchi, Annunziata",Annunziata,female,0.9999946333003743,True
Supporting doctors through mobile multimodal interaction and process-aware execution of clinical guidelines,"Corona, Alessandro",Alessandro,male,0.9999636677574057,True
Supporting doctors through mobile multimodal interaction and process-aware execution of clinical guidelines,"De Luise, Aldo",Aldo,male,0.9999677563708546,True
Supporting doctors through mobile multimodal interaction and process-aware execution of clinical guidelines,"Grasso, Francesco",Francesco,male,0.9999449415190484,True
Supporting doctors through mobile multimodal interaction and process-aware execution of clinical guidelines,"Suppa, Marianna",Marianna,female,0.999999170297645,True
Process recommendation and role assignment in social business process management,"Rangiha, Mohammad Ehson",Mohammad,male,0.9999978931239886,True
Process recommendation and role assignment in social business process management,"Karakostas, Bill",Bill,male,0.9997859443490958,True
The description logics model of artifact-centric business process system and verification of artifact,"Wan, Xiaomei",Xiaomei,female,0.9972455608081399,True
The description logics model of artifact-centric business process system and verification of artifact,"Zhao, Wei",Wei,male,0.8353828445774668,True
The description logics model of artifact-centric business process system and verification of artifact,"Liu, Guohua",Guohua,male,0.9356322066961649,True
The description logics model of artifact-centric business process system and verification of artifact,"Yue, Xiaoli",Xiaoli,female,0.9977966069213864,True
Towards an active help on detecting data flow errors in business process models,"Kabbaj, Mohammed Issam",Mohammed,male,0.99999732840862,True
Towards an active help on detecting data flow errors in business process models,"Abdelkader, Betari",Betari,unknown,0.5277391472849133,False
Towards an active help on detecting data flow errors in business process models,"Bakkoury, Zohra",Zohra,female,0.9999295273468682,True
Towards an active help on detecting data flow errors in business process models,"Rharbi, Assia",Assia,female,0.9999883275626043,True
Automatic verification of database-centric systems,"Deutsch, Alin",Alin,female,0.5246724395973323,False
Automatic verification of database-centric systems,"Hull, Richard",Richard,male,0.9999944029565571,True
Automatic verification of database-centric systems,"Vianu, Victor",Victor,male,0.9999862345379419,True
Towards a subject-oriented evolutionary business information system,"Schiffner, Stephan",Stephan,male,0.9999887311827451,True
Towards a subject-oriented evolutionary business information system,"Rothschadl, Thomas",Thomas,male,0.9999981017477207,True
Towards a subject-oriented evolutionary business information system,"Meyer, Nils",Nils,male,0.999609305827729,True
Subject-oriented process modeling interface: A tangible approach for subject process modeling,"Fleischmann, Christoph",Christoph,male,0.9996583666010818,True
Subject-oriented process modeling interface: A tangible approach for subject process modeling,"Bachinger, Alexander",Alexander,male,0.9999914495946162,True
Bursts and heavy tails of execution time in business processes,"Lee, Jaehoon",Jaehoon,male,0.9995986202468066,True
Bursts and heavy tails of execution time in business processes,"Jang, Joongsoon",Joongsoon,unknown,0.737088695231377,False
A process warehouse based resource suitability evaluation method for business process improvement,"Sohail, Abid",Abid,male,0.9999930830489452,True
A process warehouse based resource suitability evaluation method for business process improvement,"Dominic, P.D.D.",P.D.D.,male,0.7046717600622775,False
A process warehouse based resource suitability evaluation method for business process improvement,"Shahzad, Khurram",Khurram,male,0.9999693299205058,True
Change Impact analysis and propagation in service based business process management systems preliminary results from a systematic review,"Amjad Alam, Khubaib",Khubaib,male,0.9984386318948232,True
Change Impact analysis and propagation in service based business process management systems preliminary results from a systematic review,"Ahmad, Rodina Binti",Rodina,female,0.9996439762734111,True
Change Impact analysis and propagation in service based business process management systems preliminary results from a systematic review,"Akhtar, Maria",Maria,female,0.9999948398304921,True
Powerful equivalence checking in the bank supply process,"De Ruvo, Giuseppe",Giuseppe,male,0.9998656437376092,True
Powerful equivalence checking in the bank supply process,"Santone, Antonella",Antonella,female,0.9999976482666009,True
Powerful equivalence checking in the bank supply process,"Raucci, Domenico",Domenico,male,0.9999598086754721,True
Big data analytics for predictive manufacturing control - A case study from process industry,"Krumeich, Julian",Julian,male,0.9999128116879805,True
Big data analytics for predictive manufacturing control - A case study from process industry,"Jacobi, Sven",Sven,male,0.9999829597136491,True
Big data analytics for predictive manufacturing control - A case study from process industry,"Werth, Dirk",Dirk,male,0.9999427916159628,True
Big data analytics for predictive manufacturing control - A case study from process industry,"Loos, Peter",Peter,male,0.9999580684529622,True
Conformance checking and diagnosis for declarative business process models in data-aware scenarios,"Borrego, Diana",Diana,female,0.999995961950494,True
Conformance checking and diagnosis for declarative business process models in data-aware scenarios,"Barba, Irene",Irene,female,0.9999787388905271,True
Derivation of data-driven software models from business process representations,"Cruz, Estrela Ferreira",Estrela,female,0.9940176348052443,True
Derivation of data-driven software models from business process representations,"Machado, Ricardo J.",Ricardo,male,0.99996029299145,True
Derivation of data-driven software models from business process representations,"Santos, Maribel Y.",Maribel,female,0.9998380167354034,True
Computer-assisted e-customs transactions: Proposing a system to support small and medium-sized enterprises in electronically declaring international exports,"Krumeich, Julian",Julian,male,0.9999128116879805,True
Computer-assisted e-customs transactions: Proposing a system to support small and medium-sized enterprises in electronically declaring international exports,"Bredehöft, Timo",Timo,male,0.9997459028917776,True
Computer-assisted e-customs transactions: Proposing a system to support small and medium-sized enterprises in electronically declaring international exports,"Werth, Dirk",Dirk,male,0.9999427916159628,True
Computer-assisted e-customs transactions: Proposing a system to support small and medium-sized enterprises in electronically declaring international exports,"Loos, Peter",Peter,male,0.9999580684529622,True
An agile bpm system for knowledge-based service organizations,"Faria, José AntóNio",José,male,0.9960913709996708,True
An agile bpm system for knowledge-based service organizations,"Nóvoa, Henriqueta",Henriqueta,female,0.9998378367531375,True
Demo: Cognoscenti open source software for experimentation on adaptive case management approaches,"Swenson, Keith D.",Keith,male,0.9982254263219633,True
A survey of cost accounting in service-oriented computing,"de Medeiros, Robson W.A.",Robson,male,0.9999891526715698,True
