Title,Year,Male Authors,Female Authors,Unknown Gender Authors,First Author Female,Last Author Female,Total Authors
Logistics Processes Modelled in S-BPM and implemented in SAP to reduce Production Lead Times,2016,3,0,0,False,False,3
S-BPM implementation in CUBA Platform for rapid application development,2016,2,0,0,False,False,2
"Towards an open, curious S-BPM community: eliciting stakeholder needs",2015,1,0,0,False,False,1
Exploring ACM and S-BPM for Modelling Human-centric Processes: An Empirical Comparison,2016,1,2,0,False,True,3
ADIGE: semantic business process management for smart retail environments,2015,5,0,0,False,False,5
Shared Business Objects for Paperless Public Management Processes,2016,2,0,0,False,False,2
Towards context-aware processes in people-centered factories of the future,2015,5,1,0,False,False,6
Working with Natural Language Texts for Process Management: Proposal and Analysis of a Process Analysis Methodology,2016,1,0,1,False,False,2
A Method for Modeling Business Processes in a Role-based and Decentralized Way,2016,2,0,0,False,False,2
Continuous Software Engineering with Special Emphasis on Continuous Business-Process Modeling and Human-Centered Design,2016,1,0,0,False,False,1
Towards a Modeling Method for Business Process Oriented Organizational Life Cycle Assessment,2020,1,0,0,False,False,1
An exploratory study on role-based collaborative business process modeling approaches,2015,2,0,0,False,False,2
The Butterfly: An Intelligent Framework for Violation Prediction within Business Processes,2016,2,1,0,False,True,3
Agent-based Business Process Orchestration for IoT,2019,1,2,0,False,True,3
An approach from statistical mechanics for collaborative business social network reconstruction,2015,4,1,0,False,False,5
PROWIT: integrated web 2.0 business process collaboration service-platform,2011,2,0,0,False,False,2
Investigating the Collaborative Process of Subtitles Creation and Sharing for Videos on the Web,2017,2,1,0,True,False,3
Semantic annotation of BPMN: current approaches and new methodologies,2015,3,1,0,False,False,4
"How, Who and When: Enhancing Business Process Warehouses By Graph Based Queries",2016,4,2,0,True,True,6
Communication Semantics for IoT-aware Business Process Management Systems,2024,1,0,0,False,False,1
Correlation Between Social Media and Non-Technical Business Process Management in Small and Medium Enterprises,2023,0,4,0,True,True,4
An extended subject-oriented business process management execution semantics,2019,3,0,0,False,False,3
A CoreASM based reference implementation for subject-oriented business process management execution semantics,2019,3,0,0,False,False,3
Design and Realisation of Scalable Business Process Management Systems for Deployment in the Cloud,2021,3,0,1,False,False,4
Business process management in small- and medium-sized enterprises: an empirical study,2015,1,0,0,False,False,1
Dynamic update of business process management,2017,1,0,0,False,False,1
The Deployment of an Enhanced Model-Driven Architecture for Business Process Management,2018,1,0,0,False,False,1
Major Issues in Business Process Management: Key Concerns presented in Academy from a Brazilian Perspective,2015,1,1,0,False,True,2
Using the Business Digital Simulation Game of MonsoonSIM in the Business Process Management Course for Creating Knowledge and Understanding of University Students,2024,0,1,0,True,True,1
Digital Transformation Model Based on Business Process Management and Lean Manufacturing to Increase the Productivity of the Administrative Area of a Peruvian Aeronautical Company,2023,2,2,0,True,False,4
Business process management (BPM) in a day,2014,1,0,0,False,False,1
BPMS-RA: A Novel Reference Architecture for Business Process Management Systems,2019,3,0,1,False,False,4
Organizational ontologies to support semantic business process management,2009,2,3,0,True,True,5
Business process management in a day,2015,1,0,0,False,False,1
Business process management (BPM) in a day,2010,1,0,0,False,False,1
Semantic web service engineering for semantic business process management,2009,3,1,0,False,False,4
Simulation standard for business process management,2011,2,0,0,False,False,2
Ontology-based semantic matching for business process management,2010,1,0,1,False,False,2
Business process management adoption: a case study of a South African supermarket retailer,2011,1,1,0,False,True,2
Incremental implementation of automated guided vehicle-based logistics using S-BPM: experience report of a digitalization project at ENGEL Austria,2019,2,0,0,False,False,2
Can you see the wood for the trees? collection and compilation of agility models for BPM,2019,2,1,0,False,False,3
Supply Chain Resilience Support in S-BPM,2018,1,0,0,False,False,1
"Ten Years After: Quo Vadis, S-BPM?",2018,1,0,0,False,False,1
Existing and future standards for event-driven business process management,2009,6,0,0,False,False,6
Stakeholder-centered Process Implementation: Assessing S-BPM Tool Support,2017,3,0,0,False,False,3
Location-aware business process management for real-time monitoring of a cardiac care process,2013,3,0,0,False,False,3
Subject-oriented specification of IoT scenarios,2019,1,1,0,True,False,2
SLA-driven business process management in SOA,2009,5,0,0,False,False,5
Applying agile methods and personas to S-BPM,2019,1,1,0,False,True,2
Some say Digitalization - others say IT-enabled Process Management thought through to the End,2017,3,1,0,False,False,4
3rd Event-Driven Business Process Management Workshop (edBPM),2009,5,0,0,False,False,5
Lifecycle of composite business applications enabled by WebSphere Business Process Management,2009,0,2,0,True,True,2
APRUMO (Agile Process Modeling) – A Method to Process Modeling Using Agile BPM,2020,2,2,0,False,True,4
Automatic Tool Support Possibilities for the Text-Based S-BPM Process Modelling Methodology,2016,1,0,1,False,False,2
Industry 4.0 Standardisation: Where Does S-BPM Fit?,2018,2,0,0,False,False,2
Conformance checking: a state-of-the-art literature review,2019,4,0,0,False,False,4
Meeting Industrie 4.0 Challenges with S-BPM,2018,1,0,0,False,False,1
BizDevOps and the Role of S-BPM,2018,1,0,0,False,False,1
"Real time patient flow management using business process management, location tags, and complex events processing",2013,2,0,0,False,False,2
"Digital Transformation, Smart Factories, and Virtual Design: Contributions of Subject Orientation",2018,2,1,0,False,False,3
Towards BPM Skill Assessment using Computerized Adaptive Testing,2017,3,0,0,False,False,3
Towards a comprehensive understanding of the context concepts in context-aware business processes,2019,0,2,3,False,True,5
Universal Artifacts: A New Approach to Business Process Management (BPM) Systems,2016,2,0,1,False,False,3
The convergence of business process management and service oriented architecture,2007,1,0,0,False,False,1
A roadmap towards the convergence of business process management and service oriented architecture,2007,1,0,0,False,False,1
S-BPM in Surgery Simulation Training,2016,2,0,1,False,False,3
Resilient Ontology Support Facilitating Multi-Perspective Process Integration in Industry 4.0,2018,4,1,0,True,False,5
Fast Synthetic Data-Aware Log Generation for Temporal Declarative Models,2023,1,0,0,False,False,1
Integrating Business Processes and Manufacturing Operations Based on S-BPM and B2MML,2016,3,0,0,False,False,3
Reuse of models in S-BPM process specifications,2015,1,0,0,False,False,1
Agent-Based Business Process Modeling and Execution: Steps Towards a Compiler-Virtual Machine Architecture,2016,1,0,0,False,False,1
Modeling complex process systems with subject-oriented means,2019,1,0,1,False,False,2
Smart Business Processing in Industry 4.0,2023,3,0,0,False,False,3
"Dependable data sharing in dynamic IoT-systems: subject-oriented process design, complex event processing, and blockchains",2019,2,0,0,False,False,2
Business-Actors as base components of complex and distributed software applications,2016,4,0,0,False,False,4
Next step recommendation and prediction based on process mining in adaptive case management,2015,2,1,0,False,False,3
Towards the automated business process building by means of type theory,2015,5,0,0,False,False,5
Adaptive open innovation: solution approach and tool support,2015,3,0,0,False,False,3
Actor Based Business Process Automation via Intelligent Business Objects,2017,2,0,0,False,False,2
"Process Culture: Maturity, Drivers, and Barriers",2016,0,1,0,True,True,1
CSPm models for the ATM case study,2015,1,0,0,False,False,1
Leveraging CMMN for ACM: examining the applicability of a new OMG standard for adaptive case management,2015,4,0,0,False,False,4
The Semantic Exchange Standard for Subject-Oriented Process Models,2018,1,0,1,False,False,2
Dealing with Process Complexity: A Multiperspective Approach,2018,1,0,0,False,False,1
BPM Maturity Models: A Qualitative Study under the Perspective of Specialists,2015,1,2,0,True,False,3
Subject-Orientation and Agility,2018,1,0,0,False,False,1
Sisi in the ALPS: A Simple Simulation and Verification Approach for PASS,2018,0,1,1,False,True,2
Designing the Learning Process: The IOLAOS Platform,2018,2,0,0,False,False,2
Measuring Process Experience: A Collaborative Modelling Instrument for Determining the Impact of a New Law on Public Service Experience,2018,3,2,0,False,False,5
"Supporting People-Driven, Dynamic and Geo-Located Work Processes",2018,4,0,0,False,False,4
Validation of Business Process Models through Interactively Enacted Simulation,2018,2,0,0,False,False,2
Using Machine Learning to Classify Process Model Elements for Process Infrastructure Analysis,2023,2,1,0,False,True,3
How Organizational Culture influences BPM Evolution,2015,0,1,1,False,True,2
Subject-oriented Design of Smart Hyper-connected Logistics Systems,2017,2,0,0,False,False,2
Subject-oriented plural method meets BPMN: a case study,2015,2,0,1,False,False,3
Proposal for Using Semantic Technologies as a Means to Store and Exchange Subject-Oriented Process Models,2017,0,0,1,False,False,1
Business Process Elaboration through Virtual Enactment,2017,1,0,0,False,False,1
Subject-Oriented Specification of Smart Environments,2017,0,0,2,False,False,2
Detecting Concept Drift in Processes using Graph Metrics on Process Graphs,2017,3,0,0,False,False,3
Orchestrating Privacy Enhancing Technologies and Services with BPM Tools: The WITDOM Data Protection Orchestrator,2017,5,1,0,False,False,6
Ontology-based metrics computation for business process analysis,2009,2,0,0,False,False,2
"Best Practice (BPM): In business process management, finding the right tool suite is just the beginning.",2006,1,0,0,False,False,1
Three Dimensions of Process Models Regarding their Execution,2016,2,0,0,False,False,2
Commercial Management Model based on the DFSS and BPM Methodology to Increase Liquidity in SMEs in the Retail Commercial Sector,2023,1,2,0,False,True,3
Conceptual Framework Introducing the Success Factors for Implementing Intelligent Automation-A Qualitative Multiple Case Study,2024,2,0,0,False,False,2
Engines supporting the subject-oriented paradigm,2015,2,0,0,False,False,2
Model While You Work: Towards Effective and Playful Acquisition of Stakeholder Processes,2016,2,0,0,False,False,2
Enhancing process compliance in complex product developments: insights from an international manufacturer,2015,4,0,0,False,False,4
BPMN Model Interchange: The Quest for Interoperability,2016,1,0,0,False,False,1
Using BPM Technology to Deploy and Manage Distributed Analytics in Collaborative IoT-Driven Business Scenarios,2019,4,2,0,False,False,6
Lean Service and BPM to Increase the Efficiency of an Operational Process in the Insurance Sector,2023,1,2,0,True,False,3
Comparison of the subject-oriented and the Petri net based approach for business process automation,2015,2,0,0,False,False,2
An ASM model for the procure to pay case study,2015,0,1,0,True,True,1
When process managers act as requirements engineers: a template-based proposal using workflow models to derive innovative IT requirements,2015,3,0,0,False,False,3
Abstract state machine nets: closing the gap between business process models and their implementation,2015,2,0,0,False,False,2
Tool-based checking of business process models,2015,3,1,0,False,True,4
Resource management and authorization for cloud services,2015,3,0,0,False,False,3
HINT project: a BPM teleconsultation and telemonitoring platform,2021,4,1,0,False,False,5
Articulation of subject-oriented business process models,2015,1,0,0,False,False,1
Modeling for change via component-based decomposition and ASM refinement,2015,1,1,0,False,True,2
A Framework for Quantifiable Process Improvement through Method Fragments in Situational Method Engineering,2022,3,0,1,False,False,4
Enhancing telecommunication business process representation and integration with ontologised industry standards,2009,2,0,0,False,False,2
Fundamental Framework for Task Mining Technology Adoption: Results from a Qualitative Empirical Study,2023,2,1,0,False,False,3
Cognitive Support for S-BPM User Interfaces Intertwining Modeling and Execution,2014,2,0,0,False,False,2
A BPM-based Emerald Factory Information System: Redesigning Emerald Crafting Process in Myanmar,2019,2,0,0,False,False,2
Increase of Perfect Orders through the Application of Mixed Methodologies in a Company in the Heavy Freight Transportation Sector,2023,3,0,0,False,False,3
Commercial Model to Increase Sales through Mixed Methodologies in an Automotive Retailer,2023,4,0,0,False,False,4
Process Knowledge Extraction and Knowledge Graph Construction Through Prompting: A Quantitative Analysis,2024,2,1,0,False,True,3
Integrating CEP and BPM: how CEP realizes functional requirements of BPM applications (industry article),2012,3,0,0,False,False,3
The Implementation of Robotic Process Automation for Banking Sector Case Study of A Private Bank in Indonesia,2022,3,2,0,False,True,5
Model-driven development and business process modeling applied to personal productivity in the consumer mobile app market,2015,3,1,0,False,False,4
Digital TwinCity: a holistic approach towards comparative analysis of business processes,2022,0,1,0,True,True,1
Are My Business Process Models Compliant With LGPD? The LGPD4BP Method to Evaluate and to Model LGPD aware Business Processes,2021,1,3,0,False,True,4
LS/ABPM - an agent-powered suite for goal-oriented autonomic BPM,2008,3,0,0,False,False,3
Process Management in the Greek Public Sector: A case study in the Municipality of Kalamaria,2017,5,0,0,False,False,5
Combining social web and BPM for improving enterprise performances: the BPM4People approach to social BPM,2012,2,1,0,False,True,3
Improving the Business Processes Management from the Knowledge Management,2016,1,2,0,True,False,3
IT Enabled Organizational Transformation: A Case Study in Public Sector,2018,2,0,0,False,False,2
Designing user engagement for cognitively-enhanced processes,2017,2,1,0,False,False,3
The Factors of BPM Economic Impact,2017,1,0,0,False,False,1
The estimating index and self-organizing model based on the ant colony algorithm,2022,1,1,0,False,True,2
Natural Language Processing in Business Process Identification and Modeling: A Systematic Literature Review,2018,3,2,1,True,False,6
Semantic-based enterprise attention management systems,2009,2,1,0,True,False,3
Semantic enabled complex event language for business process monitoring,2009,3,0,0,False,False,3
Unary RDF-annotated petri nets: a formalism for the modeling and validation of business processes with semantic information,2009,0,0,4,False,False,4
The business process modelling ontology,2009,2,1,0,True,False,3
Model-based domain ontology engineering,2009,1,1,0,True,False,2
Ontology design patterns for the semantic business processes,2009,0,1,0,True,True,1
Integrated Lean BPM model to increase customer loyalty in a last-mile courier,2022,3,0,0,False,False,3
Towards the ontology-based transformation of business process models,2009,1,0,0,False,False,1
Resource Management for Business Process Scheduling in the Presence of Availability Constraints,2016,3,2,0,False,False,5
Improving mobile business process monitoring with enhanced NFV MANO: a method to elicit connectivity requirements from process models,2020,4,0,0,False,False,4
"Integration of Knowledge and Task Management in an Evolving, Communication-intensive Environment",2021,2,3,0,False,False,5
Dynamic Coupling of Learning with Operational Processes,2021,1,0,0,False,False,1
I Will Survive: An Event-driven Conformance Checking Approach Over Process Streams,2023,3,0,0,False,False,3
Research on Test Data Management Platform of Heavy-duty Vehicle Manufacturing Enterprise Based on SOA and BPM,2022,0,1,0,True,True,1
Integrated BPM-TPM Maintenance Model to reduce over-time order rate in heavy-duty sector SMEs: A Research in Peru,2022,1,2,0,False,True,3
Business process regulatory compliance management solution frameworks: a comparative evaluation,2012,1,0,0,False,False,1
Collaborative process maturing support by mining activity streams,2015,2,0,0,False,False,2
Tuning Concurrency of the Business Process by Dynamic Programming,2018,2,0,0,False,False,2
Dynamic Capabilities that Facilitates the Successful Implementation of Digitalization,2021,1,0,0,False,False,1
Personalized Process and Decision Support in Emergency Care by Mining Electronic Health Records and Sensor Data,2021,1,0,0,False,False,1
SOA enabled BPM rule engine,2011,0,0,3,False,False,3
Automated analysis of industrial workflow-based models,2018,3,1,0,False,True,4
AutoEPRS-20: extracting business process redesign suggestions from natural language text,2021,2,1,0,True,False,3
Verification of Hierarchical Artifact Systems,2019,2,0,1,False,False,3
"An integrated approach for RUP, EA, SOA and BPM implementation",2011,1,1,0,False,True,2
Adaptive case management for the government policy office,2012,1,0,0,False,False,1
Process mining-enabled jurimetrics: analysis of a Brazilian court's judicial performance in the business law processing,2021,3,3,0,True,True,6
BPM/BPM+: Software-based dynamic memory partitioning mechanisms for mitigating DRAM bank-/channel-level interferences in multicore systems,2014,4,1,1,True,False,6
A framework for cost-aware process management: generation of accurate and timely management accounting cost reports,2013,0,0,3,False,False,3
Robust Drift Characterization from Event Streams of Business Processes,2020,3,0,0,False,False,3
Improve Performance Management in Flexible Business Processes,2017,0,1,0,True,True,1
"Composite, Real-time Validation for Business Process Modelling",2014,2,1,0,False,True,3
A Framework and Tool Support for Managing a Family of Business Process Variants,2021,1,0,0,False,False,1
Process Mining: Overview and Opportunities,2012,1,0,0,False,False,1
Slipstream: architecture options for real-time process analytics,2011,5,0,0,False,False,5
Engineering a state monitoring service for real-time patient flow management,2012,2,0,0,False,False,2
Achieving business agility with WebSphere ILOG JRules and WebSphere BPM,2010,1,2,0,True,True,3
DMOMVP: A Business-Process-Oriented Data Model Optimization Method Based on Database Vertical Partition,2018,2,0,1,False,False,3
Supporting user-centric business processes with WADE,2012,3,0,0,False,False,3
Optimizing Business Processes through Parallel Task Execution,2022,2,1,0,False,False,3
Distributed Compliance Monitoring of Business Processes over MapReduce Architectures,2017,1,3,0,True,True,4
Integrating sustainability into day-to-day business: a tactical management dashboard for O-LCA,2020,2,1,0,True,False,3
A methodology to support the execution of proficiency tests for software quality assessment,2024,2,1,0,False,True,3
BDI-agents for agile goal-oriented business processes,2008,1,2,1,True,False,4
Security evaluation by arrogance: saving time and money,2017,2,0,0,False,False,2
An operation framework of educational process management enhanced by information technology: take graduate financial aid management as an example,2012,1,0,2,False,False,3
Towards Aspects Identification in Business Process Through Process Mining,2015,1,2,0,True,False,3
Passage challenges from data-intensive system to knowledge-intensive system related to process mining field,2019,1,3,0,True,False,4
A Task of Behaviour Modelling in Execution Context,2014,1,0,0,False,False,1
Performance analysis modeling applied to business processes,2010,1,1,1,True,False,3
Towards smart logistics processes: a predictive monitoring and proactive adaptation approach,2015,2,1,0,False,True,3
Monitoring of Business Processes' non Functional Requirements based on Quality of Service,2018,2,1,0,False,False,3
Green business process patterns,2011,5,0,0,False,False,5
Incorporating spatial context into remaining-time predictive process monitoring,2021,2,0,1,False,False,3
Verification of Hierarchical Artifact Systems,2016,2,0,1,False,False,3
BPMN in Engineering Software Requirements: An Introductory Brief Guide,2017,0,1,0,True,True,1
Risk-aware business process modeling: a comparison of discrete event and agent-based approaches,2020,2,1,0,False,False,3
Making business processes adaptive through semantically enhanced workflow descriptions,2010,5,0,0,False,False,5
Reduction techniques for efficient behavioral model checking in adaptive case management,2017,6,0,0,False,False,6
Smart Contract Powered Framework for the Next Generation Industry 4.0 Business Model,2024,4,1,0,False,False,5
Diversity Guided Evolutionary Mining of Hierarchical Process Models,2015,4,0,1,False,False,5
Churn Analysis for Constructive Employment Using Machine Learning Classifiers,2023,2,2,0,False,True,4
The Full Intelligent Stakeholder Value Network Model and Its Empirical Results Based on Value Stream in Hospital,2024,4,2,4,False,False,10
Challenges in Scholarly Communication and Scientific Publication – Present Scenario and Opportunities through Blockchain Solutions,2022,2,1,0,False,True,3
Automated team selection and compliance checking in business processes,2015,2,1,1,True,False,4
Mapping semantically enriched Formal Tropos to business process models,2009,2,0,0,False,False,2
Improving Business Process Interoperability by Shared Ledgers,2017,1,2,0,True,False,3
Towards a structure of a pattern language for visualising in business processes,2022,0,1,0,True,True,1
Patterns for flexible BPMN workflows,2011,1,1,0,True,False,2
An Approach to Generate Process-oriented Text from Natural Language,2016,1,1,0,False,True,2
Design Workflows and Algorithm Diagrams Interpretation Method in Software Development,2021,3,1,0,False,True,4
Measuring process flexibility and agility,2010,0,0,2,False,False,2
Performance evaluation of medical imaging service,2012,0,0,9,False,False,9
The S-BPM modelling technique as an enabling tool for representation of agency and situation,2011,2,0,0,False,False,2
Monitoring Constraints and Metaconstraints with Temporal Logics on Finite Traces,2022,4,0,0,False,False,4
Towards situational business process modeling support,2011,1,0,0,False,False,1
Empowering business process simulation through automated model transformations,2014,2,3,0,False,True,5
Storage System Based on Norm and BPMN mapping Research on Business Process Modeling,2018,1,1,0,True,False,2
Identifying Support for Knowledge-Intensive Processes in BPMN and its Extensions,2023,1,1,1,False,False,3
Towards modeling real-world aware business processes,2011,3,1,0,True,False,4
Model-driven engineering in practice: integrated performance decision support for process-centric business impact analysis,2014,4,0,0,False,False,4
CoreSec: an ontology of security aplied to the business process of management,2008,6,0,0,False,False,6
Strong non-leak guarantees for workflow models,2011,2,0,0,False,False,2
A software process line for service-oriented applications,2015,2,2,0,False,True,4
Toward a Time-centric modeling of Business Processes in BPMN 2.0,2013,2,2,0,True,False,4
Accelerate service integration in your BPM/SOA applications,2010,2,1,0,False,True,3
Managing large numbers of business processes with cloud workflow systems,2012,3,1,1,False,False,5
Bridging the business-IT divide using BPM: challenges and opportunities,2009,3,1,0,False,False,4
Towards a metamodel for supporting decisions in knowledge-intensive processes,2019,2,2,0,True,True,4
Supporting adaptive e-Learning: an approach based on open-source learning management systems,2013,2,1,0,False,False,3
Simulating business processes with EPML.SIM,2009,2,1,0,False,False,3
Public health management facing disaster response: a business process simulation perspective,2018,2,0,0,False,False,2
Process design modeling with extended event graphs,2019,1,0,0,False,False,1
Declarative workflows to efficiently manage flexible and advanced business processes,2010,4,0,0,False,False,4
Process instance migration: flexible execution of distributed business processes,2012,2,1,0,False,False,3
Enabling flexible processes by ECA orchestration architecture,2009,2,0,2,False,False,4
Business activity management for service networks in cloud environments,2011,3,1,0,False,False,4
SOA Reuse: Systematic Literature Review Updating and Research Directions,2018,1,2,0,True,True,3
The role of editor in collaborative modeling,2012,1,0,0,False,False,1
Improving business process in semiconductor manufacturing by discovering business rules,2018,3,1,0,False,False,4
Dealing with uncertainty: Robust workflow navigation in the healthcare domain,2013,3,0,0,False,False,3
Conceptual modeling of inter-dependencies between processes and data,2018,2,2,0,False,True,4
Process performance management: illuminating design issues through a systematic problem analysis,2011,2,1,0,True,False,3
"Government Process Integration Using the ""Enterprise Resource Planning"" System",2014,0,2,0,True,True,2
Object relational business process repository,2012,1,1,0,True,False,2
Model-driven development of families of Service-Oriented Architectures,2009,5,0,1,False,False,6
"Automation, control, and analysis of knowledge-intensive processes",2021,4,0,1,False,False,5
An evaluation of process warehousing approaches for business process analysis,2009,2,0,0,False,False,2
Towards a Framework of Process Owner Competencies and Tasks,2016,2,1,0,False,True,3
Inferring state for real-time monitoring of care processes,2013,2,1,0,True,False,3
Service oriented system for business cooperation,2008,1,3,0,True,True,4
An extended interpretation of process design and modeling,2009,1,1,0,False,True,2
Towards a Repository for the Reuse of Business Process Models from a Requirements Analysis Perspective,2015,2,1,0,True,False,3
Business Process Fragmentation for Enhancing Process Modeling,2014,1,2,0,True,True,3
Digital transformation of telecom providers management customer system: a process research and effects assessment,2022,0,2,0,True,True,2
Development of a Flexible Imaging Data Integration Tool for Multicenter Clinical Trials,2018,2,1,0,True,False,3
Devs modelling and simulation for healthcare process application for hospital emergency department,2017,4,1,0,True,False,5
Incorporating Multidisciplinary Emerging Areas in CS Curriculum: the Pedagogical Challenges,2016,1,0,0,False,False,1
Optimal acquisition of input data for decision taking in business processes,2017,1,1,0,True,False,2
EUD for enterprise process and information management,2008,3,0,0,False,False,3
BPM: The Promise and the Challenge: It’s all about closing the loop from conception to execution and back.,2004,0,1,0,True,True,1
IoT Data Prefetching in Indoor Navigation SOAs,2018,5,0,0,False,False,5
Agile systems development for the management of service oriented organizations,2010,0,2,0,True,True,2
On the exploitation of process mining for security audits: the process discovery case,2013,3,0,0,False,False,3
A resource oriented framework for context-aware enterprise applications,2011,2,0,0,False,False,2
A Pattern Language for Workflow Engine Conformance and Performance Benchmarking,2017,5,0,0,False,False,5
Towards an Integration System for Artifact-centric Processes,2016,1,0,0,False,False,1
Impact of Industry 4.0 on Economic Development and Conditions for its Successful Implementation,2021,0,1,0,True,True,1
Foundations of data-aware process analysis: a database theory perspective,2013,3,0,0,False,False,3
Local Concurrency Detection in Business Process Event Logs,2019,4,0,0,False,False,4
Open source workflow management systems for the internal audit process,2012,1,1,0,True,False,2
Analysis of Profile and Role from Business Analysts in National Context,2015,0,2,0,True,True,2
Achieving Business Process Improvement via Ubiquitous Decision-Aware Business Processes,2019,3,0,0,False,False,3
Fine-grained Emotion Role Detection Based on Retweet Information,2018,4,0,2,False,False,6
Latency-Aware Application Module Management for Fog Computing Environments,2018,3,0,0,False,False,3
An Autonomic Cognitive Pattern for Smart IoT-Based System Manageability: Application to Comorbidity Management,2018,2,1,0,True,False,3
Driving knowledge acquisition via metric life-cycle in process intelligence,2014,4,2,0,True,False,6
Business artifacts with guard-stage-milestone lifecycles: managing artifact interactions with conditions and events,2011,9,2,1,False,False,12
Dynamic temporal constraints in business processes,2017,3,0,0,False,False,3
Incentive-Based Crowdsourcing of Hotspot Services,2019,2,1,0,True,False,3
A flexible approach for abstracting and personalizing large business process models,2013,2,0,0,False,False,2
SENTINEL: a semantic business process monitoring tool,2008,4,1,1,False,True,6
Context-Driven and Real-Time Provisioning of Data-Centric IoT Services in the Cloud,2018,4,0,0,False,False,4
Towards mobile process as a service,2010,1,1,0,True,False,2
The story of a working workflow management system,2007,2,0,0,False,False,2
Measuring Performance in Knowledge-intensive Processes,2019,3,4,0,True,False,7
A Hybrid Approach for Improving the Design Quality of Web Service Interfaces,2018,4,0,1,False,False,5
Features of automation of business processes of interaction with customers,2021,0,2,0,True,True,2
Supporting and assisting the execution of flexible healthcare processes,2015,3,0,0,False,False,3
Managing legal interpretation in regulatory compliance,2013,3,1,1,False,False,5
Reasoning About Property Preservation in Adaptive Case Management,2019,2,0,1,False,False,3
Modeling and implementing a business process using WebSphere Lombardi Edition 7.1,2010,1,4,0,True,False,5
Grouping Peers Based on Complementary Degree and Social Relationship using Genetic Algorithm,2018,1,1,2,False,False,4
Making Constrained Things Reachable: A Secure IP-Agnostic NAT Traversal Approach for IoT,2018,1,0,0,False,False,1
Modeling evidence-based medicine applications with provenance data in pathways,2015,2,1,0,False,True,3
Towards a change-aware process environment for system and software process,2015,2,3,0,False,True,5
Model driven interoperability in practice: preliminary evidences and issues from an industrial project,2010,4,0,1,False,False,5
A method for analyzing work tasks and status by video-and-PC-monitoring system,2009,4,1,0,True,False,5
Simulation-based operation management of outpatient departments in university hospitals,2013,2,3,2,False,True,7
Incorporating semantic bridges into information flow of cross-organizational business process models,2010,3,0,0,False,False,3
An integrated approach for modeling and facilitating RFID-based collaborative logistics processes,2011,1,1,1,True,False,3
Measuring Method Complexity of the Case Management Modeling and Notation (CMMN),2014,3,0,0,False,False,3
Activity-centric support for weakly-structured business processes,2010,3,0,0,False,False,3
Editorial: “Business Process Intelligence: Connecting Data and Processes”,2015,2,0,1,False,False,3
Quality and perceived usefulness of process models,2010,1,0,0,False,False,1
inBOX: your future mail box,2013,1,2,2,False,True,5
Solving resource planning problems: a heuristical solution,2009,5,0,0,False,False,5
A knowledge-based formalization of UBL processes using hybrid programs,2012,2,0,2,False,False,4
"Modeling, Enacting, and Integrating Custom Crowdsourcing Processes",2015,4,0,0,False,False,4
Conflict resolution for on-the-fly change propagation in business processes,2014,2,1,0,True,False,3
Causes-based problems in business process compliance based management,2012,2,0,0,False,False,2
Automatic Validation of Knowledge-intensive Process Models through Alloy,2018,0,3,0,True,True,3
Business Process Modeling and simulation,2011,1,0,0,False,False,1
Keeping decisions and rationale explicit in business process analysis,2012,1,1,0,False,True,2
Static analysis of BPMN-based process-driven applications,2019,5,0,0,False,False,5
Managing simulation workflow patterns using dynamic service-oriented compositions,2010,2,0,0,False,False,2
Simulation model for analysis and management of the no-show in outpatient clinic,2018,2,2,0,False,False,4
Towards Improving Context Interpretation in the IoT Paradigm: a Solution to Integrate Context Information in Process Models,2018,0,2,3,False,True,5
Process spaceship: discovering and exploring process views from event logs in data spaces,2008,5,0,0,False,False,5
Providing fault-tolerant execution of web-service-based workflows within clouds,2012,5,0,0,False,False,5
Revisiting Interoperability Issues and Challenges in the Era of Ubiquitous Social Web of Everything,2017,1,0,0,False,False,1
Architecture-centric support for adaptive service collaborations,2014,3,0,0,False,False,3
Workflow management versus case handling: results from a controlled software experiment,2008,1,2,0,True,False,3
A BPMN extension for modeling non functional properties of business processes,2011,1,1,0,False,True,2
A business process explorer: recovering and visualizing e-commerce business processes,2008,1,2,1,False,True,4
Using a mobile app to improve performance of management of services orders and teams processes,2015,4,0,0,False,False,4
Towards quality-aware development and evolution of enterprise information systems,2010,2,1,0,False,True,3
Verifiable UML Artifact-Centric Business Process Models,2014,3,1,0,False,False,4
A tool for the analysis of hierarchical service-oriented extended open fork/join queueing networks,2007,1,0,0,False,False,1
ModelER: Abordagem baseada em modelos aplicada ao processo de elicitação de requisitos,2014,2,0,1,False,False,3
Three-layered QoS for eGovernment web services,2010,2,1,0,False,False,3
E = MA2 (e-learning in a Moodle-based adaptive and accumulative system),2011,2,1,0,False,True,3
Business process performance prediction on a tracked simulation model,2011,1,1,0,False,True,2
Integrated service engineering workbench: service engineering for digital ecosystems,2009,5,1,0,False,False,6
Modeling and simulation competency center for mature enterprises,2009,2,0,0,False,False,2
Business Process Modelling Augmented: Model Driven transformation of User Stories to Processes,2020,2,0,1,False,False,3
Design of a four-branch optical power splitter using III-nitride semiconductors,2017,2,1,0,True,False,3
Structuring a process management center of excellence,2009,2,4,0,False,True,6
Investigating the Potential of Service Oriented Architectures to Realize Dynamic Capabilities,2007,3,0,0,False,False,3
A Framework for Classifying and Comparing Process Technology Domains,2007,0,2,0,True,True,2
Modeling Data Transformations in Data-Aware Service Choreographies,2018,5,0,0,False,False,5
Ontology-Based Behavioral Constraint Authoring,2016,6,0,0,False,False,6
Time in Blockchain-Based Process Execution,2020,1,0,1,False,False,2
A Management Life Cycle for Data-Aware Service Choreographies,2016,3,0,0,False,False,3
On the Capability Compliance of Annotated Process Model,2009,0,1,1,True,False,2
Implementing Managed Loosely-Coupled Distributed Business Processes: A New Approach Using DIME Networks,2012,2,0,0,False,False,2
A similarity measurement based on structure of Business Process,2016,2,2,0,True,True,4
Blueprint for Business Middleware as a Managed Cloud Service,2014,3,0,1,False,False,4
Enabling customer-driven processes in value-added networks using an architecture for e-collaboration,2005,0,0,3,False,False,3
Supporting Doctors through Mobile Multimodal Interaction and Process-Aware Execution of Clinical Guidelines,2014,8,3,0,False,True,11
Using a process modeling language for the design and implementation of process-driven applications,2007,1,1,0,False,True,2
Executable product models - The intelligent way,2007,2,0,0,False,False,2
A Machine Learning Based Approach for Recommending Unfamiliar Process Activities,2021,1,1,0,True,False,2
ePBPM: a graphical language supporting interoperability of participatory process,2015,4,0,0,False,False,4
Fast Conformance Analysis Based on Activity Log Abstraction,2018,2,0,1,False,False,3
From the dark net to the cloudy data - Cloud network governance guidelines,2015,1,3,0,True,True,4
Organizing Documented Processes,2009,1,0,1,False,False,2
Towards goal-driven access to process warehouse: Integrating goals with process warehouse for business process analysis,2011,1,1,0,False,True,2
Workflow based approach for designing and executing mobile agents,2012,1,1,0,False,True,2
Value added on integrated solution of RFID enhanced asset traceability system,2010,1,1,0,False,True,2
On Similarity of Object-Aware Workflows,2019,2,1,0,False,False,3
Conceptualization of an Integrated Procedure Model for Business Process Monitoring and Prediction,2020,3,1,0,False,False,4
Research on Cloud Workflow Engine Supporting Three-Level Isolation and Privacy Protection,2019,0,1,2,False,False,3
Generalizing STNU to Model Non-functional Constraints for Business Processes,2022,3,0,0,False,False,3
Towards automatic incremental synchronization of multiple process models via information flow optimization,2011,3,1,3,False,False,7
An intelligent multiagent system for the management of strategic business processes,2001,0,0,1,False,False,1
Information Retrieval from Facebook for Social Network Analysis,2023,1,1,0,False,True,2
Impact Analysis of Process Change at Run-Time,2015,2,3,0,False,True,5
Auto-Generation of Domain-Specific Systems: Cloud-Hosted DevOps for Business Users,2020,6,3,1,False,False,10
"BI-Enabled, Human-Centric Business Process Improvement in a Large Retail Company",2011,1,1,0,True,False,2
Hire me fairly: towards dynamic resource-binding with smart contracts,2021,4,1,0,True,False,5
A Review of Monitoring Techniques for Service Based Applications,2013,1,1,0,True,False,2
Subject-oriented process design across organizational control layers,2014,3,0,0,False,False,3
Workflow for a multi-agent system with voice user interfaces in a changing environment,2014,0,0,2,False,False,2
Verifying Petri Net-Based Process Models using Automated Planning,2019,2,2,0,True,False,4
Managing on Purpose: A Practitioner's Goal for a Recalcitrant Bank,2009,0,0,1,False,False,1
A Corpus for Measuring Retrieval Performance of Process Matching Methods,2021,0,1,1,True,False,2
Promoting Professional Competencies Through Interdisciplinary PBL: An Experience Report in Computing Higher Education,2023,1,2,0,True,False,3
An Analysis of the Concept of Cognitive Enterprise Architecture Foundation of Cognitive Enterprise Archtecture,2023,1,0,0,False,False,1
A goal-based configurable transaction model of artifact-centric workflows,2016,0,1,1,False,True,2
To Enhance Municipal Revenue Department Processes Using Process Mining Techniques (A Case Study: Hamedan Province),2024,2,0,0,False,False,2
Enabling Reliable Collaboration in Legacy Business Process Systems,2024,2,0,0,False,False,2
Integration of cross-organizational business processes with blockchain: identifying key activities for on-chain execution based on behavioral profiles,2024,0,2,0,True,True,2
Identifying the data quality terminology used by business people,2015,2,1,0,False,False,3
Information logistics as a paradigm,2015,0,1,0,True,True,1
Kaizen Philosophy to Improve Service Levels at an OTR Tire Distribution Company,2022,3,1,0,True,False,4
A predictive schedule model for satellite subsystem hardware delivery in an earned value environment,2011,2,1,0,False,False,3
[WiP] Formal Modelling of IT Resource Allocation in Business Processes,2018,3,1,0,True,False,4
Identifying factors of Migration Intention from the Sri Lankan Software Engineering Industry: An Analysis using the Theory of Planned Behavior,2024,3,1,0,False,True,4
Privacy preserving BPMS for collaborative BPaaS,2017,5,0,0,False,False,5
Constraint Specification for Active Process Models,2009,2,0,0,False,False,2
Inside Agile Processes: A Practitioner's Perspective,2009,0,0,1,False,False,1
Enhancing Procurement Performance in Project-Oriented Organizations: A Process Analysis Approach,2024,2,1,0,False,True,3
Powerful Equivalence Checking in the Bank Supply Process,2014,2,1,0,False,False,3
Comparative Analysis of Patient Care Processes with Process Mining and Graph Edit Distance in Patient Data on the Indonesia National Health Insurance,2023,2,1,0,False,False,3
Automated Event Log Analysis With Causal Dependency Graphs for Impact Assessment of Business Processes,2024,2,1,0,True,False,3
"Software engineering and business process management: Interpretatio, imitatio, aemulatio",2013,0,0,1,False,False,1
Introduction to Business Process Management Minitrack,2012,0,1,1,True,False,2
Message from the EVL-BP 2015 Workshop Co-Chairs,2015,3,0,0,False,False,3
Message from the EVL-BP 2011 Workshop Chairs,2011,4,0,0,False,False,4
The power of business processes in e-commerce,2005,0,0,1,False,False,1
Ongoing research agenda on the Internet of Things (IoT) in the context of Artificial Intelligence (AI),2017,1,0,0,False,False,1
MADYNE Track Report,2013,1,1,0,False,True,2
Message from the SoEA4EE 2017 Workshop Chairs,2017,1,1,0,True,False,2
A posteriori process security control,2015,1,0,0,False,False,1
Business Intelligence and Business Process Management in Banking Operations,2007,1,2,0,True,False,3
Challenges in the Design of an Impulse Radio Based Ultra Wide Band Transceiver,2007,1,0,0,False,False,1
"The “Selection, Training, Follow and Evaluation Framework” (STFEF) for manager's in business innovation transformation projects” a holistic overview",2011,2,0,0,False,False,2
Reference Business Processes-Based Method for Multi-Tenant SaaS Architecture Deployment and Adaptation,2021,2,0,0,False,False,2
"Towards Increased Comparability of Business Process Models: Design, Implementation and Evaluation of Semantic Standardization Functionality",2015,3,1,0,True,False,4
An Interactive Approach to Support Event Log Generation for Data Pipeline Discovery,2022,3,1,0,False,False,4
Incident Notification Process as a Service for Electricity Supply Systems,2013,1,2,0,True,True,3
Handling Concurrent Changes in Collaborative Process Model Development: A Change-Pattern Based Approach,2013,2,0,0,False,False,2
Towards IoT-Driven Predictive Business Process Analytics,2020,3,1,0,False,False,4
Automating Workflows with Service Oriented Media Applications,2009,0,0,5,False,False,5
From Data-centric Business Processes to Enterprise Process Frameworks,2017,2,1,0,False,False,3
Addressing the Log Representativeness Problem using Species Discovery,2023,3,0,0,False,False,3
Standing Processes in Service-Oriented Environments,2009,3,0,0,False,False,3
Formal Approach for Authorization in Distributed Business Process Related Task Document Role Based Access Control,2019,0,1,2,False,True,3
Toward a Game-like Experience: Design of a Modern User Interface of a Simulation Game for Teaching Business Process Digitalization,2022,6,0,0,False,False,6
A flexible exception handling framework for Semantic Programming Language,2011,1,2,0,False,True,3
Applying big data and linked data concepts in supply chains management,2013,2,1,0,True,False,3
Business Process Complexity Measurement: A Systematic Literature Review,2023,2,0,2,False,False,4
Towards Business Process Modeling in Business Contracting–Analyzing Collaboration Contracts as a Field of Application for Process Models,2012,3,0,0,False,False,3
A One-Dimensional Kalman Filter for Real-Time Progress Prediction in Object Lifecycle Processes,2021,2,1,0,True,False,3
Categories of Change Triggers in Business Processes,2018,1,3,0,True,False,4
BPMN4CARS: A Car-Tailored Workflow Engine,2023,4,2,1,True,False,7
A multi-commodity flow based approach to scheduling multi-model synchronization,2012,3,0,2,False,False,5
IIoT Mobile Business Data Placement Strategy Based on Bayesian Optimization Algorithm,2022,4,0,2,False,False,6
Enterprise Systems: State-of-the-Art and Future Trends,2011,0,1,0,True,True,1
"Security, Performance, and Applications of Smart Contracts: A Systematic Survey",2019,1,1,0,True,False,2
Managing business processes as an information resource,1994,0,0,2,False,False,2
Automatic control of workflow processes using ECA rules,2004,1,1,2,False,False,4
Managing Process Model Complexity Via Abstract Syntax Modifications,2011,3,1,2,False,False,6
A Survey on the Flexibility Requirements Related to Business Processes and Modeling Artifacts,2008,0,1,0,True,True,1
Adaptive Case Management: Overview and Research Challenges,2013,2,0,0,False,False,2
A systematic review of goal-oriented requirements management frameworks for business process compliance,2011,2,1,0,True,False,3
Knowledge Intensive Business Processes: Theoretical Foundations and Research Challenges,2011,1,1,0,True,False,2
Towards Living Inter-organizational Processes,2013,9,3,2,True,True,14
Research Challenges in Adaptive Case Management: A Literature Review,2014,3,0,0,False,False,3
MiraMap: A We-Government Tool for Smart Peripheries in Smart Cities,2016,5,5,0,True,False,10
Enhancing Business Impact Analysis and Risk Assessment Applying a Risk-Aware Business Process Modeling and Simulation Methodology,2008,3,0,0,False,False,3
Some Complexity Results for the Soundness Problem of Workflow Nets,2014,1,0,0,False,False,1
Visual Drift Detection for Event Sequence Data of Business Processes,2022,3,0,1,False,False,4
Using Computer Simulation in Operating Room Management: Impacts on Process Engineering and Performance,2007,4,1,1,False,False,6
"Enterprise Capability Modeling: Concepts, Method, and Application",2015,5,1,0,False,False,6
Knowledge Management Systems for Knowledge-Intensive Processes: Design Approach and an Illustrative Example,2010,2,0,0,False,False,2
Prescriptive Process Monitoring for Cost-Aware Cycle Time Reduction,2021,3,2,0,True,False,5
"Understanding Knowledge-Intensive, Practice-Oriented Business Processes",2008,1,1,0,True,False,2
Predictive Analysis of Business Processes Using Neural Networks with Attention Mechanism,2020,4,0,0,False,False,4
Six Sigma DMAIC Enhanced with Capability Modelling,2017,2,0,0,False,False,2
Process Instance Query Language to Include Process Performance Indicators in DMN,2016,2,2,0,False,False,4
Enterprise-scale cloud migration orchestrator,2015,2,2,0,False,False,4
The Entanglement of Enterprise Architecture and IT-Governance: The Cases of Norway and the Netherlands,2011,2,1,1,False,False,4
Influence Analysis Based Expert Finding Model and Its Applications in Enterprise Social Network,2013,3,1,1,False,False,5
Semantic variability modeling in business processes: A comparative study,2014,0,3,0,True,True,3
From trading to eCommunity population: Responding to social and contractual challenges,2006,0,3,0,True,True,3
Process- and Resource-Aware Information Systems,2016,0,1,0,True,True,1
Message Correlation and Web Service Protocol Mining from Inaccurate Logs,2010,6,0,0,False,False,6
A Lifecycle Approach towards Business Rules Management,2008,3,0,0,False,False,3
Token analysis of graph-oriented process models,2009,4,0,0,False,False,4
ProDiGy : Human-in-the-loop process discovery,2018,0,0,3,False,False,3
Checking Correctness and Compliance of Integrated Process Models,2008,3,0,0,False,False,3
Self-Healing for Distributed Workflows in the Internet of Things,2017,3,0,0,False,False,3
eXFlow: a Web services-compliant system to support B2B process integration,2004,1,1,2,False,False,4
Extension of a Methodology for Risk-Aware Business Process Modeling and Simulation Enabling Process-Oriented Incident Handling Support,2008,4,0,0,False,False,4
Towards a Process-Centered Resilience Framework,2015,3,0,0,False,False,3
Efficient Transition Adjacency Relation Computation for Process Model Similarity,2022,2,1,1,False,False,4
Using Process Models for the Design of Service-Oriented Architectures: Methodology and E-Commerce Case Study,2008,2,1,0,False,False,3
Detecting Difference Between Process Models Using Edge Network,2019,2,1,2,False,True,5
WebSphere Application Server: A foundation for on demand computing,2004,0,0,3,False,False,3
Managing Security and Privacy Integration across Enterprise Business Process and Infrastructure,2008,2,0,0,False,False,2
Multi-Layered Process Modeling for Business and IT Alignment,2010,2,0,0,False,False,2
Using Virtual Reality Technology to Visualize Management of College Assets in the Internet of Things Environment,2020,1,2,0,True,True,3
Artificial Intelligence and Digital Transformation: Analyzing Future Trends,2022,3,3,0,True,False,6
Increasing Availability of Workflows Executing in a Pervasive Environment,2014,4,0,0,False,False,4
Exploring Process-Modelling Practice: Towards a Conceptual Model,2008,4,0,0,False,False,4
Automation and orchestration framework for large-scale enterprise cloud migration,2016,0,0,5,False,False,5
Business Value Creation through Business Processes Management and Operational Business Intelligence Integration,2010,0,1,0,True,True,1
A Model-Driven Service Specification Approach from BPMN Models,2017,2,0,0,False,False,2
Generating process model collection with diverse label and structural features,2016,5,0,0,False,False,5
FB-Diff: A Feature Based Difference Detection Algorithm for Process Models,2017,2,1,1,False,False,4
How Much Flexibility is Good for Knowledge Intensive Business Processes: A Study of the Effects of Informal Work Practices,2015,2,0,1,False,False,3
PEM: a framework enabling continual optimization of workflow process executions based upon business value metrics,2005,3,0,3,False,False,6
The Impact of COVID-19 on Digital Enterprise Management,2021,3,1,1,False,False,5
The Role of Workflow in Next Generation Business Oriented Grids: Two Different Approaches Leading to a Unified Vision,2006,1,2,0,False,True,3
An information infrastructure and e-services for supporting Internet-based scalable e-business enterprises,2001,1,0,4,False,False,5
Exploration and Analysis of Undocumented Processes Using Heterogeneous and Unstructured Business Data,2014,5,1,0,False,False,6
Next Activity Prediction: An Application of Shallow Learning Techniques Against Deep Learning Over the BPI Challenge 2020,2023,3,0,0,False,False,3
Bootstrapping Natural Language Querying on Process Automation Data,2020,8,2,2,True,False,12
An innovation model in curriculum design for teaching engineering at universidad EAFIT,2014,1,2,0,True,True,3
The Process-Rule Continuum - Can BPMN & SBVR Cope with the Challenge?,2011,0,1,0,True,True,1
Using Fractal Enterprise Model in Technology-Driven Organisational Change Projects: A Case of a Water Utility Company,2021,1,0,1,False,False,2
"An overview of Process Mining and its applicability to complex, real-life scenarios",2019,1,1,0,True,False,2
Introducing Trust in Service-Oriented Distributed Systems through Blockchain,2019,4,1,0,False,False,5
Combination of Interoperability Registries with Process and Data Management Tools for Governmental Services Transformation,2009,0,0,3,False,False,3
Goal-Oriented Service Selection in Business Processes,2009,2,0,0,False,False,2
Towards A Service-Oriented Architecture for Demand-Driven e Government,2007,1,0,1,False,False,2
Optimization of the Business Process metrics definition according to the BPDM standard and its formal definition in OCL,2010,0,0,5,False,False,5
Estimating Structures of Business Process Models from Execution Logs,2006,3,0,0,False,False,3
Towards Dependable Business Processes with Fault-Tolerance Approach,2010,3,1,0,False,False,4
Context Model Based SOA Policy Framework,2010,2,1,3,True,False,6
Management Framework for Business Integration Projects,2009,2,0,0,False,False,2
Improving Business Process Resilience to Long-tailed Business Events via Low-code,2022,3,0,1,False,False,4
Managing Digital Transformation in Public Administration,2021,3,0,0,False,False,3
The challenges of the move from the desktop to the cloud,2011,1,1,0,True,False,2
The Impact of Information System: A Network Analysis Perspective,2018,1,1,0,False,True,2
Communication-Enabled Business Processes as a Service,2009,3,1,0,True,False,4
Process and Services Fusion Impact Assessment,2007,2,0,0,False,False,2
Minimum Interference Model in Wireless Sensor Network for Foul Environment in Workshop and Warehouse,2009,0,1,1,True,False,2
Service-Oriented Computing Kit,2006,1,1,0,False,True,2
Improving ERP integration,2012,0,0,2,False,False,2
Modeling of A-Posteriori Access Control in Business Processes,2012,2,0,0,False,False,2
Extension BPML for Sub-Process,2008,2,0,1,False,False,3
Rallye Game: Learning by Playing with Racing Cars,2018,1,1,0,True,False,2
DMC - Distributed and Mobile Collaboration Workshop Report,2004,0,0,2,False,False,2
Modeling Business Diagnosis with Dynamic Workflow Construction,2006,4,0,0,False,False,4
KS-Diff: A Key Structure Based Difference Detection Method for Process Models,2019,3,1,1,False,False,5
Study on a flexible workflow technology and its application,2009,1,0,2,False,False,3
An Organizational Framework for Building Secure Software,2008,2,0,0,False,False,2
A Solution to Extending Dynamic Web Project Wizard,2012,2,0,1,False,False,3
Towards More Flexible Internal Workflow Change: Weakly Equivalence Concept for Inter-organizational Workflow Design,2007,2,0,0,False,False,2
Process Management Systems and public healthcare in Brazil: Technology to improve service delivery,2010,0,0,1,False,False,1
Evaluating Enterprise Integration Middleware Technologies,2007,1,0,0,False,False,1
BKQoS – a business knowledge-based QoS provisioning framework,2010,2,0,0,False,False,2
A Study of Interorganizational Process Refactoring Based on Inheritance Technology,2009,1,1,0,False,True,2
Teaching conceptual modelling: The OMiLAB best practice,2017,1,1,0,True,False,2
"Improving Architectural Composability and Consumability using Communities: Lessons learned from Eclipse, SOA and MDA",2007,1,0,0,False,False,1
Efforts towards an open electronic commerce infrastructure for the tourism industry,1998,0,0,5,False,False,5
A Modeling Method of Role-Based Team Organization Structure in E-Business,2011,0,0,1,False,False,1
A label-free similarity measure between workflow nets,2009,1,1,2,False,False,4
EliXir: a framework for Building e-business applications,2008,1,0,0,False,False,1
Topics in organizational systems and technology,2001,1,0,0,False,False,1
Management of Cross-enterprise Processes based on a Service-oriented Workflow Framework,2006,1,1,1,False,True,3
SafeRoute: Pioneering Online Ride Booking with Pega & ML-Powered Safety Measures,2024,1,0,5,False,False,6
Business ecology in the digital ecosystem,2010,1,0,0,False,False,1
Research on Key Technology of Process Equipment Service Platform Based on SOA,2010,3,1,1,False,False,5
RBAC for Supply Chain Process Monitoring,2007,1,2,0,False,True,3
Process Integration Using SOA: An Implementation Case in a Municipality,2007,1,0,0,False,False,1
A framework to profile corporate projects,2020,2,1,0,False,True,3
"An Interdisciplinary Model-Driven Approach for Flipped Learning Design and Enactment Integrating Gamification, Agile, BPMN, IoT, and AI",2024,2,1,0,False,False,3
MADYNE 2015 Track Report: Management of Dynamic Networked Enterprises,2015,1,1,0,True,False,2
WhiteMech: White-Box Self-Programming Mechanisms,2019,1,0,0,False,False,1
Research on Collaboration-Based Organization Structure Modeling in E-Business,2010,0,0,1,False,False,1
Modeling reconfigurable information systems by using an executable algebraic framework,2007,0,0,3,False,False,3
Construction of the full life cycle data management model for complex aerospace products based on digital twins,2024,4,1,3,False,False,8
Management of SOA in public administration: A case study,2009,2,0,0,False,False,2
The study on college education management based on workflow technology,2012,1,0,0,False,False,1
Management Decision of Using Building Information Modeling in Recent Residential Construction Projects in Bahrain,2024,3,1,0,True,False,4
Business Processes Management Implementation in Health Sector,2018,9,1,0,False,False,10
Evaluating effectiveness of risk identification and management using organisational models,2011,3,0,0,False,False,3
Decision support systems in controlling and optimizing of diagnostic processes,2009,2,0,0,False,False,2
Improve performance of enterprises information portal using RFC and IDOC technique,2012,2,0,1,False,False,3
Media-Aware Workflows,2010,4,0,0,False,False,4
An Empirical Evaluation of Deep Neural Networks in Federated Learning,2022,1,2,0,True,True,3
Improving enterprise resource planning results using knowledge extraction and learning,2010,4,1,0,True,False,5
Application of process mining approach to the developmental process of the roundworm C. elegans,2022,4,1,0,False,True,5
Automatic Analysis of Inconsistencies in Inter-Enterprise Business Processes: Introducing a Formal Adaptation Patterns Catalog,2023,0,2,0,True,True,2
Track Report of Management of Dynamic Networked Enterprises (MADYNE 2014),2014,1,1,0,True,False,2
Wiki-based enterprise knowledge management system,2013,2,1,0,False,False,3
Developing flexible service portals,2005,0,0,4,False,False,4
Agile Logistics Management Model to Reduce Service Times and Improve Processes Using Lean Service Methodology in Companies in the Electrical Sector,2021,2,1,0,True,False,3
Analysis of Russian Experience in Utilities’ Plant Assets Management,2020,0,2,0,True,True,2
An XES Extension for the Distributed Simulation of Process Collaborations,2024,1,1,0,False,True,2
Towards a Human Reliability Analysis in process modelling: An empirical investigation,2011,3,2,0,False,False,5
A Design of EAI Platform Based on Event-Driven Publish-Subscribe Systems for e-Business,2011,0,1,0,True,True,1
Competitive Landscape of IT Industry in the 5G ecosystem: A management decision case study of AMDOCS,2022,2,0,0,False,False,2
Evaluating the use of IT by the third party logistics in South East Asia to achieve competitive advantage and its future trend,2012,3,0,1,False,False,4
"A Role of RMAS, Blockchain, and Zero-Knowledge Proof in Sustainable Supply Chains",2024,3,0,0,False,False,3
Managing Process Model Complexity via Concrete Syntax Modifications,2011,3,1,2,False,False,6
"Unleashing the Effectiveness of Process-Oriented Information Systems: Problem Analysis, Critical Success Factors, and Implications",2008,2,1,0,True,False,3
A Business Process Intelligence System for Enterprise Process Performance Management,2008,2,2,1,False,True,5
Process SEER: A Tool for Semantic Effect Annotation of Business Process Models,2009,2,1,0,True,False,3
Process Discovery from Model and Text Artefacts,2007,3,0,0,False,False,3
Self-Adaptive Resource Allocation for Elastic Process Execution,2013,3,0,1,False,False,4
Leveraging process discovery with trace clustering and text mining for intelligent analysis of incident management processes,2012,3,0,1,False,False,4
Petri Net Based Data-Flow Error Detection and Correction Strategy for Business Processes,2020,4,1,2,False,False,7
Service Oriented Architecture: Challenges for Business and Academia,2008,3,2,0,True,False,5
Outcome-Oriented Predictive Process Monitoring with Attention-Based Bidirectional LSTM Neural Networks,2019,2,2,0,True,True,4
CoReL: Policy-Based and Model-Driven Regulatory Compliance Management,2011,2,1,1,False,True,4
Combining Rules and Activities for Modeling Service-Based Business Processes,2008,3,0,0,False,False,3
Business Process Adaptations via Protocols,2006,3,0,0,False,False,3
A Novel Framework to Automatically Generate Executable Web Services From BPMN Models,2019,5,1,0,True,False,6
Querying Process Models Based on the Temporal Relations between Tasks,2011,4,2,0,False,True,6
OntoMove: A Knowledge Based Framework for Semantic Requirement Profiling and Resource Acquisition,2007,2,2,0,False,False,4
"An Empirical Study on Emotions, Knowledge Management Processes, and Performance within Integrated Business Process Teams",2012,4,0,0,False,False,4
Extending BPMN with Submit/Response-Style User Interaction Modeling,2009,1,2,0,True,False,3
Unraveling Process Evolution by Handling Concept Drifts in Process Mining,2017,2,1,2,False,False,5
Enabling Intelligent Business Processes with Context Awareness,2018,2,2,1,True,False,5
Dynamic Implementation of Security Requirements in Business Processes,2022,1,0,1,False,False,2
An Empirical Investigation of the Effectiveness of Optical Recognition of Hand-Drawn Business Process Elements by Applying Machine Learning,2020,1,2,0,False,True,3
Toward the Automation of Business Process Ontology Generation,2014,3,0,0,False,False,3
Avoiding Policy-based Deadlocks in Business Processes,2008,2,0,0,False,False,2
Evaluating the Expressiveness of Domain Specific Modeling Languages Using the Bunge-Wand-Weber Ontology,2010,4,0,0,False,False,4
Organizational Readiness for Business Process Outsourcing: A Model of Determinants and Impact on Outsourcing Success,2008,4,0,0,False,False,4
LCDD: Detecting Business Process Drifts Based on Local Completeness,2022,2,3,0,True,False,5
Enabling end-user driven business process composition through programming by example in a Collaborative Task management system,2008,4,0,0,False,False,4
Actionable Enterprise Architecture,2009,1,0,0,False,False,1
Change Management in Business Process Modeling Survey,2009,2,0,0,False,False,2
Communication-Based Business Process Task Detection - Application in the CRM Context,2016,3,0,0,False,False,3
TAI: A workflow-based automated testing management system,2014,1,0,1,False,False,2
"A Literature Review on Business Continuity Based on ISO 22301, Six Sigma and Customer Satisfaction Evaluation",2018,1,0,1,False,False,2
Configurable Process Mining: Variability Discovery Approach,2018,0,3,0,True,True,3
BPML : a process modeling language for dynamic business models,2002,4,0,0,False,False,4
Taming Diversity: A Distributed ACM-Based Approach for Cross-Enterprise Knowledge Work,2013,1,0,0,False,False,1
Two-stage Process Analysis Using the Process-based Performance Measurement Framework and Process Simulation,2007,1,0,1,False,False,2
A framework for semantic telco process management - An industrial case study,2014,1,1,2,False,True,4
A Comprehensive Device Collaboration Model for Integrating Devices with Web Services under Internet of Things,2011,3,0,3,False,False,6
The Effect of Duration Heteroscedasticity to the Bottleneck in Business Process Discovered by Inductive Miner Algorithm,2021,2,1,1,False,True,4
Service-Oriented Architecture and Process Modeling,2018,1,1,0,False,True,2
Design and Application of Big Data Technology Management for the Analysis System of High Speed Railway Operation Safety Rules,2023,0,2,0,True,True,2
Architecture on a Hybrid Business Process Design and Verification System,2007,2,0,0,False,False,2
Evolution of Enterprise Systems,2007,0,0,1,False,False,1
An Integrated Framework for Modeling Process-Oriented Enterprise Applications and Its Application to a Logistics Server System,2009,2,2,0,True,False,4
Business metadata with the STA data modelling technique,2011,2,0,0,False,False,2
Business Process based initial modeling at software development,2013,0,0,1,False,False,1
Situation-driven processes for Semantic Web Services,2008,3,0,0,False,False,3
Querying Workflow Logs,2017,1,0,1,False,False,2
Research of SOA-Based dynamic enterprise workflow integration platform,2009,1,1,2,True,False,4
Design and implementation of flexible E-Government platform based on XML Data-Bus and lightweight MVC execution framework ASSH,2010,2,1,0,False,True,3
A visual editor for language-independent scripting for BPMN modeling,2015,1,0,1,False,False,2
Customer management model for telecommunication services,2017,0,0,4,False,False,4
Enhancing Business Process modelling for e-Government processes using semantic web technologies and Linked Data principles,2014,0,2,0,True,True,2
Predicting Halal Critical Control Points of Microbial-based Ingredients: A Self-Assessment for MSMEs,2022,0,2,1,False,True,3
Process model matching using heuristic search,2016,1,0,1,False,False,2
Towards Integrating Collaborative Business Process Based on a Process Ontology and EbXML Collaboration Scenario,2006,0,0,3,False,False,3
A Model For Policy-aware Execution of Business Process in Federated Clouds,2018,2,0,0,False,False,2
Application component development of OSGi & JBPM -based RFID middleware,2009,1,2,1,True,False,4
A Study on Workflow Technology for RP Application,2009,1,1,3,True,False,5
Applying Protocol Service for the monitoring of business process,2011,4,0,0,False,False,4
Workflow testing,2010,1,0,0,False,False,1
CuteFlow: A Refined Modeling-Driven Business Process Designer,2009,2,1,0,False,False,3
Algorithmic Design and Implementation for Performance Optimization of Workflows Based on Trac,2019,0,1,1,True,False,2
Change Propagation in Process Models Using Behavioural Profiles,2009,2,0,1,False,False,3
Business Process Analytics and Big Data Systems: A Roadmap to Bridge the Gap,2018,5,0,0,False,False,5
A Comprehensive Process Similarity Measure Based on Models and Logs,2019,3,0,2,False,False,5
On the Evolution of BPMN 2.0 Support and Implementation,2016,4,0,0,False,False,4
A Conceptual Model for Information Security Risk Considering Business Process Perspective,2018,2,1,0,True,False,3
Business Process Maturity Assessment: State of the Art and Key Characteristics,2015,1,2,0,True,True,3
Towards a unified vision of business process and organizational data,2020,1,1,0,True,False,2
An Ontology for Workflow Organizational Model Mining,2012,3,0,0,False,False,3
A Formal Approach Towards Risk-Aware Service Level Analysis and Planning,2010,3,1,0,False,False,4
Scenario-Based Petri Net Approach for Collaborative Business Process Modelling,2007,1,1,1,False,False,3
A Framework for Embedding Analytics in a Business Process,2015,1,1,0,False,True,2
Scenario-Based Method for Business Process Analysis and Improvement in SOA,2014,1,1,1,False,False,3
ePVM - An Embeddable Process Virtual Machine,2007,3,0,0,False,False,3
Business Process Representation Analysis in the RPA Context,2023,1,3,0,True,False,4
Business process model matching: An approach based on semantics and structure,2015,0,3,0,True,True,3
Discovering Service Opportunities through Capability Modeling,2011,2,1,0,False,True,3
A transactional nested process management system,1996,0,0,2,False,False,2
CLAWER: Context-aware Cloud-Fog based Workflow Management Framework for Health Emergency Services,2020,2,2,0,True,False,4
Towards Automated Process and Workflow Management: A Feasibility Study on Tool-Supported and Automated Engineering Process Modeling Approaches,2014,2,1,0,False,False,3
Supporting collaborative work with process management enhanced corporate portal,2004,2,0,1,False,False,3
Integrating machine learning and workflow management to support acquisition and adaptation of workflow models,1998,0,0,2,False,False,2
The Transition of Croatian Seaports into Smart Ports,2019,0,0,4,False,False,4
Development Prospect and Application Feasibility Analysis of Robotic Process Automation,2019,1,0,0,False,False,1
Exploring Business Process Transparency Concepts,2007,2,1,0,True,False,3
Modelling and transforming security constraints in privacy-aware business processes,2011,1,2,0,True,False,3
Knowledge and Process Based Decision Support in Business Intelligence System,2006,1,0,1,False,False,2
Infrastructure for a clinical-decision-intelligence system,2007,0,0,3,False,False,3
Process Mining – the Enhancement of Elements Industry 4.0,2018,2,0,0,False,False,2
Heuristic and meta-heuristic workflow scheduling algorithms in multi-cloud environments — A survey,2015,0,0,2,False,False,2
Introducing EAI and service components into process management,2004,1,1,1,False,True,3
The Role of Service Abstraction and Service Variability and Its Impact on Requirements Engineering for Service-Oriented Systems,2008,2,0,0,False,False,2
High-Performance Complex Event Processing,2020,3,0,0,False,False,3
Agent-Based Service-Oriented Computing and Applications,2006,3,0,0,False,False,3
Collaborative Enterprise Applications Based on Business and Social Artifacts,2015,3,0,0,False,False,3
Model Predictive Analysis for AutonomicWorkflow Management in Large-scale Scientific Computing Environments,2007,6,0,0,False,False,6
Towards a methodology and instrumentation toolset for cloud manufacturing,2016,2,1,0,True,False,3
Implementation of an e-Services Hub for Small and Medium Enterprises,2006,0,0,2,False,False,2
Managing Business Process Risk Using Rich Organizational Models,2007,4,0,1,False,False,5
A Process Driven Software Platform to Full Support Process Assessment Method,2014,4,1,0,False,False,5
Enhanced cloud patterns: A case studyof multi-tenancy patterns,2015,3,0,0,False,False,3
Enterprise Application Integration: An Overview,2008,1,1,1,False,True,3
Online Simulation for Logistics and Decision Making,2007,2,0,0,False,False,2
Modeling and matching business processes using Web services,2014,0,2,1,True,False,3
Redesigning Processes for Decision-Awareness: Strategies for Integrated Modelling,2018,2,0,1,False,False,3
Wireless Communication Management Model of Workshop and Warehouse Manufacturing System,2009,1,0,1,False,False,2
Large Scale Order Processing through Navigation Plan Concept,2006,3,1,0,False,False,4
Workflow based design for blending services over IP Multimedia Subsystems (IMS) with service capability interaction manager,2009,4,0,0,False,False,4
Automating media processes in a service oriented architecture,2008,0,0,5,False,False,5
The Empirical study and analysis of the Blockchain Technology,2021,2,0,0,False,False,2
Who does what in a multi-agent system for emergent process management,2002,0,0,1,False,False,1
Process modeling methodologies for improvement and automation,2011,0,0,2,False,False,2
Reflections on the use of chord diagrams in social network visualization in process mining,2016,1,0,0,False,False,1
A Process-Aware Inter-organizational Service Integration Platform to Support Collaborative Organizations,2016,1,2,0,True,False,3
QoS implementation in Web Services selection and ranking using data analysis,2017,1,1,0,True,False,2
Study on a New System for Inventory Control,2008,1,1,0,True,False,2
Robotic Advancements in Business Process Automation using Artificial Intelligence: An Investigative Study,2022,2,1,1,True,False,4
Semantic Business Registry Information Model,2007,2,0,3,False,False,5
Graph-based Process Discovery containing Invisible Non-Prime Task in Procurement of Animal-Based Ingredient of Halal Restaurants,2021,5,1,2,True,False,8
One step beyond: making B2B decisions with business activity monitoring and soccer,2004,0,0,4,False,False,4
Developing tool for Odoo platform,2017,4,0,0,False,False,4
Enterprise Regulatory Compliance Modeling Using CoReL: An Illustrative Example,2011,2,1,1,False,True,4
Blockchain Based Cloud Storage of Patients Health Records,2022,0,1,0,True,True,1
The intelligent web: Tools for knowledge management and sharing,2010,2,1,0,False,False,3
Modeling Software Architecture Process with a Decision-Making Approach,2014,3,0,0,False,False,3
Applying Process Mining Techniques to DNS Traces Analysis,2014,2,1,0,False,False,3
How face the top MDE adoption problems,2012,2,2,0,False,False,4
"Simulation-Based Predictive Process Mining with eBPMN: Methods, Challenges and Opportunities",2024,1,1,0,False,True,2
A Scalable and Efficient Architecture for Binary Polynomial Multiplication in BIKE Utilizing Inter-/Inner-Wise Sparsity and Block-by-Block Pipeline,2024,2,2,2,True,False,6
Using Formative Assessment and Feedback to Train Novice Modelers in Business Process Modeling,2023,2,2,0,True,True,4
Data advanced management system based in workflows and structured languages analysis,2017,1,0,1,False,False,2
Impact of socio-technical network on process performance,2014,1,0,1,False,False,2
Role of social networks and paperless citizens' claims processing in strengthening democracy in the Arab world: The case of Morocco: Towards a CIRM* across the state,2014,3,1,0,False,False,4
Motivational assessment framework: An approach of alignment strategic-operational,2016,1,1,0,False,True,2
Context-Aware Enterprise Modelling towards Agile Models Development,2017,0,3,0,True,True,3
Business Process Model Diagram Similarity Measurement Using Pairwise Comparison,2024,1,1,1,True,False,3
Using Emergent Synthetic Processes for Travel Approval,2018,1,0,0,False,False,1
An event-model for constraint-based person-centric flows,2010,3,1,0,False,False,4
Mejora de la monitorización y ejecución de procesos de negocio con integración y socialización,2015,2,2,0,True,False,4
An Empirical Analysis of Diagnosis of Industrial Business Processes at Sub-process Levels,2016,0,1,3,False,True,4
Study on the Architecture of Platform for Internet of Things Service Based on EDSOA,2012,2,0,1,False,False,3
Multiperspective Quality Model for Process Design,2021,1,1,0,True,False,2
Methodology for Applying IIoT Architecture to Design IIOT Systems in the Agricultural Sector of the Russian Federation,2023,3,1,1,True,False,5
Generating Domain-Specific Process Studios,2016,2,0,0,False,False,2
Towards Simplifying and Automating Business Process Lifecycle Management in Hybrid Clouds,2012,3,1,2,False,False,6
Change Mining in Business Process Variability: A Comparative Study,2019,0,3,0,True,True,3
Survey of Explainability within Process Mining: A case study of BPI challenge 2020,2023,1,1,1,False,True,3
A Comparison of Business Process Modeling Methods,2006,3,0,1,False,False,4
Research on Key Performance Indicator (KPI) of Business Process,2012,2,0,0,False,False,2
Research and Design of Document Flow Model Based on JBPM Workflow Engine,2009,1,1,0,False,True,2
Risk driven process engineering in digital ecosystems: Modelling risk,2010,4,0,0,False,False,4
Access Control for Human Tasks in Service Oriented Architecture,2008,1,1,1,False,False,3
Process Mining and Deep Neural Network approach for the Prediction of Business Process Outcome,2022,0,0,2,False,False,2
Semantic queries in BPMN 2.0: A contemporary method for information retrieval,2015,2,1,0,True,False,3
Business process Execution: a contextual approach,2022,3,0,0,False,False,3
Flexible Analysis of Cross-Organizational Process Modeling Based on π Calculus,2017,2,0,1,False,False,3
Business Process Continuous Improvement System Based on Workflow Mining Technology,2009,3,0,0,False,False,3
Linking Business Goals to Process Models in Semantic Business Process Modeling,2008,2,0,0,False,False,2
SSC4Cloud Tooling: An Integrated Environment for the Development of Business Processes with Security Requirements in the Cloud,2011,0,0,10,False,False,10
Simulation-Based Decision Support for the Reduction of the Energy Consumption of Complex Business Processes,2015,4,0,0,False,False,4
Developing a Process-Oriented Notation for Modeling Operational Risks - A Conceptual Metamodel Approach to Operational Risk Management in Knowledge Intensive Business Processes within the Financial Industry,2011,2,0,0,False,False,2
Towards Consistency Management for a Business-Driven Development of SOA,2011,3,0,0,False,False,3
Towards Formalization and Verification of Unified Business Process Model Based on Pi Calculus,2008,0,2,1,False,True,3
Application of Process Management Tools for PCB Manufacturing and Diagnostics,2006,3,0,0,False,False,3
Service Oriented Enterprise-Architecture for enterprise engineering introduction,2009,1,1,0,True,False,2
Towards a Subject-Oriented Evolutionary Business Information System,2014,3,0,0,False,False,3
Semantic Enterprise Description for the Needs of Business Process Automation,2008,2,3,0,True,False,5
Evolution of Compliance Checking in Process Mining Discipline,2019,3,1,0,False,True,4
A solution of Web Services combination based on JBPM,2009,1,3,1,True,False,5
Formalization of security patterns as a means to infer security controls in business processes,2015,2,0,0,False,False,2
Impact of Critical Success Factors in Oracle EBS Enterprise Resource Planning Post Go Live Implementation:A Case Study on SriLankan Airlines,2022,1,1,0,False,True,2
Knowledge management and decision support in adaptive case management platforms,2015,2,0,0,False,False,2
Enhancing business process flexibility in an emergency care process,2016,1,3,0,True,True,4
A Case Study of Process Modelling,2006,0,0,1,False,False,1
Temporal consistency management of artifact-centric business processes,2013,0,1,1,False,True,2
Enhancement of Semantic Business Processes with Information Profiles: Application of Mobile Context Information,2011,2,0,0,False,False,2
A Study on the Development of a Process Designer for Logistics Process Modeling,2007,2,0,0,False,False,2
A Context Model for Individual Process Management,2018,0,2,0,True,True,2
APPLICATION OF BUSINESS IN℡LIGENCE TOOLS FOR EFFICIENT MANAGING BUSINESS PROCESSES AND DATA IN DISTRIBUTED SYSTEM OPERATOR ELEKTROPRIVREDA B&H,2021,0,0,2,False,False,2
Using intelligent agents to manage business processes,1996,0,0,1,False,False,1
Business process customization using process merging techniques,2011,3,0,0,False,False,3
Research and Implementation of Financial Approval System Based on jBPM Engine,2018,0,1,0,True,True,1
CIMflow: a workflow management system based on integration platform environment,1999,1,0,1,False,False,2
Improvement of test management in BPMN with ARIS,2010,0,2,1,True,False,3
An Effective Algorithm for Business Process Mining Based on Modified FP-Tree Algorithm,2010,2,0,2,False,False,4
Towards formal verification of business process using a graphical specification,2014,5,0,0,False,False,5
Putting Business into Business Process Models,2008,2,0,0,False,False,2
"Process Analysis, Modeling and Simulation for Crisis Management",2008,2,0,0,False,False,2
TxFlowGen: Generation of Failure Atomic transactional workflows for B2B applications,2013,0,2,1,True,False,3
Represent The Discovered Proportional Information Control Net Using Extended XPDL Format,2020,1,0,3,False,False,4
"Integration of Business Process Definition, Analysis and Execution Tools Based on Block-structured Approach",2021,3,0,0,False,False,3
Demo IV Service Oriented Architecture governance using semantics and BPMN,2009,1,0,0,False,False,1
A layered model approach for care process monitoring,2017,3,0,0,False,False,3
A framework for process-based collaborative systems design,2014,1,1,1,False,True,3
A Pi-calculus based role network model for E-government,2008,1,0,2,False,False,3
Workflow-based design and implementation of flexible enterprise business,2010,1,2,0,False,True,3
Modeling flexibility on internal quality assurance system business process,2018,1,0,3,False,False,4
OSGi-jBPM-Based Component Development of Third-party Logistics RFID Application,2009,0,0,2,False,False,2
Semantic Querying of Business Process Models,2008,3,0,0,False,False,3
Conversation support for business process integration,2002,1,0,2,False,False,3
Factors Influencing Business Process Standardization: A Multiple Case Study,2010,3,0,0,False,False,3
Towards agricultural marketing reforms: Web services orchestration approach,2005,3,0,0,False,False,3
Structuring Business Process Context Information for Process Monitoring and Prediction,2020,1,0,0,False,False,1
A Contribution to Organizational and Operational Strategic Alignment: Incorporating Business Level Agreements into Business Process Modeling,2013,3,1,0,False,True,4
BPMM: a grid-based architectural framework for business process meta management,2003,1,1,1,False,True,3
Simulation of Agent-Based and Discrete Event for Analyzing Multi Organizational Performance,2019,2,0,1,False,False,3
The role of alignment for the impact of business intelligence maturity on business process performance in Croatian and Slovenian companies,2017,1,0,4,False,False,5
Extending the Multiple Domain Matrix by Using Business Process Model and Notation for Business Process Analysis,2015,3,2,0,True,True,5
Applying Structuration Theory to Investigate Business Process Change,2011,1,0,0,False,False,1
Transactional Business Process Redesign of Procurement Planning System using Heuristic Method,2024,0,3,0,True,True,3
Assessment of Supply Management Maturity Through Information Extraction and Enterprise Modelling at PT Indosat Tbk,2024,3,2,0,False,False,5
MOOD Applied to EMIS Based on jBPM,2020,4,1,1,False,False,6
Subject-Oriented Process Modeling Interface: A Tangible Approach for Subject Process Modeling,2014,2,0,0,False,False,2
Using software support to implement enterprise controlling,2017,0,2,0,True,True,2
An agent for web-based process management,2001,0,0,1,False,False,1
The BPI of Price Management Process Based on Workflow Management in 3C Distribution,2011,2,0,0,False,False,2
An Automatic Configuration Algorithm for Distributed Service Process Engine Based on Fuzzy Control,2008,1,1,2,False,False,4
Business Process Control-Flow Complexity Prediction Using Machine Learning-based Tool,2024,3,0,0,False,False,3
Refactor Business Process Models with Maximized Parallelism,2016,2,2,1,False,False,5
A Self-Adaptive Differential Evolution Algorithm for Scheduling a Single Batch-Processing Machine With Arbitrary Job Sizes and Release Times,2021,2,3,1,False,False,6
UWB-Over-Fiber Communications: Modulation and Transmission,2010,1,0,1,False,False,2
Analyzing Compatibility of BPEL Processes,2006,0,0,4,False,False,4
Optimum Pole Number Combination of a Buried Permanent Magnet Bearingless Motor and Test Results at an Output of 60 kW With a Speed of 37000 r/min,2020,3,0,1,False,False,4
An Empirical Study of Error Patterns in Industrial Business Process Models,2014,2,0,2,False,False,4
Brain-Computer Interface Using Brain Power Map and Cognition Detection Network During Flight,2022,4,1,1,False,False,6
Towards Wearable and Flexible Sensors and Circuits Integration for Stress Monitoring,2020,4,2,1,True,False,7
Performance Analysis for Joint Illumination and Visible Light Communication Using Buck Driver,2018,3,0,2,False,False,5
VM-Based Baseline Predictive Maintenance Scheme,2013,5,0,1,False,False,6
Doppler Ambiguity Resolution for Binary-Phase-Modulated MIMO FMCW Radars,2019,4,0,0,False,False,4
Semantics-Based Aspect-Oriented Management of Exceptional Flows in Business Processes,2012,3,2,0,True,False,5
UWB Monocycle Generation and Bi-Phase Modulation Based on Mach–Zehnder Modulator and Semiconductor Optical Amplifier,2012,3,0,1,False,False,4
Design Optimization of Compact Wideband Optical Switch Exploiting Staircase Index MMI,2009,3,0,0,False,False,3
A systems engineering approach for crown jewels estimation and mission assurance decision making,2011,5,0,0,False,False,5
"Enterprise Content Management (ECM): Needs, challenges and recommendations",2009,3,0,0,False,False,3
Business process co-design for energy-aware adaptation,2011,2,3,0,True,True,5
Generation of Component Based Architecture from Business Processes: Model Driven Engineering for SOA,2010,3,0,0,False,False,3
Unifying Compliance Management in Adaptive Environments through Variability Descriptors (Short Paper),2013,4,1,0,False,False,5
ACO-based scheduling for a single Batch Processing Machine in semiconductor manufacturing,2008,0,1,1,True,False,2
A Proposal of Case-Based Approach to Clinical Pathway Modeling Support,2020,5,0,0,False,False,5
Modeling and Validating BPMN Diagrams,2009,1,1,0,True,False,2
An Efficient Approach for Multi-tenant Elastic Business Processes Management in Cloud Computing Environment,2016,3,0,0,False,False,3
Optimizing Process Performance Visibility through Additional Descriptive Features in Performance Measurement,2011,3,0,0,False,False,3
Combining Local PWV and Quantified Arterial Changes for Calibration-Free Cuffless Blood Pressure Estimation: A Clinical Validation,2023,3,1,1,False,False,5
A Platform-Independent Mechanism for Deployment of Business Processes Using Abstract Services,2013,2,0,0,False,False,2
Collaborative management of applications in enterprise social networks,2014,2,2,0,True,False,4
Extracting Data Objects and Their States from Process Models,2013,2,0,0,False,False,2
Supporting Collaborative Decision Processes,2013,4,1,1,False,False,6
Optimized execution of business processes on crowdsourcing platforms,2012,2,0,1,False,False,3
Business process modelling towards derive and implement IT goals,2013,1,0,1,False,False,2
Improving Process Robustness through Domain-Specific Model Transformations,2013,2,0,0,False,False,2
Controlled Flexibility in Business Processes Defined for Service Compositions,2011,2,1,0,True,False,3
On the Restriction to Numeric Indicators in Performance Measurement Systems,2011,2,0,0,False,False,2
Deep-Reinforcement-Learning-Based Production Scheduling in Industrial Internet of Things,2023,4,3,0,True,False,7
Empirical Study of Applying the DEMO Method for Improving BPMN Process Models in Academic Environment,2015,2,0,0,False,False,2
EPClets - A Lightweight and Flexible Textual Language to Augment EPC Process Modelling,2014,3,1,0,True,False,4
Intelligent Non-Invasive Vital Signs Estimation From Image Analysis,2020,3,1,0,False,True,4
Flow-Shop Scheduling Problem With Batch Processing Machines via Deep Reinforcement Learning for Industrial Internet of Things,2024,3,2,0,True,False,5
A Metaheuristic Framework for Energy-Intensive Industries With Batch Processing Machines,2024,4,1,0,False,False,5
Modeling business processes for PLM services integration in PLM system,2012,2,1,0,False,False,3
A business-oriented approach to requirements elicitation,2014,1,0,0,False,False,1
Simulation-based Analysis Of Highway Trajectory Planning Using High-Order Polynomial For Highly Automated Driving Function,2021,3,1,0,False,False,4
BPELscript: A Simplified Script Syntax for WS-BPEL 2.0,2009,4,0,0,False,False,4
Ecosystem for Business Driven IT Management,2014,1,1,0,False,True,2
A Model for Dynamic Services Discovery over Largely Distributed Providers Based on QoS and Business Processes Contexts,2011,2,0,0,False,False,2
MRNet - A Deep Learning Based Multitasking Model for Respiration Rate Estimation in Practical Settings,2022,3,0,1,False,False,4
Platform based approach for automation of workflows in a system of systems,2013,3,0,0,False,False,3
Facilitating Cloud Process Family Co-Evolution by Reusable Process Plug-in: An Open-source Prototype,2017,1,1,4,False,False,6
Analyzing Risk Dependencies on RFID-driven Global Logistics Processes,2011,0,0,6,False,False,6
Experience in Specializing a Generic Realization Language for SPL Engineering at Airbus,2023,5,0,1,False,False,6
Inter-organizational Process Flow Adjustment: Applying Multi-layered Process Flow Adjustment Tool,2014,3,3,0,False,True,6
Innovating the patient care process: the case of multiple sclerosis at Casa Sollievo della Sofferenza,2020,3,2,0,False,True,5
Time-Aware Automatic Process View Generation,2013,2,2,0,True,False,4
Real-Time Heart Rate Monitoring via Wi-Fi Signal,2023,3,0,0,False,False,3
Cloud Management Simulation and Design,2012,2,0,0,False,False,2
"RIOT: Rapid, iterative and off-the-shelf tool-evaluation",2011,2,1,1,False,True,4
Optimizing rollout of LTE-based triple play services through efficient network information management,2011,2,1,0,False,False,3
DMAL-BPIDE: A Distributed Multi-Abstraction-Level Business Process IDE,2010,2,0,1,False,False,3
Heart Rate Variability monitor IC,2013,2,0,0,False,False,2
An Integrated Business Construction Method based on ABP Pattern,2019,2,1,2,False,False,5
"Portable, Low Cost, Closed-Loop Mechanical Ventilation Using Feedback from Optically Isolated Analog Sensors",2018,3,1,1,True,False,5
Integrating E-services with a Telecommunication E-commerce Using EAI/SOA Technology,2008,1,1,0,False,True,2
Semantic and structural performer clustering in BPMN models transformed into social network models,2015,0,2,0,True,True,2
Research on IDDSS in Sale Process Managing for the Small and Medium Inter-trading Enterprises,2010,1,1,1,True,False,3
Domain Specific Modeling of Business Processes and Entity Mapping Using Generic Modeling Environment (GME),2008,1,1,1,False,False,3
A process-aware IoT application execution environment design,2018,1,1,2,False,False,4
Pumping method for multi-core erbium-doped double-clad fiber amplifier based on higher-order mode coupling,2015,4,1,0,False,False,5
A Novel Design of MMI 1530/1565 nm Wavelength Division Demultiplexer Based on Effective Method,2008,1,2,0,False,True,3
Investigating How Business Process Ambidexterity Facilitates Business-IT Alignment in Public Sector Organizations,2019,1,0,0,False,False,1
Numerical Design of a 1:3 Optical Power Splitter Based on a 2×3 RI-MMI Coupler Using Silicon Waveguides for C-Band,2024,2,1,1,True,False,4
A study on the operation management system of Urban Mass Transport,2011,1,0,1,False,False,2
There Is Nothing Routine about Innovation,2014,1,0,0,False,False,1
Study of p-ICN defined performance measurement Enterprise Architecture,2018,5,0,2,False,False,7
Signal Processing Units for BPMs of VEPP-2000 and VEPP-4M Colliders,2024,2,0,0,False,False,2
Enhancing Heart Rate Monitoring Using Remote Photoplethysmography Based on Neural Network,2024,2,1,0,True,False,3
Analysis of the Treatment of Knee Osteoarthritis using Photobiomodulation Performed with a Low Power Laser,2019,1,7,0,True,True,8
Boundary Protection System Based on Software-Defined Networking,2018,2,1,1,True,False,4
Order management Sudoku simplified approach to transform OSS/BSS,2014,1,1,0,False,True,2
Towards an approach to improve business process models using risk management techniques,2013,1,2,0,True,True,3
A static compliance-checking framework for business process models,2007,0,0,3,False,False,3
Enhancing Formal Specification and Verification of Temporal Constraints in Business Processes,2014,2,2,0,True,False,4
A multicriteria method based approach to the BPMM selection problem,2017,1,2,0,True,True,3
A New Formal Proxy-Based Approach for Secure Distributed Business Process on the Cloud,2018,0,1,2,False,False,3
Subject-Oriented Development of Federated Systems – A Methodological Approach,2014,3,0,0,False,False,3
Functional and Non-Functional BPMN M&S at Design Time,2018,3,1,0,True,False,4
Intelligent logistics business process design,2010,1,1,0,False,True,2
The methodology for business process optimized design,2003,0,0,2,False,False,2
Scalability measurement of business process model using business processes similarity and complexity,2017,2,0,1,False,False,3
Ontology-Based Translation of Business Process Models,2009,2,1,0,False,False,3
"Specification, Verification and Implementation of Business Processes Using CSP",2010,2,0,0,False,False,2
Workflow Models: Management and Quality of Process in the Cloud,2014,5,2,0,False,True,7
Business process anomaly detection using ontology-based process modelling and Multi-Level Class Association Rule Learning,2015,1,0,1,False,False,2
Business process composition based on meta models,2015,0,2,2,False,False,4
Research on Automatic Remodeling of Business Process Based on Process Logs,2008,1,0,1,False,False,2
Alaska Simulator Supporting Empirical Evaluation of Process Flexibility,2009,2,1,0,False,True,3
Business process assignment and execution in mobile environments,2014,6,2,1,False,False,9
The description logics model of artifact-centric business process system and verification of artifact,2014,2,2,0,True,True,4
Research and Application of Process-Centered Multi- Management Elements Fusion Technology,2019,1,1,3,True,False,5
Design of Intelligent Business Process System and Process Remodeling,2008,1,0,1,False,False,2
Clustering of ERP business process fragments,2013,1,2,1,False,True,4
Classification and Analyses of Business Process Anomalies,2009,0,0,3,False,False,3
A Novel Design Framework for Business Process Modelling in Automotive Industry,2010,2,0,1,False,False,3
Extracting common fragment based on behavioral similarity using transition adjacency relations for scalable business processes,2017,3,0,1,False,False,4
Privacy-Preserving Cross-Organization Process Mining Based on Blockchain and Cryptography,2024,3,1,1,False,True,5
Petri Net Based Business Process Simulation and Analysis Technology,2008,0,2,3,False,True,5
The Segmentation and Reconstruction Method of Business Process BPMN under Constraint Conditions,2021,3,0,1,False,False,4
Verification of Invariant Properties of Business Process Based on Formal Approach,2007,2,0,0,False,False,2
Method for Modeling and Validation of Cross Enterprise Services Composition,2012,2,0,2,False,False,4
BPMN++: Comprehensive Business Process Modeling for Industrial Internet Application,2022,5,0,1,False,False,6
Automatic Recognition of Business Process Images,2019,1,1,1,True,False,3
The Case for Unified Process Management in Smart Manufacturing,2018,2,1,1,False,False,4
Research on process management system based on process integrated,2010,0,0,1,False,False,1
Achieve Agile Enterprise System through Collaboration with BPMS,2012,2,0,1,False,False,3
Blockchain Technology for Enhanced Business Management,2023,3,1,2,False,False,6
Requirements and Tools for Variability Management,2010,3,0,0,False,False,3
Support of cooperating and distributed business processes,1996,0,0,3,False,False,3
Towards a semantic enrichment of configurable process models,2014,0,3,0,True,True,3
Configurable process models: A semantic validation,2015,0,3,0,True,True,3
The design and implementation of process engine supporting absolute customization based on ITSM,2010,4,1,0,False,False,5
Production planning business process modelling using UML class diagram,2018,3,2,0,True,False,5
A Data Flow Optimization Based Approach for BPEL Processes Partition,2007,3,0,0,False,False,3
A process component model for enterprise business knowledge reuse,2004,2,0,1,False,False,3
Enterprise business process integration,2003,0,0,2,False,False,2
Extracting business logic from business process models,2010,1,2,0,True,True,3
A process definition language for Internet of things,2012,3,0,1,False,False,4
A hybrid approach for dynamic business process mining based on reconfigurable nets and event types,2005,2,1,0,True,False,3
RNM based decentralized architecture of cross-organizational workflow management system for e-government,2013,0,0,3,False,False,3
Approaching Dielectric Silicon Slot Waveguides for THz Frequencies by Simulation From Optical and Electrical Points of View,2023,3,2,1,False,False,6
An IoT-aware workflow model designer for smart alarm service about companion animal health check,2018,1,1,2,False,False,4
Overall design approach for urbanized information systems: Application of the method PRAXEME,2014,1,0,1,False,False,2
Design of a 1×4 silicon wavelength demultiplexer based on multimode interference in a slot waveguide structures,2014,3,0,0,False,False,3
A Framework for BPMS Performance and Cost Evaluation on the Cloud,2016,3,0,0,False,False,3
Sport and Technology: The Case of Archery,2013,3,1,0,False,False,4
Business Process Model for University Management based on ISO 21000:2018 standard,2022,1,2,0,False,True,3
Modeling of a Polymer 1 x 3 MMI Power Splitter for Optical Backplane,2004,2,0,0,False,False,2
A novel design of 8-Gbps IR-UWB pulse generator,2012,3,0,0,False,False,3
An Information System Development Method Based on the Link of Business Process Modeling with Executable UML Modeling and its Evaluation by Prototyping,2008,5,0,0,False,False,5
Accelerating Passive and Active Silicon Photonics Design using Multiple Numerical Techniques,2018,5,1,1,False,False,7
An IoT-aware workflow model designer for smart alarm service about companion animal health check,2018,1,1,2,False,False,4
Improvement view: Extension of seven views approach,2017,0,2,0,True,True,2
"Performance Evaluation of Ti:LiNbO3 Mach-Zehnder Interferometer Switch at 1.3μm, 1.46μm and 1.55μm",2018,3,1,1,False,False,5
Recognition of similar patterns in popular Hindi Jazz songs by music data mining,2014,0,2,1,True,False,3
A process-aware IoT application execution environment design,2018,1,1,2,False,False,4
Semantic Modelling of Collaborative Business Processes,2009,3,1,0,False,False,4
Securing Sensitive Data in Body Area Sensor Network Using Blockchain Technique,2020,1,0,1,False,False,2
An S-bend based Optical Directional Coupler Using GaN Semiconductor,2019,0,2,0,True,True,2
Improvement proposal to raise service level in a cosmetics retail company,2019,2,2,0,True,False,4
Satisfiability of artifact lifecycle in business process model,2010,3,2,0,True,False,5
"Measuring Stress, Anxiety, and Depression in PTSD Sufferers Using Micro-Movements from Video",2016,1,2,0,False,True,3
Design and optimization of a Mach-Zehnder Interferometer (MZI) for optical modulators,2014,1,3,1,True,True,5
Workflow Planning for E-Learning Center Management,2008,3,1,0,False,True,4
Automatic baseline-sample-selection scheme for baseline predictive maintenance,2013,4,0,1,False,False,5
Producing BPEL models from text,2016,1,2,1,True,True,4
Heart Rate Monitor for Portable MP3 Player,2005,1,1,4,False,False,6
Demonstration of Emergent Synthetic Processes,2018,1,0,0,False,False,1
Prosody in Everyday Japanese Conversation at the Clause Final,2023,1,0,0,False,False,1
Access control based on roles and groups: Case study Building a secure Smart Hospital using BPMS,2024,1,1,2,False,False,4
Formation of business solutions of cognitive economy,2015,0,0,1,False,False,1
Design Thinking and Innovative Tool Use in Business Model,2024,3,1,0,True,False,4
A Method of Virtual Array Aperture Extension for FMCW MIMO Phase-Coded Radar,2022,2,0,0,False,False,2
Analysis and design of novel photonic active devices based on dilute nitrides,2011,2,2,0,True,False,4
A Method for Ecological Process Optimization Based on Compliance Checking,2018,3,0,0,False,False,3
Conceptual approach for gathering SPL requirement from goal model,2017,2,0,0,False,False,2
Data Analytics in Improved Bankruptcy Prediction with Industrial Risk,2021,0,1,1,True,False,2
Effective Classification of Enterprise Reports in Production Assessment,2009,1,1,5,False,False,7
The BPMSOA: Linking Utility Grid Services with Executable Business Processes using the Π-ADL based Proxy Router,2008,2,0,0,False,False,2
"Building a Workflow Engine for a Real World Use Case, Using Mature Java Components",2008,2,0,0,False,False,2
The research of business modeling technologies for informative-communicative systems design,2008,0,0,2,False,False,2
Analyzing the Use of Blockchains for Challenges in Inter-organizational Business Processes,2023,1,0,0,False,False,1
Loosely-Coupled SOA Service Access Provisioning,2010,1,0,0,False,False,1
Design of the material control system based on service oriented architecture,2007,0,1,2,False,True,3
Study of p-ICN defined performance measurement Enterprise Architecture,2018,5,0,2,False,False,7
Process Based Enterprise Architecture Building,2006,0,0,1,False,False,1
Validation and numerical parameter study of a semi-empirical trailing edge noise model,2016,1,0,1,False,False,2
GME: A Contemporary Approach Workflow Process Improvement of Software by Uncovering Hidden Transactions of a Healthcare Legacy Application,2018,2,0,0,False,False,2
Liquid-level sensor based on SMS fiber structure,2011,2,1,0,True,False,3
Enhancing Heart Rate Detection Accuracy Through the Kalman Filter Algorithm,2024,2,1,0,True,False,3
Research on the Effect of Flickering Speed on the Utility of Warning Incandescent Light,2023,1,0,1,False,False,2
Redesign of Data-based Lean Management-Oriented Business Processes in the Textile Industry,2024,4,1,0,True,False,5
Insider Threat: Enhancing BPM through Social Media,2014,4,0,0,False,False,4
Requirements engineering for e-business systems: integrating Jackson problem diagrams with goal modeling and BPM,2004,1,0,2,False,False,3
Representing Unique Stakeholder Perspectives in BPM Notations,2010,3,0,0,False,False,3
Achieving Intention-Centric BPM through Automated Planning,2014,4,0,0,False,False,4
Managing Security Objects and -Processes Using an Extended BPM Approach and -System,2019,5,1,0,False,False,6
Asteroseismology of PG 1541 + 651 and BPM 31594 with TESS,2022,3,2,3,True,False,8
Batch Regions: Process Instance Synchronization Based on Data,2014,2,1,0,True,False,3
An approach to the decomposition of business processes for execution in the Cloud,2014,4,0,0,False,False,4
PBI: A Path-Based Bitmap Index for Efficient Process Analysis in Cloud Computing Environment,2017,4,0,1,False,False,5
BPIDE: A Business Process IDE Supporting Multi-role Collaboration,2009,3,0,0,False,False,3
A Photonic UWB Generator Reconfigurable for Multiple Modulation Formats,2009,1,0,1,False,False,2
Design of Human Activity Recognition System Using Body Sensor Networks,2021,2,1,0,True,False,3
Device for monitoring people with Alzheimer's disease,2018,3,1,1,False,False,5
Dense Cellular Network Analysis With LoS/NLoS Propagation and Bounded Path Loss Model,2018,1,1,0,False,True,2
Methods of Digital Transformation of Management Systems,2021,2,1,0,True,False,3
A new approach for collaborative Enterprise Architecture development,2012,3,0,1,False,False,4
Business process change management based on process model synchronization of multiple abstraction levels,2011,5,1,0,True,False,6
Advanced Case Management Enabled by Business Provenance,2012,3,1,0,False,False,4
On-the-Fly Collaboration for Legacy Business Process Systems in an Open Service Environment,2019,2,1,2,True,False,5
Research and Design on the Refinery ERP and EERP Based on SOA and the Component Oriented Technology,2009,2,0,0,False,False,2
Design and fabrication of Fresnel lenses,2008,0,0,3,False,False,3
Event-driven SOA test framework based on BPA-simulation,2009,0,0,1,False,False,1
A Low-cost Ambu-bag Based Ventilator for Covid-19 Pandemic,2021,5,0,1,False,False,6
Architecture of remote virtual labs as a service in cloud computing,2015,1,1,0,True,False,2
Generating Subject-Oriented Process Models from Ad-Hoc Interactions of Cognitive Agents,2014,4,0,0,False,False,4
Formal Approach for the Development of Business Processes in Terms of Service-Oriented Architectures Using Pi-ADL,2008,1,0,0,False,False,1
An Ontological Approach for Dynamic Cross-Enterprise Collaboration,2012,1,1,0,False,True,2
Realization of business process automation based on web services and WS-BPEL,2011,2,0,2,False,False,4
Study on Port Business Intelligence System Combined with Business Performance Management,2009,1,1,0,True,False,2
New system cardiac arrhythmia detection on FPGA,2015,1,2,0,False,True,3
Design and Development of Low-Cost and Accurate Heart Rate Monitoring System Using ARM Cortex-M Microcontroller,2021,1,0,0,False,False,1
Customer Service Processes Automation in Administrative Office with RFID Tagged Documents,2017,4,0,0,False,False,4
Control Cases during the Software Development Life-Cycle,2008,2,0,0,False,False,2
Defining Customizable Business Processes without Compromising the Maintainability in Multi-tenant SaaS Applications,2011,2,1,0,True,False,3
Composition and Execution of Secure Workflows in WSRF-Grids,2008,3,0,0,False,False,3
Formal Verification of Cloud Resource Allocation in Business Processes Using Event-B,2016,2,1,1,True,False,4
Attention Mechanism in Predictive Business Process Monitoring,2020,5,0,0,False,False,5
Analyzing Degree of Parallelism for Concurrent Timed Workflow Processes With Shared Resources,2017,0,3,0,True,True,3
A Survey of Cost Accounting in Service-Oriented Computing,2014,3,1,0,False,False,4
Support for concurrent adaptation of multiple Web service compositions to maximize business metrics,2011,1,1,0,True,False,2
Practical solutions for resilience in SlapOS,2012,2,1,0,False,False,3
"Method for elicitation, documentation and validation of software user requirements (MEDoV)",2013,1,0,1,False,False,2
Maturity Model Architect: A Tool for Maturity Assessment Support,2018,2,0,0,False,False,2
Experimental Verification on Human-Centric Network-Based Resource Allocation Approaches for Process-Aware Information Systems,2022,2,1,1,True,False,4
Supply chain orchestration and choreography: Programmable logistics using semantics,2015,0,0,5,False,False,5
A Methodology for Dynamic Service Compositions Based on an Event-Driven Approach,2011,1,1,0,False,True,2
Controlling the Evolution of Product-Based Collaboration Contracts,2013,3,1,0,False,True,4
A PaaS to Support Collaborations through Service Composition,2014,3,2,0,True,False,5
Management of Collaborative Behavior through a Service-Oriented Mediation System: The Case of Crisis Management,2015,4,0,0,False,False,4
Activity failure prediction based on process mining,2015,4,0,0,False,False,4
Comparing manual- and auto-generated textual descriptions of business process models,2016,2,1,0,True,False,3
Combining Sonification and Visualization for the Analysis of Process Execution Data,2016,2,1,0,False,True,3
Data Preprocessing for Goal-Oriented Process Discovery,2019,2,0,0,False,False,2
"Forecasting Workloads in Multi-step, Multi-route Business Processes",2014,2,2,0,False,True,4
Correctness Verification for Service-Based Business Processes,2017,3,0,0,False,False,3
Applying Process Mining to Support Management of Predictive Analytics/Data Mining Projects in a Decision Making Center,2019,2,3,0,True,True,5
Process Mining Approach Based on Partial Structures of Event Logs and Decision Tree Learning,2016,5,0,0,False,False,5
A Method for Goal Model Repair Based on Process Mining,2019,5,0,0,False,False,5
WED-SQL: A Relational Framework for Design and Implementation of Process-Aware Information Systems,2017,3,0,0,False,False,3
Improvement of airworthiness certification audits of software-centric avionics systems using a cross-discipline application lifecycle management system methodology,2017,1,1,0,False,True,2
Improving collaborative business process execution by traceability and expressiveness,2012,3,0,0,False,False,3
Configurable process mining: A comparative study,2018,0,3,0,True,True,3
Integrated Modeling of Performance Monitoring with Business Artifacts,2010,3,0,2,False,False,5
Towards Process-Oriented Recommender Capabilities in Flexible Process Environments–State of the Art,2012,4,0,0,False,False,4
Application of the Overall Equipment Effectiveness to a Service Company,2022,2,0,0,False,False,2
Process reengineering and optimization for innovation performance: An application to detergent manufacturing,2021,0,3,0,True,True,3
An approach for improving business process models using risk analysis techniques,2014,1,2,0,True,True,3
The Mining of Activity Dependence Relation Based on Business Process Models,2017,3,0,0,False,False,3
Modelling semantic workflows for E-Government applications,2009,1,0,0,False,False,1
Business Process Automation in Retail,2022,2,2,0,True,True,4
MAS-Aided Approval for Bypassing Decentralized Processes: an Architecture,2018,3,0,0,False,False,3
Measuring Business Process Behavioral Similarity Based on Token Log Profile,2022,3,2,1,True,False,6
Making Business Environments Smarter: A Context-Adaptive Petri Net Approach,2014,1,1,1,True,False,3
"On the Use of Log-Based Model Checking, Clustering and Machine Learning for Process Behavior Prediction",2018,3,0,0,False,False,3
EPIKOUROS — Virtualized platforms using heterogeneous sensor services in cloud computing environment,2014,7,0,0,False,False,7
A Service Composition Environment Based on Enterprise Service Bus,2014,3,0,0,False,False,3
When to Invoke a Prediction Service for Business Process Monitoring?,2023,3,0,1,False,False,4
Deep Analysis of Process Model Matching Techniques,2020,4,0,0,False,False,4
Smart Grids process framework assessment through process modeling,2014,3,0,0,False,False,3
Evaluation of Public Funding Processes by Mining Event Logs,2021,2,3,0,True,False,5
Sustainability Assessment of Remanufacturing Waste Sheet Steel Into Angle Mesh Steel,2022,1,0,0,False,False,1
Capability Annotation of Actions Based on Their Textual Descriptions,2014,2,0,0,False,False,2
A new pricing mechanism for a high-priority diffserv-based service,2004,0,0,2,False,False,2
Application and Economic Implications of an Automated Requirement-Oriented and Standard-Based Compliance Monitoring and Reporting Prototype,2010,3,0,0,False,False,3
A process model based on Enterprise Architecture for ICT management,2013,2,2,0,False,False,4
BestRec: A Behavior Similarity Based Approach to Services Recommendation,2009,5,0,0,False,False,5
Realizing Quality Attributes of Service-Based Business Processes: A Model-Driven Approach,2014,3,0,0,False,False,3
Towards Supporting Modeling Variability in E-Learning Application: A Case Study,2017,2,1,0,False,False,3
Evidence informed layered queuing model (EI-LQM) for performance management of Enterprise Service Oriented Architecture (ESOA) applications,2013,1,0,2,False,False,3
Guaranteeing Sound Reactions to Long-Tailed Changes: A Syntax-Directed Annotation Approach,2020,1,2,2,True,False,5
Business Processes as Sociomaterial Networks: Exploring the Multiple Dimensions of Flexibility in Process Modeling,2014,2,0,0,False,False,2
Synchronization of Adaptive Process Models Using Levels of Abstraction,2011,5,1,0,True,False,6
An Approach to Business Processes Decomposition for Cloud Deployment,2013,5,0,0,False,False,5
Efficient Formal Verification in Banking Processes,2013,1,2,0,True,False,3
WSO: Developer-Oriented Transactional Orchestration of Web-Services,2017,2,0,0,False,False,2
Gateway as a service: A cloud computing framework for web of things,2012,3,2,2,False,False,7
Profitability Analysis of Workflow Management Systems,2009,2,0,0,False,False,2
Restaurant Enterprise Resource Planning System,2022,1,2,0,False,True,3
A model for optimizing the identification of process variants in Robotic Process Automation,2023,0,2,0,True,True,2
Transfer Learning Operators for Process-oriented Cases,2021,3,2,0,True,False,5
"Classifying Business Processes, A Novel Approach",2021,1,0,0,False,False,1
Handling Process Variants in Information Systems with Software Product Line Engineering,2023,2,0,0,False,False,2
Combining Process Mining and Process Simulation in Healthcare: A Literature Review,2024,3,1,0,True,False,4
A Comparison of Process Ontology Discovery from Organizational Guidelines in Two Different Languages,2017,1,1,0,True,False,2
PQ-Diff: A Business Process Difference Detection and Interpretation Method based on the Common Key Structure,2022,2,1,1,False,False,4
"Toward Code Generation for Process-oriented, Role-based Dashboards : An Example of Digital Advertising in Vietnam",2022,1,1,0,True,False,2
Digital Twin for Automated Industrial Optimization: Intelligent Machine Selection via Process Modelling,2023,4,0,0,False,False,4
Elastic Multi-Tenant Business Process Based on Temporal Constraints,2018,3,0,0,False,False,3
Systematic Mapping Review on Log Preparation for Process Mining,2023,4,1,0,False,False,5
Automated Generation of Business Process Models using Constraint Logic Programming in Python,2019,4,0,0,False,False,4
Business Process Modeling and Structure Optimization of Resource Coupling in Edge Computing,2022,0,2,4,False,False,6
Web services hybrid dynamic composition models for ubiquitous computing networks,2006,0,0,3,False,False,3
Data Provenance for Complex Event Processing Invoking Composition of Services,2020,1,1,0,False,True,2
Determining Business Process Improvement Priorities at Surabaya City Office for Population Administration & Civil Registration,2022,1,2,1,True,False,4
Modeling and Analyzing Process Architecture for Context-Driven Adaptation: Designing Cognitively-Enhanced Business Processes for Enterprises,2018,4,1,0,True,False,5
The changing face of government: The trends and a solution architecture for citizen services,2013,1,0,0,False,False,1
Sequential composition of multi-party choreographies,2010,2,0,0,False,False,2
Flexible Persistence Support for State Machine-Based Workflow Engines,2009,3,0,0,False,False,3
Automated BPMN Diagram Generation,2024,1,4,1,True,False,6
Multimodal Process Mining,2024,3,0,0,False,False,3
AI Assisted Customer Review Sentiment Analysis and Department Classification Tool,2024,1,2,0,True,True,3
Estimating Remaining Time of Business Processes based on Traces Structural Analysis,2023,4,0,0,False,False,4
It is All about the Interface: Factors Which Drive Process Interface Criticality in Organzations,2016,1,1,0,False,True,2
Domain-Specific Individualization of Workflows,2008,3,0,0,False,False,3
Efficiency of Generated Performer Networks in Collaborative Business Process Models,2016,2,0,0,False,False,2
"Human Resource Allocation to the Credit Requirement Process, A Process Mining Approach",2022,2,1,0,False,True,3
Generation of Synthetic Business Process Traces Using Constraint Programming,2018,3,1,0,False,True,4
A Self-Adaptive Process Mining Algorithm Based on Information Entropy to Deal With Uncertain Data,2019,4,1,1,False,False,6
Collaborative discovery and enrichment of business process models using a semantification approach,2021,2,1,0,True,False,3
Results of benchmark tests for different numerical BPM algorithms,1995,0,0,2,False,False,2
The Two-Scale BPM Scattering Model for Sea Biogenic Slicks Contrast,2009,4,0,0,False,False,4
A Generic Business Artifacts Based Authorization Framework for Cross-Enterprise Collaboration,2012,5,0,0,False,False,5
Knowledge Intensive Business Processes: An Exploratory Study,2012,2,1,0,True,False,3
Application of Equivalence Checking in a Loan Origination Process in Banking Industry,2013,1,2,0,True,False,3
"User experience-based evaluation of open source workflow systems: The cases of Bonita, Activiti, jBPM, and Intalio",2013,2,0,0,False,False,2
An Approach to Evaluate the Local Completeness of an Event Log,2012,2,1,0,False,False,3
Towards a Methodology for Goal-Oriented Enterprise Management,2013,0,1,0,True,True,1
A Service-oriented Integration Model of Knowledge and Business Processes,2008,0,4,0,True,True,4
Simulation based business processes analysis in higher education institutions,2018,0,3,0,True,True,3
Challenges in Performance Analysis in Enterprise Architectures,2013,0,1,0,True,True,1
Sentiment Analysis of User Feedback on Business Processes,2021,2,1,0,True,False,3
Should Process Management Add Its Two Cents?: A Classification Approach for the Selection of Process Management Build-Time Techniques for Software Development Purposes,2017,3,0,0,False,False,3
A Balanced Scorecard Approach to Perioperative Process Management: A Case Study Perspective,2013,1,4,0,False,True,5
Supporting collaborative work by learning process models and patterns from cases,2013,3,0,0,False,False,3
Toward the Support of Challenging Service Level Agreements (SLAs) in Manual and Context-Dependent Activities,2016,2,1,0,False,True,3
A Flexible Event Handling Model for Business Process Enactment,2018,1,1,0,True,False,2
Resilience Mechanism for Trustworthy Workflow Management System,2017,1,0,0,False,False,1
A Time-Aware Method to Process Behavioral Similarity Calculation,2016,0,0,3,False,False,3
The Landscape of Rigorous and Agile Software Development Life Cycles (SDLCs) for BPMS: A Systematic Selective Literature Review,2024,3,2,0,False,True,5
Mobile Modeling Tool Based on the Horus Method,2014,2,1,1,False,False,4
An Approach for Software Development Effort Estimation Using ChatGPT,2023,3,1,0,True,False,4
A Systematic Literature Review of the Analysis of Costs and Other Dimensions in Process Mining and Related Disciplines,2024,3,0,0,False,False,3
ebXML-based e-logistics enactment service architecture and system,2004,4,0,0,False,False,4
Knowledge-Intensive Healthcare Processes: Rethinking Business Process Ownership,2013,0,1,0,True,True,1
Facilitating services and engineering process management in distributed engineering of control applications,2012,2,0,0,False,False,2
Application of Artificial Intelligence in Heuristic Models for Process Improvement,2023,2,0,0,False,False,2
Actor Based Business Process Modeling and Execution: A Reference Implementation Based on Ontology Models and Microservices,2017,4,0,0,False,False,4
Recognizing Valid Artifacts in Business Processes,2012,0,0,1,False,False,1
Process over Things (PoT): an Ontology Based Approach for IoT-Aware Business Processes,2021,2,1,0,False,False,3
Modelamiento del proceso de la asignatura trabajo de grado del programa de ingeniería de sistemas,2016,2,1,0,True,False,3
An Anti-Noise Process Mining Algorithm Based on Minimum Spanning Tree Clustering,2018,4,0,2,False,False,6
Project management suportaded by Business ProcessManagement: Experience in the Brazilian justice,2014,1,0,1,False,False,2
Intelligent Automation-Led Transformation of Clinical Data Management: A New Solution for a Smarter Biopharma Industry,2020,1,0,1,False,False,2
The research of system wide information management based on SOA,2015,1,0,3,False,False,4
Compliance Analysis of Configurable Business Process Model Based on Extend CTL,2017,2,0,2,False,False,4
A BPM-based solution for inter-domain circuit management,2012,3,0,0,False,False,3
How BPM Impacts Jobs: An Exploratory Field Study,2011,3,1,0,False,True,4
Applying Linked Data concepts in BPM,2012,2,1,0,True,False,3
An Exploration of BPM Adoption Factors: Initial Steps for Model Development,2018,0,1,0,True,True,1
Insights into BPM maturity in Croatian and Slovenian companies,2017,0,0,3,False,False,3
Jadex WfMS: Distributed Workflow Management for Private Clouds,2013,2,0,0,False,False,2
Fiber-Optic Refractive Index Sensor Based on Multi-Tapered SMS Fiber Structure,2015,2,1,0,False,False,3
Sensor networks based healthcare monitoring system,2016,2,0,0,False,False,2
Linking legacy services to the business process model,2012,3,0,0,False,False,3
Modeling and Execution of Multienterprise Business Processes,2014,3,0,0,False,False,3
Supporting the consistency in multi-perspective Business Process Modeling: A mapping approach,2017,0,1,0,True,True,1
ERP and BPMS integration at a manufacturing simulation lab,2011,0,0,5,False,False,5
A Ontological Collaborative Framework for Bussiness Process Integration,2013,2,1,0,False,True,3
Towards an ontology of business- and process architecture based on a business model,2015,1,0,0,False,False,1
Filtering Out Infrequent Behavior from Business Process Event Logs,2017,3,0,0,False,False,3
Detecting Sudden and Gradual Drifts in Business Processes from Execution Traces,2017,4,0,0,False,False,4
Real Time Business Intelligence for the Adaptive Enterprise,2006,0,0,4,False,False,4
Towards an Integrative Big Data Analysis Framework for Data-Driven Risk Management in Industry 4.0,2016,4,0,0,False,False,4
"Service Mining: Using Process Mining to Discover, Check, and Improve Service Behavior",2013,1,0,0,False,False,1
Semantic Framework for Internet of Things-Aware Business Process Development,2017,4,0,0,False,False,4
A BPMN extension for modeling Cyber-Physical-Production-Systems in the context of Industry 4.0,2017,2,2,0,False,False,4
Interpreted Execution of Business Process Models on Blockchain,2019,3,1,0,True,False,4
Proactive Business Process Compliance Monitoring with Event-Based Systems,2011,5,0,0,False,False,5
Process-Based Composition of Permissioned and Permissionless Blockchain Smart Contracts,2019,5,0,0,False,False,5
Dynamic Multilevel Workflow Management Concept for Industrial IoT Systems,2021,3,0,0,False,False,3
Towards Correct Cloud Resource Allocation in Business Processes,2017,2,1,1,False,False,4
A Comparison of Flexible BPMN and CMMN in Practice: A Case Study on Component Release Processes,2018,2,0,0,False,False,2
Understanding Agile Innovation Management Adoption for SMEs,2022,3,0,2,False,False,5
A Model-Driven Approach for Monitoring Business Performance in Web Service Compositions,2009,3,0,0,False,False,3
Scalable Business Process Execution in the Cloud,2014,4,1,0,False,False,5
Discovering Business Processes in CRM Systems by Leveraging Unstructured Text Data,2018,2,0,1,False,False,3
Service Workflow: State-of-the-Art and Future Trends,2023,3,2,1,False,False,6
"Use of Method for Elicitation, Documentation, and Validation of Software User Requirements (MEDoV) in Agile Software Development Projects",2014,2,0,1,False,False,3
Towards an Enterprise Business Process Architecture Standard,2008,3,0,0,False,False,3
Decentralized Enactment of BPEL Processes,2014,2,1,0,False,True,3
Maximizing the Business Value of Networked Embedded Systems through Process-Level Integration into Enterprise Software,2007,2,0,0,False,False,2
An Event-B Based Approach for Ensuring Correct Configurable Business Processes,2016,2,1,1,True,False,4
Process-oriented Information Logistics: Aligning Enterprise Information with Business Processes,2012,2,1,0,False,False,3
Sustainable Software System Engineering,2014,1,1,0,True,False,2
GRASPED: A GRU-AE Network Based Multi-Perspective Business Process Anomaly Detection Model,2023,3,0,1,False,False,4
Context-Aware Process Performance Indicator Prediction,2020,3,3,0,False,False,6
Representative BPMN 2.0 Process Model Generation from Recurring Structures,2016,2,1,0,True,False,3
Cloud migration using automated planning,2016,1,1,0,True,False,2
Efficient and Exact Query of Large Process Model Repositories in Cloud Workflow Systems,2018,0,0,3,False,False,3
Towards Resource-aware Business Process development in the Cloud,2015,1,1,0,True,False,2
Business Process Compliance via Security Validation as a Service,2013,3,0,0,False,False,3
Integrating Compliance Requirements across Business and IT,2014,3,2,0,False,False,5
Estimating Global Completeness of Event Logs: A Comparative Study,2021,3,1,1,False,False,5
It-enabled collaborative case management — Principles and tools,2014,3,0,0,False,False,3
Trust Mining: Analyzing Trust in Collaborative Business Processes,2021,5,1,0,False,False,6
Event-B Based Approach for Verifying Cloud Resource Allocation in Business Process,2015,3,1,0,True,False,4
Efficient Supply Chain Management: Traceability and Transparency,2016,4,0,0,False,False,4
Business Workflow Optimization Through Process Model Redesign,2022,1,0,1,False,False,2
Discovering Cloud Operation History through Log Analysis,2017,1,1,1,False,True,3
Procedure for determining quadrupole and BPM offset values in storage rings,1993,1,0,1,False,False,2
Damped button electrode for B-factory BPM system,1995,1,0,3,False,False,4
Jam resistance performance of UWB BPM impulse radio with time hopping vs. direct sequence,2004,2,0,0,False,False,2
Simulation by BPM and FDTD of new thin heterogeneous optical waveguides on SOI for reconfigurable optical add/drop multiplexers,2008,1,0,0,False,False,1
False BPM Readings Affecting Orbit Feedback,2005,8,0,2,False,False,10
Using BPM Technologies for Material Balances Modelling,2006,1,1,0,True,False,2
Simulation of an AWG structure with thermal lens for adaptive dispersion compensation using a BPM algorithm,2005,0,0,3,False,False,3
Measurement and Optimization of Local Coupling from RHIC BPM Data,2005,0,0,6,False,False,6
"Cyber Physical Society with SOA, BPM and Sensor Networks Track Report - CPS 2011",2011,1,2,1,False,False,4
DAQ System of BPM and BCT for the BEPCII Linac,2005,1,0,1,False,False,2
Detection of instrumental drifts in the PEP-II LER BPM system,2007,3,0,1,False,False,4
Brushless permanent magnet (BPM) motor drive system using load commutated inverter,1998,3,0,1,False,False,4
Wideband M-Shaped Beamforming Antenna Array Design for A 77 GHz BPM-MIMO Automotive Corner Radar,2023,2,3,0,False,True,5
Notice of Retraction: Measures to promote BPM-based S/W market,2010,3,0,2,False,False,5
Full-vectorial imaginary-distance BPM analysis of eigenmodes of a light-guiding metal line loaded on a dielectric substrate,2005,0,0,4,False,False,4
BPM calibration independent LHC optics correction,2007,0,0,3,False,False,3
Study on the Power Distribution of Non-symmetric Y Branch Waveguide Based on BPM,2017,4,0,1,False,False,5
A novel two-phase BPM drive system with high power density and low cost,1997,3,1,0,True,False,4
Double EIM and scalar BPM analyses of birefringence and wavelength shift for TE and TM polarized fields in bent planar lightwave circuits,2002,2,0,0,False,False,2
Comparison between narrow-angle-band and wide-angle-band spatio-temporal FEM and FD BPM codes for the propagation of ultrashort optical pulses,2003,3,0,1,False,False,4
Efficient design of polarization rotators by genetic algorithm and vectorial finite-element BPM,2003,2,0,1,False,False,3
"A domain-driven approach for enterprise development, using BPM, MDA, SOA and Web Services",2008,3,0,0,False,False,3
Vectorial finite element BPM scheme applied to coupled leaky waveguide,2005,2,0,0,False,False,2
A Right-Time Management for BPM Orchestration in Real-Time SOA,2008,0,1,2,False,False,3
Three-Dimensional Imaginary-Distance BPM Simulation of a Partially Metal-Loaded Optical Waveguide,2007,2,0,1,False,False,3
Simulation and Modelization of Multimode Interference Demultiplexer by using BPM Method,2008,1,2,1,False,False,4
Synthesis of Design Parameters for the Transfer of Agility from Software Engineering to Process Management,2019,2,1,0,False,True,3
Applications of Blockchain in Business Processes: A Comprehensive Review,2022,4,1,0,False,False,5
Toward an Integrated User Requirements Notation Framework and Tool forBusiness Process Management,2008,6,1,0,False,False,7
Optimizing the Performance of Automated Business Processes Executed on Virtualized Infrastructure,2014,4,0,0,False,False,4
Social-Based Semantic Framework for Cloud Resource Management in Business Processes,2016,2,1,0,True,False,3
A generic BPMS user portal for business processes execution interoperability,2019,1,1,0,True,False,2
A decision-based approach to business process improvement,2010,1,1,0,False,True,2
SecEPM: A Security Engineering Process Model for Electronic Business Processes,2012,1,0,0,False,False,1
Flexible information design for business process visualizations,2012,5,0,0,False,False,5
Collaborative process modeling and reuse evaluation,2009,4,0,0,False,False,4
Improving Healthcare Processes through Small-Scale Innovations,2012,0,1,0,True,True,1
Impact of Digital Transformation in Sourcing & Tender Management Processes on Employee Job Satisfaction - A Study on Malaysian Multinational Electricity Company,2023,1,0,1,False,False,2
A new business process assistant: Based on real-time analysis of user live communications,2015,2,0,0,False,False,2
Service exploration: Collaboration of information-centric and activity-centric business process,2012,1,0,1,False,False,2
Literature Survey on Business Model-Based Integration of Business and Process Architecture,2014,1,0,0,False,False,1
AIML: The Approach of Optimization to Support the Company Organizing the Automated Business Technique,2023,0,0,4,False,False,4
Research of technologies on discreet factory construction general contract project management,2011,2,0,2,False,False,4
Semi-Supervised Detection of Contaminated Business Process Instances Using Graph Autoencoders and Dynamic Edge Convolutions for BPM Anomaly Detection,2024,4,0,0,False,False,4
Automatic classification of event logs sequences for failure detection in WfM/BPM systems,2019,2,0,0,False,False,2
Towards Process Support for Cloud Manufacturing,2014,5,0,1,False,False,6
A RESTful Architecture for Service-Oriented Business Process Execution,2008,5,0,1,False,False,6
Cost-Efficient Scheduling of Elastic Processes in Hybrid Clouds,2015,4,0,2,False,False,6
Interactive Workflows with WADE,2012,3,0,0,False,False,3
A BPMN-Based Automated Approach for the Analysis of Healthcare Processes,2016,0,0,6,False,False,6
Research on business goal oriented process knowledge retrieving,2005,2,0,1,False,False,3
Predictive Monitoring of Business Processes: A Survey,2018,3,0,0,False,False,3
Practical Challenges for Methods Transforming i* Goal Models into Business Process Models,2009,2,1,0,False,False,3
ViePEP-C: A Container-Based Elastic Process Platform,2021,3,1,1,False,False,5
Typed Business Process Specification,2010,2,1,0,False,True,3
Direct Verification of BPMN Processes through an Optimized Unfolding Technique,2012,2,2,0,False,True,4
Towards an Organizational Strategic Alignment Driven by Business Level Agreements,2014,2,2,0,True,False,4
Towards a BPM Cloud Architecture with Data and Activity Distribution,2012,3,0,0,False,False,3
The Influence of Process Acceptance on BPM: An Empirical Investigation,2015,5,0,0,False,False,5
"Unifying EA, BPM and SOA through a Synergestic Framework",2011,2,0,0,False,False,2
A BPM-based approach of human task support within life science automation,2013,1,2,0,True,True,3
An Approach for a More Agile BPM-SOA Integration Supported by Dynamic Services Discovery,2010,2,0,0,False,False,2
Warehouse management model integrating BPM-Lean Warehousing to increase order fulfillment in SME distribution companies,2022,2,2,0,False,True,4
Towards a DSPL for Context Aware BPM,2017,0,2,0,True,True,2
An Intelligent Resource Scheduling Method with Edge Channel Deployment for BPM,2022,4,0,3,False,False,7
An Automated Analysis of Errors for BPM Processes Modeled Using an In-house Infosys Tool,2011,2,0,1,False,False,3
Leveraging BPM Decipline to Deliver Agile Business Processes in Emerging Markets,2013,0,1,0,True,True,1
Services conceptualization within SOA/BPM methodology,2012,1,4,0,True,False,5
Design and implementation of E-government oriented rapid BPM OA platform,2017,4,1,0,False,False,5
Reverse logistics process automation with BPMS,2010,3,0,1,False,False,4
IoTDM4BPMN: An IoT-Enhanced Decision Making Framework for BPMN 2.0,2022,3,0,0,False,False,3
End-to-End Production Process Orchestration for Smart Printing Factories: An Application in Industry,2020,4,1,1,False,False,6
Dealing with imprecise compliance requirements,2009,3,0,0,False,False,3
Secure Business Processes in Service-Oriented Architectures – A Requirements Analysis,2010,2,2,0,False,False,4
Semi-automated checking for regulatory compliance in e-Health,2021,4,1,0,True,False,5
Workflow Model Distribution or Code Distribution? Ideal Approach for Service Composition of the Internet of Things,2016,2,1,0,False,False,3
Modelling business process variants using graph transformation rules,2016,1,3,0,True,False,4
The Banking System Reference Implementation Based on SOA,2011,1,1,1,True,False,3
787 BPM/40 TPM feasibility of a plated disk,1979,0,0,5,False,False,5
Evaluation of multiphase brushless permanent magnet (BPM) motors using finite element method (FEM) and experiments,1999,2,0,2,False,False,4
A novel two-phase BPM drive system with high power density and low cost,1998,3,1,0,True,False,4
Shaping the digital optical switch using evolution strategies and BPM,1997,0,0,4,False,False,4
Brushless permanent magnet (BPM) motor drive system using load-commutated inverter,1999,3,0,1,False,False,4
Efficient Calculation of PWM AC Losses in Hairpin Windings for Synchronous BPM Machines,2021,3,0,1,False,False,4
Research and Design of EERP: End-to-End Resource Planning Based on SOA and BPM,2008,1,0,1,False,False,2
A BPM Two-Scale Contrast Model,2008,3,0,0,False,False,3
Bridging Software Product Lines and Service-Oriented Architectures for Service Identification Using BPM and FM,2010,2,0,0,False,False,2
Transmission line analysis of beam deflection in a BPM stripline kicker,1997,1,1,1,False,False,3
A SOA-BPM-Based Architecture for Intelligent Power Dispatching System,2010,3,1,0,False,False,4
The updated BPM system of HLS,2001,3,0,2,False,False,5
Investigation of offset-launch characteristics for Two-Mode Optical Fiber using FE-BPM,2013,5,0,0,False,False,5
Wide-Angle Alternating-Direction Implicit Finite-Difference BPM,2007,2,2,0,True,True,4
BPM and orbit correction systems at the Duke storage ring,2003,1,0,3,False,False,4
Laser-diode to fiber coupling analysis using the Gaussian beam-BPM hybrid method,2000,3,0,1,False,False,4
The Research of BPM Software Trustworthy Evaluation Model,2009,2,0,2,False,False,4
Beam tracking simulations for a BPM-based energy spectrometer prototype for ILC,2007,1,0,0,False,False,1
BPM simulation of a light-guiding metal line with an embedded dielectric core,2004,0,0,4,False,False,4
Optics measurement resolution and BPM errors,1997,0,1,0,True,True,1
Multi-access performance analysis of TH-BPM impulse radio from spectrum point of view,2004,1,0,0,False,False,1
Investigations of Injection Orbits at CESR Based on Turn By-Turn BPM Measurements,2005,3,0,0,False,False,3
Study of the RHIC BPM SMA connector failure problem,2007,0,0,3,False,False,3
A BPM calibration procedure using TBT data,2007,0,0,3,False,False,3
Lattice function measurement with TBT BPM data,1995,0,0,1,False,False,1
A Reference Model for Personal Process Management (PPM) Systems,2019,2,0,1,False,False,3
The Discovery of Agile Service Networks through the Use of Social Network Analysis,2010,2,1,0,False,True,3
Variation knowledge-based approach to handling business process changes,2006,1,1,0,True,False,2
Uncovering the competency gap of students employed in business process analyst roles — An employer perspective,2014,2,1,0,False,False,3
Cloud to Edge: Distributed Deployment of Process-Aware IoT Applications,2017,2,0,0,False,False,2
SlapOS: A Multi-Purpose Distributed Cloud Operating System Based on an ERP Billing Model,2011,2,0,1,False,False,3
Considering Non-sequential Control Flows for Process Prediction with Recurrent Neural Networks,2018,2,0,0,False,False,2
Demo: Cognoscenti Open Source Software for Experimentation on Adaptive Case Management Approaches,2014,1,0,0,False,False,1
A Design of Open Service Access Gateway for Converged Web Service,2008,1,1,0,False,True,2
Navigating in process model repositories and enterprise process information,2014,3,1,0,False,False,4
Business Logistics Optimization Using Industry 4.0: Current Status and Opportunities,2018,0,0,2,False,False,2
Implementation of a YAWL Work-List Handler based on the Resource Patterns,2006,1,1,0,True,False,2
Visualizing User Action Data to Discover Business Process,2019,2,2,0,True,False,4
A Model Transformation for Increasing Value in Service Networks through Intangible Value Exchanges,2010,2,1,0,True,False,3
Tracy: A Business-Driven Technical Debt Prioritization Framework,2019,2,0,1,False,False,3
Improving Purchase to Pay Process Efficiency with RPA using Fuzzy Miner Algorithm in Process Mining,2022,2,1,0,False,True,3
Road Construction Enterprise Management Model Based on Hyperautomation Technologies,2021,0,0,4,False,False,4
Bringing knowledge into recommendation systems,2011,4,0,0,False,False,4
A Multicriteria Decision model for managing business processes,2011,0,0,2,False,False,2
Business Process-Oriented Software Architecture for Supporting Business Process Change,2008,1,2,0,True,False,3
Designing for an Innovative Learning Organization,2013,1,0,0,False,False,1
Improving Healthcare Systems through Process Mining,2020,0,1,0,True,True,1
An infrastructure for executing WS-BPEL workflows in a Cluster of Clusters,2010,1,2,0,False,True,3
Controlling Elasticity Dependencies for Multi-tenant Business Process,2015,3,0,0,False,False,3
Discrete simulation modeling of intelligent passenger boarding,2018,2,1,0,False,True,3
Towards Exploiting Social Software for Business Continuity Management,2011,2,0,0,False,False,2
A Maturity Model Proposal with Readiness Level Assessment for Organizational Processes Improvement,2022,4,0,0,False,False,4
Advanced Analysis of Service Level Agreements,2015,1,0,0,False,False,1
Identification process relationship of process model discovery based on workflow-net,2017,2,0,0,False,False,2
Business Process Mining by Means of Statistical Languages Model,2008,1,1,0,True,False,2
Hyperautomation of Construction Materials Enterprise,2021,0,0,4,False,False,4
A Combination of Approaches for Software Process Improvement : An Experience Report in a Public Sector Institution,2018,2,1,0,True,False,3
Supporting Rapid Enterprise Information System Development: Key Issues and Infrastructure Construction,2007,1,1,1,False,True,3
Dynamic and declarative business processes,2009,3,0,0,False,False,3
A method of transition from BPMN to BPEL,2011,3,0,0,False,False,3
Designing Quality Control Loops for stable business processes within the field of entrepreneurial quality,2012,2,0,0,False,False,2
Business-Driven Technical Debt Prioritization,2019,1,0,0,False,False,1
Enhancing knowledge quality via a semantic-oriented framework for a social knowledge cloud,2014,3,0,0,False,False,3
Business Process Automation of Document Filing Based Alfresco for Referral BPJS Patient (case study: BPJS Center of Dharmais Cancer Hospital),2016,0,2,0,True,True,2
Improving the processes of music events with radio frequency identification,2017,5,0,0,False,False,5
Process cascade- and segmentation-based organizational design: A case study,2011,0,0,2,False,False,2
Development of the Concept of Management of Economic Systems Processes through Construction and Calling of Machine Learning Models,2018,2,2,0,False,True,4
Using MiniZnMASC Middleware with Different Algorithms for Business-Driven Adaptation of Business Processes,2011,1,1,0,True,False,2
Applying corel to an excerpt of HIPAA: a critical discussion,2013,1,0,0,False,False,1
Research on the reconfiguration of product development project,2008,0,2,0,True,True,2
Analysis of software products related incidents through process intelligence,2022,2,0,0,False,False,2
Considerations on the roles and ontology in modeling workflow management systems,2010,0,0,2,False,False,2
Preface to the Sixth International Workshop on Evolutionary Business Processes (EVL-BP 2013),2013,3,0,0,False,False,3
PACT-ART: Adaptive and context-aware processes for the transportation of artworks,2015,3,1,0,False,False,4
Research on Flexible Control on Dynamic Business Process in E-Government,2008,1,0,2,False,False,3
Analyzing risks in business process models using a deviational technique,2014,1,2,0,True,True,3
End-to-End Robotics Processing Management,2023,1,2,0,True,False,3
A Project Management System for Product Development,2010,3,0,0,False,False,3
Rediscovery of Government Process Model in E-government,2009,0,0,1,False,False,1
Social Computing and Governance in an Enterprise Service for Managing Business Processes,2009,1,1,2,True,False,4
Process discovery: Automated approach for block discovery,2014,2,1,0,False,True,3
OPBUS: Risk-aware framework for the conformance of security-quality requirements in business processes,2011,2,0,1,False,False,3
Method for Applying Process Mining to the Distribution of Non-alcoholic Beverages,2013,1,1,0,True,False,2
Architecture of process mining based business process optimization,2006,2,1,0,False,True,3
ERPL: A Language for Structuring Business Processes in ERP Systems,2020,3,1,0,True,False,4
Dynamic Service Orchestration Scheme Based on JBPM,2023,1,2,1,True,True,4
Verification of EPCs based on the Finite State Automata and state-space,2008,1,1,0,False,True,2
Modeling a secure cloud data warehouse with SoaML,2015,1,2,0,True,False,3
Development of Error Management in BPMN Using Java Code,2009,1,1,1,False,False,3
Business Process Engine Simulator,2012,1,1,1,False,True,3
Managing and Achieving Process Integrity in SOA,2009,1,0,0,False,False,1
Business Process Recomposition as a Way to Redesign Workflows Effectively,2021,4,1,0,False,True,5
Optimizing knowledge delivery in business process based on context,2008,1,1,1,False,True,3
Conformance Checking Using Cost-Based Fitness Analysis,2011,1,0,2,False,False,3
Business Compliance Governance in Service-Oriented Architectures,2009,11,0,1,False,False,12
Data Quality Requirements of Collaborative Business Processes,2012,2,1,0,True,False,3
Automatic Verification and Diagnosis of Security Risk Assessments in Business Process Models,2019,2,2,0,False,True,4
"Integration, Execution and Monitoring of Business Processes with Chaincode",2020,3,1,0,False,False,4
Efficient Process Conformance Checking on the Basis of Uncertain Event-to-Activity Mappings,2020,2,0,1,False,False,3
Determining Power Consumption of Business Processes and Their Activities to Enable Green Business Process Reengineering,2013,4,0,0,False,False,4
Handling Uncertainty in Predictive Business Process Monitoring with Bayesian Networks,2021,4,1,0,False,False,5
CEFOP: A method for the Continual Evolution of Organisational Processes,2017,0,3,0,True,True,3
When Social Media Meet the Enterprise,2012,4,0,0,False,False,4
Evolving Social Media into Productivity Platforms,2012,3,1,0,False,True,4
A process warehouse based resource performance evaluation method for business processes improvement,2014,2,0,1,False,False,3
From Organizational Guidelines to Business Process Models: Exploratory Case for an Ontology Based Methodology,2017,1,1,0,True,False,2
Network-Based Business Process Analysis,2012,1,1,0,True,False,2
Resource Optimization in Business Processes,2021,0,0,3,False,False,3
Teaching the Digital Transformation of Business Processes: Design of a Simulation Game of Business Process Change,2021,4,2,0,False,False,6
Characterizing Workflow Nets Using Regions,2006,0,1,1,True,False,2
Business Process Redesign Heuristics for Blockchain Solutions,2020,2,1,1,False,True,4
Customized Infrastructures for Monitoring Business Processes,2014,2,0,0,False,False,2
Detecting Data Flow Errors Across Processes in Business Process Collaboration,2020,2,0,2,False,False,4
Uniform Modeling of Resources and Business Processes Using Business Entities,2011,3,0,1,False,False,4
Digitalization and Business Automation for an Effective Supply Chain Integration: A literature review,2024,1,0,1,False,False,2
ARivaT: A Tool for Automated Generation of Riva-Based Business Process Architecture Diagrams,2023,3,1,0,False,False,4
Leveraging Graph-Based for Enhanced Service Identification and Microservices Partitioning in Business Process Systems,2024,2,1,3,False,False,6
Cross-course Process Mining of Student Clickstream Data - Aggregation and Group Comparison,2024,2,0,0,False,False,2
A Service-Oriented Architecture for Generating Sound Process Descriptions,2019,1,2,3,False,True,6
Optimization of Complex Elastic Processes,2016,4,0,1,False,False,5
Digital Transformation of Enterprises: A Transition Using Process Modelling Antecedents,2018,5,2,0,False,False,7
A method towards process similarity measurement according to constrained traces,2017,1,0,1,False,False,2
Semantic Model-Driven Approach of Web Service Systems,2009,0,0,1,False,False,1
Data integration into cloud with efficient offloading of data from multiple nodes,2017,0,0,3,False,False,3
GeoSpatial platform for port management processes,2016,3,0,0,False,False,3
Business Process Modelling for a Greek Hospital's Medical Equipment Data Center,2018,5,3,0,False,False,8
Development of a Risk-aware Business Process Modeling Tool for Healthcare processes,2021,2,1,0,True,False,3
NGOSS-centric Framework of Telecommunication Electronic Commerce,2008,1,1,0,False,True,2
A discovery method of organization structure model based on causal similarity in BPMS,2012,0,0,1,False,False,1
Edge Information Assisted Decoder for Business Process Anomaly Detection,2024,3,0,0,False,False,3
Business Value of Machine-to-Machine (M2M) Implementation For Automated Teller Machine Connectivity Services in Province of DKI Jakarta,2019,1,0,1,False,False,2
An automatic modeling method of team-based organization structure in e-business,2010,0,0,1,False,False,1
A knowledge management system based on JSPWiki,2013,2,0,1,False,False,3
An Automatic Business Process Modeling Method Based on Markov Matrix,2006,0,1,1,False,True,2
Artificial Intelligence of Digital Production Management,2024,2,0,0,False,False,2
Improving Production Management and Control with Intelligent Chatbot Services,2024,4,1,0,False,False,5
Automatic Modeling of Collaboration-Based Organization Structure in E-logistic,2010,0,0,1,False,False,1
A Framework of Information Systems Reference Model for Higher Education Institutions,2023,1,1,1,False,False,3
Creation of Management Systems for Business Processes of an Industrial Enterprise Using Ontologies,2019,0,2,0,True,True,2
A novel modeling method of team organization structure in e-business,2012,0,0,1,False,False,1
Structural Analysis using Galois Lattice Concept for Strategic Business Processes Alignment,2021,2,1,0,False,True,3
Discovery of role-based organization structure model in BPMS,2011,0,0,1,False,False,1
Ideas on improving the Business-IT alignment in BPM enabled by SOA,2013,2,0,0,False,False,2
"Agent System Mining: Vision, Benefits, and Challenges",2021,2,1,0,False,True,3
Methodological limitations of modeling languages BPMN and ARIS,2014,2,0,0,False,False,2
Business Process Orientation in Croatian companies: A multi-site case study,2011,0,3,0,True,True,3
Design and Development of an Event-driven In-memory Business Process Engine,2017,0,0,1,False,False,1
The foundations for managing a modern enterprise: A review,2011,3,0,0,False,False,3
Notice of Retraction: BPM-based teaching management system,2010,0,1,1,True,False,2
Proposal of a unified BPM model for open data publication,2016,2,2,0,True,False,4
Challenges of integrating risk management throughout the BPM lifecycle,2022,1,1,0,True,False,2
Towards a Generic Context Model for BPM,2015,0,3,0,True,True,3
Methodology for migration of long running process instances in a global large scale BPM environment in Credit Suisse's SOA landscape,2012,3,0,0,False,False,3
Blockchain and Internet of Things for Modern Business Process in Digital Economy—the State of the Art,2019,2,1,1,False,False,4
Bridging the Gap Between Manufacturing and Service Through IT-Based Boundary Objects,2013,6,0,0,False,False,6
A Reference Model for Digital Transformation and Innovation,2019,1,3,0,True,True,4
Towards an integrated methodology for the development of blockchain-based solutions supporting cross-organizational processes,2019,1,0,1,False,False,2
Towards Ecological Workflow Patterns as an Instrument to Optimize Business Processes with Respect to Ecological Goals,2016,3,0,0,False,False,3
Decision as a Service for Transaction Banking Using Service-Oriented Modeling Architecture Methodology,2023,2,0,1,False,False,3
BPM Tools for Asset Management in Renewable Energy Power Plants,2019,3,0,3,False,False,6
A Hypermedia-Driven Approach for Adapting Processes via Adaptation Processes,2015,1,0,0,False,False,1
Business Process Modeling and Requirements Modeling,2007,2,1,0,False,True,3
Assisted Declarative Process Creation from Natural Language Descriptions,2019,4,0,0,False,False,4
Business process improvement: A process warehouse based resource management method,2015,1,0,1,False,False,2
Generating multi-objective optimized configurable business process models,2012,0,0,4,False,False,4
Process warehouse based agent's competencies measurement method for business process improvement,2016,1,0,1,False,False,2
Structured Method for Business Process Improvement,2012,2,0,0,False,False,2
A Value Semantics Framework for Business Process Network Management,2016,2,1,1,False,False,4
Design and implementation of a workflow oriented ERP system,2015,2,0,0,False,False,2
Empirical examination of the dimensions of business process orientation,2011,1,2,0,False,True,3
OWL Model to Support Business Process and Web Services in SOA Environments,2011,1,0,2,False,False,3
Big Data Analytics for Predictive Manufacturing Control - A Case Study from Process Industry,2014,4,0,0,False,False,4
Advanced planning and control of manufacturing processes in steel industry through big data analytics: Case study and architecture proposal,2014,5,0,0,False,False,5
Analyzing the Effects of Reordering Work List Items for Selected Control Flow Patterns,2015,1,1,0,False,True,2
Green Business Process Patterns – Part II (Short Paper),2013,2,0,0,False,False,2
Towards Managing Business Process Variants within Organizations – An Action Research Study,2015,3,0,0,False,False,3
Opportunities for Business Process semantization in open-source process execution environments,2015,4,0,0,False,False,4
Prediction of Incompliance With Business Goals With Business-Related Data and Context Data,2020,2,0,0,False,False,2
The Structure of Cross-Functional Process Model Collections: An Empirical Investigation,2014,3,1,0,False,True,4
Challenges in Knowledge Intensive Process Management,2019,1,2,0,False,True,3
Multilevel Modeling for Business Process Automation,2015,3,0,0,False,False,3
"Service Oriented Architecture: Making the Leap, Leveraging Model Driven Architecture and Achieving Software Agility with BPM, SOA and MDA®",2008,2,0,0,False,False,2
"CPS Track Report: 2nd Track on Cyber Physical Society with SOA, BPM and Sensor Networks",2012,3,0,1,False,False,4
Motivations for BPM Adoption: Initial Taxonomy based on Online Success Stories,2019,0,2,0,True,True,2
Study on River Development Management of Hydropower Enterprise Based on BPM: A Case Study of Ertan Company,2009,1,2,0,False,True,3
Experience Report: Use of SAP NetWeaver Technology to realize SOA-based BPM Tasks,2007,0,0,1,False,False,1
Towards a common understanding of Business Process Instance data,2016,0,1,1,False,True,2
What does ‘leadership’ entail in public sector BPM initiatives of developing nations: Insights from an interpretative case study from Sri Lanka,2017,2,2,0,False,False,4
Using e-service to construct general platform of BPM,2010,2,1,0,False,False,3
Web services and business process management,2002,0,0,3,False,False,3
Inter-enterprise collaborative business process management,2001,1,1,0,False,True,2
Intelligent Agent Supported Business Process Management,2005,0,1,1,True,False,2
When Social Software Meets Business Process Management,2009,1,2,0,True,True,3
"Towards Cloud-enabled Business Process Management Based on Patterns, Rules and Multiple Models",2012,1,1,0,True,False,2
Cloud-based platform for collaborative business process management,2017,3,0,0,False,False,3
Intelligent Multi-Agent Based Information System of Business Process Management,2008,2,3,0,False,True,5
Event-driven business process management in Engineer-to-Order supply chains,2011,2,1,0,False,False,3
A distributed service oriented infrastructure for business process management in Virtual Organizations,2012,3,0,1,False,False,4
Formal ontologies for data-centric business process management,2011,2,1,0,True,False,3
Design of a Domain-Specific Metamodel for Industrial Business Process Management,2019,1,0,0,False,False,1
The Performance Impact of Human Resources Recruitment System for Business Process Management Using K-Means and SVM,2023,5,1,0,False,False,6
A Design Pattern for Integration of Business Process Management Systems,2007,2,2,0,True,False,4
Microservices-based Approach for a Collaborative Business Process Management Cloud Platform,2020,2,0,0,False,False,2
"Design, implementation and monitoring of a screw order handling process using business process management tools",2010,2,1,0,True,False,3
Normative Ontologies for Data-Centric Business Process Management,2008,1,1,0,True,False,2
Business Process Management with mobile routes,2014,2,0,0,False,False,2
Adopting Appropriate Business Process Management to Achieve Better Performance in Cosmetics Industry after Post Pandemic Era,2022,2,1,0,False,True,3
Aligning Technical Debt Prioritization with Business Objectives: A Multiple-Case Study,2018,3,0,2,False,False,5
Business Sub-Process Analysis and Redesign of Counceling Week (Pekan Konseling) at Career Center Services using Business Process Improvement (BPI),2023,2,0,0,False,False,2
Development of a Business Process Modelling Framework for Continuous Improvements in Organisations,2022,0,0,3,False,False,3
"Blockchain-Based Service-Oriented Architecture for Consent Management, Access Control, and Auditing",2023,5,1,0,True,False,6
Towards an ontology for service oriented modeling supporting business processes,2010,3,1,0,True,False,4
Service identification in aspect-oriented business process models,2011,3,3,0,False,True,6
Natural Language Interface for Process Mining Queries in Healthcare,2022,3,3,1,False,False,7
Service-Based Event Penetration from IoT Sensors to Businesses: a Case Study,2022,3,2,1,True,False,6
Enforcement from the Inside: Improving Quality of Business in Process Management,2009,5,2,0,True,False,7
Case Study of Designing Interface of the AGH Students Information Bulletin Work Support System,2022,4,1,0,True,False,5
"Triad of Digital Transformation: Holistic Orchestration for People, Process, and Technology",2024,2,3,0,False,True,5
Towards Uninterruptible Smart Home Processes,2022,1,0,0,False,False,1
Proposition of an approach based on BPM to manage agile development processes,2016,0,2,0,True,True,2
Transform traditional OSS by using SOA and BPM,2008,4,1,0,False,False,5
Research and design of frequency synthesizer for BPM timing simulator,2015,1,2,2,False,True,5
Students Performance Tracking Using BPM Classification Modelling,2021,1,0,1,False,False,2
The possibility investigation of block-algorithm construction using the BPM method,2020,1,2,0,False,True,3
Towards a Probabilistic Approach for Better Change Management in BPM Systems,2019,0,1,0,True,True,1
An Adaptive Scheduler for Enhancing the Efficiency of Multi-engine BPM Systems,2009,0,0,3,False,False,3
Research and implementation of smart substation configuration file management system based on BPM process engine,2017,0,2,3,True,False,5
Context-Driven Business Process Adaptation for Ad Hoc Changes,2008,2,0,0,False,False,2
Modeling of Information System for Licensing and Extension of Special Hajj Pilgrimage Organizer,2018,0,3,1,False,True,4
Towards an Agile Approach for Business Process Reengineering,2022,4,1,0,False,False,5
An Interactive Framework to Develop and Align Business Process Models,2019,1,0,1,False,False,2
"Web services, grid computing, and business process management: exploiting complementarities for business agility",2004,0,0,3,False,False,3
Supply chain transformation based on business process management,2009,4,0,2,False,False,6
Automating the process of building flexible Web Warehouses with BPM Systems,2015,0,2,0,True,True,2
The Need for Business Vocabularies in BPM or ISD Related Activities: Survey Based Study,2014,3,0,0,False,False,3
Combining BPM and EA in Complex IT Projects: (A Business Architecture Discipline),2011,3,1,0,False,False,4
Production management model based on Lean Manufacturing and BPM tools to increase profitability in SMEs in the Plastic Sector,2022,2,1,0,False,False,3
BPM for mutual aid management in industrial emergency response,2023,4,3,0,True,True,7
A Critical Investigation of Rationalities in Automation with BPM,2024,2,2,0,False,True,4
Business Process Models in Small and Medium Manufacturing Industries: An Overview,2024,2,1,0,False,False,3
Business process modeling extension and scheduling strategy compatible with big data business,2023,2,0,0,False,False,2
Business Process Modeling Languages and their Data Representation Capabilities,2018,1,2,0,True,False,3
Optimization of the Business Processes via automatic integration with the Document Management System,2016,5,0,0,False,False,5
Business Process Management under the Microscope: The Potential of Social Network Analysis,2011,2,0,0,False,False,2
Using Free-Choice Nets for Process Mining and Business Process Management,2021,1,0,0,False,False,1
Approaching Quality 4.0: The Digital Process Management as a Competitive Advantage,2023,2,0,3,False,False,5
Based-on Pi-calculus Business Process Modeling,2012,2,0,0,False,False,2
"Object-Business Process Mapping Frameworks: Abstractions, Architecture, and Implementation",2014,2,0,0,False,False,2
Towards Comprehensive Support for Privacy Preservation Cross-Organization Business Process Mining,2019,4,0,2,False,False,6
Business Process Ambidexterity and its impact on Business-IT alignment. A Systematic Literature Review,2019,1,1,0,False,True,2
Toward an Ontology-Based Model of Key Performance Indicators for Business Process Improvement,2017,0,2,0,True,True,2
Always Stay Flexible! WfMS-independent Business Process Controlling in SOA,2011,5,0,0,False,False,5
A-BPS: Automatic Business Process Discovery Service using Ordered Neurons LSTM,2020,1,2,4,True,False,7
A new approach in the development of ontology based workflow architectures,2011,1,1,0,True,False,2
Toward Semantic Framework for Internet of Things-Aware Business Process Discovery,2023,0,2,0,True,True,2
Semantic concepts in BPMN 2.0,2014,4,1,0,True,False,5
Adapting the PBEC-OTSS software selection approach for BPM suites: an application case,2015,3,0,0,False,False,3
Extracting Business Process Models Using Natural Language Processing (NLP) Techniques,2017,2,0,0,False,False,2
"A Framework for the Modelling, Analysis and Optimization of Pathways in Healthcare",2006,3,0,0,False,False,3
Business Process Improvement in the Program Development Division of PT. XYZ Based on Service-Oriented Architecture,2023,3,0,0,False,False,3
Introduction to Business Process Intelligence Minitrack,2014,3,0,0,False,False,3
Bridging the gap between social software and business process management: A research agenda: Doctoral consortium paper,2013,1,0,0,False,False,1
A service-oriented architecture of virtual enterprise for manufacturing industry,2010,3,0,0,False,False,3
A Task Operation Model for Resource Allocation Optimization in Business Process Management,2012,3,0,0,False,False,3
Autonomic Goal-Oriented Business Process Management,2007,2,0,0,False,False,2
A Framework for Reflective Business Process Management,2012,2,1,0,True,False,3
Democratizing Process Innovation: A Comparative Study of Public Sector Business Process Management Networks,2011,1,0,0,False,False,1
Cloud Based Privacy Preserving Collaborative Business Process Management,2016,5,0,0,False,False,5
A research agenda for Autonomous Business Process Management,2007,3,0,0,False,False,3
Design-Time Process Optimization through Optimization Patterns and Process Model Matching,2010,2,1,0,False,False,3
Workflow common fragments extraction based on WSDL similarity and graph dependency,2015,0,2,2,False,False,4
To trace and guide evolution in configurable process models,2013,0,3,0,True,True,3
Management of personal health information sharing for long term care services,2010,2,1,1,False,False,4
A Semantic Model for Document Management in Business Processes,2018,0,1,1,True,False,2
Deriving user requirements from business process models for automation: A case study,2014,1,1,0,True,False,2
On the requirements analysis process for Domain-Specific Languages in the realm of multi-perspective hospital modelling,2014,4,1,0,False,False,5
Survey of How Process Modeling Works in the Bulgarian Organizations,2018,0,2,1,True,False,3
Test case generation from BPMN models for automated testing of Web-based BPM applications,2017,2,2,0,True,False,4
Gaining Flexibility and Compliance in Rescue Processes with BPM,2011,2,0,0,False,False,2
Using Work System Theory to Link Managerial and Technical Perspectives on BPM,2013,1,0,0,False,False,1
Adapt Cases 4 BPM - A Modeling Framework for Process Flexibility in IIoT,2018,3,0,0,False,False,3
Evaluating Business Models: Evidence on User Understanding and Impact to BPM Correspondence,2012,2,0,0,False,False,2
Towards Real World Aware Enterprise Systems - Reflecting the Quality Information of Physical Resources in Services and Processes,2011,2,1,0,True,False,3
Monitoring patients with fragilities in the context of de-hospitalization services: An Ambient Assisted Living Healthcare Framework for e-Health applications,2019,8,8,0,False,True,16
Business Process Center of Excellence at the Faculty of Electrical Engineering at the Czech Technical University in Prague,2013,2,0,0,False,False,2
BioTrak: A Blockchain-based Platform for Food Chain Logistics Traceability,2023,5,3,0,True,True,8
Generalized Stochastic Workflow Net-based quantitative analysis of business process performance,2008,0,1,1,True,False,2
Context-based Integrating Model of Knowledge and Business Processes,2008,2,2,0,False,False,4
Workflow Automation of Routing Rules in the Accounting Process for Online Travel Agency,2021,1,1,0,True,False,2
Study on the Capabilities Model of BPO Service Provider with Relationship Concerning,2011,2,0,0,False,False,2
Using Workflow Management Systems to Improve Disaster Response Processes,2013,2,1,0,True,False,3
Automatic generation of SOAs for Business Process execution: A vision based on models,2013,0,2,0,True,True,2
Business Process Mapping: A Case Study,2019,1,1,0,True,False,2
BPM exception monitoring based on process knowledge,2010,1,0,2,False,False,3
Optimization of business processes by automatic reallocation of resources using the genetic algorithm,2016,3,0,1,False,False,4
A Mashup-Based Framework for Business Process Compliance Checking,2022,2,1,0,True,False,3
Constructing a BPM Environment with BPMN,2007,2,1,0,True,False,3
BPM-supported social networks discovery and analysis techniques,2013,0,0,1,False,False,1
Business process management: survey and methodology,1995,2,0,2,False,False,4
The Next Stage of Operational Business Intelligence: Creating New Challenges for Business Process Management,2007,0,1,0,True,True,1
Enhancing Business Process Management with Simulation Optimization,2006,5,0,0,False,False,5
A Knowledge-based Security Policy Framework for Business Process Management,2006,2,1,0,False,False,3
A Product Line for Business Process Management,2008,1,2,0,True,True,3
Comparative Study on Various Low Code Business Process Management Platforms,2022,0,0,4,False,False,4
Business process management systems selection guidelines: Theory and practice,2016,0,3,0,True,True,3
The design and development of a sales force automation tool using business process management software,2005,0,0,6,False,False,6
"Towards automated analysis of fads and trends in information systems research: Concept, implementation and exemplary application in the context of business process management research",2013,3,1,0,False,False,4
Corporate intranets and business process management: a challenge for systems engineering,1997,0,0,1,False,False,1
An integrated process and digitalization perspective on the shipping supply chain — A literature review,2017,0,0,3,False,False,3
Business Process and Risk Models Enrichment: Considerations for Business Intelligence,2008,4,0,0,False,False,4
Business Process Development in Semantically-Enriched Environment,2008,1,1,0,True,False,2
Security Alignment Analysis of Software Product Lines,2016,4,1,1,False,False,6
Antecedents in Business Process Maturity,2022,2,1,0,True,False,3
Enhanced Hotel Booking Application using PEGA,2020,0,0,3,False,False,3
BPM Meeting with SOA: A Customized Solution for Small Business Enterprises,2009,4,0,1,False,False,5
The research on validity of artifact in BPM,2011,3,3,0,True,True,6
Security Requirements Specification in Service-Oriented Business Process Management,2009,2,1,0,False,False,3
An Event Processing Platform for Business Process Management,2013,3,0,0,False,False,3
Business rules design method for Business Process Management,2009,1,1,0,False,True,2
Planning Dynamic Activity and Resource Allocations Using a Risk-Aware Business Process Management Approach,2010,3,1,0,False,False,4
Self-managed Organization: A Role of Business Process Management,2021,0,3,0,True,True,3
K2 platform in Business process management,2018,2,1,0,True,False,3
A gap between Business Process Intelligence and redesign process,2012,1,0,1,False,False,2
Project IAAP: An Overview on Optimizing Business Process in Smart Enterprises,2018,3,3,0,False,True,6
PAIS Access Control Model Characteristics Analysis,2018,4,0,0,False,False,4
A research on BPM system based on process knowledge,2008,1,0,3,False,False,4
MBPM supporting telecoms in Nigeria,2016,1,0,1,False,False,2
Model for the improvement of processes using Lean techniques and BPM in SMEs,2019,3,0,0,False,False,3
Converting Clinical Pathways to BPM+ Standards: A Case Study in Stable Ischemic Heart Disease,2020,4,1,0,False,False,5
Application of a BPM-Based Approach in the Redesign of the Academic Follow-up Process of a Public High School in Colombia,2020,2,0,0,False,False,2
Architecture combining SOA and BPM,2011,1,1,0,True,False,2
"Business management model to reduce the sales cycle in software development SMBs using BPM, CRM, and SCRUM",2022,3,1,0,True,False,4
SOA — BPM based information system for promoting agility of third party logistics,2009,1,1,2,True,False,4
Towards Green Business Process Management: Concept and Implementation of an Artifact to Reduce the Energy Consumption of Business Processes,2014,3,0,0,False,False,3
Analyzing Affordance of Business Process Management Techniques in Enterprise Resource Planning Implementation,2024,0,0,2,False,False,2
Cross-Functional Operations Modeling as a Nexus of Commitments: A New Approach for Improving Business Performance and Value-Creation,2013,2,0,0,False,False,2
An Open S-BPM Runtime Environment Based on Abstract State Machines,2014,2,0,0,False,False,2
Business process management with FlowMark,1994,0,0,2,False,False,2
ERP implementation critical success factors-the role and impact of business process management,2000,1,0,2,False,False,3
Towards Dynamic Interorganizational Business Process Management,2006,1,0,0,False,False,1
Agile Business Process Management with Sense and Respond,2007,2,0,0,False,False,2
Process mining in business process management: Concepts and challenges,2013,1,1,0,True,False,2
Causality-based model checking in business process management tasks,2018,0,0,4,False,False,4
Enterprise Architecture in University analyzing of implementation using business process management,2014,1,0,1,False,False,2
Simulating the impact of business process management agents and human factors,2000,0,0,3,False,False,3
Competence-Based Language Expert Network for Translation Business Process Management,2019,6,0,0,False,False,6
Incorporating business process management into network and systems management,1997,0,0,2,False,False,2
Product defect reduction through the use of business process management,1992,1,0,0,False,False,1
Research on the security model for e-business process management,2009,0,2,1,True,False,3
Business process management with vague data,2005,0,0,3,False,False,3
Notice of Retraction: Research on China's real estate enterprises business process management innovation,2011,1,0,0,False,False,1
Project Management in the Website UX / UI Development: System-Oriented Analysis and Business Process Management Principles,2021,3,1,1,False,False,5
Technology for Multiplication and Analysis of Results Using Classes of Digital Twins in the Process of Designing Business Process Management Systems,2022,2,0,1,False,False,3
Business Process Management for Startup in Indonesia,2020,3,2,0,False,True,5
Business process management in customer contact services,1998,0,0,3,False,False,3
Business process management systems,2003,0,0,1,False,False,1
Business process management-maintaining control in an environment of rapid change,1997,1,0,1,False,False,2
Business process management: A killer app for agents?,2004,1,0,0,False,False,1
Business Process Management and Service Oriented Architecture Integration for Transactional Banking Application,2020,2,1,0,False,True,3
Collaborative Business Process Modeling with CoMoMod - A Toolkit for Model Integration in Distributed Cooperation Environments,2011,4,0,0,False,False,4
Business Process Automation in SMEs: A Systematic Literature Review,2024,2,1,0,True,False,3
Towards Green Business Process Management,2010,3,0,0,False,False,3
An Evaluation of Service Integration Approaches of Business Process Management Systems,2012,2,0,0,False,False,2
A serious game based method for business process management,2011,1,0,0,False,False,1
RESTful business process management in the cloud,2013,2,0,0,False,False,2
An Architecture for End-User Driven Business Process Management,2008,2,0,0,False,False,2
Divergence Between Conceptual Business Process Management and its Practical Business Improvement Implementation: A Comparative Study,2020,3,0,0,False,False,3
Secure business process management: a roadmap,2006,0,0,3,False,False,3
Frameworks for Secured Business Process Management Systems,2006,1,2,0,True,True,3
How public conversation management integrated with local business process management,2003,1,1,1,False,False,3
(Re-)Justifying BPM: A Quest for the Interaction Turn Reviewing Subject-Oriented BPM,2013,3,0,0,False,False,3
A set of indicators for BPM life cycle improvement,2018,1,3,0,True,False,4
Risk-Aware Business Process Modeling and Simulation Using XML Nets,2011,1,2,0,True,False,3
Empowering business process users through a pragmatic approach: A case study,2014,1,0,0,False,False,1
Software Architecture Design of the Real- Time Processes Monitoring Platform,2018,3,0,0,False,False,3
Towards Agent-Based Smart Factories: A Subject-Oriented Modeling Approach,2013,2,0,0,False,False,2
Automated decision-making with DMN: from decision trees to decision tables,2019,1,0,2,False,False,3
Design service for OSS based on the SOA and TMForum NGOSS,2009,1,0,2,False,False,3
Conceptual modeling of complex events of the Internet of Things,2010,4,0,0,False,False,4
An Approach to Construct IT Service Automatically,2010,0,1,0,True,True,1
Semantic Framework to automatically generate process aware IoT,2024,2,0,1,False,False,3
Critical business objects and its applications in designing performance management systems,2012,1,0,3,False,False,4
Integration of an Ontological Information Security Concept in Risk Aware Business Process Management,2008,7,0,0,False,False,7
Context-Aware BPM Using IoT-Integrated Context Ontologies and IoT-Enhanced Decision Models,2019,0,2,3,False,True,5
Fulfilling Functional Demands of BPM in Long-tailed Change Environments,2020,1,2,1,False,False,4
Identifying Requirements for Implementing ad-hoc Geo-references BPM,2015,0,0,3,False,False,3
Requirements-based development of BPMN extensions: The case of clinical pathways,2014,2,0,0,False,False,2
3-D semivectorial analysis to calculate facet reflectivities of semiconductor optical waveguides based on the bi-directional method of line BPM (MoL-BPM),1998,0,0,5,False,False,5
Towards a model-based approach for developing and QA of online business processes,2017,3,1,0,False,False,4
"Modeling, Executing and Monitoring IoT-Aware Processes with BPM Technology",2022,3,0,0,False,False,3
Priority-Based Event Management using Fuzzy Logic for an IoT-BPM Architecture,2019,5,1,0,False,False,6
Integrating Requirements and Business Process Models in BPM Projects,2018,1,2,0,True,True,3
Determining Process Model Precision and Generalization with Weighted Artificial Negative Events,2014,3,0,1,False,False,4
Augmenting Business Process Model Elements With End-User Feedback,2022,1,1,0,True,False,2
A Modeling Approach for Business Processes Based on Variability,2011,0,0,2,False,False,2
Business Process Reengineering and an Omnichannel e-Commerce System Implementation for the Online Stores of a Pet Supply Company in Indonesia,2023,2,0,0,False,False,2
Phase-based Doppler Disambiguation in TDM and BPM MIMO FMCW Radars,2021,4,0,0,False,False,4
The BPM Architecture Based on Cloud Computing,2011,2,0,3,False,False,5
Influence of wall insulation material in BPM synchronous servomotor,2013,1,0,3,False,False,4
BPM Model of GQIMP for ISO 9001:2008 Supported by CASE Tools,2014,5,0,0,False,False,5
The Model of BPM Based on Six Sigma and Its Application on Material Delivery of Discrete Manufacturing Enterprise,2011,3,0,0,False,False,3
"Inventory management model based on Demand Forecasting, 5S, BPM and Max-Min to improve turnover in commercial enterprises",2022,2,2,0,True,False,4
A development of order processing system: BPMN model,2012,1,0,0,False,False,1
A Smart Contract Architecture Framework for Insurance Industry Using Blockchain and Business Process Management Technology,2024,4,0,0,False,False,4
A Review on Business Process Management System Design: The Role of Virtualization and Work Design,2023,3,0,0,False,False,3
Production Planning Business Process Automation Using BPM Tools,2024,1,4,0,True,True,5
A resource state-based business process control mechanism for BPM,2010,2,0,1,False,False,3
Requirements engineering process improvement: Analyzing the organizational culture impact and implementing an empirical study to evaluate the benefits of improvement,2014,2,2,0,True,False,4
The Evolution of Business Process Management: A Bibliometric Analysis,2021,3,0,0,False,False,3
Organizational Agility Key Factors for Dynamic Business Process Management,2016,1,2,0,True,False,3
WiseWare: A Device-to-Device-Based Business Process Management System for Industrial Internet of Things,2016,2,1,0,False,False,3
Industrial Business Process Management Using Adonis Towards a Modular Business Process Modelling Method for Zero-Defect-Manufacturing,2017,1,0,1,False,False,2
Collaborative Cross-Organizational BPM – Case Study Hutchison 3G,2014,2,0,0,False,False,2
Leveraging business process management through complex event processing for RFID and sensor networks,2010,2,1,1,False,False,4
Business Process Management System Modernization Using Neural Technologies,2021,1,2,1,False,True,4
Simulation standard for business process management,2015,0,0,2,False,False,2
Business Process Management System Implementation Model for Improving Employee Performance,2018,2,3,0,True,False,5
Design and implementation of a data-oriented business process management system,2015,4,1,0,True,False,5
Technical assistance to school network using BPM,2018,4,1,0,True,False,5
"SOA, BPM and Cloud Computing: Connected for innovation in higher education",2010,0,1,0,True,True,1
A reference model for risk-aware business process management,2009,2,0,0,False,False,2
Integrating Real-time Analytics and Situational Awareness into Business Process Management,2021,0,1,0,True,True,1
Research on Business Process Management Framework Based on BPEL,2010,1,0,1,False,False,2
Challenges of Social Business Process Management,2014,2,0,0,False,False,2
Subject-Oriented BPM = Socially Executable BPM,2013,3,0,0,False,False,3
Context-Sensitive Collaboration in Service Processes through the Integration of Telecommunication Technology and Business Process Management,2013,4,0,0,False,False,4
Business Process Management in Digital and Software Ecosystems: A Systematic Mapping Study,2020,2,1,0,False,False,3
Identifying Use Cases for Large Language Models in the Business Process Management Lifecycle,2024,3,1,0,False,False,4
A research on flexible business process management system based on knowledge base and semantic web services,2011,0,1,1,True,False,2
Dynamic Business Process Management Based on Process Change Patterns,2007,2,0,1,False,False,3
IOT Computation Integration into Business Process Management,2022,3,2,0,False,False,5
Business Process Management and Service-Oriented Architecture Implementation for Root Cause Identification on Monitoring Tools at XYZ Company,2022,3,0,0,False,False,3
Negotiating agents for corporate-wide business process management,1999,0,0,1,False,False,1
Applying Social Software for BPM Life Cycle: Systematic Literature Review,2021,1,1,0,True,False,2
Analysis of the importance of business process management depending on the organization structure and culture,2013,2,1,0,False,True,3
The S-BPM Architecture: A Framework for Multi-agent Systems,2013,3,0,0,False,False,3
A Dynamic Capability-Based Framework for Business Process Management: Theorizing and Empirical Application,2012,4,0,0,False,False,4
ProcessGPT: Transforming Business Process Management with Generative Artificial Intelligence,2023,7,0,2,False,False,9
The Architecture of a Secure Business-Process-Management System in Service-Oriented Environments,2011,2,0,0,False,False,2
Evaluating non-functional aspects of business process management systems,2017,1,1,0,True,False,2
Applicability of Process Viewing Patterns in Business Process Management,2010,4,0,0,False,False,4
Democratizing Business Process Management: Empowering Process Participants to Contribute to the Enactment of Business Processes,2014,2,0,0,False,False,2
Knowledge-based Flexible Business Process Management,2006,3,1,1,False,True,5
An Approach for Process Variability Control in Business Process Management,2012,0,2,0,True,True,2
Towards a BPM (N)-based technique for the assessment of the business excellence framework criteria,2017,2,0,0,False,False,2
Process-Service Interactions Using a SOA-BPM-Based Methodology,2011,2,2,0,False,False,4
Semantic Business Process Representation to Enhance the Degree of BPM Mechanization - An Ontology,2015,2,1,0,False,False,3
Integration of workflow and agent technology for business process management,2001,1,1,1,True,False,3
Towards on business process management on small-to medium enterprises in the emerging economies,2012,2,1,0,True,False,3
Industry trends in business process management: getting ready for prime time,2005,0,0,1,False,False,1
Towards business alignment of IT services in universities: Challenges in elicitations of requirements for IT services,2014,1,1,0,False,True,2
Subject-Oriented Modeling and Execution of Multi-agent Business Processes,2013,4,0,0,False,False,4
A Model-Driven BPM Approach for SOA Mediation Information System Design in a Collaborative Context,2011,3,0,2,False,False,5
NpuESB: A BPM Environment Based on Enterprise Service Bus,2009,2,1,1,True,False,4
A BPM Software Evaluation Method,2012,2,1,1,False,False,4
Management Model under the BPM Approach and DT Tools to Increase the Level of Sales in a Peruvian Nanostore,2022,2,1,0,False,False,3
Semantic Business Process Management: Scaling Up the Management of Business Processes,2008,6,0,0,False,False,6
Development of an Intelligent Maturity Model-Tool for Business Process Management,2014,3,0,0,False,False,3
Integrating Security Risk Management into Business Process Management for the Cloud,2014,3,0,0,False,False,3
Collaborative practice-oriented business processes Creating a new case for business process management and CSCW synergy,2007,2,2,0,True,False,4
A Business Process Management Approach to Perioperative Supplies/Instrument Inventory and Workflow,2014,1,3,0,False,True,4
In-Memory Business Process Management,2015,2,0,0,False,False,2
Reviewing the historical link between Business Process Management and IT: making the case towards digital innovation,2019,1,1,0,False,True,2
Towards Understanding the Hindering Factors of Business Process Management Adoption in State-Owned Enterprises: A Scoping Review,2024,0,1,1,False,True,2
A Business Process Management Approach to Surgical Instrument/Device Reprocessing and Tracking,2016,1,3,0,False,True,4
SWB process: A business process management system driven by semantic technologies,2014,2,1,1,False,False,4
Reach and Range of Business Process Management – Findings in the Telecommunication and Chemical Industry,2013,4,0,0,False,False,4
Synthesizing state machines from two scenarios and a case study on business process management,2017,2,0,0,False,False,2
A virtualization-based business process management model for emergency response system,2009,0,0,4,False,False,4
Collaboration as a Reusable Component in Business Process Management,2007,3,0,1,False,False,4
ECA Rule based Agent for Business Process Management,2008,1,1,0,True,False,2
Smart Process: Service oriented business process management pattern in E-hospital,2008,1,1,1,False,False,3
Design patterns for integration between enterprise application with any business process management systems,2014,0,1,1,False,True,2
Aligning Business and IT: The Process-Driven Architecture Model,2005,1,0,0,False,False,1
Business Process Redesign of Sales Monitoring Business Process Management to be a Smart Logistic Shipment Company,2023,3,0,0,False,False,3
Towards a Business Process Management Governance Approach Using Process Model Templates and Flexibility,2016,2,3,0,True,False,5
Resource allocation using task similarity distance in business process management systems,2016,2,0,0,False,False,2
Towards simulation-based business process management,2003,1,0,1,False,False,2
Diversifying and improving business process management systems by service cooperation middleware,2003,2,0,1,False,False,3
"Business process management, a consolidation of BPR and TQM",2000,2,0,0,False,False,2
Improving Flexibility and Reusage of Business Process Management: the Role of Cased-based Reasoning Technique,2006,2,1,0,True,False,3
Process model verifier for integrated medical healthcare systems using business process management system,2014,1,1,2,False,False,4
Exploring the Impact of Workflow Engines on Business Process Management in Enterprise Applications. A case-study: Camunda,2023,1,2,1,False,True,4
Performance measurement using fuzzy system perspective and soft system methodology: New idea of business process management,2014,1,0,0,False,False,1
Design and implementation of publishing business process management system via workflow,2015,0,1,2,True,False,3
AI Resume Parser: Augmented Business Process Management Systems (ABPMS),2024,1,1,2,False,False,4
Return on investment for technology supported by business process management,2016,2,0,0,False,False,2
Business Process Management beyond Boundaries? - A Multiple Case Study Exploration of Obstacles to Collaborative BPM,2011,2,0,0,False,False,2
Constructing hybrid architectures and dynamic services in Cloud BPM,2013,1,1,0,False,True,2
Robotic Process Automation: A Case Study in the Banking Industry,2019,3,0,0,False,False,3
From BPMN business process models to SoaML service models: A transformation-driven approach,2010,3,1,0,True,False,4
Process recommendation and role assignment in social business process management,2014,2,0,0,False,False,2
Goal-driven social business process management,2013,2,0,0,False,False,2
BPM and Exception Handling: Focus on Organizational Resilience,2011,1,0,0,False,False,1
Usage of SOA and BPM changes the roles and the way of thinking in development,2012,0,0,2,False,False,2
SUMA: A Semantic Business Process Management Architecture,2008,5,1,1,False,False,7
Integrating EA and BPM Synergistically: Methodologically Combining Planning and Delivery,2011,1,0,0,False,False,1
Using an old technique in a new technology — A novel method for defining the scope of ISs in BPM projects,2009,2,0,0,False,False,2
A Dynamic Binding Method for Situation-aware IoT Services Targeting Proactive BPM,2023,2,2,0,True,False,4
Influence of Digital Technology on Roadmap Development for Digital Business Transformation,2019,0,5,0,True,True,5
Soft Measurement of Process Improvement Potential,2021,2,1,0,True,False,3
Business Process Management (BPM) in Operational BINUS Online Learning,2018,3,0,1,False,False,4
Study on green business process management system of small and medium real estate enterprise,2011,1,0,1,False,False,2
The Information System Strategic Planning for Corporate Business Using Business Process Management at CV Sadaf Computer,2023,0,4,0,True,True,4
Know Your Customer (KYC) as a service for Business Process Management (BPM) using Cloud Computing,2022,3,0,1,False,False,4
The experience of agile business process management implementation,2017,2,0,0,False,False,2
Increasing process maturity through a Business Process Management System : Case study at a financial institution,2021,1,2,0,True,False,3
Computer-aided Systematic Business Process Management: Case Study of PG Program,2018,1,1,0,False,True,2
Factors Affecting Business Process Management in the Bulgarian Enterprises to Achieve Sustainable Development,2018,0,3,0,True,True,3
A Novel Part of Speech Tagging Framework for NLP Based Business Process Management,2019,1,2,3,True,False,6
Using value engineering and TRIZ for better business process management,2010,2,0,0,False,False,2
Web-Based Process Portals: Powering Business Process Management within Large Organisations,2009,3,0,0,False,False,3
Digital Transformation in Higher Education Institutions with Business Process Management : Robotic Process Automation mediation model,2020,2,0,0,False,False,2
Supporting ITIL processes implementation using business process management systems,2016,3,0,0,False,False,3
The Impact of New IT Adoption on Business Process Management,2019,1,0,0,False,False,1
The digital future has many names—How business process management drives the digital transformation,2017,2,1,0,False,False,3
BPM approach (business process management) by composition of applications in the cloud computing,2017,1,2,1,False,True,4
An improved framework of business process management system which integrating the strategy management,2008,2,0,0,False,False,2
Return of Investment Initiatives in Business Process Management,2019,3,0,0,False,False,3
"The consideration of organizational, human and corporate cultural factors in the implementation of business process management projects: Social factors to prevent failure of BPM projects",2013,1,1,0,True,False,2
Business process management of synthetic biology workflows,2016,0,0,5,False,False,5
SMARTBRICKS: Developing an intelligent web tool for Business Process Management,2009,1,1,0,True,False,2
Using multiple criteria decision analysis for supporting decisions of Business Process Management,2010,0,0,2,False,False,2
A Systematic Review of Business Process Management in E-Commerce,2022,2,2,0,True,True,4
A Business Process Management System Based on Workflow Technologies,2010,2,0,1,False,False,3
The Research of a Rule-Based Business Process Management Method for Virtual Organization,2010,1,1,0,False,True,2
Teaching Business Process Management with a Flipped-Classroom and Problem-Based Learning Approach with the Use of Apromore and Other BPM Software in Graduate Information Systems Courses,2021,1,0,0,False,False,1
Base Frame of Algerian E-Health System: How to Ensure Consistency of Data Exchanged With Laboratory Management System Using BPM and IHE Profiles?,2021,2,1,0,True,False,3
MaD: A Dataset for Interview-based BPM in Business Process Management,2023,0,4,1,True,True,5
Business Process Management as a driver for Digital Transformation : A case study in a higher education institution,2021,4,0,0,False,False,4
Approaching to the Application of E-commerce and Business Process Management and Re-engineering,2009,1,0,0,False,False,1
Research on the optimization of mini-enterprise business process management,2015,2,0,1,False,False,3
Towards Business Process Management Based Workplace e-Learning,2016,0,0,1,False,False,1
A-Stein: A prototype for artifact-centric business process management systems,2011,3,3,0,True,False,6
Effect of business process management on firm performance: An ambidexterity perspective,2011,1,0,2,False,False,3
Selection of a Business Process Management system: An analysis based on a Multicriteria problem,2014,3,1,0,False,True,4
A Method for Inter-organizational Business Process Management,2007,2,1,2,True,False,5
Research on business process management system based on SOA,2008,2,0,2,False,False,4
The perceived effects of business process management,2009,1,0,0,False,False,1
A roadmap to risk-aware business process management,2009,3,0,0,False,False,3
Business Process Management Standardization in Operation Support System: Case Study of Fulfillment and Assurance Process in an Indonesian Telecommunication Company,2020,3,0,0,False,False,3
API and Component Based Customization of an Open Source Business Process Management System: uEngine,2008,0,3,0,True,True,3
A unified configurable architecture for human-centric Business Process Management application in SMEs,2009,2,0,1,False,False,3
A Survey of Scientific Approaches Considering the Integration of Security and Risk Aspects into Business Process Management,2009,4,0,0,False,False,4
Integrate ERP system into business process management system,2013,4,0,2,False,False,6
The application study in business process management based on intelligent objects technology,2010,0,2,0,True,True,2
Business Process Management and the challenge of dynamic services,2011,3,1,0,False,False,4
Exploring factors that affect Business Process Management (BPM) adoption in South African State-Owned Enterprises,2023,1,1,0,True,False,2
Organizational Performance Measures for Business Process Management: A Performance Measurement Guideline,2008,1,3,0,True,True,4
Context-Aware Business Process Management for Personalized Healthcare Services,2013,2,0,0,False,False,2
Learning Business Process Management through Serious Games: Feedbacks on the Usage of INNOV8,2016,2,1,0,True,False,3
Data Assets for Decision Support in Multi -Stage Production Systems Industrial Business Process Management using ADOxx,2018,2,0,0,False,False,2
Efficient Algorithms for Selecting Optimal Data Collection Locations in Business Process Management,2008,1,1,0,True,False,2
A Business Process Management Infrastructure of Ertan Hydropower Company,2009,1,0,0,False,False,1
A business process management approach for RFID enabled supply chain management,2010,3,0,1,False,False,4
Transmission System Operator's market functions implementation based on Service Oriented Architecture and Business Process Management,2010,2,0,1,False,False,3
Design and application of identify algorithm for coupling process structure in Business Process Management,2011,2,0,0,False,False,2
Application of SOA-based Business Process Management in Outage Management System,2010,1,1,0,False,True,2
The Differences and Commonalities between Green and Conventional Business Process Management,2011,3,0,0,False,False,3
Towards a reeingeniering of business process management lifecycle by the use of social networks,2015,0,2,0,True,True,2
Integrated simulation modeling for business process management: A case study in the machine manufacturing industry,2010,0,0,1,False,False,1
Using Blockchain to Improve Collaborative Business Process Management: Systematic Literature Review,2020,4,0,1,False,False,5
Towards a collaborative business process management methodology,2011,2,0,0,False,False,2
Architecture of Information System Combining SOA and BPM,2008,1,0,2,False,False,3
Social BPM Lab – Characterization of a Collaborative Approach for Business Process Management Education,2013,4,1,0,False,True,5
Blockchain-as-a-Service for Business Process Management: Survey and Challenges,2023,3,1,0,False,False,4
Adoption of BPM systems for process design in a higher education institution,2018,0,0,4,False,False,4
Achieving Business Agility by Integrating SOA and BPM Technology,2009,1,1,0,False,True,2
Evaluation of BPM tools open source/freeware,2018,4,0,0,False,False,4
Design of Interoperability for Real-Time Integration of RFID and BPM,2008,1,0,1,False,False,2
Extending the boundaries of business process management: from operational to creative business processes,2008,0,1,0,True,True,1
An approach to a pattern for business process management and deployment of software engineering for small companies in a crossplatform era,2012,4,0,0,False,False,4
The study of ubiquitous computing and business process management convergence: A case of National Palace Museum,2012,1,0,1,False,False,2
How Beneficial is Social Media for Business Process Management? A Systematic Literature Review,2019,0,2,0,True,True,2
Towards an E-support framework for corporate governance in South Africa: A Business Process Management System approach,2012,2,0,1,False,False,3
Digital Transformation of Islamic Banks using Business Process Management,2023,1,1,0,True,False,2
A Hybrid Integration Approach to Business Process Management Implementation,2011,0,0,2,False,False,2
Development of quality evaluation metrics for BPM (business process management) system,2005,2,1,0,False,False,3
Consulting experience regarding business process management software in Croatia — A case study,2018,1,2,0,True,False,3
Change Impact analysis and propagation in service based business process management systems preliminary results from a systematic review,2014,1,2,0,False,True,3
Semantic business process management: a vision towards using semantic Web services for business process management,2005,0,0,5,False,False,5
"Integration and Implementation of an EA strategy based operating model with BPM technology - Case Study: Housing credit process, Banco Estado Ecuador",2015,1,1,0,True,False,2
Green Business Process Management – A Definition and Research Framework,2014,3,0,0,False,False,3
Integration of Internet of Things in BPM Lifecycle: Concepts and Comparison of Approaches,2022,0,2,0,True,True,2
Business Process Management as Basis for Enterprise Management Systems,2013,3,0,0,False,False,3
Smart-IoT Business Process Management: A Case Study on Remote Digital Early Cardiac Arrhythmia Detection and Diagnosis,2023,2,2,0,True,False,4
Multi-Aspect Anomaly Detection with Graph Neural Networks and Kolmogorov-Arnold Networks in Business Process Management,2024,5,0,0,False,False,5
Next Generation Business Process Management: A Paradigm Shift,2008,2,0,0,False,False,2
Project Management Suported by Business Process Management,2014,1,0,1,False,False,2
Service integration toward ubiquitous business process management,2008,3,0,0,False,False,3
Holonic Modelling of Business Process Management,2011,3,1,0,False,True,4
Self-Managed Component-Based Software Architecture for Business Process Management,2015,4,1,0,False,False,5
Towards collaborative business process management development current and future approaches,2011,1,0,1,False,False,2
Facility Management by Means of Subject Oriented Cross Organizational Business Process Management,2014,3,0,0,False,False,3
Business Process Management Anomaly Detection Through Semantic Embedding-Integrated Graph Neural Networks,2024,5,0,0,False,False,5
Application of Business Process Management in the Libyan International Medical University: History and Development,2023,1,3,0,True,False,4
Entity-centric operations modeling for business process management — A multidisciplinary review of the state-of-the-art,2011,1,0,0,False,False,1
An IT-driven business model design methodology and its evaluation,2014,3,1,0,False,False,4
An Automatic Business Process Modeling Method Based on Markov Transition Matrix in BPM,2006,1,1,0,True,False,2
Applying Process Mining to Generate Business Process Models from Smart Environments,2024,2,1,0,True,False,3
Business process modeling language selection for research modelers,2024,2,0,1,False,False,3
"AI for Declarative Processes: Representation, Mining, Synthesis",2024,1,0,0,False,False,1
Organizational Digital Transformation Readiness: An Exploratory Investigation,2024,1,1,0,True,False,2
Navigating Business Model Redesign: The Compass Method for Identifying Changes to the Operating Model,2024,1,2,2,True,False,5
Intelligent Low-Code Platform As a Rule Construction Environment: Practices for Resolving Differences in Understanding,2024,1,0,0,False,False,1
Beam Orbital Parameter Prediction Based on the Deployment of Cascaded Neural Networks at Edge Intelligence Acceleration Nodes,2024,3,0,4,False,False,7
Enabling Configurable Workflows in Smart Environments with Knowledge-based Process Fragment Reuse,2024,2,0,0,False,False,2
PhD school: From Eavesdropping to Exploitation: Exposing Vulnerabilities in BLE-Enabled Wearable Medical Devices,2024,1,3,0,False,True,4
Machine learning in business process management: A systematic literature review,2024,3,1,0,False,False,4
Analyzing Healthcare Processes with Incremental Process Discovery: Practical Insights from a Real-World Application,2024,3,1,0,False,False,4
AI based smart business management and control analysis based decision making by machine learning model,2024,1,1,0,False,True,2
BPaaS placement over optimum cloud availability zones,2024,2,1,0,True,False,3
Selected Aspects of Supporting Smart City Investment Processes with the Use of Spatial Description Technology,2024,2,0,0,False,False,2
Reactive Synthesis for Expected Impacts,2024,3,1,0,False,False,4
Research on optimization of electrical parameters of EDM based on a neural network algorithm,2024,2,2,0,True,True,4
An ambient assisted living architecture for hospital at home coupled with a process-oriented perspective,2024,5,3,0,False,True,8
Building the Processes Behind the Product: How Digital Ventures Create Business Processes That Support Their Growth,2024,4,0,0,False,False,4
PREDICTIVE PROCESS MONITORING FOR REMAINING TIME PREDICTION WITH TRANSFER LEARNING,2024,4,2,0,False,True,6
Information Technology for the Data Integration in Intelligent Systems of Business Analytics,2024,4,2,0,True,True,6
The Role of ChatGPT in Elevating Customer Experience and Efficiency in Automotive After-Sales Business Processes,2024,1,0,0,False,False,1
Towards a process selection method for embedded analytics,2024,1,0,0,False,False,1
Maximizing the Impact of Process Mining Research: Four Strategic Guidelines,2024,4,1,0,True,False,5
"A Survey on Educational Processes Based on Agile, BPM, and PM",2024,0,1,1,False,True,2
Supporting business process variability through declarative process families,2024,0,0,2,False,False,2
Not yet another BPM lifecycle: A synthesis of existing approaches using BPMN,2024,3,0,0,False,False,3
Managing next generation BP-x initiatives: Managing next generation BP-x initiatives: M. Schaschek et al.,2024,5,1,0,True,False,6
Transformer models for mining intents and predicting activities from emails in knowledge-intensive processes,2024,6,1,0,True,False,7
Unraveling the Sustainability Components of Organizational Value Statements: A Q-Sort Methodology Approach,2024,4,0,0,False,False,4
Optimization of Business Processes Through BPM Methodology: A Case Study on Data Analysis and Performance Improvement,2024,2,1,0,False,True,3
Analysis and optimization of vibration characteristics of gyratory crusher based on DEM-MBD and PSO,2024,4,1,4,False,False,9
Demo: From Eavesdropping to Exploitation: Exposing Vulnerabilities in BLE-Enabled Wearable Medical Devices,2024,1,3,0,False,True,4
A Comprehensive Bibliometric Analysis of Business Process Management and Knowledge Management Integration: Bridging the Scholarly Gap,2024,1,1,0,True,False,2
Blockchain-Enabled Pension System Innovations: A Hungarian Case Study on Business Process Management Integration,2024,3,0,0,False,False,3
Linear-Time Verification of Data-Aware Processes Modulo Theories via Covers and Automata,2024,2,1,0,False,True,3
Improving Vulnerability Management Through Process Mining,2024,2,1,0,True,False,3
Process mining-based business process management architecture: A case study in smart factories,2024,2,1,0,False,False,3
A Grammatical Approach for Administrative Workflow Design and their Distributed Execution Using Structured and Cooperatively Edited Mobile Artifacts,2024,2,1,0,False,False,3
Blockchain-based collaborative business process data sharing and access control,2024,1,1,1,True,False,3
Algorithmic Business Process Optimization: Empowering Operational Excellence with Service-Oriented Architecture (SOA) and Microservices,2024,0,3,0,True,True,3
A Multidimensional Financial Data Model for User Interface with Process Mining Systems,2024,4,2,0,False,False,6
P-R-Dash: A Dashboard-Constructing Tool for Twinning Business Processes,2024,1,0,0,False,False,1
Next activity prediction of ongoing business processes based on deep learning,2024,1,2,1,True,False,4
Bot log mining: An approach to the integrated analysis of Robotic Process Automation and process mining,2024,6,0,0,False,False,6
From zero to hero: ramp-up management as a new cross-cutting business process management capability,2024,3,0,0,False,False,3
The Future of Business Process Management: Robotic Process Automation; [Masa Hadapan Pengurusan Proses Bisnes: Automasi Proses Robotik],2024,2,1,1,False,True,4
ENHANCING THUNDERSTORM PREDICTION AND USER PROTECTION: THE EVOLUTION OF DIGITAL PROCESSING SYSTEM ZEUS 2.0,2024,3,0,0,False,False,3
Idea generation in exploitative and explorative business process redesign techniques,2024,2,1,1,False,True,4
On the application of process management and process mining to Industry 4.0,2024,3,2,0,True,False,5
Simulation and Optimisation of Business Process Management: Case Study of IT Company,2024,2,3,0,True,True,5
Reading between the Lines: Process Mining on OPC UA Network Data,2024,4,0,0,False,False,4
Intelligent automation computational modelling for contextual consulting services using Industry 4.0,2024,3,0,0,False,False,3
Design-time business process compliance assessment based on multi-granularity semantic information,2024,1,2,1,True,False,4
Business process management and digital transition. The case study of an Italian Public University,2024,3,1,0,False,False,4
Leveraging the industrial internet of things for business process improvement: a metamodel and patterns,2024,2,0,0,False,False,2
A systematic literature review on the application of process mining to Industry 4.0,2024,1,2,0,True,False,3
Still doing it yourself? Investigating determinants for the adoption of intelligent process automation,2024,4,0,0,False,False,4
Marketing Logistics and its Digitalization,2024,1,4,0,True,True,5
INTEGRATED MODEL OF RISK MANAGEMENT IN BUSINESS PROCESSES IN INDUSTRIAL SYSTEMS,2024,0,0,5,False,False,5
Improving Process Mining Maturity – From Intentions to Actions,2024,5,1,0,False,False,6
BPMN extension evaluation for security requirements engineering framework,2024,1,1,0,True,False,2
MODELING AND ANALYSIS OF BUSINESS PROCESS MANAGEMENT SYSTEMS USING TIMED WORKFLOW NETS WITH TABLES,2024,2,0,0,False,False,2
How do digital startups manage their activities? Insights and opportunities for business process management,2024,1,2,1,False,True,4
"Process Query Language: Design, Implementation, and Evaluation",2024,4,1,0,False,True,5
Business Process Performance: Investigating the Impact of Process-Oriented Appraisals and Rewards on Success,2024,1,2,0,False,True,3
Consistency Analysis of Collaborative Process Data Change Based on a Rule-Driven Method,2024,1,1,0,True,False,2
A BPM methodology for Artificial Intelligence Compliance,2024,1,4,0,True,True,5
Conversing with business process-aware large language models: the BPLLM framework,2024,2,2,0,False,True,4
A User Study on Modeling IoT-Aware Processes with BPMN 2.0,2024,3,0,0,False,False,3
Should knowledge management in organizations be rebranded?,2024,1,1,0,True,False,2
Event log anomaly detection method based on auto-encoder and control flow,2024,1,0,1,False,False,2
"A Web-based System for Business Process Discovery: Leveraging the SICN-Oriented Process Mining Algorithm with Django, Cytoscape, and Graphviz",2024,2,0,2,False,False,4
Process mining beyond workflows,2024,1,1,1,False,True,3
Towards a Digital Transformation and Human Factors Integrated Framework: Application of Structural Equation Modelling,2024,2,1,1,True,False,4
Data Governance to Counter Hybrid Threats against Critical Infrastructures,2024,1,1,0,False,True,2
Defining and Improving the Processes of the Portuguese Project Management Observatory,2024,3,1,0,False,False,4
Enabling BPM Competencies Through Real-Life Student Consulting Projects,2024,1,3,0,True,False,4
Hidden Markov model: Method for building a business process model,2024,1,0,0,False,False,1
Scheduling Robotic Assisted Surgery within the Perioperative Process,2024,2,0,0,False,False,2
Fostering BPM Learning Through PBL: Development and Application of an Educational Framework,2024,2,2,0,True,False,4
Conversational AI for Framed Autonomy in AI-augmented Business Process Management,2024,1,0,0,False,False,1
Adapting to the Dynamic Nature of Business Processes in the Digital Age,2024,4,4,0,False,False,8
Knowledge management through the lens of business process management: a bibliometric analysis,2024,2,3,0,True,True,5
Decomposed Fuzzy Analytical Hierarchy Process Method for Business Processes Management Software Selection,2024,3,0,0,False,False,3
Relevance of Topics in Workflow-Based Student Projects,2024,0,0,2,False,False,2
A Systematic Approach to Derive Conceptual Models from BPMN Models,2024,4,0,0,False,False,4
LLM4PM: A Case Study on Using Large Language Models for Process Modeling in Enterprise Organizations,2024,1,1,0,True,False,2
Remaining Cycle Time Prediction in Business Processes with TPOT Regression for Automated Machine Learning,2024,3,1,0,False,False,4
Analysis of the Strengths of Process Mining Techniques in the Optimization of Logistics Processes,2024,3,0,0,False,False,3
Towards Sustainable BPM Excellence: A Maturity Model Grounded in Paradox Theory,2024,0,1,0,True,True,1
Project-Based Learning in BPM: Lessons from Flipped Classroom vs. Lecture-Based Instruction,2024,1,1,0,True,False,2
Towards a Knowledge Management Capability for ESG Accounting with the Help of Enterprise Modeling and Knowledge Graphs,2024,1,2,0,True,False,3
Balancing Autonomy and Trust to Enable Intelligent Robotic Process Automation,2024,0,1,0,True,True,1
Telemedicine and BPM in Cardiac Rehabilitation: A Comprehensive Post-Myocardial Infarction Care Program Case Study,2024,2,2,0,False,False,4
Navigating the Landscape of Organizational Process Mining Setups: A Taxonomy Approach,2024,3,2,0,True,False,5
PET Annotation Visualizer: A Tool to Visualize the Process Model Extraction from Text (PET) Dataset,2024,2,0,0,False,False,2
Adapting to Change: Employees Ambidexterity as a Driver for Operational Adaptability and Organizational Development,2024,3,1,0,False,False,4
Towards the Path of Process Digitalization: A Systematic Literature Review,2024,4,1,0,False,False,5
Discovering Organizational Models from Event Logs for Workforce Analytics (Extended Abstract),2024,0,1,0,True,True,1
Can Business Process Design Space Help Students Generate Innovative Process Redesign Ideas?,2024,0,2,1,False,True,3
Monitoring Employee Well-Being with Process Mining,2024,0,1,0,True,True,1
Process-Led Digital Transformation: Mastering the Journey Towards the Composable Enterprise,2024,1,0,0,False,False,1
STATUS: A Low-Code Business Process Compliance Management System,2024,4,1,0,False,False,5
Pathomorphological Diagnosis Process Modeling for Machine Learning Algorithms' Applying,2024,4,1,0,True,False,5
Process Mining Enabled Cognitive RPA to Automate Data Entry Tasks in ERP Systems,2024,2,0,0,False,False,2
DT4BPM: A proposed approach for combining Digital Transformation and Business Process Management,2024,0,3,0,True,True,3
MDD: Process Drift Detection in Event Logs Integrating Multiple Perspectives,2024,1,4,0,True,False,5
Towards algorithmic and software solution for business process model analysis and correction,2024,2,2,0,True,True,4
Digital Industry transformation strategy analysis and decision-based on intelligent decision technology,2024,0,1,1,False,True,2
3DCR: A Tool for Immersive Process Mining,2024,2,1,0,True,False,3
Automatic Generation of a Business Process Model Diagram Based on Natural Language Processing,2024,3,1,0,True,False,4
Enhancing Deep Sequence Generation with Logical Temporal Knowledge,2024,2,1,0,True,False,3
BPMS Blockchain Technology Soft Integration For Non-tamperable Logging,2024,5,1,0,False,True,6
Eco-Sustainability and Efficiency of Healthcare Complex Systems,2024,0,2,0,True,True,2
Performance measurement of reading teaching-learning Business Processes: Case of whole-word and syllabic reading methods in primary schools,2024,1,1,1,False,False,3
Business process patterns for improving social sustainability,2024,2,0,0,False,False,2
"Is the Rule-based Order in AI Dead, or Is Still Kicking?",2024,1,0,0,False,False,1
The Interplay Between Machine Learning Techniques and Supply Chain Performance: A Structured Content Analysis,2024,3,1,0,True,False,4
Contributions of Process Mining and Simulation to the Process Management Lifecycle Using the Example of Healthcare Case Studies,2024,0,1,0,True,True,1
A preliminary study on Business Process-aware Large Language Models,2024,2,2,0,False,True,4
Discovering Process Framing for AI-Augmented BPM Systems in a Multi-Process Setting,2024,4,1,0,True,False,5
A systemic framework for Enterprise Resource Planning systems: A bibliometric networking analysis,2024,2,0,0,False,False,2
Design and Implementation of Environmental Monitoring Information Management System Based on Android,2024,2,0,0,False,False,2
R-IO SUITE: integration of LLM-based AI into a knowledge management and model-driven based platform dedicated to crisis management,2024,3,2,0,True,False,5
"BPMN Analyzer 2.0: Instantaneous, Comprehensible, and Fixable Control Flow Analysis for Realistic BPMN Models",2024,5,0,0,False,False,5
On complexity of modeling the business process lifecycle,2024,0,0,1,False,False,1
"NLP4PBM: a systematic review on process extraction using natural language processing with rule-based, machine and deep learning methods",2024,1,1,0,False,True,2
Teaching Enterprise Resource Planning Systems and Business Process Management in Tandem Using the Enterprise Online Guide,2024,1,0,1,False,False,2
Complex Responsive Processes: The Emergence of Enabling Constraints in the Living Present of a Cyber-Physical Social System,2024,3,0,0,False,False,3
Improving Comprehensibility of IoT-Driven Business Processes through BPMN 2.0 Extension: A User Study,2024,4,0,0,False,False,4
Enhancing Business Process Management Through Nature Assessment: Development and Deployment of the Business Process Nature Assessment Tool,2024,2,2,0,True,True,4
Beyond Traditional Learning: The LLM Revolution in BPM Education at University,2024,2,2,0,True,False,4
Design and Implementation of an Open Daylight Event Management System Through the Integration of a Business Process Management,2024,2,0,0,False,False,2
"Process Architecture for the Integration of Outpatient, Hospitalization and Emergency Services in Level III Hospitals in Peru",2024,3,1,0,False,False,4
Best practices for business process automation description–a case study,2024,2,1,0,True,False,3
Practice of college music intangible cultural heritage based on clustering improved distance beat tracking algorithm,2024,0,0,1,False,False,1
Generative AI for BPMN Process Analysis: Experiments with Multi-modal Process Representations,2024,1,1,0,True,False,2
From Design to Evaluation: Students Experiencing the BPM Lifecycle Hands-on,2024,3,0,0,False,False,3
Activity and Sequence Detection Evaluation Metrics: A Comprehensive Tool for Event Log Comparison,2024,3,1,0,False,True,4
Implementation of Digital Twins and Big Data Analytics in Industrial Production Processes,2024,0,0,1,False,False,1
PM4ILP: An Approach for the Identification and Improvement of Unstructured and Loosely Specified Processes,2024,0,3,0,True,True,3
Performance Measurement of Reading Teaching-Learning Business Processes: Case of Whole-Word and Syllabic Reading Methods in Primary Schools,2024,1,1,1,False,False,3
A Semi-Automated Approach to Process Discovery from Multiple Natural Language Documents,2024,1,2,0,False,True,3
"Measuring, Analyzing and Managing Process Complexity (Extended Abstract)",2024,1,0,0,False,False,1
An End-To-End Execution of a Logistic Process in an AI-Augmented Business Process Management System,2024,2,2,0,False,True,4
Unlocking the potential of knowledge management in harnessing technological advancements for design and development,2024,2,1,1,True,False,4
Conceptualizing Business Process Management Capabilities in Digitalization Contexts,2024,3,0,0,False,False,3
COMB: Interconnected Transformers-Based Autoencoder for Multi-Perspective Business Process Anomaly Detection,2024,3,0,2,False,False,5
Repairing Process Models Through Simulation and Explainable AI,2024,2,0,0,False,False,2
Building Organizational Process Mining Capability: Experiences at a Global Gaming Company,2024,2,2,0,True,False,4
Scp-bp Framework: Situational Crime Prevention for Managing Data Breaches in Business Processes,2024,3,1,1,False,False,5
Embracing Industry 4.0 paradigms for Digital Transformation at the Gran Telescopio Canarias,2024,12,1,0,False,False,13
Towards a Continuous Temporal Improvement Approach for Real-Time Business Processes,2024,2,1,0,True,False,3
An NFC application for the process mapping automation for SMEs,2024,2,2,0,True,False,4
A Flexible Approach to Multi-party Business Process Execution on Blockchain,2023,3,3,0,False,False,6
Carbon-Aware Process Execution for Green Business Process Management,2024,4,0,0,False,False,4
Construction of sustainable development professional cluster in private universities based on data mining model,2024,0,1,0,True,True,1
Sustainability Management Framework: Case Study of a Cuban IT Project Organization,2024,3,1,0,False,False,4
Motivations to Adopt BPM in View of Digital Transformation,2024,0,3,0,True,True,3
"Toward an interoperable, intraoperative situation recognition system via process modeling, execution, and control using the standards BPMN and CMMN",2024,3,4,0,True,False,7
Deep Learning Based on TensorFlow and Keras for Predictive Monitoring of Business Process Execution Delays,2024,3,0,0,False,False,3
Process Modeling with Large Language Models,2024,4,0,0,False,False,4
Utilizing the omnipresent: Incorporating digital documents into predictive process monitoring using deep neural networks,2023,3,0,0,False,False,3
A Software Testing Workflow Analysis Tool Based on the ADCV Method,2023,3,2,2,False,False,7
RecPro: A User-Centric Recommendation Tool for Business Process Execution,2024,2,0,0,False,False,2
WATCH-BPM-Comparison of a WATCH-Type Blood Pressure Monitor with a Conventional Ambulatory Blood Pressure Monitor and Auscultatory Sphygmomanometry,2023,4,1,0,True,False,5
The Moderating Role of Organizational Size on Business Process Management Culture of Government Organizations in Indonesia,2024,2,0,0,False,False,2
Workplace performance measurement: digitalization of work observation and analysis,2024,3,0,0,False,False,3
From process mining to augmented process execution,2023,2,0,0,False,False,2
Systematic Exploitation of Parallel Task Execution in Business Processes,2023,2,1,0,False,False,3
The Influence of Business Process Management System Implementation on an Organization’s Process Orientation: A Case Study of a Financial Service Provider,2024,2,0,2,False,False,4
Integration of Process Modeling and Six Sigma for defect reduction: A case study in a wind blade factory,2024,0,3,0,True,True,3
Integrating Social Media and Business Process Management: Exploring the Role of AI Agents and the Benefits for Agility,2024,4,2,0,False,False,6
Declarative Process Mining for Software Processes: The RuM Toolkit and the Declare4Py Python Library,2024,3,1,0,True,False,4
Investigating Cost and Business Process Management: A Systematic Literature Review (SLR),2024,1,1,0,True,False,2
WONDERBREAD: A Benchmark for Evaluating Multimodal Foundation Models on Business Process Management Tasks,2024,13,4,1,False,False,18
Accident Response Time Enhancement Using Drones: A Case Study in Najm for Insurance Services,2023,1,2,0,True,True,3
PROCESS MAPPING: A CASE STUDY IN THE CONTRACT SECTOR OF THE PUBLIC DEFENDER'S OFFICE IN THE STATE OF AMAZONAS,2023,2,3,1,True,False,6
Accelerating Business Growth Through Technology-Based Venturing in Small-to-Medium Enterprises,2024,1,0,0,False,False,1
Transforming Chronic Disease Therapy with Telemedicine: A Single Case Study of Integrated Clinical Pathways for COPD Management Employing Telemedicine Technologies and BPM Methods,2024,1,1,0,False,True,2
A Study Toward Combined Approaches Using AI-Based RPA and SOA-Based BPM: A Future Perspective,2024,0,1,0,True,True,1
Conversational Systems for AI-Augmented Business Process Management,2024,2,2,0,False,True,4
Speeding up Explorative BPM with Lightweight IT: the Case of Machine Learning,2024,3,0,0,False,False,3
The role of bi-level uncertain architecture inward smart manufacturing: Process orchestration,2023,0,0,2,False,False,2
The Role of Business Process Management in Digital Innovation and Digital Transformation: A Systematic Literature Review,2024,2,0,0,False,False,2
A Comparison Between the Most Used Process Mining Tools in the Market and in Academia: Identifying the Main Features Based on a Qualitative Analysis,2024,1,1,1,False,False,3
Process-Specific Extensions for Enhanced Recommender Systems in Business Process Management,2024,2,0,0,False,False,2
A BPM-based approach for ensuring an agile and adaptive learning process,2023,0,1,1,False,True,2
Large Language Models Can Accomplish Business Process Management Tasks,2024,2,2,0,False,True,4
Computing Unsatisfiable Cores for LTLf Specifications,2024,2,2,0,False,True,4
Towards a Multi-model Paradigm for Business Process Management,2024,2,3,0,True,True,5
Ambidextrous Business Process Management: Unleashing the Dual Power of Innovation and Efficiency,2024,1,0,0,False,False,1
Mapping the Landscape: Exploring Large Language Model Applications in Business Process Management,2024,1,2,0,True,False,3
Blockchain and Business Process Management (BPM) Synergy: A Comparative Analysis of Modeling Approaches,2024,1,1,0,False,True,2
ERP Integration: Enhancing Collaboration in Virtual and Extended Enterprises,2024,3,0,0,False,False,3
Object-Centric Conformance Alignments with Synchronization,2024,2,1,0,False,True,3
Towards Robustness of IoT devices in BPMNE4IoT,2024,3,0,0,False,False,3
Detecting cross-case associations in an event log: toward a pattern-based detection,2023,0,3,0,True,True,3
Developing Robotic Process Automation to Efficiently Integrate Long-Term Business Process Management,2023,2,1,1,True,False,4
Towards the Usage of Object-Aware Process Variants in Multiple Autonomous Organisations,2024,2,0,0,False,False,2
Secure Sensitive Services Composition in Edge and Cloud Environment,2024,1,1,0,False,True,2
Defining Integrated Agriculture Information System Non-Functional Requirement and Re-engineering the Metadata,2024,3,1,0,False,True,4
ALIGNMENT-BASED CONFORMANCE CHECKING OF HIERARCHICAL PROCESS MODELS,2024,3,1,1,True,False,5
Design Principles for Using Business Process Management Systems,2024,4,1,0,False,False,5
An Object-Centric Approach to Handling Concurrency in IoT-Aware Processes,2024,4,0,0,False,False,4
Architectures of Contemporary Information Systems and Legal/Regulatory Environment,2024,2,1,0,False,True,3
Analyzing the Devil’s Quadrangle of Process Instances Through Process Mining,2024,2,0,0,False,False,2
Business Process Improvements in Hierarchical Organizations: A Case Study Focusing on Collaboration and Creativity,2024,0,3,0,True,True,3
Exploring the Limitations of Business Process Maturity Models: A Systematic Literature Review,2024,1,2,0,True,True,3
Multi-Dimensional Process Analysis of Software Development Projects,2024,2,0,1,False,False,3
Evaluating user acceptance of knowledge-intensive business process modeling languages,2023,1,0,0,False,False,1
Discussion paper: implications for the further development of the successfully in emergency medicine implemented AUD2IT-algorithm,2024,3,1,0,False,False,4
Multi-Perspective Data Fusion Framework Based on Hierarchical BERT: Provide Visual Predictions of Business Processes,2024,3,0,0,False,False,3
Group Workshop as a “Human-Centered Approach” for Identification and Selection of Business Processes for Robotic Process Automation,2024,2,1,1,False,True,4
Building BPM Capabilities to Foster Process Automation Initiatives Through Inter-Organizational Training,2024,4,0,0,False,False,4
The aestheticization of business processes: Visualizing their Gestalt for collective thinking,2023,0,1,0,True,True,1
Enhancing model quality and scalability for mining business processes with invisible tasks in non-free choice,2023,1,2,1,True,False,4
A Method for Creating Process Architecture: Driving Organizational Change,2024,2,2,1,False,True,5
Extension of the Functional Dimension of BPMN Based on MDA Approach for Sensitive Business Processes Execution,2024,0,1,0,True,True,1
"Supervisory control of business processes with resources, parallel and mutually exclusive branches, loops, and uncertainty",2023,2,0,0,False,False,2
Design and implementation of a process-aware accounting information system to improve business process management,2024,0,1,0,True,True,1
"“Below 58 BPM,” involving real-time monitoring and self-medication practices in music performance through IoT technology",2024,3,0,0,False,False,3
Content and Skills for Teaching BPM in Computer Science Courses: A Systematic Mapping Study,2024,1,1,0,False,True,2
The Role of Organizational Culture in Business Process Management Adoption: A Case Study,2024,1,0,0,False,False,1
A Social BPM Approach to Deal with Agility,2024,4,2,0,False,False,6
How Scenario Building supports Conceptual Modelling,2024,2,1,0,True,False,3
Development of Intellectual Decision Making System for Logistic Business Process Management,2024,1,7,0,True,True,8
Experiences from the Internet-of-Production: Using “Data-Models-in-the-Middle” to Fight Complexity and Facilitate Reuse,2024,1,0,0,False,False,1
A Generic Approach Towards Adapting User Preferences in Business Process Execution,2024,2,0,0,False,False,2
Predictive Monitoring of Business Process Execution Delays,2024,2,0,0,False,False,2
A Machine Translation Like Approach to Generate Business Process Model from Textual Description,2023,1,2,0,False,True,3
Modelling and Predictive Monitoring of Business Processes under Uncertainty with Reinforcement Learning,2023,4,1,1,False,False,6
Towards a method to quantitatively measure toolchain interoperability in the engineering lifecycle: A case study of digital hardware design,2023,4,0,0,False,False,4
Intelligent Process Automation and Business Continuity: Areas for Future Research,2023,3,0,0,False,False,3
Process Discovery Techniques Recommendation Framework,2023,1,1,0,False,True,2
A model-driven transformation approach for the modelling of processes in clinical practice guidelines,2023,1,3,0,True,False,4
AI-augmented Business Process Management Systems: A Research Manifesto,2023,11,3,0,False,False,14
Digital Transformation Team’s Capabilities for Process Automation,2023,0,1,0,True,True,1
Extending case models to capture organizational aspects and time,2023,3,0,1,False,False,4
A faster algorithm for converting simple temporal networks with uncertainty into dispatchable form,2023,2,0,0,False,False,2
DataStream XES Extension: Embedding IoT Sensor Data into Extensible Event Stream Logs,2023,7,2,0,False,False,9
BPM: Blended Piecewise Möbius Maps,2023,1,2,0,True,True,3
A Model Based Framework for IoT-Aware Business Process Management,2023,2,1,0,False,False,3
Mapping singly-linked rules to linear temporal logic formulas,2023,2,0,0,False,False,2
Smyrida: A web application for process mining and interactive visualization,2023,4,2,0,False,False,6
Dynamic responses and failure behavior of jointed rock masses considering pre-existing joints using a hybrid BPM-DFN approach,2023,3,0,1,False,False,4
Data-centric goal modeling for knowledge-intensive processes,2023,1,1,1,False,False,3
The biggest business process management problems to solve before we die,2023,24,15,3,True,True,42
Managing the Company's Digital Capability: A Case for Operational Excellence,2023,0,1,0,True,True,1
IoT-enriched event loggeneration and quality analytics: A case study,2023,3,0,0,False,False,3
An approach for analyzing business process execution complexity based on textual data and event log,2023,1,1,0,True,False,2
Multi-objective container scheduling and multi-path routing for elastic business process management in autonomic multi-tenant cloud,2023,5,0,0,False,False,5
Integrating Declarative and Procedural Knowledge in Infectious Disease Scenario for Epidemiological Monitoring,2023,0,1,0,True,True,1
Bridging the Gap: How Firms Use Process Mining to Create and Act on a Shared End-to-End Process Understanding,2023,2,1,0,True,False,3
Analyzing business process management capabilities of low-code development platforms,2023,3,0,1,False,False,4
EVALUATION OF THE EFFICIENCY OF BUSINESS PROCESS MANAGEMENT AS AN ELEMENT OF AN AUTOMATED QUALITY MANAGEMENT SYSTEM FOR AN ENTERPRISE OF THE REPUBLIC OF KAZAKHSTAN,2023,1,0,2,False,False,3
A MULTI-SENSOR APPROACH TO BUSINESS PROCESS MANAGEMENT: APPLICATION FOR THE HEALTH CARE FIELD,2023,0,3,0,True,True,3
BPMN-Sim: A multilevel structural similarity technique for BPMN process models,2023,1,4,0,True,True,5
On the Potential of Business Process Management for Digital Entrepreneurship: Findings from a Literature Review,2023,4,0,0,False,False,4
Towards Customer Outcome Management in Smart Manufacturing,2023,6,3,0,False,False,9
An Interactive Method for Detection of Process Activity Executions from IoT Data †,2023,2,1,0,False,True,3
Enhancing Clinical Risk Monitoring and Management in Healthcare through BPMN-Based Process Digitalization,2023,2,1,0,False,True,3
"Process mining: software comparison, trends, and challenges",2023,1,0,0,False,False,1
Utilizing business intelligence and digital transformation and leadership to enhance employee job satisfaction and business added value in greater Amman municipality,2023,3,2,2,False,False,7
Object-Centric Process Mining: Unraveling the Fabric of Real Processes,2023,1,0,0,False,False,1
Evaluating the Economic and Sustainability Impacts of Drones in Viticulture using BPMN-based Simulation,2023,3,1,0,False,False,4
A Systematic Review of Consensus Mechanisms in Blockchain,2023,3,1,2,True,False,6
Performance Analysis Method for Robotic Process Automation,2023,6,5,0,True,True,11
Enriching Socio-Technical Sustainability Intelligence through Sharing Autonomy,2023,3,0,0,False,False,3
Multi-agent QoS-aware autonomic resource provisioning framework for elastic BPM in containerized multi-cloud environment,2023,5,0,0,False,False,5
Context-aware modeling for knowledge-intensive medicinal product development processes,2023,1,3,0,True,True,4
Using MCDM and FaaS in Automating the Eligibility of Business Rules in the Decision-Making Process,2023,2,1,0,False,False,3
Quickening Data-Aware Conformance Checking through Temporal Algebras †,2023,3,0,0,False,False,3
Teaching conceptual modeling leveraging formative assessments and adaptive release paths,2023,1,3,0,True,True,4
A tool for declarative Trace Alignment via automated planning[Formula presented],2023,4,1,0,False,False,5
Discovering hybrid process models with bounds on time and complexity: When to be formal and when not?,2023,3,2,0,False,False,5
A Novel Process Recommendation Method That Integrates Disjoint Paths and Sequential Patterns,2023,1,3,1,True,True,5
"BPMNE4IoT: A Framework for Modeling, Executing and Monitoring IoT-Driven Processes †",2023,4,0,0,False,False,4
ProcessGAN: Supporting the creation of business process improvement ideas through generative machine learning,2023,3,1,0,False,False,4
"A systematic literature review on IoT-aware business process modeling views, requirements and notations",2023,4,2,0,False,False,6
Business Process Management Analysis with Cost Information in Public Organizations: A Case Study at an Academic Library,2023,2,2,0,True,False,4
Everything at the proper time: Repairing identical timestamp errors in event logs with Generative Adversarial Networks,2023,3,1,0,False,False,4
Blockchain-Based Business Process Management (BPM) for Finance: The Case of Credit and Claim Requests,2023,1,3,0,False,True,4
Tool-supported method for privacy analysis of a business process model,2023,1,2,0,True,True,3
A proposed guidance approach for BP performance improvement,2023,0,2,0,True,True,2
Process mining meets model learning: Discovering deterministic finite state automata from event logs for business process analysis,2023,3,2,0,True,False,5
A framework for AI-based self-adaptive cyber-physical process systems,2023,16,2,0,False,False,18
A study of extending BPMN for IoT-aware process modeling,2023,2,0,0,False,False,2
Towards Software Development for Maintainability Evaluation of Business Process Models Using Fuzzy Logic,2023,2,0,0,False,False,2
The affordances of digital technologies for business processes integration,2023,2,0,0,False,False,2
Dynamics of Human-AI Delegation in Organizational Routines,2023,2,0,0,False,False,2
Systematically embedding automation reuse in business process management projects,2023,4,0,0,False,False,4
Using process mining for workarounds analysis in context: Learning from a small and medium-sized company case,2023,3,1,0,False,False,4
Applying MAPE-K control loops for adaptive workflow management in smart factories,2023,3,0,0,False,False,3
"Predictive compliance monitoring in process-aware information systems: State of the art, functionalities, research directions",2023,1,2,0,True,False,3
Predictive Approach To The Degree Of Business Process Change,2023,3,1,0,True,False,4
Investigation of Microservice-Based Workflow Management Solutions for Industrial Automation,2023,7,0,0,False,False,7
Heart Rate Monitoring Using External Camera,2023,4,1,0,False,False,5
"Not Here, But There: Human Resource Allocation Patterns",2023,3,1,0,True,False,4
IoT Service Runtime Fault Tolerance Mechanism Based on Flink Dynamic Checkpoint,2023,3,0,0,False,False,3
"Leveraging RDF Graphs, Similarity Metrics and Network Analysis for Business Process Management",2023,3,1,0,False,False,4
Developing Industry-Ready Business Analysts: Guiding Principles for Effective Assessment for Learning (AfL) in a BPM Course,2023,1,2,0,True,True,3
An IoT Service Development Framework Driven by Business Event Description,2023,3,1,1,False,False,5
Data-Driven Generation of Services for IoT-Based Online Activity Detection,2023,2,1,0,False,True,3
Generating Complex Dynamic Forms in Low-Code Development Platforms,2023,2,0,0,False,False,2
Considering User Preferences During Business Process Execution Using Content-Based Filtering,2023,2,1,0,False,False,3
Can the Study of Trajectories Help to Extract Information from Business Processes?,2023,2,2,0,True,False,4
Change Management and Enterprise Resource Planning (ERP) for Cloud Computing (CC) Services Based on Business Process Management (BPM): Case of an Oil Exploration Company,2023,5,0,0,False,False,5
Robotic Process Automation: Exploring the Technological and Organizational Dimensions for Successful Implementation in Organizations,2023,1,2,0,False,True,3
Business Process Management in the Digital Transformation of Higher Education Institutions,2023,3,2,0,False,False,5
Comparing BPMN 2.0 and PASS: A Review and Analysis of Previous Research,2023,1,0,0,False,False,1
Towards an Understanding of Trade-Offs Between Blockchain and Alternative Technologies for Inter-organizational Business Process Enactment,2023,3,0,0,False,False,3
Towards a Theory on Process Automation Effects,2023,2,1,1,False,False,4
Meet2Map: A Framework to Support BPM Projects Implementation Collaboratively,2023,1,3,0,False,True,4
Internet of Processes and Things: A Repository for IoT-Enriched Event Logs in Smart Environments,2023,6,2,0,False,True,8
"From Process-Agnostic to Process-Aware Automation, Mining, and Prediction",2023,2,1,0,True,False,3
BPMN2Constraints: Breaking down BPMN Diagrams into Declarative Process Query Constraints,2023,3,0,0,False,False,3
Business Process Management Maturity and Process Performance - A Longitudinal Study,2023,3,0,0,False,False,3
Realizing Appropriate Process Standardization – Basis for Effective Digital Transformation,2023,1,0,0,False,False,1
Adding the Sustainability Dimension in Process Mining Discovery Algorithms Evaluation,2023,4,2,0,True,False,6
Towards the Evaluation and Continuous Evolution of Open Government Data Portals: A Framework Proposal,2023,2,3,1,False,True,6
Construction of Industry-Education Integrated Ecosystem of Vocational Education Based on Computer Artificial Intelligence,2023,0,0,1,False,False,1
Automating Risk Stratification Processes in Obstetric Emergency: A Case Study,2023,3,4,0,True,False,7
Comparing the Expressiveness of Imperative and Declarative Process Models,2023,4,0,0,False,False,4
Verification of IoT-Aware Business Processes Based on Extended Petri Nets,2023,2,2,0,False,False,4
Handling Cross-Cutting Concerns in Subject-Oriented Modeling: Exploration of Capabilities and an Aspect-Oriented Enrichment,2023,3,0,0,False,False,3
Learning execution contexts from event logs (Extended Abstract),2023,2,1,0,True,False,3
The e-dossier as a tool to optimize civil courts: The cuneo case,2023,0,5,0,True,True,5
Information Management as a Basis for Change Management in Enterprise Digital Transformation Projects,2023,2,2,0,False,True,4
Mining Agent-Based Models of Business Processes: Extended PhD Abstract,2023,1,0,0,False,False,1
Optimizing the Form Data Presentation in Low-Code Platforms with the Use of Artificial Intelligence,2023,2,0,0,False,False,2
Large Language Models for Business Process Management: Opportunities and Challenges,2023,2,0,1,False,False,3
Unleashing Continuous Improvement and Competitive Advantage Through BP-Driven Knowledge Management Processes,2023,3,1,0,False,False,4
Design of BPM Processes in Higher Education in Ecuador,2023,2,2,0,True,False,4
An uncertainty-aware event log of network traffic,2023,5,1,0,False,False,6
Process Mining and the Transformation of Management Accounting: A Maturity Model for a Holistic Process Performance Measurement System,2023,1,0,0,False,False,1
BUSINESS PROCESSES MANAGEMENT AND RESPONSIBLE USE OF BIG DATA,2023,1,1,0,True,False,2
Improving IoT Services Through Business-Process-Aligned Modeling Method,2023,4,1,1,False,False,6
Credit to Machine Learning – Performance of Credit Card Fraud Detection Models,2023,2,0,0,False,False,2
Safety Verification and Universal Invariants for Relational Action Bases,2023,4,0,0,False,False,4
Collaborative Strategies for Business Process Management at Salesian Polytechnic University,2023,2,3,0,False,True,5
A Characterisation of Ambiguity in BPM,2023,4,2,0,False,True,6
Boosting the Maturity of Agile Process Teams: A Complete Model for Assessing and Increasing Self-Organization in BPM,2023,1,1,0,True,False,2
Teaching BPM Fundamentals: A Project-Based Hands-On Course for Process-Driven Systems Modeling and Development,2023,1,1,0,True,False,2
Improving Digital Onboarding Processes for Financial Services - A Multivocal Literature Review,2023,2,0,0,False,False,2
Impact of Subject Orientation for Current Developments of Business Process Management - A Qualitative Assessment,2023,3,0,0,False,False,3
Modelability of Agile Development Projects - An Assessment of the Opportunities and Limitations of BPMN and S-BPM,2023,2,1,1,False,False,4
Managing BPM Projects and Their Implications on Organizations – Experiences from Research and Teaching,2023,1,0,1,False,False,2
Agent-Based Simulations and Process Mining: A Green BPM Case Study,2023,1,0,0,False,False,1
Detection of Similarity Between Business Process Models with the Integration of Semantics in Similarity Measures,2023,0,2,0,True,True,2
Conceptual Analysis and Conceptual Model for Medical Processes,2023,0,1,0,True,True,1
The Impact of Process Complexity on Process Performance: A Study Using Event Log Data,2023,2,0,1,False,False,3
Migrating from RPA to Backend Automation: An Exploratory Study,2023,2,0,0,False,False,2
FlowTGE: Automating Functional Testing of Executable Business Process Models Based on BPMN,2023,2,0,0,False,False,2
An Approach to Create a Common Frame of Reference for Digital Platform Design in SME Value Networks,2023,1,2,1,False,True,4
Reinforcement Learning-Supported AB Testing of Business Process Improvements: An Industry Perspective,2023,3,1,0,False,False,4
Proposal for a Recursive Interpreter Specification for PASS in PASS,2023,0,0,1,False,False,1
Bridging the Gap: An Evaluation of Business Process Management Education and Industry Expectations – The Case of Poland,2023,3,4,0,False,False,7
An Ontology-Based Customer Relationship Management Model for Educational Institutions Using Service-Oriented Architecture,2023,3,0,0,False,False,3
Transforming Event Knowledge Graph to Object-Centric Event Logs: A Comparative Study for Multi-dimensional Process Analysis,2023,2,1,0,True,False,3
Digital Transformation and Management of Transfer in University Platforms,2023,2,1,0,True,False,3
BPM Hub: An Open Collection of UI logs,2023,2,0,1,False,False,3
"Modeling, Executing and Monitoring IoT-Driven Business Rules",2023,3,0,0,False,False,3
Optimizing the Solution Quality of Metaheuristics Through Process Mining Based on Selected Problems from Operations Research,2023,3,1,0,False,True,4
The Impact of Leadership on Business Performance. The Role of Process Performance,2023,1,2,0,True,False,3
The Design and Delivery of a Holistic BPM Education Programme,2023,2,1,0,False,True,3
Generating Executable Robotic Process Automation Scripts from Unsegmented User Interface Logs (Extended Abstract),2023,0,1,0,True,True,1
TRADEmark - Using Location Data for Mobile Distributed Processes in BPM (Extended Abstract),2023,4,0,0,False,False,4
Text-Aware Predictive Process Monitoring with Contextualized Word Embeddings,2023,2,2,0,True,False,4
Towards a Framework for Context Awareness Based on Textual Process Data: Case Study Insights,2023,1,2,0,True,False,3
Architecture for managing AAS-based business processes,2023,3,0,0,False,False,3
Design and analysis of energy efficient IoT system for health monitoring,2023,1,2,0,True,True,3
Business Process Automation in SMEs,2023,2,1,0,True,False,3
Toward a New Framework for Process-Aware IoT Discovery,2023,0,3,0,True,True,3
Scenario-Based Model Checking of Declarative Process Models,2023,3,1,0,False,False,4
Constraints for Process Framing in AI-Augmented BPM,2023,1,0,0,False,False,1
Lifecycle support for iot-driven business rules,2023,3,0,0,False,False,3
Supporting Reuse of Business Process Models by Semantic Annotation,2023,3,0,0,False,False,3
Just Tell Me: Prompt Engineering in Business Process Management,2023,2,1,1,False,False,4
Recommender Systems in Business Process Management: A Systematic Literature Review,2023,2,0,0,False,False,2
Semantic Representation of Key Performance Indicators Categories for Prioritization,2023,3,1,0,False,True,4
Applying Process Mining in Recommender System: A Comparative Study,2023,0,2,0,True,True,2
Cost-efficient auto-scaling of container-based elastic processes,2023,3,1,0,True,False,4
Sustainability in supply chains: reappraising business process management,2023,0,1,3,True,False,4
LSTM-Based Anomaly Detection of Process Instances: Benchmark and Tweaks,2023,3,0,0,False,False,3
BizDevOps Support for Business Process Microservices-Based Applications,2023,2,1,0,True,False,3
Situation-Aware eXplainability for Business Processes Enabled by Complex Events,2023,2,2,0,False,True,4
Transition-driven time prediction for business processes with cycles,2022,3,1,2,False,True,6
Creation of an Intelligent Automated Business Process Management System Through Speech and Dialogue Design Patterns,2023,2,4,1,True,False,7
Metaverse’s Virtual Reality and its impact on the buying behavior – an Empirical Study,2023,0,2,0,True,True,2
A Review on Blockchain Strategies and Its Applications,2023,0,1,1,True,False,2
BPM in the Era of Industry 4.0: A Bibliometric Analysis,2023,3,1,0,True,False,4
An IoTService modelling approach with the capability of binding to business processes,2023,1,0,0,False,False,1
PET: An Annotated Dataset for Process Extraction from Natural Language Text Tasks,2023,3,2,0,False,True,5
A pluggable IoT middleware for integrating data of wearable medical devices,2022,2,1,0,True,False,3
Process mining based on patient waiting time: an application in health processes,2022,1,0,0,False,False,1
Towards the Software Solution for Complexity Minimization of Business Process Models to Improve Understandability,2023,2,0,0,False,False,2
Predictive Recommining: Learning Relations Between Event Log Characteristics and Machine Learning Approaches for Supporting Predictive Process Monitoring,2023,4,0,0,False,False,4
Business - IT Alignment in Cloud Environment Comparative Study,2023,0,2,0,True,True,2
"BUSINESS PROCESS MODELLING AND SIMULATION WITH DPMN, ANYLOGIC AND SIMIO - A TUTORIAL",2023,1,0,0,False,False,1
ProAmbitIon: Online Process Conformance Checking with Ambiguities Driven by the Internet of Things,2023,6,1,0,False,True,7
Developing Environmental Adaptative Comfort Using Internet of Things and Business Process Management: Application in a University Building,2023,4,0,0,False,False,4
PYP4Training - Ludifying Business Process Training,2023,1,3,0,True,True,4
Integrating IoT-Driven Events into Business Processes,2023,4,0,0,False,False,4
"Development of a reference system for the modeling and assessment of social, economic and ecological sustainability",2023,1,0,0,False,False,1
Execution Semantics of Process Models with Data,2023,1,0,0,False,False,1
When business processes meet complex events in logistics: A systematic mapping study,2023,0,4,0,True,True,4
Towards an Open BPM-Enabled Smart City Platform,2022,4,0,0,False,False,4
Enhancing BPMN 2.0 with IoT Modeling Aspects: How Much Language is Enough?,2023,3,0,0,False,False,3
Assisted Process Knowledge Graph Building Using Pre-trained Language Models,2023,2,1,0,False,True,3
Process Mining and Root Cause Analysis for Detecting Inefficiencies in Business Processes: an Applied Case in a Brazilian Telecommunications Provider,2023,3,1,0,False,False,4
FABS: A Framework for Addressing the Business Process Change Challenges for Smart City Development,2023,2,1,0,False,False,3
Change Recommendation in Business Processes,2023,1,0,0,False,False,1
Deep Reinforcement Learning-Based Scheduling Algorithm for Service Differentiation in Cloud Business Process Management System,2023,1,0,2,False,False,3
Method to Identify Process Activities by Visualizing Sensor Events,2023,2,1,0,False,True,3
A Graph-based Method for Merging Business Process Models by Considering Semantic Similarity,2023,0,3,1,True,True,4
Predictive and Prescriptive Business Process Monitoring with Reinforcement Learning,2023,4,1,0,False,False,5
"The effects of big data, artificial intelligence, and business intelligence on e-learning and business performance: Evidence from Jordanian telecommunication firms",2023,5,1,1,False,False,7
DEVISING A COMPREHENSIVE METHOD TO MANAGE DIGITAL COMPETENCIES,2023,3,2,0,False,False,5
Major concerns about Enterprise Resource Planning (ERP) systems: A systematic review of a decade of research (2011-2021),2023,2,0,0,False,False,2
Management Tools for Process Mapping and Modeling in Assembly Industry,2023,2,3,0,False,True,5
Multi-level Team Assignment in Social Business Processes: An Algorithm and Simulation Study,2022,1,0,2,False,False,3
Employing Graph Databases for Business Process Management and Representation,2023,2,1,0,False,False,3
Process Mining and Perceived Privacy Violations: A Pilot-Study,2023,1,3,0,True,False,4
Internet of Things Impact on Supply Chain Management,2023,2,0,0,False,False,2
Security Aspects of Blockchain Technology—A Review,2023,2,2,0,False,True,4
Event Data-Driven Feasibility Checking of Process Schedules,2023,2,0,0,False,False,2
Integration between knowledge management and business process management and its impact on the decision making process in the construction sector: a case study of Jordan,2022,3,0,0,False,False,3
A Holistic Framework for IoT-Aware Business Processes,2023,3,0,0,False,False,3
An MDA Approach for Extending Functional Dimension for Sensitive Business Processes Execution,2023,1,1,0,True,False,2
A sound response to long-tailed changes in business process management,2022,1,2,2,True,False,5
Board Miner: A Tool to Analyze the Use of Board-Based Collaborative Work Management Tools,2023,3,1,0,False,False,4
Process Mining in Manufacturing: A Literature Review,2022,1,0,0,False,False,1
Process Modeling and Conformance Checking in Healthcare: A COVID-19 Case Study: Case Study,2023,7,2,0,True,False,9
Blockchain-Based Business Process Management (BPM) for Finance: The Case of Loan-Application,2023,1,2,0,True,False,3
Examining and Comparing the Critical Success Factors Between Business Process Management and Business Process Automation,2023,2,1,0,True,False,3
Process Discovery and Refinement of an Enterprise Management System,2023,3,0,1,False,False,4
Digital Strategies of Service Sector Enterprises: Promising B2B Decisions,2023,0,0,6,False,False,6
Towards Intelligent Technology for Error Detection and Quality Evaluation of Business Process Models,2023,2,0,0,False,False,2
Integrating User Experience and Business Process Management for a Better Human Interaction and Software Design,2023,1,3,0,True,False,4
Digital Twins of Organizations: A Socio-Technical View on Challenges and Opportunities for Future Research,2023,5,2,1,False,False,8
Applying Process Mining to Sensor Data in Smart Environment: A Comparative Study,2023,0,2,1,False,True,3
Towards a Transition Matrix-Based Concept Drift Approach: Experiments on the Detection Task,2023,3,1,0,False,True,4
Intelligent Digital Platform for Community-Based Rural Tourism—A Novel Concept Development in Peru,2022,4,1,0,True,False,5
Software development processes in ocean system modeling,2022,3,0,0,False,False,3
Benchmarking Answer Set Programming systems for resource allocation in business processes,2022,2,1,0,False,False,3
Cybernetic governance of the Peruvian State: a proposal,2022,1,0,0,False,False,1
Business process nature assessment matrix – a novel approach to the assessment of business process nature,2022,1,1,0,True,False,2
Context Modeling for the Adaption of Mobile Business Processes – An Empirical Usability Evaluation,2022,2,0,0,False,False,2
How to improve the assessment of BPM maturity in the era of digital transformation,2022,1,1,0,False,True,2
Exploring IT/IS proactive and knowledge transfer on enterprise digital business transformation (EDBT): a technology-knowledge perspective,2022,2,2,0,True,False,4
Self-adaptive business processes: a hybrid approach for the resolution of adaptation needs,2022,3,2,0,True,False,5
Process View to Innovate the Management of the Social Housing System: A Multiple Case Study,2022,1,3,0,True,True,4
Contemporary Management Practice Applying the Dynamic Absorptive Capacity Measurement Model (PM4AC) for Improved Business Sustainability,2022,5,0,0,False,False,5
Language and User Requirements for Business Process Simulation - A Systematic Literature Review,2022,1,1,0,False,True,2
How Can Interactive Process Discovery Address Data Quality Issues in Real Business Settings? Evidence from a Case Study in Healthcare,2022,2,1,0,True,False,3
A Business Process Reference Model for the Development of a Wine Traceability System,2022,4,0,0,False,False,4
Research Trends on Business Process Management in Higher Education and Recommendations for Vietnam,2022,2,1,0,True,False,3
HAM-Net: Predictive Business Process Monitoring with a hierarchical attention mechanism,2022,4,0,0,False,False,4
Assessing Electroencephalography as a Stress Indicator: A VR High-Altitude Scenario Monitored through EEG and ECG,2022,8,1,0,False,False,9
PGraphD*: Methods for Drift Detection and Localisation Using Deep Learning Modelling of Business Processes,2022,1,2,0,True,False,3
Accelerated Exploration Portfolio Management using Integrated Digital Planning Platform - Exploration Portal,2022,0,0,5,False,False,5
Sustainable Circular Economy Strategies: An Analysis of Brazilian Corporate Sustainability Reporting,2022,2,5,0,True,True,7
Examining the PASS Approach to Process Modelling for Digitalised Manufacturing: Results from Three Industry Case Studies,2022,2,0,1,False,False,3
Identifying Possible Improvements of Software Development Life Cycle (SDLC) Process of a Bank by Using Process Mining,2022,2,1,0,False,True,3
A framework for modeling and executing task-Specific resource allocations in business processes,2022,4,1,0,False,False,5
Model to Program and Blockchain Approaches for Business Processes and Workflows in Finance,2022,1,2,0,True,False,3
Processes meet Big Data: Scaling process discovery algorithms in Big Data environment,2022,0,0,2,False,False,2
Analysing factors impacting BPMS performance: a case of a challenged technology adoption,2022,0,2,0,True,True,2
Business Process Management Culture in Public Administration and Its Determinants,2022,2,1,0,False,False,3
A Two-Channel Silicon Nitride Multimode Interference Coupler with Low Back Reflection,2022,2,0,0,False,False,2
Impact of Strategy Change on Business Process Management,2022,3,2,0,False,True,5
Enterprise Architecture Approach for Project Management and Project-Based Organizations: A Review,2022,3,0,0,False,False,3
Business process reengineering in health-care sector: application for the central sterilization unit,2022,0,2,1,True,True,3
COMPARISON OF BPM MATURITY AND PERFORMANCE OF THE DUTCH DEPARTMENT OF DEFENCE WITH OTHER SECTORS,2022,2,1,0,True,False,3
Innovation through process automation: Factors for success,2022,2,1,0,True,False,3
An assisted approach to business process redesign,2022,5,0,0,False,False,5
Multi-task prediction method of business process based on BERT and Transfer Learning,2022,2,1,0,True,False,3
On Modelling Process Aspects With Deontic Event-Calculus,2022,1,0,0,False,False,1
Visibility Matrix: Efficient User Interface Modelling for Low-Code Development Platforms,2022,2,0,0,False,False,2
A Semi-Auto Text Mining Approach for Literature Review: An Example From IT for Entrepreneurship,2022,0,2,0,True,True,2
BPM OR CPM？A CASE STUDY OF CROSS-DEPARTMENT COMMUNICATION BUSINESS OPERATION AND HIDDEN COST RELATED TO AMBIDEXTERITY PERFORMANCE,2022,1,0,1,False,False,2
Super-process interoperability optimization architecture in healthcare ultra-large-scale systems: A graph-based multi-objective approach,2022,1,0,0,False,False,1
Model-based Analysis of Data Inaccuracy Awareness in Business Processes,2022,1,2,0,False,True,3
A Deep Learning Approach for Repairing Missing Activity Labels in Event Logs for Process Mining,2022,2,0,1,False,False,3
Application of Modern Digital Systems and Approaches to Business Process Management,2022,2,2,0,True,False,4
Paving the Way for Enriched Patient Experience - On the Development of a Process Architecture for a Hospital,2022,1,0,1,False,False,2
On the adoption of blockchain for business process monitoring,2022,3,0,0,False,False,3
On the Importance of Project Management Capabilities for Sustainable Business Process Management,2022,1,0,0,False,False,1
Shedding light on blind spots – Developing a reference architecture to leverage video data for process mining,2022,3,0,0,False,False,3
Reactive synthesis of software robots in RPA from user interface logs,2022,2,2,0,True,False,4
Graph-based managing and mining of processes and data in the domain of intellectual property,2022,5,2,0,False,False,7
Multi-level privacy analysis of business processes: the Pleak toolset,2022,8,2,1,False,False,11
Semantic modeling and analysis of complex data-aware processes and their executions,2022,4,2,0,False,False,6
Exogenous Shocks and Business Process Management: A Scholars’ Perspective on Challenges and Opportunities,2022,7,4,2,False,False,13
Automation at Truveil: Business Process Understanding and Analysis in RPA Implementation,2022,1,1,0,False,True,2
Experimental verification and validation of the SICN-oriented process mining algorithm and system,2022,2,0,2,False,False,4
Towards a Business Process Complexity Analysis Framework Based on Textual Data and Event Logs,2022,1,1,0,True,False,2
A tool for compiling Declarative Process Mining problems in ASP[Formula presented],2022,3,0,0,False,False,3
The Five Diamond Method for Explorative Business Process Management,2022,4,1,2,False,False,7
Business process management and risk-adjusted performance in SMEs,2022,2,0,0,False,False,2
Towards an Automated Business Process Model Risk Assessment: A Process Mining Approach,2022,3,1,0,False,False,4
Towards automatic business process redesign: an NLP based approach to extract redesign suggestions,2022,2,1,0,True,False,3
Process Mining: Why You Need It?,2022,3,1,0,False,False,4
Controlling Tools Use in Business Processes Management,2022,0,3,0,True,True,3
Power Control Based BPM with CDS Scheduling for Downlink Transmission in LTE-A Networks,2022,0,0,2,False,False,2
Solving reachability problems on data-aware workflows,2022,2,2,0,False,False,4
Recommendations for visual feedback about problems within BPMN process models,2022,1,2,0,False,True,3
Digitalizing Maritime Containers Shipping Companies: Impacts on Their Processes,2022,3,0,0,False,False,3
A projection-stable grammatical model for the distributed execution of administrative processes with emphasis on actors’ views,2022,3,1,0,True,False,4
Integrating process management and event processing in smart factories: A systems architecture and use cases,2022,3,1,0,False,False,4
A visual approach for identification and annotation of business process elements in process descriptions,2022,2,1,1,False,True,4
Toward a Context-aware Process Model Repository,2022,2,1,0,True,False,3
BPM supported model generation by contemplating key elements of information security,2022,1,1,2,False,False,4
Pathways to Greener Pastures: Research Opportunities to Integrate Life Cycle Assessment and Sustainable Business Process Management Based on a Systematic Tertiary Literature Review,2022,3,2,0,False,False,5
Bridging the Gap Between Process Mining Methodologies and Process Mining Practices: Comparing Existing Process Mining Methodologies with Process Mining Practices at Local Governments and Consultancy Firms in the Netherlands,2022,1,2,0,True,False,3
Predictive Process Mining for Business Process Management Improvement (Extended Abstract),2022,1,0,0,False,False,1
Towards Automated Process Planning and Mining Mining process data for process improvements,2022,2,0,0,False,False,2
Digital Transformation of Health Care Services: Médikal Case Study,2022,1,2,0,False,True,3
"Modeling, Executing and Monitoring IoT-Driven Business Rules with BPMN and DMN: Current Support and Challenges",2022,3,0,0,False,False,3
Patterns for IoT-based Business Process Improvements: Developing a Metamodel,2022,2,0,0,False,False,2
Pupa: Smart Contracts for BPMN with Time-Dependent Events and Inclusive Gateways,2022,2,0,0,False,False,2
Uniform Interpolation for the Automated Verification of Data-Aware Business Processes,2022,1,0,0,False,False,1
"Theory and Practice - What, With What and How is Business Process Management Taught at German Universities?",2022,3,1,0,False,False,4
"LTL Modulo Theories over Finite Traces: modeling, verification, open questions",2022,1,1,0,False,True,2
Towards an Integrated Platform for Business Process Management Systems and Robotic Process Automation,2022,4,0,0,False,False,4
"Subject-Oriented Business Process Models of SMEs: Case Study, Best Practices and Evaluation",2022,1,2,0,False,True,3
Subject-Oriented Modelling of VDI-4520: A First Draft,2022,2,0,0,False,False,2
Process Data Science for Workflow Optimization in Digital Pathology: A status report,2022,2,1,0,False,False,3
Towards a Reference Process Model for Craft Organizations,2022,0,1,0,True,True,1
Architecture of decentralized Process Management Systems,2022,3,2,0,False,False,5
Random-Value Payment Tokens for On-Chain Privacy-Preserving Payments,2022,5,1,0,True,False,6
Back to the Roots – Investigating the Theoretical Foundations of Business Process Maturity Models,2022,1,1,0,True,False,2
Rediscovering the Forgotten Field of Industrial Applications in Information Systems Research: A Literature Review of Industry 4.0,2022,3,0,0,False,False,3
AI Implementation Maturity in Process Mining,2022,0,1,0,True,True,1
Intelligent Robotic Process Automation: Generating Executable RPA Scripts from Unsegmented UI Logs,2022,0,2,0,True,True,2
"Cross-Pollination of Personas, User Stories, Use Cases and Business-Process Models",2022,1,1,0,False,True,2
Advancing Business Process Science via the Co-evolution of Substantive and Methodological Knowledge,2022,0,0,1,False,False,1
A Human-in-the-Loop Approach to Support the Segments Compliance Analysis,2022,2,2,0,True,False,4
HITL-AB-BPM: Business Process Improvement with AB Testing and Human-in-the-Loop,2022,5,1,0,False,False,6
Multi-attribute Transformers for Sequence Prediction in Business Process Management,2022,2,0,0,False,False,2
"Leaf Characterizations of IRR 400 Series, BPM 24, and RRIC 100 Rubber (Hevea brasiliensis Muell. Arg.) Clone Using Leafgram Method",2022,2,1,1,True,False,4
EVALUATING THE PERFORMANCE OF A CARE PROCESS BASED ON SIMULATION: MATERNITY CASE,2022,0,3,0,True,True,3
ERP Projects in Organizations with Low Maturity in BPM: A Collaborative Approach to Understanding Changes to Come,2022,1,2,0,False,True,3
Embedding Process Structure in Activities for Process Mapping and Comparison,2022,1,4,0,True,False,5
Hydrogen Technology Business Process Management Modeling: Standardization and digitization of processes within the hydrogen infrastructure,2022,2,2,0,True,False,4
B2S4B: A Platform for Smart City Business Processes Management and Adaptation,2022,4,0,0,False,False,4
Discovering Business Process models expressed as DNF or CNF formulae of Declare constraints,2022,4,5,0,False,False,9
Organizing a Self-organized Team: Towards a Maturity Model for Agile Business Process Management,2022,1,1,0,False,True,2
Process Extraction from Natural Language Text: the PET Dataset and Annotation Guidelines,2022,3,2,0,False,False,5
Towards a Standard Process enabling AI-support for Safety and Conformity of Medical Devices,2022,3,1,0,False,False,4
The Future Development of ERP: Towards Process ERP Systems?,2022,1,2,0,False,True,3
Business Process Management in CEE Countries: A Literature-Based Research Landscape,2022,1,3,0,True,False,4
The Use of M2P in Business Process Improvement and Optimization,2022,2,2,0,True,False,4
Fine-Grained Data Access Control for Collaborative Process Execution on Blockchain,2022,3,0,0,False,False,3
Model-informed LIME Extension for Business Process Explainability,2022,2,2,0,False,False,4
Business Process and Quality Managementusing Lean and Six Sigma Technique,2022,1,2,0,True,True,3
Organizational Complexity: Insights from Digital Trace Data Research (Extended Abstract),2022,1,0,0,False,False,1
Why Companies Use RPA: A Critical Reflection of Goals,2022,4,0,0,False,False,4
Software Defect Prediction and Analysis Using Enhanced Random Forest (extRF) Technique: A Business Process Management and Improvement Concept in IOT-Based Application Processing Environment,2022,1,0,0,False,False,1
A Co-evolution Model of Collaborative Process Design,2022,2,0,0,False,False,2
Metrics of Parallel Complexity of Operational Business Processes,2022,2,2,0,True,False,4
AN OBJECTIVE-BASED APPROACH FOR DEFINING AND SELECTING THE MOST RELEVANT KPIS FOR MEASURING BUSINESS PROCESS PERFORMANCE,2022,0,3,0,True,True,3
The Early Process Catches the Weak Event: Process Latency and Strategies for Its Reduction,2022,2,0,0,False,False,2
Prescriptive Process Monitoring in Intelligent Process Automation with Chatbot Orchestration,2022,4,0,0,False,False,4
How to benefit more from business process documentation? Framework for calculation personality - process role fit,2022,2,0,0,False,False,2
Enhanced Transformation of BPMN Models with Cancellation Features,2022,3,1,0,False,False,4
Business Process Management Bridging Marketing and IT: Transformation Model for Customer Journey Maps and BPMN,2022,4,0,0,False,False,4
Retrospective Considerations on Data Flow and Actor Modeling in Business Process Diagrams,2022,0,1,0,True,True,1
ML-BPM: Multi-teacher Learning with Bidirectional Photometric Mixing for Open Compound Domain Adaptation in Semantic Segmentation,2022,2,1,2,False,True,5
PROJECT MANAGEMENT TECHNOLOGY IN CREATING A BUSINESS PROCESS MANAGEMENT INFORMATION SYSTEM AT THE PRESENT STAGE OF DEVELOPMENT OF THE ℡ECOMMUNICATIONS SECTOR OF KAZAKHSTAN,2022,0,1,1,False,True,2
A Comparative Study of Simulation Tools for Business Processes,2022,1,0,1,False,False,2
BPM in Digital Transformation: New Tools and Productivity Challenges,2022,3,0,0,False,False,3
Promoting Collaboration and Creativity in Process Improvement: A Proposal based on Design Thinking and Gamification,2022,0,2,0,True,True,2
Are BPM Practitioners and Researchers Friends? Current Questions of Process Professionals and the Impact of Science,2022,2,1,1,False,False,4
Understanding and Harnessing the Potential of Conversational AI for S-BPM,2022,2,1,0,False,True,3
Reasoning and Verification with Data Petri Nets (Discussion/Short Paper),2022,2,1,0,False,True,3
Process and Project Oriented Organization: The Essence and Maturity Measurement,2022,1,0,0,False,False,1
Content-based Filtering for Worklist Reordering to improve User Satisfaction: A Position Paper,2022,3,1,0,False,False,4
SMT-based Safety Verification of Data-Aware Processes: Foundations and Applications,2022,1,0,0,False,False,1
WizARd: A No-Code Tool for Business Process Guidance through the Use of Augmented Reality,2022,3,1,0,False,False,4
Management Tools for Process Mapping and Modeling in Assembly Industry,2022,2,3,0,False,True,5
Predicting remaining execution time of business process instances via auto-encoded transition system,2022,3,0,1,False,False,4
Why Users of the Internet of Things need Error-Avoiding Modeling Languages and Queries,2022,1,0,0,False,False,1
EVALUATION OF BUSINESS MATURITY CONCERNING ROBOTIC PROCESS AUTOMATION,2022,1,2,0,True,False,3
ProGAN: Toward a Framework for Process Monitoring and Flexibility by Change via Generative Adversarial Networks,2022,3,0,0,False,False,3
Managing Process Dynamics in a Digital World: Integrating Business Process Management and Routine Dynamics in IS Curricula,2022,3,0,3,False,False,6
Effect of Business Process Management on Level of Automation and Technologies Connected to Industry 4.0,2022,1,2,0,True,False,3
Adaptation of Methods to Improve the Efficiency of Business Processes Using the BPRPM Method * as a Chance to Gain a Competitive Advantage,2022,2,0,0,False,False,2
Orientation and conformance: A HMM-based approach to online conformance checking,2021,2,1,1,False,False,4
The Use of Digital Technologies in Management Processes,2022,0,5,0,True,True,5
The Direction of the Future Development of ERP and BPMS: Towards a Single Unified Class?,2022,1,2,0,False,True,3
Detecting temporal workarounds in business processes–A deep-learning-based method for analysing event log data,2022,4,1,0,False,False,5
Distribution Analysis of Postal Mail in Argentina Using Process Mining,2022,2,1,0,False,False,3
Towards a Comprehensive BPMN Extension for Modeling IoT-Aware Processes in Business Process Models,2022,3,0,0,False,False,3
Applications of IoT in Industrial Transformation and Green Manufacturing,2022,3,1,0,True,False,4
Performance Evaluation of Simple K -Mean and Parallel K -Mean Clustering Algorithms: Big Data Business Process Management Concept,2022,6,2,0,False,False,8
BUSINESS PROCESS ANALYSIS AND SIMULATION: AN INDUSTRIAL APPLICATION,2022,6,1,0,True,False,7
Using machine learning in business process re-engineering,2021,4,0,0,False,False,4
The Competency-Based Business Process Management-Employee-Centered Process Improvement for Digital Transformation,2022,1,1,1,True,False,3
Optimizing Player Management Processes in Sports: Translating Lessons from Healthcare Process Improvements to Sports,2021,0,0,5,False,False,5
A lightweight BPMN extension for business process-oriented requirements engineering,2021,2,1,0,False,True,3
Process Innovation in the EU Public Sector Through the Lens of BPM Ambidexterity,2022,1,1,0,False,True,2
Progress Determination of a BPM Tool with Ad-Hoc Changes: An Empirical Study,2022,2,1,0,True,False,3
Patterns for Improving Business Processes: Defined Pattern Categorization,2022,0,2,0,True,True,2
AI-Enabled Processes: The Age of Artificial Intelligence and Big Data,2022,7,0,0,False,False,7
BINet: Multi-perspective business process anomaly classification,2022,4,0,0,False,False,4
Integrating Privacy-By-Design with Business Process Redesign,2022,0,2,0,True,True,2
On Cloud Solution to Improve Business Performance for Product Deliveries,2022,3,0,0,False,False,3
Modeling Boundary-Spanning Business Processes in Industry 4.0: Incorporating Risk-Based Design,2022,3,0,0,False,False,3
Recovering Latent Data Flow from Business Process Model Automatically,2022,3,1,2,False,False,6
Drivers and Evolution Paths of BPMS: State-of-the-Art and Future Research Directions,2022,1,2,0,False,True,3
A Context-Aware Architecture for Realizing Business Process Adaptation Strategies Using Fuzzy Planning,2022,2,1,0,True,False,3
Promising Trends of Business Processes Automation in Domestic Companies,2022,1,0,1,False,False,2
CTL ∗ Model Checking for Data-Aware Dynamic Systems with Arithmetic,2022,2,1,0,False,True,3
Soundness of Data-Aware Processes with Arithmetic Conditions,2022,2,1,0,False,True,3
Applying the Delphi Method to Measure Enterprise Content Management Workflow System Performance,2022,2,0,0,False,False,2
Trends in Digital Transformation of the Russian Insurance Market,2022,1,4,0,True,True,5
Process-Aware Accounting Information System Based on Business Process Management,2022,1,1,0,True,False,2
Decentralized Lean Business Model Canvas for Blockchain-Based Enterprises,2022,2,0,0,False,False,2
Towards the Tokenization of Business Process Models using the Blockchain Technology and Smart Contracts,2022,2,0,0,False,False,2
Performance optimization for UWB communication network under IEEE 802.15.4a channel conditions,2021,4,1,0,False,True,5
Analytical Evaluation of SOA and SCRUM Business Process Management Approaches for IoT-Based Services Development,2022,1,0,0,False,False,1
Service Modeling and Architecting for Self-Adaptive IoT-Based Systems,2022,1,1,0,True,False,2
Towards a Framework for Business Process Sustainability Analysis,2022,1,0,0,False,False,1
Pair Modeling: Does One Plus One Add Up?,2022,3,0,3,False,False,6
Business Process Improvement in Industry 4.0: An Interorganizational Perspective,2022,3,0,0,False,False,3
A constraint programming model for making recommendations in personal process management: A design science research approach,2022,2,0,1,False,False,3
Integrating Big Data Analytics into Business Process Modelling: Possible Contributions and Challenges,2022,2,1,0,False,True,3
Process model abstraction for rapid comprehension of complex business processes,2022,0,2,0,True,True,2
Transformation of the business process manager profession in poland: The impact of digital technologies,2021,0,1,0,True,True,1
About a Process-Technology Fit for Process Improvements in an Ambidextrous Environment,2022,1,1,0,False,True,2
Integration of ubiquitous specifications in the conception of objects system,2022,1,1,0,True,False,2
Remote Patient Monitoring During the COVID-19 Pandemic in the Framework of Home Device Manufacturing for IoT-Based BPM and SPO2 Measurements,2022,1,1,0,False,True,2
BPM Model of Design Management Under a Design Thinking Approach to Implement New Products in Textile SMEs,2022,2,0,1,False,False,3
Towards Event Log Management for Process Mining - Vision and Research Challenges,2022,2,0,0,False,False,2
Problems and Challenges of Educational and Methodological Activities in Higher Education in the Context of Digitalization of Education,2022,1,1,0,True,False,2
Analyzing Digital Trace Data to Promote Discovery – The Case of Heatmapping,2022,1,0,0,False,False,1
Unleashing textual descriptions of business processes,2021,5,1,0,False,False,6
On the Systematic Analysis of Process Landscape Method Implementation Using Grounded Theory,2022,3,1,0,True,False,4
A Modeling Framework for an Innovative e-Health Service: The Hospital at Home,2022,3,3,0,True,True,6
VIDE-LEO: A framework to measure business innovation success of SMEs,2022,3,0,0,False,False,3
Agile Innovation Through Business Process Management: Realizing the Potential of Digital Transformation,2022,1,0,0,False,False,1
Automated Process Knowledge Graph Construction from BPMN Models,2022,4,1,0,False,False,5
The BPM Governance Supporting Factors and Implementation Barriers – The Experience of a Public University,2022,4,0,0,False,False,4
Risk Management in Analytics Solutions Integration and Deploy: Case Study in a Brazilian Financial Institution,2022,3,1,0,False,False,4
Towards a Web-Based Platform Supporting the Recomposition of Business Processes,2022,5,2,0,False,False,7
The Effect of Self-healing on Process Acceptance,2022,2,0,0,False,False,2
Technologies of collective intelligence in the management of business processes of an organization,2022,1,0,0,False,False,1
Unified Design Methodology for State Information Systems,2022,2,0,0,False,False,2
Process-Aware Attack-Graphs for Risk Quantification and Mitigation in Industrial Infrastructures,2022,1,0,0,False,False,1
A Context and Augmented Reality BPMN and BPMS Extension for Industrial Internet of Things Processes,2022,4,0,0,False,False,4
IoDEP: Towards an IoT-Data Analysis and Event Processing Architecture for Business Process Incident Management,2022,3,0,0,False,False,3
Requirements for Dynamic Jumps at the Execution of Business Processes,2022,1,0,0,False,False,1
Application of BPM to Improve the Process of Creating Commercial Items in a Tracking and Monitoring Company,2022,1,1,0,True,False,2
Process Mining: A Guide for Practitioners,2022,2,2,0,False,True,4
Genetic Data Analysis and Business Process Management Platform for Personalized Nutrition Service,2022,1,0,0,False,False,1
Towards Empowering Business Process Redesign with Sentiment Analysis,2022,1,0,1,False,False,2
Method for repairing process models with selection structures based on token replay,2021,1,3,1,False,True,5
Optimisation of an Automated User Request Management System Using a Process Approach,2021,0,2,0,True,True,2
A Bpm-based agile approach to ensure adaptive learning,2021,0,1,1,False,True,2
Decentralized collaborative business process execution using blockchain,2021,1,3,0,True,True,4
"A data-driven, goal-oriented framework for process-focused enterprise re-engineering",2021,3,1,0,False,False,4
Seven Paradoxes of Business Process Management in a Hyper-Connected World,2021,17,5,2,False,True,24
Practical assessment of the nature of business processes,2021,1,0,0,False,False,1
Visual analytics in process mining for supporting business process improvement,2021,3,2,0,True,False,5
Developing a tool for process-oriented appraisals and rewards: Design science research,2021,0,2,0,True,True,2
Integrating BPMN and DMN: Modeling and Analysis,2021,3,0,0,False,False,3
Compositional workflow modeling with priority constraints,2021,2,2,0,True,False,4
What is a process model composed of?: A systematic literature review of meta-models in BPM,2021,0,3,0,True,True,3
A technique for determining relevance scores of process activities using graph-based neural networks,2021,4,0,0,False,False,4
Associative data-process model in manufacturing systems: Application case in automotive industry,2021,3,1,0,True,False,4
An Exploration into Future Business Process Management Capabilities in View of Digitalization: Results from a Delphi Study,2021,3,0,1,False,False,4
The moderating effect of information technology capabilities on the relationship between marketing mix and corporate entrepreneurship,2021,1,1,0,True,False,2
Extending BPM(N) to Support Face-to-Virtual (F2V) Process Modeling,2021,2,1,0,True,False,3
Expression of lymphatic markers in the berger’s space and bursa premacularis,2021,7,3,0,True,False,10
"Is business process management (BPM) ready for ambidexterity? conceptualization, implementation guidelines and research agenda",2021,1,1,0,False,True,2
Process Mining applied to Emergency Room: an organizational and change management perspective,2021,5,6,0,False,False,11
Discovering Data Models from Event Logs,2021,0,1,0,True,True,1
SUPPORTING STUDENT COLLABORATION FOR ONLINE LEARNING: THE IMPACT OF TWO INSTRUCTIONAL INTERVENTIONS,2021,1,1,1,False,True,3
Opportunities and Challenges for Process Mining in Organizations: Results of a Delphi Study,2021,8,1,1,False,False,10
Let’s Get Immersive: How Virtual Reality Can Encourage User Engagement in Process Modeling,2021,4,0,0,False,False,4
Resource Controllability of Business Processes Under Conditional Uncertainty,2021,3,0,0,False,False,3
Beyond arrows in process models: A user study on activity dependences and their rationales,2021,1,3,0,True,False,4
Leveraging Small Sample Learning for Business Process Management,2021,3,0,0,False,False,3
Business Process Simulation on Procedural Graphical Process Models: Structuring Overview and Paths for Future Research,2021,2,1,0,True,False,3
General concept of business process measures in the circular economy,2021,1,2,0,False,True,3
Social-Collaborative Inductive Reference Model Mining in a Knowledge-Based Organization,2021,1,0,0,False,False,1
A quantitative and qualitative study of the link between business process management and digital innovation,2021,0,1,0,True,True,1
A discrete event model for analysis and verification of time-constrained business processes,2021,3,0,0,False,False,3
Coordinating large distributed relational process structures,2021,3,0,0,False,False,3
Business process management model as an approach to process orientation,2021,0,0,5,False,False,5
POP-ON: Prediction of process using one-way language model based on NLP approach,2021,0,0,3,False,False,3
Process model metrics for quality assessment of computer-interpretable guidelines in PROforma,2021,1,3,0,False,True,4
Business process management heuristics in IT service management: a case study for incident management,2021,4,0,0,False,False,4
Machine Learning in Business Process Monitoring: A Comparison of Deep Learning and Classical Approaches Used for Outcome Prediction,2021,4,0,0,False,False,4
The Use of Business Process Management in Hotel Direct Sales Improvement,2021,3,0,0,False,False,3
Implementing Success Management and PRINCE2 in a BPM Public Project,2021,3,1,1,False,True,5
Trust but verify: The oracle paradox of blockchain smart contracts,2021,1,0,1,False,False,2
Towards a new approach for intelligent BPM based on technologies 4.0,2021,0,2,0,True,True,2
Which Event Happened First? Deferred Choice on Blockchain Using Oracles,2021,1,0,1,False,False,2
Dynamic adaptation method of business process based on hierarchical feature model,2021,0,2,1,True,True,3
Extensible ontology-based views for business process models,2021,3,0,0,False,False,3
An empirical study on Green BPM adoption: Contextual factors and performance,2021,1,1,0,False,True,2
Organization-driven business process configurable modeling for spatial variability,2021,3,1,1,False,False,5
Risk-aware business process management using multi-view modeling: method and tool,2021,5,1,0,True,False,6
Integrated Care in the Era of COVID-19: Turning Vision Into Reality With Digital Health,2021,1,1,1,True,False,3
Testing an instrument to measure the BPMS-KM Support model,2021,1,2,0,True,False,3
The role of industry 4.0 and bpmn in the arise of condition-based and predictive maintenance: a case study in the automotive industry,2021,3,2,0,False,True,5
"No Longer Out of Sight, No Longer Out of Mind? How Organizations Engage with Process Mining-Induced Transparency to Achieve Increased Process Awareness",2021,3,1,0,True,False,4
A Matrix for Context-Aware Business Process Management: Empirical Evidence from Hilti,2021,2,0,1,False,False,3
Translating transparency into value: an approach to design IoT solutions,2021,3,1,0,True,False,4
Analyzing content of tasks in Business Process Management. Blending task execution and organization perspectives,2021,0,3,0,True,True,3
IT Enhanced Process Management in ports: Comprehensive Evaluation Framework,2021,1,2,0,False,True,3
Bpm support for patient-centred clinical pathways in chronic diseases,2021,2,1,0,False,False,3
Business Process Management: The evolution of a discipline,2021,0,0,1,False,False,1
OrgMiner: A Framework for Discovering User-Related Process Intelligence from Event Logs,2021,1,0,1,False,False,2
Business process variant analysis: Survey and classification,2021,4,0,0,False,False,4
Context-Aware Business Process Management: Method Assessment and Selection,2021,1,4,1,False,True,6
"Well-structuredness, safeness and soundness: A formal classification of BPMN collaborations",2021,2,3,0,False,False,5
Business process management approach for improving agile software process and agile maturity,2021,0,1,0,True,True,1
On the composition of the long tail of business processes: Implications from a process mining study,2021,5,0,0,False,False,5
BPM and socialization tools integrated to improve acquisition and management of information during design and execution of business processes. BPM-social tool: A proposal; [Herramientas de BPM y de socialización integradas para mejorar la adquisición y gestión de información durante el diseño y ejecución de procesos de negocio BPM-social: Una propuesta],2021,2,1,0,False,True,3
Measuring Complexity for Collaborative Business Processes Management,2021,5,0,0,False,False,5
SemLinkWS: Collaboration social network of web services to aid service discovery,2021,2,2,0,True,False,4
A Blockchain-Based Approach for Trust Management in Collaborative Business Processes,2021,2,3,0,True,True,5
"RuM: Declarative Process Mining, Distilled",2021,4,1,0,True,False,5
Blockchain-oriented Inter-organizational Collaboration between Healthcare Providers to Handle the COVID-19 Process,2021,2,0,0,False,False,2
Value creation from data - Why is this a bpm problem?,2021,0,3,1,True,True,4
On the notion of diversity in the context of information aggregation in BPM,2021,1,0,0,False,False,1
Features of Business Process Management in the Quality Management System Functioning in the Oil and Gas Sector Enterprises,2021,1,2,0,True,True,3
Variational Autoencoder for Anomaly Detection in Event Data in Online Process Mining,2021,2,0,0,False,False,2
Temporal Constraints in Smart Contract-Based Process Execution: A Case Study of Organ Transfer by Healthcare Delivery Drone,2021,2,2,0,True,False,4
Digitalization of administrative process in the german healthcare system with the focus on dental practices,2021,1,2,0,True,False,3
"Participatory Design Landscape for the Human-Machine Collaboration, Interaction and Automation at the Frontiers of HCI (PDL 2021)",2021,6,5,0,False,False,11
Context-Aware Process Modelling for Medicinal Product Development,2021,1,3,0,True,True,4
BPM_MT: Enhanced Backchannel Prediction Model using Multi-Task Learning,2021,1,1,3,False,False,5
Towards method- and tool-independent business process modeling,2021,3,0,0,False,False,3
Process mining implementation benefits for organizations using erp systems,2021,1,0,0,False,False,1
From low-level-event-logs to high-level-business-process-model-activities: An advanced framework based on machine learning and flexible BPMN model translation,2021,3,3,0,False,False,6
Hybrid process modeling and mining,2021,0,1,0,True,True,1
The Management of Manufacturer’s Competences in Terms of Service Business Model of Production,2021,1,0,0,False,False,1
Model Checking of Solidity Smart Contracts Adopted for Business Processes,2021,3,1,0,True,False,4
BRIBOT: Towards a Service-Based Methodology for Bridging Business Processes and IoT Big Data,2021,5,1,1,False,False,7
Application of the CERT Values Measurement Model for Organizational Culture in the Management and Quality Company,2021,1,2,0,True,False,3
Drivers and Barriers of the Digital Innovation Process – Case Study Insights from a German Public University,2021,4,1,0,False,False,5
Industry 4.0: Business process management maturity model for the digitalized interorganizational value chain,2021,1,0,0,False,False,1
A Method for Debugging Process Discovery Pipelines to Analyze the Consistency of Model Properties,2021,4,1,0,False,False,5
Trustworthy Cross-Organizational Collaborations with Hybrid On/Off-Chain Declarative Choreographies,2021,4,2,0,True,False,6
Leveraging Artificial Intelligence-enabled Workflow Framework for Legacy Transformation,2021,1,0,0,False,False,1
Ontology-Based Process Modelling - Will We Live to See It?,2021,3,0,0,False,False,3
HyperLDLf: a Logic for Checking Properties of Finite Traces Process Logs,2021,4,0,0,False,False,4
Generating High Quality Samples of Process Cases in Internal Audit,2021,3,0,0,False,False,3
ObjectivAIze: Measuring Performance and Biases in Augmented Business Decision Systems,2021,2,3,0,False,True,5
BPM support for regulatory compliance in ATMP development processes,2021,0,1,0,True,True,1
Process learning for autonomous process anomaly correction,2021,1,0,0,False,False,1
Cased Based Reasoning in Business Process Management Design,2021,2,0,0,False,False,2
"Blockchain and Business Process Management in Health Care, Especially for COVID-19 Cases",2021,1,0,1,False,False,2
Classifying and Detecting Task Executions and Routines in Processes Using Event Graphs,2021,2,1,0,True,False,3
The recomminder: A decision support tool for predictive business process monitoring,2021,4,0,0,False,False,4
Mental health indicators in the hospitalization process in a Brazilian psychosocial care network,2021,6,2,0,True,True,8
Process Mining for the Analysis of Pre-sales Customer Service Process – A Hidden Observation in a Polish Automotive Organization,2021,1,1,0,False,True,2
Recognizing and Splitting Conditional Sentences for Automation of Business Processes Management,2021,3,2,0,True,False,5
Business-Oriented IoT-Aware Process Modeling and Execution,2021,1,3,1,True,False,5
Evaluating Predictive Business Process Monitoring Approaches on Small Event Logs,2021,3,0,0,False,False,3
Business process simulation in practice: An empirical study into current use and user requirements,2021,1,1,0,False,True,2
Robotic process automation and reengineering using Bizagi and UiPath: case study on mortgage request process,2021,0,5,1,True,True,6
Blockchain Won’t Kill the Banks: Why Disintermediation Doesn’t Work in International Trade Finance,2021,4,0,0,False,False,4
Medical Record Encryption Storage System Based on Internet of Things,2021,1,1,0,True,False,2
Cloud and Mobile Systems as a Means of Forming Professional Competencies in Economics and Engineering Students,2021,3,3,0,True,True,6
Applications of Automated Planning for Business Process Management,2021,1,1,0,True,False,2
Enhancing Blockchain-Based Processes with Decentralized Oracles,2021,3,1,0,False,True,4
A Framework of Business Process Monitoring and Prediction Techniques,2021,3,0,0,False,False,3
An XES extension for uncertain event data,2021,2,1,0,False,False,3
Service process improvement based on business process management,2021,3,2,0,True,True,5
A deep adversarial model for suffix and remaining time prediction of event sequences,2021,2,1,0,False,True,3
Mining organizational structures from email logs: An NLP based approach,2021,3,0,0,False,False,3
Digital innovation and business process management: Opportunities and challenges as perceived by practitioners,2021,3,1,2,False,True,6
Event-Driven Business Process Management Enhancing IoT – A Systematic Literature Review and Development of Research Agenda,2021,2,0,0,False,False,2
The Role of Business Processes in Digital Transformation of the Organization,2021,0,0,1,False,False,1
Modeling the Handling of Knowledge for Industry 4.0,2021,1,0,0,False,False,1
Digital Transformation of Business Process Governance,2021,1,0,0,False,False,1
A Model-driven Architecture for Collaborative Business Processes,2021,1,2,0,True,False,3
Comparison of selected enterprise architecture modeling techniques from the perspective of IT services,2021,0,0,1,False,False,1
How to Foster e-Competence in the Public Sector? A Mixed-Method Study Using the Case of BPM,2021,4,0,0,False,False,4
BPM Capability Configuration in Times of Crises: How to Adapt Processes When the Virus Strikes?,2021,2,0,0,False,False,2
Every apprentice needs a master: Feedback-based effectiveness improvements for process model matching,2021,2,0,0,False,False,2
Specialization of business process model and notation applications in medicine-a review,2020,1,1,0,True,False,2
Towards the Method and Information Technology for Evaluation of Business Process Model Quality,2021,2,0,0,False,False,2
Digging for Gold in RPA Projects – A Quantifiable Method to Identify and Prioritize Suitable RPA Process Candidates,2021,1,1,0,False,True,2
BPMN Extensions for Modeling Continuous Processes,2021,1,2,0,True,True,3
On DB-Nets and Their Applications,2021,2,0,0,False,False,2
A new similarity method based on weighted-linear temporal logic tree and weighted directed acyclic graph for graph-based business process models,2020,0,1,2,False,False,3
Exploiting internet of things for business process improvement,2021,1,0,0,False,False,1
Blockchain-based business process management (BPM) framework for service composition in industry 4.0,2020,2,2,0,False,True,4
A knowledge-intensive adaptive business process management framework,2021,1,1,0,False,True,2
"Analysis of business process management capability and information technology in small and medium enterprises in the garment industry (multiple case studies in East Java, Indonesia)",2021,1,1,0,False,True,2
Bringing bpm to the workers: Towards worker-centric management of business processes,2021,2,1,0,False,True,3
Evaluating Perceived Usefulness and Ease of Use of CMMN and DCR,2021,1,0,0,False,False,1
Analysis of one-dimensional compression under awide range of stress with densely arrayed bpm,2021,3,0,0,False,False,3
Data-Driven Annotation of Textual Process Descriptions Based on Formal Meaning Representations,2021,3,0,0,False,False,3
"Maturity Models, Challenges and Open Issues",2021,3,0,0,False,False,3
A call for 'holistic' business process management,2021,1,3,0,True,True,4
Activity efficiency model in business process under conflict information and its application,2021,1,1,2,False,False,4
"Fragment-based case management models: Metamodel, consistency, and correctness",2021,1,0,0,False,False,1
GaBPM: An attempt for the enhancement of BP performance through gamification,2021,2,1,0,False,False,3
Dynamic BPM model for transverse modal instability,2021,3,0,0,False,False,3
Refining Case Models Using Cardinality Constraints,2021,3,0,0,False,False,3
Towards Trust-Aware Collaborative Business Processes: An Approach to Identify Uncertainty,2020,4,0,0,False,False,4
Towards a Hybrid Process Modeling Language,2021,3,0,0,False,False,3
Towards an architecture for assistive process execution environments,2021,3,0,0,False,False,3
Data Interaction for IoT-Aware Wearable Process Management,2021,3,0,0,False,False,3
Data-awareness in B2B process modeling,2021,1,0,0,False,False,1
Unraveling Iterative Control Structures from Business Processes,2021,1,0,1,False,False,2
A Systematic Approach for Maintainable Business Process Models,2021,0,3,0,True,True,3
Cloud Based Business Process Modeling Environment – The Systematic Literature Review,2021,1,1,0,True,False,2
Modern economic management model efficiency business and criticism traditional budgetings,2020,1,1,0,False,True,2
Investigating social contextual factors in remaining-time predictive process monitoring—a survival analysis approach,2020,2,0,1,False,False,3
Competency driven resource evaluation method for business process intelligence,2021,4,0,0,False,False,4
RGB multiplexer using polycarbonate MC-POF technology,2021,2,1,0,False,False,3
Analysis of Business Process Batching Using Causal Event Models,2021,3,1,1,False,False,5
Extension of the BPM lifecycle to promote the maintainability of BPMN models,2021,0,3,0,True,True,3
Blockchain-Based Untrusted Business Process Monitoring With Optimized Computational Infrastructure,2021,0,3,0,True,True,3
Constructing digital twins for accurate and reliable what-if business process analysis,2021,1,0,0,False,False,1
Implementation strategies for erp adaptation in malaysian sme agricultural sector,2020,0,1,1,False,True,2
Improved calendar disc scheduler for LTE advanced networks with HARQ,2021,0,0,2,False,False,2
Lean Manufacturing Model Using a Biotechnological Approach for Increasing Efficiency and Reducing Waste at a Small Plastic Production Company,2021,4,0,0,False,False,4
Process portfolio management for enhanced digital readiness: Insights from a large Australian bank,2021,2,1,0,False,False,3
IT-CMF and BPM critical capability: Improving software development lab on academic context,2021,3,3,0,False,False,6
A new method for organizational process model discovery through the analysis of workflows and data exchange networks,2020,1,2,0,True,True,3
The biggest business process management problems of our time,2021,1,2,1,True,True,4
Business process management for Industry 4.0-Three application cases in the DFKI-Smart-Lego-Factory,2021,2,1,0,True,False,3
Understanding complex process models by abstracting infrequent behavior,2020,3,0,0,False,False,3
Using object oriented analysis design workflow engine for manufacturing industry in IoT,2021,1,0,1,False,False,2
IoT meets BPM: a bidirectional communication architecture for IoT-aware process execution,2020,4,0,0,False,False,4
Eliciting Process Knowledge Through Process Stories,2020,3,1,0,False,False,4
Using business process models for the specification of manufacturing operations,2020,2,1,1,False,False,4
The effect of risk representation using colors and symbols in business process models on operational risk management performance,2021,1,0,1,False,False,2
Business process management of virtual enterprise based on augmented reality,2021,5,0,1,False,False,6
Toward a methodology for case modeling,2020,6,2,1,False,False,9
Data analytics-enable production visibility for Cyber-Physical Production Systems,2020,4,0,1,False,False,5
Integrating exploitative and explorative thinking in business process analysis: A conceptual model and method; [Integrando os pensamentos analítico e intuitivo na análise de processos de negócio],2021,1,1,0,True,False,2
Organizational knowledge in the I4.0 using BPMN: A case study,2021,0,2,0,True,True,2
A Methodology for Tenant Migration in Legacy Shared-Table Multi-tenant Applications,2021,4,0,0,False,False,4
"Blockchain and internet of things for business process management: theory, challenges, and key success factors",2020,1,0,1,False,False,2
Co-creating service-dominant business artifacts with action design research: Towards ambidextrous business process management; [Co-criação de artefatos empresariais de serviços-dominantes com action design research],2021,1,0,0,False,False,1
Representation and presentation of knowledge and processes – an integrated approach for a dynamic communication-intensive environment,2021,2,3,0,False,False,5
Computational decision support system in healthcare: A review and analysis,2021,0,1,0,True,True,1
An Empirical Investigation of the Relationship Between Business Process Transparency and Business Process Attack,2021,1,1,0,True,False,2
On understanding the value of domain modeling,2021,2,0,0,False,False,2
Business process models in the context of predictive process monitoring,2021,1,0,0,False,False,1
A contract-based workflow execution framework for realizing artifact-centric business processes in a dynamic and collaborative environment,2020,1,1,0,False,True,2
Implementation of Aspect-oriented Business Process Models with Web Services,2020,2,2,0,False,False,4
Modeling and Implementing of Industrie 4.0 Scenarios,2021,4,0,0,False,False,4
Competency Cataloging and Localization to Support Organizational Agility in BPM,2020,2,2,0,False,True,4
An analytics architecture for procurement,2020,3,0,0,False,False,3
Enterprise System Capabilities for Organizational Change in the BPM Life Cycle,2020,3,0,0,False,False,3
BPRIM: An integrated framework for business process management and risk management,2020,5,1,0,False,False,6
Process mining-based anomaly detection of additive manufacturing process activities using a game theory modeling approach,2020,1,1,0,True,False,2
Digitalization in the sea-land supply chain: experiences from Italy in rethinking the port operations within inter-organizational relationships,2020,0,2,0,True,True,2
Contributions of business process management promotion techniques to knowledge management: empirical evidence,2020,2,2,0,True,False,4
IoT-based smart home process management using a workflow approach,2020,2,1,0,False,True,3
UniFlexView: A unified framework for consistent construction of BPMN and BPEL process views,2020,1,2,0,True,True,3
Process mining supported process redesign: Matching problems with solutions,2020,3,0,1,False,False,4
"Time and business process management: Problems, achievements, challenges",2020,2,0,0,False,False,2
YAWL: An open source Business Process Management System from science for science,2020,3,0,0,False,False,3
Strategy archetypes for digital transformation: Defining meta objectives using business process management,2020,4,0,0,False,False,4
Improving Emergency Department Through Business Process Redesign: An empirical study,2020,4,0,0,False,False,4
A novel completeness definition of event logs and corresponding generation algorithm,2020,5,2,0,False,False,7
Towards the generalized criterion for evaluation of business process model quality,2020,2,0,0,False,False,2
Runtime verification for business processes utilizing the Bitcoin blockchain,2020,4,0,0,False,False,4
Security requirements engineering framework with BPMN 2.0.2 extension model for development of information systems,2020,2,1,0,True,False,3
A Classification of Digital-Oriented Work Practices,2020,1,1,0,False,True,2
Effective utilization of supervised learning techniques for process model matching,2020,3,0,0,False,False,3
SentiProMo: A Sentiment Analysis-Enabled Social Business Process Modeling Tool,2020,1,0,1,False,False,2
On the Complexity of Resource Controllability in Business Process Management,2020,3,0,0,False,False,3
Securing sensitive data in body area sensor network using blockchain technique,2020,1,0,1,False,False,2
Using metadata for recommending business process,2020,3,0,3,False,False,6
A Report on the WI-2019-Workshop on Model-Based Compliance in Information Systems,2020,10,1,0,False,False,11
Business Process Model Patterns: Classification and Repository of Published Work,2020,4,1,0,False,False,5
Discovering process models for the analysis of application failures under uncertainty of event logs,2020,3,1,0,False,True,4
A composite machine-learning-based framework for supporting low-level event logs to high-level business process model activities mappings enhanced by flexible BPMN model translation,2020,0,0,5,False,False,5
BPM perspectives to support ICSs: Exploiting the integration of formal verifications into investment service provision processes,2020,3,1,0,False,False,4
Conceptualizing a Capability-Based View of Artificial Intelligence Adoption in a BPM Context,2020,1,1,0,False,True,2
Measuring data-centre workflows complexity through process mining: the Google cluster case,2020,4,1,0,False,False,5
Exploring interpretability for predictive process analytics,2020,1,2,0,True,True,3
A Hybrid Approach Based on Reuse Techniques for Autonomic Adaptation of Business Processes,2020,3,2,0,True,False,5
Sensor-based Human–Process Interaction in Discrete Manufacturing,2020,7,0,1,False,False,8
Building 'holistic' business process modelling skills for is graduates,2020,1,2,0,True,False,3
Existing Business Process Models for Model Construction of Multidimensional Business Knowledge: An MDA-Based Transformation Methodology,2020,2,1,0,True,False,3
Business process management and digital innovations: A systematic literature review,2020,1,1,0,False,True,2
Performance evaluation of web service response time probability distribution models for business process cycle time simulation,2020,2,0,0,False,False,2
Generating REST APIs for workow engines with process and data models,2020,1,1,0,False,True,2
"Digitalization, internationalization and scaling of online SMEs",2020,0,1,0,True,True,1
Extraction of missing tendency using decision tree learning in business process event log,2020,2,1,0,False,True,3
A BPM lifecycle plug-in for modeling methods agility,2020,4,0,0,False,False,4
Digital transformation and the new logics of business process management,2020,2,1,0,False,True,3
Selection of Intelligent Financial Management Models for Chinese Enterprises towards An Operational Framework,2020,2,0,0,False,False,2
Data Object Cardinalities in Flexible Business Processes,2020,2,0,0,False,False,2
Towards an Automated Assessment of Graphical (Business Process) Modelling Competences: A Research Agenda,2020,5,2,0,False,False,7
From event logs to goals: a systematic literature review of goal-oriented process mining,2020,2,0,0,False,False,2
Design point. an integrated E-learning & industry 4.0 fashion platform from Italy to Zambia,2020,0,1,0,True,True,1
XNAP: Making LSTM-Based Next Activity Predictions Explainable by Using LRP,2020,4,2,0,False,False,6
Agent-oriented Decision Support System for Business Processes Management with Genetic Algorithm Optimization: an Application in Healthcare,2020,4,1,0,False,True,5
Robotic process automation as a change agent for business processes: Experiences and expectations,2020,1,3,0,False,True,4
Toward configurable modeling for artifact-centric business processes,2020,2,1,0,False,False,3
Customer-centric prioritization of process improvement projects,2020,2,1,0,False,True,3
"Dynamic controllability and (J,K)-Resiliency in generalized constraint networks with uncertainty",2020,3,0,0,False,False,3
Heuristic load scheduling algorithm for stateful cloud bpm engine,2020,2,0,1,False,False,3
The HORSE project: The application of business process management for flexibility in smart manufacturing,2020,3,1,1,False,False,5
Exploratory study of the BPM tools used by romanian industrial service companies to increase business performance,2020,1,4,0,True,False,5
An ontology for BPM in digital transformation and innovation,2020,1,2,0,True,False,3
Method towards discovering potential opportunity information during cross-organisational business processes using role identification analysis within complex social network,2020,0,4,1,False,True,5
"The relation between BPM culture, BPM methods, and process performance: Evidence from quantitative field studies",2020,0,1,2,True,False,3
The Enterprise Architect as a Crisis Manager: Insights from Lufthansa,2020,4,1,0,False,False,5
A qualitative analysis of the state of the art in process extraction from text,2020,2,1,0,False,True,3
The Effect of Process Length on Process Acceptance,2020,2,0,0,False,False,2
Environmental Sustainability through Green Business Process Management,2020,0,2,0,True,True,2
Upgradeability Concept for Collaborative Blockchain-Based Business Process Execution Framework,2020,3,0,0,False,False,3
Evaluating support for implementing BPMN 2.0 elements in business process management systems,2020,3,1,0,False,True,4
ANALYSIS and APPLICATION of MIN-COST TRANSITION SYSTEMS to BUSINESS PROCESS MANAGEMENT,2020,1,1,1,False,True,3
Dynamically switching execution context in data-centric BPM approaches,2020,3,0,0,False,False,3
"Technology-, Human-, and Data-Driven Developments in Business Process Management: A Literature Analysis",2020,2,1,1,False,False,4
A Code-Efficient Process Scripting Language,2020,5,0,1,False,False,6
Assessing the relationship between bpm maturity and the success of organizations,2020,1,1,0,True,False,2
B-MERODE: A Model-Driven Engineering and Artifact-Centric Approach to Generate Blockchain-Based Information Systems,2020,2,1,0,False,True,3
Contribution of Open Source Software to the Management of Inclusive Entrepreneurships,2020,5,1,0,False,True,6
Holistic guidelines for selecting and adapting bpm maturity models (BPM MMS),2020,1,3,0,True,True,4
Process model discovery from unlabeled event logs by using non-overlapping sequential distinct event patterns,2020,2,0,1,False,False,3
Business process management systems in port processes: A systematic literature review,2020,1,2,0,True,False,3
Process modelling (bpm) in healthcare – breast cancer screening,2020,1,2,0,True,False,3
"Formal specification, implementation, and evaluation of the AdoBPRIM approach",2020,5,1,0,True,False,6
Business process improvement with performance-based sequential experiments (extended abstract),2020,1,0,0,False,False,1
Correlating data objects in fragment-based case management,2020,2,0,0,False,False,2
Workforce Upskilling: A History-Based Approach for Recommending Unfamiliar Process Activities,2020,1,1,0,True,False,2
DEVELOPMENT OF AN APPROACH TO MANAGING DRY FRUIT SUPPLY CHAINS USING EXPERT SYSTEMS,2020,1,0,1,False,False,2
Security and Safety by Design in the Internet of Actors: An Architectural Approach,2020,3,1,0,False,True,4
Bp-it alignment in smes: A game-based learning approach to increase stakeholders’ maturity,2020,1,1,0,True,False,2
Using Physical Factory Simulation Models for Business Process Management Research,2020,3,1,0,False,True,4
A process scripting and execution environment,2020,5,0,1,False,False,6
Adopting technological devices in hospital at home: A modelling and simulation perspective,2020,8,7,1,True,True,16
How to make business process maturity models better - Drawing on design science research,2020,1,1,0,True,False,2
"Leveraging artificial intelligence for business process management (extended abstract): A contribution to reference model mining, predictive process monitoring, and process discovery",2020,0,1,0,True,True,1
Become a Scrum Master: Immersive Virtual Reality Training to Learn Scrum Framework,2020,1,1,0,True,False,2
Challenges in embracing customer-centricity: The case of outside-in in a South African financial institution,2020,0,2,0,True,True,2
Accurate and efficient discovery of process models from event logs (extended abstract),2020,1,0,0,False,False,1
Silver Bullet for All Trust Issues? Blockchain-Based Trust Patterns for Collaborative Business Processes,2020,2,1,0,False,False,3
Factors impacting successful BPMS adoption and use: A South African financial services case study,2020,0,2,0,True,True,2
Cost modeling of business processes and structure of discrete accounting objects: Experience of restaurant business,2020,0,1,0,True,True,1
It culture and bpm adoption in organizations,2020,2,0,0,False,False,2
Process meets project prioritization - A decision model for developing process improvement roadmaps,2020,3,1,0,True,False,4
Business Process Management Based on Subject Orientation from an Economic/Industrial Perspective: How the Coronavirus Highlights the Huge Advantages of Subject Orientation,2020,1,0,0,False,False,1
An architecture for multi-chain business process choreographies,2020,2,0,1,False,False,3
Designing user engagement for cognitively-enhanced processes,2020,2,1,0,False,False,3
Business process knowledge management: Literature review,2020,1,1,0,False,True,2
Celonis process repository: A bridge between business process management and process mining,2020,4,1,0,False,True,5
Prescriptive business process monitoring for recommending next best actions,2020,3,1,0,False,False,4
Dynamic process synchronization using bpmn 2.0 to support buffering and (un)bundling in manufacturing,2020,3,1,0,False,True,4
BPM motivations framework for digital challenges: Lessons learned from customer use cases,2020,0,3,0,True,True,3
The impact of dynamic balanced scorecard in knowledge-intensive organizations' business process management: A new approach evidenced by small and medium-size enterprises in Latin America,2020,1,2,0,False,True,3
Automated planning for supporting knowledge-intensive processes,2020,3,2,0,True,True,5
Log automaton under conditions of infrequent behaviour mining,2020,2,1,1,False,False,4
Bot Log Mining: Using Logs from Robotic Process Automation for Process Mining,2020,6,0,0,False,False,6
Effects of shared financial services on firm performance,2020,2,0,1,False,False,3
Tindustry: Matchmaking for I4.0 Components,2020,4,0,0,False,False,4
Business Process Management Systems: Evolution and Development Trends,2020,1,1,0,False,True,2
Analyzing software application integration into evolving enterprise business processes using process architectures,2020,1,1,0,True,False,2
Is BPM truly a critical success factor for ERP adoption? An examination within the public sector,2020,0,1,0,True,True,1
Subject-Oriented Value-Stream Mapping with SiSi,2020,1,1,1,False,True,3
An agent-oriented methodology for business process management,2020,1,1,0,True,False,2
Cross-case data objects in business processes: Semantics and analysis,2020,2,0,0,False,False,2
The role of web-sphere for managing supply chain business objects in heterogeneous systems,2020,2,1,0,True,False,3
Efficiency investigation and optimization of contract management business processes in a workwear rental and laundry service company,2020,2,0,0,False,False,2
Towards process-oriented employee appraisals and rewards: An exploratory case study,2020,0,1,0,True,True,1
Limitations of Choreography Specifications with BPMN,2020,1,0,0,False,False,1
"Quo vadis, business process maturity model? learning from the past to envision the future",2020,1,1,0,True,False,2
DeepAlign: Alignment-Based Process Anomaly Correction Using Recurrent Neural Networks,2020,4,0,0,False,False,4
Task-Based Design of Cyber-Physical Systems – Meeting Representational Requirements with S-BPM,2020,3,0,0,False,False,3
CogBPMN: Representing human-computer symbiosis in the cognitive era,2020,3,2,0,True,False,5
S-BPM Diagrams as Decision Aids in a Decision Based Framework for CPS Development,2020,1,0,0,False,False,1
Process mining in the rail industry: A qualitative analysis of success factors and remaining challenges,2020,2,0,0,False,False,2
Exploring blockchain technology to improve multi-party relationship in business process management systems,2020,8,1,1,False,False,10
A Grammatical Model for the Specification of Administrative Workflow Using Scenario as Modelling Unit,2020,3,1,0,True,False,4
A toolbox for the internet of things - Easing the setup of IoT applications,2020,2,2,0,False,True,4
Business process monitoring on blockchains: Potentials and challenges,2020,3,0,0,False,False,3
Actionable Conformance Checking: From Intuitions to Code,2020,3,0,0,False,False,3
An exploratory view on risk management constructs for business process models,2020,5,0,0,False,False,5
It’s about the documents: Re-engineering business processes in public administrations,2020,2,0,0,False,False,2
An Approach for Process Model Extraction by Multi-grained Text Classification,2020,4,3,1,False,False,8
Understanding quality in declarative process modeling through the mental models of experts,2020,4,2,0,False,True,6
Research into Regional Specificity of Information Support Tools in Business Process Management,2020,1,1,0,False,True,2
Verification and Compliance in Collaborative Processes,2020,0,2,0,True,True,2
Reference process model for disaster response operations,2020,4,2,0,False,False,6
A typological framework of process improvement project stakeholders,2020,1,4,0,True,True,5
Application of blockchain in the wind industry,2020,1,0,0,False,False,1
Towards a Process Based Approach to Address Investment Inefficiencies in Digitalization,2020,1,1,0,False,True,2
Flexible Integration of Blockchain with Business Process Automation: A Federated Architecture,2020,4,0,0,False,False,4
Performance Investigation and Proposal for Updates on the Exchange Standard for PASS,2020,1,0,1,False,False,2
Explorative process design patterns,2020,1,0,0,False,False,1
Interorganizational process execution beyond ethereum: Road to a special purpose ecosystem,2020,2,0,0,False,False,2
"Process Mining in Manufacturing: Goals, Techniques and Applications",2020,2,2,0,False,True,4
Advancing conceptual modeling education towards a generalized model value proposition,2020,1,2,0,True,False,3
Process reference models: accelerator for digital transformation,2020,2,0,0,False,False,2
Modeling Business Process and Events,2020,1,1,0,True,False,2
Mapping Execution and Model Semantics for Subject-Oriented Process Models,2020,1,0,1,False,False,2
An open-source integration of process mining features into the camunda workflow engine: Data extraction and challenges,2020,3,1,0,False,True,4
Integrating Robotic Process Automation into Business Process Management,2020,4,0,0,False,False,4
Digging into Business Process Meta-models: A First Ontological Analysis,2020,0,3,0,True,True,3
Stochastic-Aware Conformance Checking: An Entropy-Based Approach,2020,2,0,0,False,False,2
Modelling and optimization of wind farms’ processes using BPM,2020,3,3,0,True,True,6
Walking Pace Induction Application Based on the BPM and RhythmValue of Music,2020,4,0,0,False,False,4
A process model collection with structural variants and evaluations,2020,1,1,0,True,False,2
The role of corporate ontology in the IT support of processes management,2020,3,0,0,False,False,3
Malicious documents detection for business process management based on multi-layer abstract model,2019,3,0,4,False,False,7
Optical transport network management via machine learning and ontology-based technique,2020,1,0,0,False,False,1
Business process management and outsourcing,2019,1,1,0,True,False,2
Incorporating organizational aspects into fragment-based case management,2020,1,0,0,False,False,1
Business process analysis and change management: The role of material resource planning and discrete-event simulation,2020,2,2,0,False,True,4
The Role of Controlling in Process Management,2020,2,0,0,False,False,2
Business Process Modelling to Improve Incident Management Process,2020,4,1,0,False,False,5
Conceptual modelling and artificial intelligence overview and research challenges from the perspective of predictive business process management,2020,1,0,0,False,False,1
Model-based quality assurance of online business processes,2019,3,1,0,False,False,4
Autoencoders for improving quality of process event logs,2019,3,0,2,False,False,5
Governance Challenges Constraining Business Process Management: The Case of a Large South African Financial Services Corporate,2020,0,2,0,True,True,2
Integrating Corporate Social Responsibility to a Process-Based Cost Analysis System,2020,1,2,0,False,True,3
Using Process Automation for Optimizing Engineering Practice,2020,3,2,0,False,False,5
ErgoSMED: A Methodology to Reduce Setup Times and Improve Ergonomic Conditions,2020,0,2,0,True,True,2
Process-aware enactment of clinical guidelines through multimodal interfaces,2019,3,2,0,True,False,5
Intelligent Support of the Business Process Model Analysis and Improvement Method,2020,2,0,0,False,False,2
Optimal autonomous architecture for uncertain processes management,2019,2,1,0,True,False,3
"Soil survey to support land use/land cover planning in BPS and BPM region in Gangajalghati block, West Bengal, India",2019,2,0,0,False,False,2
Modeling and implementation of web services composition based on mards,2019,3,1,0,True,False,4
A Blockchain-based and resource-aware process execution engine,2019,4,0,0,False,False,4
Applied business process management: An information systems approach to improve service delivery in public hospitals of low- and middle-income countries,2019,1,2,0,True,True,3
Monitoring personnel presence and displacement in production facilities using RFID technology,2020,3,0,0,False,False,3
Conceptualization of a smart service platform for last mile logistics,2020,4,1,0,False,False,5
Business Layer: An Enterprise Approach for Workflow Engine and Record Management Systems Integration,2020,3,0,0,False,False,3
A Theoretical Framework for IT-Enabled and IT-Enforced Corporate Governance Compliance Utilizing BPMSs,2020,1,1,0,False,True,2
Introducing extended DEMO construction model to RPA application,2020,1,1,0,True,False,2
Impact of automation to event management efficiency,2020,1,1,0,False,True,2
Human-computer interaction in business process external tasks,2020,2,1,0,False,True,3
Ten years of visualization of business process models: A systematic literature review,2019,1,2,0,False,True,3
BPRIM: An integrated framework for business process management and risk management,2019,5,1,0,False,False,6
Process discovery in business process management optimization,2019,3,0,0,False,False,3
Semi-automatic inductive construction of reference process models that represent best practices in public administrations: A method,2019,5,0,0,False,False,5
On comparing manual and automatic generated textual descriptions of business process models,2019,3,1,0,False,False,4
An automation framework design for secure software development,2019,0,0,4,False,False,4
TIMOM: A Novel Time Influence Multi-objective Optimization Cloud Data Storage Model for Business Process Management,2020,4,1,1,False,False,6
Towards modeling privity and enforceability requirements for BPM based smart contracts,2020,1,0,0,False,False,1
Design thinking and process transformation: Synergy of these approaches,2020,1,0,1,False,False,2
Integrating domain ontologies in an MDA-based development process of e-health management systems at the CIM level,2020,2,3,0,True,False,5
Process innovation and improvement using business object-oriented process modelling (BOOPM) framework,2019,1,1,0,True,False,2
Automated planning of process models: The construction of parallel splits and synchronizations,2019,3,0,0,False,False,3
Alignment of management by processes and quality tools and lean to reduce unfilled orders of fabrics for export: A case study,2020,2,0,3,False,False,5
A non-linear business process management maturity framework to apprehend future challenges,2019,3,1,0,True,False,4
The knowledge and process dimensions,2020,1,0,0,False,False,1
Project Management as a Tool for Smart University Creation and Development,2020,0,4,0,True,True,4
A simulation-driven approach to decision support in process reorganization: A case study in healthcare,2020,2,1,0,True,False,3
Modeling and formal verification of web services composition using CADP,2019,3,1,0,True,False,4
A highly efficient algorithm towards optimal data storage and regeneration cost in multiple clouds,2019,2,1,1,False,False,4
Messaged Multi-agent System as a Tool for Strengthening Innovative Capabilities of Business Models,2020,2,0,0,False,False,2
Enterprise architecture best practices in large corporations,2019,1,0,0,False,False,1
Batch activity: enhancing business process modeling and enactment with batch processing,2019,1,1,0,True,False,2
Applying agile methods and personas to S-BPM,2019,1,1,0,False,True,2
Ant-Colony Optimisation for Path Recommendation in Business Process Execution,2019,1,0,0,False,False,1
From BPMN process models to DMN decision models,2019,1,3,0,True,False,4
An XPDL-based workflow control-structure and data-sequence analyzer,2019,0,0,1,False,False,1
Integrated Records Management: Using Software Design Approach to Support Business Process Management and Compliance in the Networked Environment,2019,2,0,0,False,False,2
BAGH-Comparative Study,2019,0,0,1,False,False,1
Corporate competitiveness index of climate change: A balanced scorecard approach,2019,1,1,1,False,True,3
Adaptive control of criticality infrastructure in automatic closed-loop supply chain considering uncertainty,2019,2,1,0,True,False,3
People & process dimensions of automation in business process management industry,2019,3,0,0,False,False,3
Discovering commute patterns via process mining,2019,2,0,0,False,False,2
The Play Your Process Method for Business Process-Based Digital Game Design,2019,3,1,0,False,False,4
Approaching Green BPM characterisation,2019,1,3,0,True,False,4
Using a business process management system to model dynamic teaching methods,2019,2,1,0,False,True,3
Automated Planning for Business Process Management,2019,0,1,0,True,True,1
Edge Process Management: A case study on adaptive task scheduling in mobile IoT,2019,2,1,0,False,False,3
From event streams to process models and back: Challenges and opportunities,2019,6,3,1,True,False,10
An empirical comparison of classification techniques for next event prediction using business process event logs,2019,2,0,0,False,False,2
"The influence of big data analytics management capabilities on supply chain preparedness, alertness and agility: An empirical investigation",2019,1,0,0,False,False,1
Modeling and execution of blockchain-aware business processes,2019,4,0,0,False,False,4
ABPMDF: Towards a framework for automated model discovery from process event logs for business intelligence,2019,1,0,1,False,False,2
Quality management of internal supply chain in Halal food manufacturer,2019,3,1,1,True,False,5
Monitoring the software bug-fixing process through the process mining approach,2019,0,2,0,True,True,2
"Business process runtime models: towards bridging the gap between design, enactment, and evaluation of business processes",2019,2,1,0,True,False,3
Integrating BPM and big data for BP modeling adaptability,2019,0,2,0,True,True,2
On leveraging the fruits of research efforts in the arena of business process modeling formalisms: a map-driven approach for decision making,2019,0,3,0,True,True,3
Event-based failure prediction in distributed business processes,2019,4,1,0,False,False,5
DALEC: a framework for the systematic evaluation of data-centric approaches to process management software,2019,5,1,0,False,False,6
A study on the adaptive approach to technology-driven enhancement of multi-scenario business processes,2019,2,0,0,False,False,2
Caterpillar: A business process execution engine on the Ethereum blockchain,2019,4,1,0,True,False,5
Optimization method based on big data in business process management,2019,3,2,0,False,True,5
Flexible and reliable ERP project customization framework to improve user satisfaction level,2019,0,0,3,False,False,3
Spreadsheets as interoperability solution for business process representation,2019,3,1,0,False,False,4
Business process outsourcing to cloud containers: How to find the optimal deployment?,2019,0,4,0,True,True,4
Discovering more precise process models from event logs by filtering out chaotic activities,2019,2,1,0,False,False,3
Verification of behavioral soundness for artifact-centric business process model with synchronizations,2019,2,1,0,False,False,3
Change management of service-based business processes,2019,3,0,0,False,False,3
A novel approach for IoT based wearable health monitoring and messaging system,2019,4,0,0,False,False,4
Green BPM as a business-oriented discipline: A systematic mapping study and research agenda,2019,1,1,0,False,True,2
Investigating the environmental antecedents of organizations’ intention to adopt agile software development,2019,1,0,1,False,False,2
Visual ppinot: A Graphical Notation for Process Performance Indicators,2019,4,2,0,True,False,6
Assessing flexibility in event-driven process adaptation,2019,5,0,0,False,False,5
Spectral efficient pulse shape design for UWB communication with reduced ringing effect and performance evaluation for IEEE 802.15.4a channel,2019,2,0,0,False,False,2
Applications of linear defeasible logic: Combining resource consumption and exceptions to energy management and business processes,2019,4,0,0,False,False,4
Business process improvement with the AB-BPM methodology,2019,3,1,1,False,False,5
Ica based non contact heart rate measurement,2019,0,0,3,False,False,3
Conformance checking in UML artifact-centric business process models,2019,3,1,0,True,False,4
Complexity metrics for DMN decision models,2019,1,0,1,False,False,2
Technology dimensions of automation in business process management industry,2019,3,0,0,False,False,3
"Model mining: Integrating data analytics, modelling and verification",2019,1,0,0,False,False,1
MEdit4CEP-CPN: An approach for complex event processing modeling by prioritized colored petri nets,2019,3,2,0,False,True,5
Goal-oriented dependency analysis for service identification,2019,2,0,2,False,False,4
Software implementation of e-trade business process management information system,2019,1,3,0,False,True,4
A vector-based classification approach for remaining time prediction in business processes,2019,3,0,0,False,False,3
Improvement and digitalization of business processes in small-medium enterprises,2019,2,0,0,False,False,2
The influence of automated planning on the task performance of process modelers,2019,1,0,0,False,False,1
Trust-Aware Process Design,2019,1,0,0,False,False,1
Integrating IoT with BPM to Provide Value to Cattle Farmers in Australia,2019,1,0,0,False,False,1
Checking Compliance in Data-Driven Case Management,2019,3,1,0,False,False,4
Model-Driven Context Configuration in Business Process Management Systems: An Approach Based on Knowledge Graphs,2019,3,2,0,False,False,5
A Trusted System Framework for Electronic Records Management Based on Blockchain,2019,1,1,3,False,True,5
A Conceptual Blueprint for Enterprise Architecture Model-Driven Business Process Optimization,2019,1,1,0,True,False,2
Modeling and simulation of the hospital-at-home service admission process,2019,4,3,0,True,True,7
A DMS to support industrial process decision-making: A contribution under Industry 4.0,2019,4,0,1,False,False,5
Earth movers’ stochastic conformance checking,2019,2,1,0,False,False,3
Performance Effects of Dynamic Capabilities: The Interaction Effect of Process Management Capabilities,2019,2,2,0,True,False,4
Optimized renovation strategies of education building - A novel BIM/BPM/BEM framework,2019,0,0,1,False,False,1
BPMN and DMN for Easy Customizing of Manufacturing Execution Systems,2019,1,1,0,False,True,2
Towards Goal-oriented Analysis and Redesign of BPMN Models,2019,2,0,0,False,False,2
"Antecedent and business process management non-technical capabilities in social media implementation for micro, small and medium enterprises: A conceptual model",2019,1,1,0,True,False,2
Design and Operationalization of Connectivist Activities: An Approach Through Business Process Management,2019,2,1,0,True,False,3
Exploring Explorative BPM - Setting the Ground for Future Research,2019,3,1,1,False,False,5
KBCBP: A Knowledge-Based Collaborative Business Process Model Supporting Dynamic Procuratorial Activities and Roles,2019,5,0,1,False,False,6
KPI-Based Approach for Business Process Improvement,2019,0,2,0,True,True,2
"Regulatory Instability, Business Process Management Technology, and BPM Skill Configurations",2019,2,0,0,False,False,2
Putting Decisions in Perspective,2019,1,0,0,False,False,1
Deriving Key Performance Indicators from Business Process Model,2019,1,0,0,False,False,1
From openness to change to patients’ satisfaction: A business process management approach,2019,3,0,0,False,False,3
A Taxonomy for Personal Processes: Results from a Semi-structured Interview,2019,3,0,1,False,False,4
An Experiment to Analyze the Use of Process Modeling Guidelines to Create High-Quality Process Models,2019,3,1,2,False,True,6
A Practical Medical Experience of Successfully Mixing Model-Driven Paradigm and Business Process Management Principles,2019,1,0,2,False,False,3
MELODIC: Selection and Integration of Open Source to Build an Autonomic Cross-Cloud Deployment Platform,2019,5,1,0,False,False,6
An Empirical Analysis of Supply Chain BPM Model Based on Blockchain and IoT Integrated System,2019,0,1,0,True,True,1
Business Process Matching Analytics,2019,0,3,0,True,True,3
A Tour in Process Mining: From Practice to Algorithmic Challenges,2019,4,0,0,False,False,4
The leadership influences in BPM lifecycle,2019,1,1,0,True,False,2
Development of a Modeling Architecture Incorporating the Industry 4.0 View for a Company in the Gas Sector,2019,3,0,0,False,False,3
Relation between business process management maturity and innovation in the financial sector,2019,3,0,0,False,False,3
Applying Business Architecture Principles with Domain-Specific Ontology for ACM Modelling: A Building Construction Project Example,2019,6,1,0,False,False,7
Robotic Process Automation: Systematic Literature Review,2019,0,3,0,True,True,3
Business processes and chains of Kazakhstan how do organisations start blockchain projects and evolve throughout?,2019,1,1,1,False,True,3
At home genetic testing business process management platform,2019,1,0,0,False,False,1
Extracting Event Logs for Process Mining from Data Stored on the Blockchain,2019,4,1,0,False,True,5
Determining the Threshold Values of Quality Metrics in BPMN Process Models Using Data Mining Techniques,2019,0,2,0,True,True,2
Understanding theory of workarounds in practice,2019,3,3,0,False,True,6
Business Process Management vs Modeling of the Process of Knowledge Management in Contemporary Enterprises,2019,0,1,0,True,True,1
Improving Airline Operations Efficiency via Flexible Business Process Management,2019,1,1,0,False,True,2
Blockchain and Services – Exploring the Links: Keynote Paper,2019,1,0,0,False,False,1
Fail Detection in WfM/BPM Systems from Event Log Sequences Using HMM-Type Models,2019,2,0,0,False,False,2
Process selection in RPA projects - Towards a quantifiable method of decision making,2019,6,0,0,False,False,6
How Cognitive Processes Make Us Smarter,2019,0,1,0,True,True,1
A Hybrid Process Mining Approach for Business Processes in Financial Organizations,2019,3,0,0,False,False,3
Multi-criteria knowledge-based recommender system for decision support in complex business processes,2019,0,2,0,True,True,2
Developing a structured approach to converging business process management and customer experience management initiatives,2019,1,1,0,False,True,2
Mining Process Mining Practices: An Exploratory Characterization of Information Needs in Process Analytics,2019,3,0,0,False,False,3
Robotic Process Automation in Public Administrations,2019,3,0,0,False,False,3
Big Data Approach and its applications in Various Fields: Review,2019,3,1,0,True,False,4
Goal-oriented Process Enhancement and Discovery,2019,2,0,0,False,False,2
Anti-patterns for Process Modeling Problems: An Analysis of BPMN 2.0-Based Tools Behavior,2019,2,1,1,False,True,4
Elevating social sustainability in business processes: A pattern-based approach,2019,3,1,0,False,False,4
A novel enterprise resource planning system framework based on blockchain,2019,2,1,0,True,False,3
Seeking operational excellence via the digital transformation of perioperative scheduling,2019,1,3,0,False,True,4
Understanding the Alignment of Employee Appraisals and Rewards with Business Processes,2019,0,2,0,True,True,2
Process performance measurement system characteristics: An empirically validated framework,2019,2,1,1,False,False,4
Conceptualizing the Convergence Model of Business Process Management and Customer Experience Management,2019,1,1,0,False,True,2
"IoT for BPMers. Challenges, Case Studies and Successful Applications",2019,2,1,0,False,False,3
Business Process Management and Environmental Sustainability – Insights from the Hospitality Industry,2019,0,2,0,True,True,2
Performance Mining for Batch Processing Using the Performance Spectrum,2019,1,1,0,True,False,2
Digital competences of administrative and management personnel: Problems of identification and prospects of formation in the context of the economy digitalization,2019,1,0,1,False,False,2
On the Radical De- and Re-Construction of Today's Enterprise Applications,2019,1,0,0,False,False,1
E-business learning tool for online banking based on BPM (business process management),2019,2,0,0,False,False,2
Balancing Privity and Enforceability of BPM-Based Smart Contracts on Blockchains,2019,3,0,0,False,False,3
Analyze in Depth Health Care Business Process and Key Performance Indicators using Process Mining,2019,0,2,0,True,True,2
A conceptual model for the use of social software in business process management and knowledge management,2019,1,0,1,False,False,2
Simplification of Complex Process Models by Abstracting Infrequent Behaviour,2019,3,0,0,False,False,3
Sensor-based business process model for appliance repair,2019,0,3,0,True,True,3
Understanding the Need for New Perspectives on BPM in the Digital Age: An Empirical Analysis,2019,2,0,0,False,False,2
Improvement of the food hygiene and safety production process of a Not-for-profit organization using Business Process Model and Notation (BPMN),2019,2,0,1,False,False,3
An approach for Business Process Improvement Based on Simulation Technique,2019,0,3,0,True,True,3
Computing History-Dependent Schedules for Processes with Temporal Constraints,2019,1,0,0,False,False,1
Analyzing linkage between business process management (BPM) capability and information technology: A case study in garment SMEs,2019,1,1,0,True,False,2
Design Patterns for Business Process Individualization,2019,2,2,0,False,False,4
Business Processes and Flexibility: A Theoretical Perspective,2019,2,1,0,False,False,3
History-aware dynamic process fragmentation for risk-aware resource allocation,2019,1,1,0,False,True,2
Service Orchestration with Priority Constraints,2019,1,2,0,True,False,3
BPMN wheel: Board game for business process modelling,2019,1,1,0,True,False,2
"Towards Improving Business Processes based on preconfigured KPI target values, Process Mining and Redesign Patterns",2019,1,2,0,True,True,3
Inter-dependencies on BPM maturity model capability factors in deriving BPM roadmap,2019,4,0,0,False,False,4
Optimized resource allocations in business process models,2019,3,1,1,False,False,5
A generic framework for flexible and data-aware business process engines,2019,3,0,0,False,False,3
Building a BPM application in an SOA-based legacy environment,2019,2,0,0,False,False,2
Proposal for an approach to evaluate continuity in service supply chains: Case of the Moroccan electricity supply chain,2019,1,1,0,True,False,2
Global accounting with the TIM BPM Suite at Deutsche Bahn Group,2019,2,0,1,False,False,3
Predictive and prescriptive monitoring of business process outcomes,2019,0,1,0,True,True,1
Fifty Shades of Green: How Informative is a Compliant Process Trace?,2019,3,1,0,True,False,4
Self-managed workows for cyber-physical systems,2019,1,0,0,False,False,1
TReAT: A tool for analyzing relations between tasks in a process,2019,3,0,0,False,False,3
Business-IT alignment improvement in co-creation value networks: design of a reference model-based support,2019,3,1,0,True,False,4
Method of Decision-Making Logic Discovery in the Business Process Textual Data,2019,0,3,0,True,True,3
Social Paradigms for Reducing Process Modeling Cost,2019,4,0,0,False,False,4
A context-aware process mining predictive model,2019,1,0,1,False,False,2
Defining social business process management: A Delphi study,2019,0,1,0,True,True,1
Embedding a TANGO device into a digital BPM,2019,0,0,4,False,False,4
Natural language processing with process models (NLP4RE report paper),2019,2,1,1,False,False,4
"Everything You Always Wanted to Know About Petri Nets, but Were Afraid to Ask",2019,1,0,0,False,False,1
An Experience in Modelling Business Process Architecture,2019,3,0,0,False,False,3
Cognitive BPM: Business process automation and innovation with artificial intelligence,2019,1,0,0,False,False,1
Enabling technologies of industry 4.0 and their global forerunners: An empirical study of the web of science database,2019,1,1,1,False,True,3
Multimode interference-Based 1 x 8 optical power splitter using GaN semiconductors,2019,2,4,0,True,True,6
A practical medical experience of successfully mixing model-driven paradigm and business process management principles,2019,1,0,2,False,False,3
Automated Consistency Management in BPMN Based Business Process Models,2019,0,1,1,True,False,2
Adaptive case management – Creating a case template for social care organizations,2019,3,0,0,False,False,3
Data-driven Deep Learning for Proactive Terminal Process Management,2019,3,0,0,False,False,3
Deriving integrated software design models from BPMN business process models,2019,1,1,0,True,False,2
A Conceptual Business Process Entity with Lifecycle and Compliance Alignment,2019,3,0,1,False,False,4
Towards model-driven role engineering in BPM software systems,2019,3,0,0,False,False,3
Exploring BPM adoption and strategic alignment of processes at Raiffeisen bank Kosovo,2019,1,1,0,True,False,2
Development of government it services planning using togaf ADM and implementation using SOA-BPM with bpmn 2.0,2019,0,0,2,False,False,2
Subject-Orientation as a Means for Business Information System Design – A Theoretical Analysis and Summary,2019,0,1,1,False,True,2
The role of culture in business process management adoption,2019,1,0,0,False,False,1
"Business rule optimisation: problem definition, proof-of-concept and application areas",2019,1,0,0,False,False,1
The adaptation of a model of an artifact-centric business process instance and its validation,2019,2,0,0,False,False,2
A processes reference framework for creative and cultural industries,2019,3,3,0,False,False,6
Mixed methods approach as requirements analysis of a method for process harmonization in design science research,2019,0,1,0,True,True,1
Requirement engineering framework for financial cloud (ReF-FC),2019,2,0,0,False,False,2
Budgeting integration with a business strategy and accounting system in business process management - Case study of ukrainian company,2019,1,1,0,True,False,2
Value model-based digital transformation of business processes in enterprises,2019,1,1,0,False,True,2
The Method of Translation of the Diagram with One Type Directed Links into the Inhibitor Petri Net,2019,3,1,0,False,True,4
Leadership in public sector business process management initiatives - A developing country perspective,2019,1,0,0,False,False,1
Process Model Matching with Word Embeddings,2019,2,1,0,False,False,3
Towards a Software System for Facilitating the Reuse of Business Processes,2019,4,0,0,False,False,4
Extracting Customer Traces from CRMS: From Software to Process Models,2019,0,2,0,True,True,2
BPM as a Service Based on Cloud Computing,2019,1,2,0,True,True,3
Disclosure analysis of SQL workflows,2019,3,0,0,False,False,3
Automation of Workflow Design in an Industrial Enterprise,2019,3,0,0,False,False,3
Responsibility modeling and tracking against process performance indicators,2019,0,1,1,True,False,2
Mechanisms for creating successful BPM governance: Insights from Commonwealth Bank of Australia,2019,3,2,0,True,False,5
The business process management game,2019,2,0,0,False,False,2
Assessing process suitability for AI-based automation. research idea and design,2019,0,1,0,True,True,1
BPM adoption at Bilfinger,2019,2,1,0,False,True,3
Ditching labor-intensive paper-based processes: Process automation in a Czech insurance company,2019,2,1,1,False,True,4
Enabling Co-creation in Product Design Processes Using 3D-Printing Processes,2019,2,4,0,False,True,6
The impact of digital transformation on economic of BRICS countries,2019,2,0,0,False,False,2
Business process support in the context of records management,2019,3,0,0,False,False,3
Conception of magnetic memory switched by time dependent current density and current electron spin polarization,2019,0,0,2,False,False,2
Process mining as a strategy of inquiry: Understanding design interventions and the development of business processes,2019,1,0,0,False,False,1
Checking Business Process Models for Compliance – Comparing Graph Matching and Temporal Logic,2019,1,0,0,False,False,1
A conceptual modeling framework for software-enabled enterprise transformation,2019,0,1,0,True,True,1
Integrating multi-agent simulations into enterprise application landscapes,2019,2,0,0,False,False,2
"Improved patient journeys: ERP transformation and the radical deployment of process management across 500,000 nursing days at Hirslanden",2019,1,1,1,False,False,3
Emails analysis for business process discovery,2019,2,2,0,False,True,4
Towards dynamic resource management in business processes,2019,3,1,0,False,False,4
Coordinating Large Distributed Process Structures,2019,3,0,0,False,False,3
Managing and Simplifying Cognitive Business Operations Using Process Architecture Models,2019,3,1,0,True,False,4
Towards the generation of the “perfect” log using abductive logic programming,2019,4,4,1,False,False,9
Exploring BPM Adoption Factors: Insights into Literature and Experts Knowledge,2019,0,1,0,True,True,1
A method for business process model analysis and improvement,2019,2,0,0,False,False,2
3D Virtual World BPM Training Systems: Process Gateway Experimental Results,2019,3,2,0,False,False,5
Boosting Motivation Through Process Gamification: Evidence from Higher Education,2019,2,1,0,True,False,3
what roles do decisions play in context-aware Business Process Management?,2019,0,2,3,False,True,5
Practical experiences in the use of pattern-recognition strategies to transform software project plans into software business processes of information technology companies,2019,1,0,4,False,False,5
BPM Adoption in Serbian Companies,2019,2,3,0,True,True,5
A DMN-Based Method for Context-Aware Business Process Modeling Towards Process Variability,2019,0,2,3,False,True,5
Processcity: Visualizing business processes as city metaphor,2019,0,1,0,True,True,1
Estimating the duration of blockchain-based business processes using simulation,2019,1,0,0,False,False,1
Analysis of massive e-learning processes: An approach based on big association rules mining,2019,0,2,0,True,True,2
Towards an easy transition for legacy systems evolution with the extension for BPtrends methodology,2019,4,1,0,False,False,5
Value-Driven Robotic Process Automation (RPA): A Process-Led Approach to Fast Results at Minimal Risk,2019,2,0,0,False,False,2
Gamification of business process modeling: A board game approach to knowledge acquisition and business process modeling with BPMN,2019,0,1,0,True,True,1
Visualization of Environmental Performance Indicators (EPI) on business process models: A hospitality industry perspective,2019,0,1,0,True,True,1
What's going to happen to business process management? Current status and future of a discipline,2019,1,0,0,False,False,1
Towards goal-oriented analysis and redesign of BPMN models,2019,2,0,0,False,False,2
Clinical workflows based on OpenEHR using BPM,2019,3,0,1,False,False,4
How to Exploit the Digitalization Potential of Business Processes,2018,2,1,0,True,False,3
Investigating the Trade-off Between the Effectiveness and Efficiency of Process Modeling,2019,1,0,1,False,False,2
A model-based solution for process modeling in practice environments: PLM 4 BS,2018,2,2,0,False,False,4
Effective factors on usage of process improvement applications via collaboration platforms,2018,2,0,0,False,False,2
Executing lifecycle processes in object-aware process management,2019,3,0,0,False,False,3
Human factor and LEAN analysis at industrial manufacturing plants,2019,1,0,2,False,False,3
VMTL: a language for end-user model transformation,2018,3,0,0,False,False,3
An Efficient Algorithm for Runtime Minimum Cost Data Storage and Regeneration for Business Process Management in Multiple Clouds,2019,2,1,1,False,False,4
BPMN update proposal for non-expert users,2019,1,0,0,False,False,1
A method based on wordNet and Monge-Elkan distance for business process model matching,2018,0,0,1,False,False,1
A Classification Framework for IoT Scenarios,2019,3,1,0,True,False,4
Social Business Process Management (SBPM): Critical Success Factors (CSF),2019,2,0,0,False,False,2
Towards semantically-aided domain specific business process modeling,2018,3,0,0,False,False,3
Semantic composition of optimal process service plans in manufacturing with ODERU,2018,3,0,0,False,False,3
Underwater cooperation and coordination of manned and unmanned platforms using S-BPM,2019,3,0,0,False,False,3
CBG-Framework: A bottom-up model-based approach for Collaborative Business Process Management,2018,2,0,2,False,False,4
Process-mining-enabled audit of information systems: Methodology and an application,2018,3,1,0,False,True,4
Towards the implementation of a software platform based on BPMN and TDABC for strategic management,2019,1,2,0,False,True,3
An approach to participatory business process modeling: BPMN model generation using constraint programming and graph composition,2018,3,0,0,False,False,3
Numerical study of interaction between a hydraulic fracture and a weak plane using the bonded-particle model based on moment tensors,2019,0,1,2,False,True,3
GAE: A genetic-based approach for software workflow improvement by unhiding hidden transactions of a legacy application,2019,2,0,0,False,False,2
Intelligent Business Processes in CRM: Exemplified by Complaint Management,2018,2,0,0,False,False,2
Measuring the Complexity of DMN Decision Models,2019,4,0,1,False,False,5
"How do machine learning, robotic process automation, and blockchains affect the human factor in business process management?",2018,3,0,2,False,False,5
Guidelines for Business Rule Modeling Decisions,2018,1,2,0,False,True,3
Short paper: BPMN process analysis: A formal validation and verification eclipse plugin for BPMN process models,2019,3,0,0,False,False,3
A semantic approach for generating government processes,2019,1,2,1,True,False,4
How to manage and model unstructured business processes: A proposed list of representational requirements,2019,3,1,0,True,False,4
Reshaping distributed agile and adaptive development environment,2018,1,0,0,False,False,1
Business process monitoring via decentralized complex event processing,2018,3,0,0,False,False,3
Predicting process behavior meets factorization machines,2018,3,0,1,False,False,4
The Effect of Organization Size and Sector on Adopting Business Process Management,2018,1,1,0,True,False,2
Motivational and Occupational Self-efficacy Outcomes of Students in a BPM Course: The Role of Industry Tools vs Digital Games,2019,2,0,0,False,False,2
Conceptualising it consulting services: An approach from it-business alignment models and design sciences,2018,4,0,0,False,False,4
Connectivity patterns for supporting BPM in healthcare,2019,2,0,0,False,False,2
Future of storage technologies,2018,0,0,5,False,False,5
Recomposing conformance: Closing the circle on decomposed alignment-based conformance checking in process mining,2018,3,0,2,False,False,5
A Lean Architecture for Blockchain Based Decentralized Process Execution,2019,4,0,0,False,False,4
Enhancing Process Data in Manual Assembly Workflows,2019,6,0,1,False,False,7
A Software Platform for Processes-Based Cost Analysis in the Assembly Industry,2019,2,2,0,False,True,4
Met4ITIL: A process management and simulation-based method for implementing ITIL,2019,0,2,0,True,True,2
Compliance Checking for Decision-Aware Process Models,2019,3,0,0,False,False,3
From Complexity to Insight:: Querying Large Business Process Models to Improve Quality,2019,1,0,0,False,False,1
Interactive mining and retrieval from process traces,2018,4,1,0,False,False,5
A systematic mapping study of process mining,2018,4,3,0,True,False,7
The Future of Smart Clothing: A Kit Designed to Detect Vital Health Parameters,2018,1,1,0,True,False,2
Resilience analysis of service-oriented collaboration process management systems,2018,1,1,0,False,True,2
Transforming Enterprise Models to Linked Data via Semantic Annotations,2018,2,0,0,False,False,2
A survey on machine learning and statistical techniques in bankruptcy prediction,2018,1,0,1,False,False,2
Process variant comparison: Using event logs to detect differences in behavior and business rules,2018,3,0,0,False,False,3
Reflections of an ERM Librarian,2018,0,1,0,True,True,1
Business process modeling: How CMMN and DMN complement BPMN,2018,2,0,0,False,False,2
Effective leadership in public sector BPM: A case study of an e-Government initiative in a developing country,2018,1,2,0,False,True,3
Business process outsourcing enhanced by fuzzy linguistic consensus model,2018,5,1,0,True,False,6
Automated conflict detection between medical care pathways,2018,5,1,0,False,True,6
Intermediary service platform for resources allocation in transportation logistics,2018,3,0,0,False,False,3
BPMN 2.0: The state of support and implementation,2018,4,0,0,False,False,4
Implementation of project management and lean production practices in a SME Portuguese innovation company,2018,1,3,0,False,True,4
The factors that affect the quality of accounting information system empirical testing in the state-owned enterprises,2018,0,0,1,False,False,1
Automated deduction of cross-organizational collaborative business processes,2018,4,1,1,True,False,6
Internet of things meets bpm: A conceptual integration framework,2018,3,0,0,False,False,3
Model-driven engineering of mediation information system for enterprise interoperability,2018,4,0,3,False,False,7
Process discovery from event data: Relating models and logs through abstractions,2018,1,0,0,False,False,1
Matching algorithm of composite service based on indexing mechanism in BPM,2018,3,0,1,False,False,4
Museum space - Model-driven web-based platform for digitalisation and preservation of cultural heritage,2018,1,1,0,True,False,2
Towards functional safety and security for adaptive and flexible business processes,2018,1,3,0,True,False,4
Systematic Mapping of Process Mining Studies in Healthcare,2018,0,2,0,True,True,2
Querying workflow logs,2018,2,0,1,False,False,3
Long-term stability observed by electron BPM and photon BPM for Taiwan photon source,2018,3,0,1,False,False,4
Business process instances scheduling with human resources based on event priority determination,2018,4,0,0,False,False,4
A Blockchain technology evolution between Business Process Management (BPM) and Internet-of-Things (IoT),2018,1,1,1,True,False,3
A survey of self-adaptive business processes,2018,3,2,0,True,False,5
Blockchains for business process management - Challenges and opportunities,2018,23,3,6,False,False,32
Development of a prototype for Smart Glasses-based process modelling,2018,3,1,0,False,False,4
Performance analysis model for service supply chains: Case of the retirement supply chain,2018,1,1,0,True,False,2
The Shape of ERM in the USMAI,2018,1,1,0,True,False,2
An ontology-based collaborative business service selection: contributing to automatic building of collaborative business process,2018,2,0,1,False,False,3
Challenges and opportunities of applying natural language processing in business process management,2018,4,0,1,False,False,5
The chances of including extrinsic factors in business process management,2018,1,0,0,False,False,1
Further improvements in power supply controller transient recorders for post-mortem analysis of BPM orbit dumps at PetrA-III,2018,1,0,2,False,False,3
Sustainability in Business Process Models: A Taxonomy-Driven Approach to Synthesize Knowledge and Structure the Field,2018,3,0,0,False,False,3
Towards an extended BPMS prototype: Open challenges of BPM to flexible and robust orchestrate of uncertain processes,2018,2,1,0,True,False,3
A Novel Petri Nets-based Modeling for the correctness of interactive Business Process Models,2018,2,1,0,True,False,3
Predictive quality performance control in BPM: Proposing a framework for predicting quality anomalies,2018,3,0,0,False,False,3
Business process simulation: A systematic literature review,2018,2,1,0,True,False,3
Proposal for selection of mental health indicators in the management of health networks: From heuristic to process modeling,2018,7,4,0,True,False,11
Mining team compositions for collaborative work in business processes,2018,3,1,1,False,False,5
A goal-driven evaluation method based on process mining for healthcare processes,2018,0,2,0,True,True,2
Development of a method for the probabilistic inference of sequences of a business process activities to support the business process management,2018,1,1,0,False,True,2
Business process management success framework for transition economies,2018,1,1,0,True,False,2
Bim-based model checking in a business process management environment,2018,1,0,2,False,False,3
Desktop activity mining - A new level of detail in mining business processes,2018,3,0,0,False,False,3
Business process flexibility - a systematic literature review with a software systems perspective,2018,2,3,0,False,True,5
Will users of process management systems be more innovative? A study on process innovation and process orientation in the financial industry,2018,2,1,0,False,True,3
A template-based approach for responsibility management in executable business processes,2018,2,1,0,True,False,3
"Development and improvement of business process in the system ""Bitrix 24"" with the use of web technologies",2018,1,2,0,True,True,3
Integrating a decision tree perspective at the operational level of BPM+,2018,4,0,0,False,False,4
Obtaining reliable solutions through analytical hierarchy process (AHP) and architecture of integrated information systems (ARIS) for a renewable energy project,2018,1,2,0,True,False,3
Prioritization of Interconnected Processes,2018,3,0,0,False,False,3
A distributed approach to compliance monitoring of business process event streams,2018,1,3,0,True,True,4
ProFUSO: Business process and ontology-based framework to develop ubiquitous computing support systems for chronic patients’ management,2018,3,0,0,False,False,3
Services modeling based on SOA and BPM for information system flexibility improvement,2018,2,0,0,False,False,2
Data-driven customer journey mapping in local high streets: A domain-specific modeling language,2018,2,0,2,False,False,4
Aligning strategy with sustainable development goals (SDGs): Process scoping diagram for entrepreneurial higher education institutions (HEIs),2018,1,2,0,True,True,3
Configurable IoT-aware allocation in business processes,2018,3,0,0,False,False,3
Accountability and responsibility in business processes via agent technology,2018,3,1,0,False,True,4
"Effective leadership in BPM implementations: A case study of BPM in a developing country, public sector context",2018,1,2,0,False,True,3
Representing and Analyzing Enterprise Capabilities as Specialized Actors - A BPM Example,2018,2,0,0,False,False,2
Gamified learning: Knowledge acquisition with a rallye,2018,1,1,0,True,False,2
A Proposal for the integration of information requirements within infrastructure digital construction,2018,2,1,0,True,False,3
Supporting collaborative business processes: A BPaaS approach,2018,1,1,0,True,False,2
The model judge – A tool for supporting novices in learning process modeling,2018,4,0,0,False,False,4
Exploring the ambidextrous analysis of business processes: A design science research,2018,1,1,0,False,True,2
"Adding sensitivity analysis to component selection reduced effort yet increased difficulty, hurting acceptance",2018,3,0,0,False,False,3
How context-aware are extant BPM methods? -development of an assessment scheme,2018,1,4,0,True,True,5
The BPMN as a tool for the development of the information flow of the reception sector and welcome program of Minas Gerais Federal University,2018,0,2,0,True,True,2
Modeling industrial business processes for querying and retrieving using OWL+SWRL,2018,1,0,2,False,False,3
Alternative interoperability between BPMn and project management tools,2018,2,1,0,False,False,3
Optimized container-based process execution in the cloud,2018,3,0,1,False,False,4
Language-centric approaches for improving business process model acceptance,2018,1,0,0,False,False,1
A method to enable ability-based human resource allocation in business process management systems,2018,4,1,1,False,False,6
On the performance prediction capabilities of the eBPMN-based model-driven method for business process simulation,2018,2,2,0,False,True,4
"Complex Collaborative Physical Process Management: A Position on the Trinity of BPM, IoT and DA",2018,5,2,0,False,False,7
Bridging the Gap between the use of SAP ERP and BPM,2018,1,0,0,False,False,1
Enhancing Business Process Flexibility by Flexible Batch Processing,2018,1,1,0,True,False,2
Workflow support in wearable production information s ystems,2018,3,1,0,False,False,4
On the synergies between business process management and digital innovation,2018,0,1,0,True,True,1
Conceptualizing a framework to manage the short head and long tail of business processes,2018,4,0,0,False,False,4
Towards a methodology for case model elicitation,2018,3,2,0,False,False,5
Exploitation and exploration in business process management - An exploratory paper,2018,0,1,0,True,True,1
Blockchain for businesses: A systematic literature review,2018,1,1,1,True,False,3
From Strategy to Process Improvement Portfolios and Value Realization: A Digital Approach to the Discipline of Business Process Management,2018,3,0,0,False,False,3
Utilizing customer feedback for business process performance analysis,2018,3,1,0,True,False,4
A Formal Model for Business Process Configuration Verification Supporting OR-Join Semantics,2018,2,2,0,True,False,4
Experimenting and assessing a probabilistic business process deviance mining framework based on ensemble learning,2018,4,0,0,False,False,4
Storytelling integration of the internet of things into business processes,2018,4,1,0,False,False,5
Evaluating Multi-tenant Live Migrations Effects on Performance,2018,5,1,0,False,False,6
BINet: Multivariate business process anomaly detection using deep learning,2018,3,0,0,False,False,3
Data quality assurance via perioperative EMR reconciliation,2018,1,3,0,False,True,4
How to put organizational ambidexterity into practice – Towards a maturity model,2018,1,2,0,False,True,3
Integrating Smart Devices as Business Process ResourcesÂ – Concept and Software Prototype,2018,3,0,0,False,False,3
WED-SQL: An intermediate declarative language for PAIS execution,2018,5,0,0,False,False,5
Towards smart incident management under human resource constraints for an IoT-BPM hybrid architecture,2018,4,0,0,False,False,4
Case and activity identification for mining process models from middleware,2018,3,0,1,False,False,4
Business process execution on blockchain,2018,2,1,0,True,False,3
A simulation-driven approach in risk-aware business process management: A case study in healthcare,2018,2,1,0,True,False,3
A survey on automation of security requirements in service-based business processes,2018,2,1,0,False,False,3
"BPM: foundations, engineering, management",2018,3,0,1,False,False,4
Design and Performance Analysis of Load Balancing Strategies for Cloud-Based Business Process Management Systems,2018,3,0,1,False,False,4
Learning information system consulting through the serious game CityOne,2018,2,1,0,True,False,3
Enhanced benchmark datasets for a comprehensive evaluation of process model matching techniques,2018,2,0,0,False,False,2
Measuring similarity for manufacturing process models,2018,0,0,2,False,False,2
Towards Setting Up a Collaborative Environment to Support Collaborative Business Processes and Services with Social Interactions,2018,1,2,0,True,False,3
Process forecasting: Towards proactive business process management,2018,4,1,0,False,True,5
III-nitride semiconductors based optical power splitter device design for underwater application,2018,2,1,0,True,False,3
Business process canvas as a process model in a nutshell,2018,1,0,1,False,False,2
A study on the design of humane animal care system and java implementation,2018,2,1,0,True,False,3
Exploring complexity metrics for artifact-centric business process models,2018,1,0,0,False,False,1
The mechanism of internet capability driving knowledge creation performance: The effects of strategic flexibility and informatization density,2018,3,1,0,True,False,4
CrowdCorrect: A curation pipeline for social data cleansing and curation,2018,4,0,0,False,False,4
Development of a measurement scale for business process standardization,2018,2,1,1,False,False,4
Blockchain-Based Traceability of Inter-organisational Business Processes,2018,8,0,1,False,False,9
Shadow Testing for Business Process Improvement,2018,3,1,1,False,False,5
Improving business process management competencies by applying gamification aspects in teaching bachelor students,2018,3,0,0,False,False,3
The impact of SAP on the utilisation of business process management (BPM) maturity models in ERP projects,2018,1,0,0,False,False,1
Strategic information systems: Business model for a small retailer firm,2018,1,1,0,True,False,2
Flexibility in business process modeling to deal with context-awareness in business process reengineering projects,2018,0,3,0,True,True,3
Transparent execution of data transformations in data-aware service choreographies,2018,4,0,0,False,False,4
Business process analytics: From insights to predictions,2018,1,0,0,False,False,1
Empirical Analysis of Sentence Templates and Ambiguity Issues for Business Process Descriptions,2018,2,2,1,False,False,5
Utilizing Twitter Data for Identifying and Resolving Runtime Business Process Disruptions,2018,0,2,0,True,True,2
A genetic algorithm for cost-aware business processes execution in the cloud,2018,3,0,0,False,False,3
Research on the trend and potential impact of adopting BPM techniques over general performance of the organization,2018,1,0,0,False,False,1
Assessing and improving compliance to privacy regulations in business processes,2018,3,0,0,False,False,3
OpyenXES: A complete python library for the extensible event stream standard,2018,3,0,1,False,False,4
Engineering a highly scalable object-aware process management engine using distributed microservices,2018,3,0,0,False,False,3
Formalising BPMN service interaction patterns,2018,3,2,0,True,False,5
Business process mining application: A literature review,2018,3,2,0,True,False,5
An improved way for measuring simplicity during process discovery,2018,3,1,0,False,True,4
Introduction to BPM approach in healthcare and case study of end user interaction with EHR interface,2018,3,0,0,False,False,3
"Business Process Management, continuous improvement and enterprise architecture: In the jungle of governance",2018,2,0,0,False,False,2
Towards the design of a scalable business process management system architecture in the cloud,2018,3,0,1,False,False,4
Towards Blockchain Support for Business Processes,2018,0,0,1,False,False,1
Diagnosing sudden and gradual drifts in business process,2018,0,0,5,False,False,5
Adaptive case management - A review of method support,2018,1,0,0,False,False,1
Differences Between BPM and ACM Models for Process Execution,2018,2,0,0,False,False,2
Customization of multi-tenant learning process as a Service with Business Process Feature Model,2018,2,1,0,False,True,3
Goal Distribution in Business Process Models,2018,2,1,0,False,False,3
Teaching business process development through experience-based learning and agile principle,2018,1,0,0,False,False,1
Recognition of business process elements in natural language texts,2018,3,1,1,False,False,5
Diagramming language for process documentation,2018,0,2,0,True,True,2
Using business process compliance approaches for compliance management with regard to digitization: Evidence from a systematic literature review,2018,3,0,0,False,False,3
Approaching digitalization with business process management,2018,4,0,0,False,False,4
Solvency II – A BPM application,2018,3,0,0,False,False,3
How do BPM maturity and innovation relate in large companies?,2018,2,1,0,True,False,3
An habit is a process: A BPM-based approach for smart spaces,2018,2,1,0,True,False,3
A novel trace clustering technique based on constrained trace alignment,2018,2,0,2,False,False,4
Spread page approach to document management,2018,1,0,0,False,False,1
Towards a risk-aware business process modelling tool using the ADOxx platform,2018,4,1,0,True,False,5
The neuromarketing ICT technique for assessing buyer emotional fatigue,2018,3,3,0,False,True,6
Improving work allocation practices in business processes supported by BPMS,2018,3,0,0,False,False,3
From BPM to IoT,2018,2,0,0,False,False,2
A Methodological Framework for the Integrated Design of Decision-Intensive Care Pathways—an Application to the Management of COPD Patients,2017,2,2,0,False,True,4
Using BPM frameworks for identifying customer feedback about process performance,2018,3,1,0,True,False,4
Constraint-based identification of complex gateway structures in business process models,2018,2,0,0,False,False,2
Requirements engineering approaches to derive enterprise information systems from business process management: A systematic literature review,2018,2,1,0,True,False,3
Upgrading legacy EHR systems to smart EHR systems,2018,4,1,0,True,False,5
Cognitive computing: What’s in for business process management? An exploration of use case ideas,2018,4,0,0,False,False,4
A reflection on the interrelations between business process management and requirements engineering with an agility perspective,2018,6,3,0,True,False,9
Towards guidelines of modeling for ecology-aware process design,2018,3,0,0,False,False,3
"BPM and ECM: Similarities, differences, conceptual, and technological limits; [BPM e ECM: Similaridades, diferenças e limites conceituais e tecnológicos]",2018,2,0,0,False,False,2
Demand-driven collaboration in the aerospace industry 4.0: Application of subject-oriented process management,2018,2,2,0,False,True,4
Modelling of management activity of the organization considering the impact of implicit factors in business processes,2018,3,3,0,False,False,6
A combined process mining for improving business process,2017,3,0,0,False,False,3
A framework for improving user engagement in social BPM,2018,1,1,0,True,False,2
Classified document flow management,2018,3,0,0,False,False,3
Implementing BPMN in Maintenance Process Modeling,2018,3,1,0,True,False,4
'The clock has fallen off the wall' - Emergence of BPM-relevant knowledge based on cascading stakeholder perspectives,2018,1,0,0,False,False,1
BPM for the masses: Empowering participants of cognitive business processes,2018,2,0,0,False,False,2
An overview of challenges and research avenues for green business process management: Exploring the concept of a circular economy,2018,1,0,0,False,False,1
Patterns of stability and change in business processes: Using process mining to capture reality in flight,2018,1,0,0,False,False,1
Developing self-organizing smart grid systems by means of S-BPM concepts,2018,5,0,0,False,False,5
Taking advantage of business process management approaches in requirements engineering an assessment model based on process characteristics,2018,4,0,0,False,False,4
Evaluating Compliance: From LTL to Abductive Logic Programming,2018,3,2,0,False,False,5
Improving productive processes using a process mining approach,2018,3,0,0,False,False,3
Proposal to implementation time-driven activity based costing (TDABC) for calculation of surgical procedure costs of a medium-sized teaching hospital,2018,1,1,0,True,False,2
Modelling of the logistic supplier-consumer behavior,2018,2,0,0,False,False,2
A MapReduce approach for mining multi-perspective declarative process models,2018,3,0,0,False,False,3
Getting it right! Critical success factors of BPM in the public sector: A systematic literature review,2018,2,2,0,False,False,4
A systematic review of analytical management techniques applied to competition analysis modeling towards a framework for integrating them with BPM,2018,2,0,0,False,False,2
Sustainability performance measurement: A preliminary classification framework of models and indicators,2018,2,1,0,False,False,3
Fundamentals of business process management: Fifty years of BPM teaching distilled,2018,1,0,1,False,False,2
Value switch for a digital world: The BPM-D® application,2018,3,0,0,False,False,3
A numerical study on cracking processes in limestone by the b-value analysis of acoustic emissions,2017,0,0,2,False,False,2
Application of microservices for digital transformation of data-intensive business processes,2018,0,2,0,True,True,2
Towards a decision-aware declarative process modeling language for knowledge-intensive processes,2017,3,0,0,False,False,3
Translating BPMN to business rules,2018,3,2,0,True,True,5
Design-time analysis of data inaccuracy awareness at runtime,2018,1,2,0,False,True,3
BPMN model and text instructions automatic synchronization,2018,2,1,0,False,True,3
A visualization of human physical risks in manufacturing processes using BPMN,2018,4,2,1,True,False,7
Web platform architecture for ambient assisted living,2018,2,1,0,True,False,3
The origin and evolution of syntax errors in simple sequence flow models in BPMN,2018,1,0,1,False,False,2
Eliciting employee and customer knowledge for process development and optimization - An industry case,2018,1,1,0,False,True,2
Ukrainian company cost accounting system development from the evolutionary theory position,2018,0,1,0,True,True,1
Experimental evaluation of HoRIM to improve business strategy models,2018,3,0,2,False,False,5
AO-BPM 2.0: Aspect oriented business process modeling,2018,1,2,0,False,True,3
A planning approach to the automated synthesis of template-based process models,2017,1,1,0,True,False,2
Exploring the Integration of Business Process with Nosql Databases in the Context of BPM,2018,0,2,0,True,True,2
Mobile Cloud Business Process Management System for the internet of things: A survey,2017,2,1,0,True,False,3
A systematic literature review of the use of social media for business process management,2018,0,2,0,True,True,2
E-government services: Comparing real and expected user behavior,2018,2,0,2,False,False,4
Cognitive business process management for adaptive cyber-physical processes,2018,1,1,0,True,False,2
Data-driven business process similarity,2017,1,1,0,False,True,2
A decision framework for understanding data-aware business process models,2018,1,0,0,False,False,1
Measurement center processes support in the automotive industry,2018,1,1,0,False,True,2
Interoperable process design in production systems,2018,2,0,0,False,False,2
Towards PaaS Offering of BPMN 2.0 Engines: A Proposal for Service-Level Tenant Isolation,2018,3,0,0,False,False,3
5th international workshop on declarative/decision/hybrid mining and modeling for business processes (DeHMIMoP’17),2018,4,0,2,False,False,6
Process-based project management for implementation of an ERP system at a Brazilian teaching institution,2018,2,1,0,True,False,3
Leap-frog-based BPM (LF-BPM) method for solving nanophotonic structures,2018,2,0,0,False,False,2
Using CMMN to model social processes,2018,2,1,0,False,False,3
What automated planning can do for business process management,2018,0,1,0,True,True,1
Automation of privacy preserving bpms in collaborative cloud-based business processes,2018,5,0,0,False,False,5
Towards collaborative and reproducible scientific experiments on blockchain,2018,2,0,0,False,False,2
Evaluating the effect of best practices for business process redesign: An evidence-based approach based on process mining techniques,2017,3,1,0,False,True,4
Towards a solution space for BPM issues based on debiasing techniques,2018,1,2,0,True,False,3
Ensuring the semantic correctness of a BAUML artifact-centric BPM,2018,1,2,0,True,False,3
Conceptual modelling methods: The AMME agile engineering approach,2018,1,0,0,False,False,1
Extrinsic dependencies in business process management systems,2018,3,0,0,False,False,3
Towards a taxonomy of human resource allocation criteria,2018,3,0,0,False,False,3
AB testing for process versions with contextual multi-armed bandit algorithms,2018,3,1,1,False,False,5
An agent-based model of a business process: The use case of a hospital emergency department,2018,2,0,0,False,False,2
Using smart edge devices to integrate consumers into digitized processes: The case of amazon dash-button,2018,3,4,0,False,False,7
Knowledge-intensive process: A research framework,2018,0,2,0,True,True,2
A flexible event handling model for using events in business processes,2018,0,1,0,True,True,1
Modeling collaborative processes with CMMN: Success or failure? An experience report,2018,2,1,0,False,False,3
A new approach for SBPM based on competencies management,2018,1,2,0,True,False,3
Minimal effort requirements engineering for robotic process automation with test driven development and screen recording,2018,3,0,0,False,False,3
An experimental evaluation of the generalizing capabilities of process discovery techniques and black-box sequence models,2018,2,1,0,False,True,3
Collaborative business process solution considering an ontological dimension of process models,2018,0,1,1,True,False,2
Run-time prediction of business process indicators using evolutionary decision rules,2017,4,0,0,False,False,4
Process-service approach to e-learning design,2017,1,2,0,True,True,3
Methodology and Tool Support for Adaptive Idea Exploitation in Open Innovation,2017,1,0,0,False,False,1
Supporting aspect orientation in business process management: From process modelling to process enactment,2017,3,1,0,False,False,4
Advanced business process management in networked e-business scenarios,2017,2,0,0,False,False,2
Museum space – Model-driven web-based platform for digitalisation and preservation of cultural heritage,2017,1,1,0,True,False,2
Overview of selected business process semantization techniques,2017,6,1,0,False,False,7
Process discovery driven process optimization: A case study to the recruitment of state personnel in Cameroon,2017,1,1,0,True,False,2
Process querying: Enabling business intelligence through query-based process analytics,2017,4,0,0,False,False,4
Scalability measurement of business process model using business processes similarity and complexity,2017,2,0,1,False,False,3
"Empowerment of patients with hypertension through BPM, IoT and remote sensing",2017,5,0,0,False,False,5
A participative end-user method for multi-perspective business process elicitation and improvement,2017,1,3,0,True,True,4
Fuzzy TOPSIS evaluation approach for business process management software acquisition,2017,2,0,0,False,False,2
Blockchain: Distributed event-based processing in a data-centric world,2017,1,0,0,False,False,1
Aligning Real Process Executions and Prescriptive Process Models through Automated Planning,2017,0,0,2,False,False,2
Using key performance indicators to reduce perceived perioperative complexity and improve patient workflow,2017,1,3,0,False,True,4
A method of demand-driven and data-centric Web service configuration for flexible business process implementation,2017,3,2,1,False,False,6
Application fields for the new Object Management Group (OMG) Standards Case Management Model and Notation (CMMN) and Decision Management Notation (DMN) in the perioperative field,2017,1,0,5,False,False,6
Generating process model collections,2017,3,0,0,False,False,3
Correlation Miner: Mining Business Process Models and Event Correlations Without Case Identifiers,2017,2,0,1,False,False,3
Analyzing control flow information to improve the effectiveness of process model matching techniques,2017,2,0,0,False,False,2
Predicting process behaviour using deep learning,2017,2,1,0,False,False,3
A systematic literature review on the architecture of business process management systems,2017,3,0,1,False,False,4
Techiecardia-A system for detection and prediction of sudden cardiac arrests,2017,0,0,5,False,False,5
A MDE-based framework to improve the process management: The EMPOWER project,2017,2,0,3,False,False,5
Experimental application of Business Process Management technology to manage clinical pathways: A pediatric kidney transplantation follow up case,2017,3,4,0,True,True,7
Retrieving batch organisation of work insights from event logs,2017,3,3,0,False,False,6
Genetic-Based Configurable Cloud Resource Allocation in QoS-Aware Business Process Development,2017,2,1,1,True,False,4
The Structured Process Modeling Method (SPMM) what is the best way for me to construct a process model?,2017,3,1,1,False,False,5
Evaluating data-centric process approaches: Does the human factor factor in?,2017,3,1,3,False,False,7
Survey of business process management: challenges and solutions,2017,1,0,1,False,False,2
Towards capability-oriented business process management,2017,1,0,0,False,False,1
Onto-VP2M: A new approach to model and manage collaborative process versions using contexts and ontologies,2017,3,1,0,True,False,4
A graph-theoretic method for the inductive development of reference process models,2017,2,1,0,True,False,3
Design it like Darwin - A value-based application of evolutionary algorithms for proper and unambiguous business process redesign,2017,3,0,0,False,False,3
Data-driven Process Prioritization in Process Networks,2017,4,0,0,False,False,4
BPMN for disaster response processes – A methodical extension,2017,2,0,0,False,False,2
Quality Assessment of an Emergency Care Process Model based on Static and Dynamic Metrics,2017,0,2,0,True,True,2
A framework for Business Process Data Management based on Big Data Approach,2017,0,2,0,True,True,2
BPMN4V for Modeling and Handling Versions of BPMN Collaborations and Choreographies,2017,3,1,0,True,False,4
A survey on business processes management suites,2017,2,0,2,False,False,4
Business process management and reducing costs,2017,1,1,0,False,True,2
SEGIC: An electronic system to improve quality in Ecuadorian universities; [SEGIC: Un sistema electrónico para mejorar la calidad en las universidades ecuatorianas],2017,3,1,0,False,False,4
An applied method for selecting a business process management tool in enterprise software project,2017,1,0,0,False,False,1
Event Subscription,2017,0,1,0,True,True,1
Designing process architectures for user engagement with enterprise cognitive systems,2017,4,1,0,False,False,5
An Agile Business Process and Practice Meta-model,2017,1,2,0,True,False,3
Deadlock-freeness verification of business process configuration using SOG,2017,3,2,0,True,False,5
Managing the long tail of business processes,2017,4,0,0,False,False,4
Towards the development of semantically enabled flexible process monitoring systems,2017,5,0,0,False,False,5
Development of a domain-specific language for run-time process modelling – Making use of smart glasses in BPM,2017,5,0,0,False,False,5
Electronic office: Zero-code process automation in the Google cloud,2017,0,0,1,False,False,1
A breakthrough business process management approach based on IT support,2017,3,1,0,True,False,4
On the performance overhead of BPMN modeling practices,2017,2,1,0,True,False,3
Supporting process execution by interdisciplinary healthcare teams: Middleware design for IBM BPM,2017,4,3,0,True,False,7
Comparing textual descriptions to process models – The automatic detection of inconsistencies,2017,2,0,1,False,False,3
Social business process management: Croatian IT company case study,2017,0,3,0,True,True,3
The role of inter-organizational information systems in maritime transport chains,2017,3,0,0,False,False,3
Introducing semantic services for continuous agile enterprise and process modeling,2017,1,1,0,True,False,2
A SECI-Based knowledge conversion model of business process capture,2017,1,1,1,True,False,3
Generating event logs for high-level process models,2017,3,1,0,False,False,4
Efficient migration-aware algorithms for elastic BPmaaS,2017,3,0,0,False,False,3
A systematic approach to design product traceability in industry 4.0: Insights from the ceramic industry,2017,4,0,0,False,False,4
A semantic approach to deploying product-service systems,2017,2,0,0,False,False,2
A systematic review of analytical management techniques in business process modelling for smes beyond what-if-analysis and towards a framework for integrating them with BPM,2017,2,0,0,False,False,2
Utilization of discrete event simulation in business processes management projects: A literature review,2017,0,3,0,True,True,3
[ϵm] - Process analysis using a meta modeling tool,2017,5,0,0,False,False,5
Acoustic emission characteristics of the rock-like material containing a single flaw under different compressive loading rates,2017,0,0,3,False,False,3
Comparative analysis of business process management frameworks,2017,2,0,0,False,False,2
Towards KPI-Based Health Care Process Improvement,2017,0,2,0,True,True,2
Organisational design & enterprise engineering - Two sides of the same coin?,2017,1,0,0,False,False,1
The relation between process management and innovation – A comparison of the IT and manufacturing industries,2017,2,0,0,False,False,2
Process mining: A recent framework for extracting a model from event logs,2017,1,0,0,False,False,1
Integrating corpus statistics into measures of business process similarity,2017,4,0,0,False,False,4
Flexible data acquisition in object-aware process management,2017,3,0,0,False,False,3
Assessing suitability of adaptive case management,2017,2,0,0,False,False,2
AB-BPM: Performance-driven instance routing for business process improvement,2017,3,1,1,False,False,5
A framework for multi-level semantic trace abstraction,2017,1,0,0,False,False,1
A conceptual approach for discovering proportions of disjunctive routing patterns in a business process model,2017,0,0,4,False,False,4
Enabling risk-aware enterprise modeling using semantic annotations and visual rules,2017,3,0,0,False,False,3
CE-SIB: A modelling method plug-in for managing standards in enterprise architectures,2017,4,0,0,False,False,4
"A value-oriented approach to business process specialization: Principles, proof-of-concept, and validation",2017,4,0,0,False,False,4
Enhancing Decision Making for Business Processes,2017,0,1,0,True,True,1
BPFlexTemplate: A software tool to derive flexible process model templates,2017,1,2,0,True,True,3
Potential of Laboratory Execution Systems (LESs) to Simplify the Application of Business Process Management Systems (BPMSs) in Laboratory Automation,2017,4,1,0,False,True,5
Effects of BPM on ERP adoption in the public sector,2017,1,1,0,True,False,2
BPM maturity and process performance: The case of the peruvian air force,2017,3,0,0,False,False,3
Decision support using belief network constructed from business process event log,2017,2,0,0,False,False,2
Business process management in the classroom,2017,0,2,0,True,True,2
Assisting process modeling by identifying business process elements in natural language texts,2017,5,1,0,False,False,6
Learning hybrid process models from events process discovery without faking confidence,2017,2,2,0,False,True,4
Model-driven generation of a BPMS portal based on interaction flow modeling language models,2017,1,1,0,False,True,2
Digitalization Canvas – Towards identifying digitalization use cases and projects,2017,4,0,0,False,False,4
Predicting the duration of surgeries to improve process efficiency in hospitals,2017,7,1,0,False,True,8
Facilitating enhanced decision support Using a Social norms approach,2017,2,0,0,False,False,2
Concurrent enterprise: a conceptual framework for enterprise supply-chain network activities,2017,3,0,0,False,False,3
Software cybernetics in BPM: Modeling software behavior as feedback for evolution by a novel discovery method based on augmented event logs,2017,7,0,0,False,False,7
Preface to the Industry Track of the 15th Business Process Management Conference (BPM 2017),2017,2,0,0,False,False,2
Organisation culture and business process management success,2017,3,0,0,False,False,3
Success Factors for Business Process Improvement Projects in Small and Medium Sized Enterprises - Empirical Evidence,2017,2,0,0,False,False,2
iPRODICT - Intelligent process prediction based on big data analytics,2017,5,0,0,False,False,5
Business process oriented autopoietic knowledge management support system design,2017,1,0,0,False,False,1
Design it like darwin 2.0 an evolutionary algorithm for automatic process redesign,2017,4,0,0,False,False,4
Events in BPMN: The racing events dilemma,2017,0,1,0,True,True,1
An approach to BPM integration and requirement specification considering the concepts of agility; [Uma Abordagem para Integração de BPM e a Especificação de Requisites Considerando os Conceitos de Agilidade],2017,0,1,0,True,True,1
Towards a structured process modeling method: Building the prescriptive modeling theory,2017,3,1,1,False,False,5
Process model storage solutions: Proposition and evaluation,2017,2,1,1,False,False,4
A procedural approach for evaluating the performance of business processes based on a model of quantative and qualitative measurements,2017,1,1,0,False,True,2
Replay using recomposition: Alignment-based conformance checking in the large,2017,3,0,2,False,False,5
A model driven approach to business process-based learning,2017,0,1,1,False,True,2
Understanding modeling requirements of unstructured business processes,2017,2,1,1,True,False,4
Using process indicators to help the verification of goal fulfillment,2017,2,3,0,False,False,5
Requirements framework for batch processing in business processes,2017,1,1,0,True,False,2
Elicitation of processes in business process management in the era of digitization – the same techniques as decades ago?,2017,2,1,0,False,False,3
A fact-based meta model for BPMN,2017,1,0,0,False,False,1
Process-based query tool to rationalize document bases,2017,0,2,0,True,True,2
Elements for tailoring a BPM maturity model to simplify its use,2017,0,2,0,True,True,2
A growth state transition model as driver for business process management in small medium enterprises,2017,0,3,0,True,True,3
Process-Aware FMEA framework for failure analysis in maintenance,2017,4,0,0,False,False,4
Governance knowledge management and decision support using fuzzy governance maps,2017,4,1,0,False,False,5
An OLAP rule environment for reactive performance monitoring,2017,1,1,0,True,False,2
Multi-process reporting and analysis for change management and performance reviews,2017,2,0,0,False,False,2
Towards managing key performance indicators for measuring business process performance,2017,0,2,0,True,True,2
"WoPeD - A ""Proof-of-Concept"" platform for experimental BPM research projects",2017,3,1,0,False,False,4
Digitalization of the process of process management the BPM-D® application,2017,3,0,0,False,False,3
Towards a data-driven framework for measuring process performance,2017,2,1,1,True,False,4
A framework for integrating real-world events and business processes in an IoT environment,2017,2,1,0,True,False,3
Towards the design of a process mining-enabled decision support system for business process transformation,2017,2,0,0,False,False,2
PALIA-ER: Bringing question-driven process mining closer to the emergency room,2017,6,1,0,False,False,7
Microservices-based business process model execution,2017,0,1,0,True,True,1
Competence approach to modeling and control of students' learning pathways in the cloud service,2017,2,2,0,False,True,4
On the disruptive effectiveness of automated planning for LTLf-based trace alignment,2017,3,1,0,False,False,4
Modeling of a collaborative learning process with business process model notation,2017,2,1,0,False,False,3
Checking realizability of a timed business processes choreography,2017,1,0,0,False,False,1
When cognitive biases lead to business process management issues,2017,1,2,0,True,True,3
APQL: A process-model query language,2017,6,0,0,False,False,6
Providing semantics to implement aspects in BPM,2017,2,2,0,False,True,4
Towards assessing the theoretical complexity of the decision model and notation (DMN) research-in-progress,2017,2,0,1,False,False,3
BPaaS: A platform for artifact-centric business process customization in cloud computing,2017,2,2,2,False,False,6
Hybrid weaving in aspect oriented business process management,2017,1,0,0,False,False,1
Reliability of AAL systems modeled as BPMN business processes,2017,1,2,0,True,True,3
Is e-government serving companies or vice-versa?,2017,1,0,0,False,False,1
An analysis of strategic goals and non-functional requirements in business process management,2017,5,1,0,False,False,6
Stage-based business process mining,2017,4,0,0,False,False,4
A2BP: A method for ambidextrous analysis of business procesps,2017,1,1,0,False,True,2
Business process management systems in support of corporate governance: Applying orlikowski’s theoretical lens,2017,2,1,0,False,False,3
Knowledge engineering for business process modeling,2017,2,1,0,True,False,3
Complexity-Aware Generation of Workflows by Process-Oriented Case-Based Reasoning,2017,2,0,0,False,False,2
Extracting business objects and activities from labels of German process models,2017,4,0,0,False,False,4
Map reduce autoscaling over the cloud with process mining monitoring,2017,1,3,0,False,True,4
"Extensions, analysis and experimental assessment of a probabilistic ensemble-learning framework for detecting deviances in Business Process Instances",2017,4,0,0,False,False,4
Requirements elicitation based on inception deck and business processes models in scrum,2017,4,0,0,False,False,4
NLP4BPM - Natural language processing tools for business process management,2017,4,0,0,False,False,4
A modeling tool for philharmonicflows objects and lifecycle processes,2017,3,0,0,False,False,3
TraDE - A transparent data exchange middleware for service choreographies,2017,4,0,0,False,False,4
Aspect-oriented business process management (Extended abstract),2017,1,0,0,False,False,1
The role of context within the interactions of knowledge intensive processes,2017,1,2,0,False,True,3
"The alignment of formal, structured and unstructured process descriptions",2017,1,0,0,False,False,1
Teaching and learning state-oriented business process modeling. Experience report,2017,1,0,1,False,False,2
A Conceptual Framework for Social Business Process Management,2017,3,1,0,True,False,4
A semi-automatic approach to identify business process elements in natural language texts,2017,2,1,0,False,False,3
Caterpillar: A blockchain-based business process management system,2017,3,1,0,True,False,4
Knowledge management and triangulation logic in the foresight research and analyses in business process management,2017,0,0,2,False,False,2
A quantitative study of the link between business process management and digital innovation,2017,0,1,0,True,True,1
Building business process ontology based on concept hierarchy model,2017,1,1,0,True,False,2
Designing a framework for the development of domain-specific process modelling languages,2017,5,0,0,False,False,5
Evaluation of business process management systems,2017,2,1,0,True,False,3
Towards a decision-support system for selecting the appropriate business process modeling formalism: A context-aware roadmap,2017,0,3,0,True,True,3
Software product line to express variability in e-learning process,2017,2,1,0,False,False,3
A sprouting graph-based approach to analysing timed workflow processes with shared resources,2017,1,2,0,True,False,3
Towards a business process owner competency framework,2017,2,1,0,False,False,3
The business process model quality metrics,2017,2,2,0,False,True,4
Abductive reasoning on compliance monitoring balancing flexibility and regulation,2017,2,1,0,False,False,3
A model-driven proposal to execute and orchestrate processes: PLM4BS,2017,4,0,0,False,False,4
Predictive analysis of BPM tasks with autoCEP,2017,2,1,0,False,True,3
Process driven ERP implementation: Business process management approach to ERP implementation,2017,2,0,0,False,False,2
Extensible BPMN process simulator,2017,1,1,0,True,False,2
Enabling compliance monitoring for process execution engines,2017,2,1,0,True,False,3
BPM-based framework for e-government processes improvement: Legal requirements integration,2017,1,2,0,True,False,3
A multi-criteria approach for team recommendation,2017,3,0,0,False,False,3
BPMS-Game: Tool for business process gamification,2017,3,1,0,False,True,4
A proposal for an ECM systems modeling method – Defining tactical perspectives - Lesson learnt from a case study,2017,0,0,1,False,False,1
Towards a multi-parametric visualisation approach for business process analytics,2017,2,1,1,False,False,4
Discovery of fuzzy dmn decision models from event logs,2017,4,1,0,True,False,5
How to incorporate sustainability into business process management lifecycle?,2017,0,3,0,True,True,3
Incorporating data inaccuracy considerations in process models,2017,1,2,0,False,True,3
Add data into business process verification: Bridging the gap between theory and practice,2017,3,2,0,False,False,5
An universal approach for compliance management using compliance descriptors,2017,6,3,0,False,True,9
Patient flow monitoring systems: Investigation of alternatives,2017,2,0,0,False,False,2
A guidance system for business process flexibility,2017,1,2,0,True,False,3
PROtEUS++: A Self-managed IoT workflow engine with dynamic service discovery,2017,3,0,0,False,False,3
DataFlow analysis in BPMN models,2017,3,0,0,False,False,3
Self-similar computing structures for CPSs: A case study on pots service process,2017,2,2,1,True,False,5
A framework for effort estimation in BPMS migration,2017,2,0,0,False,False,2
A critical evaluation and framework of business process improvement methods,2016,5,2,2,False,False,9
Integrating Predictive Analytics into Complex Event Processing by Using Conditional Density Estimations,2016,3,0,0,False,False,3
Business process modelling challenges and solutions: a literature review,2016,1,0,0,False,False,1
A metamodel to integrate business processes time perspective in BPMN 2.0,2016,1,0,3,False,False,4
Limiting Variety by Standardizing and Controlling Knowledge Intensive Processes,2016,1,0,1,False,False,2
Comprehensible predictive models for business processes,2016,4,0,0,False,False,4
Supporting municipal greenhouse gas (GHG) emission inventories using business process modeling: A case study of Trondheim municipality,2017,6,1,0,False,True,7
Novel BPM technique using leap-frog technique,2017,2,0,0,False,False,2
An entropy-based clustering ensemble method to support resource allocation in business process management,2016,3,0,1,False,False,4
Quality measures for ETL processes: from goals to implementation,2016,4,0,0,False,False,4
Prescriptive Control of Business Processes: New Potentials Through Predictive Analytics of Big Data in the Process Manufacturing Industry,2016,3,0,0,False,False,3
Are IT Skills Helpful to Manage Processes in a Small Business?,2016,0,2,0,True,True,2
On the gap between reality and registration: a business event analysis classification framework,2016,3,1,1,False,False,5
Trace retrieval for business process operational support,2016,4,1,0,False,False,5
Sustainability in Model-based Planning and Control of Global Value Creation Networks,2017,0,0,3,False,False,3
An automated approach for merging business process fragments,2016,2,0,1,False,False,3
Human-computer interaction in sanitary inspection simulation exercises,2017,2,1,0,False,True,3
Evolving process views,2016,3,0,0,False,False,3
Automated Event Driven Dynamic Case Management,2016,4,0,0,False,False,4
Continuous Innovation as Fundamental Enabler for Sustainable Business Practices,2017,2,0,1,False,False,3
Statistical mechanics approach for collaborative business social network reconstruction,2016,4,1,0,False,False,5
Improvement of patient safety in u-hospital: A pattern-based approach for handling patients’ abnormal situations,2017,2,0,0,False,False,2
Lightweight SOA-based twin-engine architecture for enterprise systems in fixed and mobile environments,2016,6,0,0,False,False,6
Flexible manufacturing chain: A SCM for electronic commerce enterprise in clothing industry based on activiti,2017,4,1,1,False,False,6
Challenges in business processes modeling – Is agile BPM a solution?,2017,3,1,0,False,False,4
Analyzing inter-organizational business processes: Process mining and business performance analysis using electronic data interchange messages,2016,6,1,1,False,False,8
Towards performance evaluation of cloud service providers for cloud data security,2016,2,0,0,False,False,2
Identifying similar business process models,2016,0,0,2,False,False,2
Do we need capabilities in our management system?,2017,2,0,0,False,False,2
Requirements elicitation and specification using the S-BPM paradigm,2017,1,0,0,False,False,1
Enabling effective workflow model reuse: A data-centric approach,2017,3,0,1,False,False,4
A proposed novel enterprise cloud development application model,2016,3,2,0,False,True,5
Exploring appraisals and rewards in the context of business process orientation,2017,0,1,0,True,True,1
Knowledge base support for dynamic information system management,2016,2,3,0,True,True,5
A pattern-based workflow to an automatic planning and monitoring of medical activities’ processes,2016,3,0,0,False,False,3
Decision mining in a broader context: An overview of the current landscape and future directions,2017,4,0,2,False,False,6
"Workflow-supported social networks: Discovery, analyses, and system",2016,1,0,2,False,False,3
Towards a Generic BPMS User Portal Definition for the Execution of Business Processes,2016,2,1,0,True,False,3
Exploring business process modelling paradigms and design-time to run-time transitions,2016,1,0,1,False,False,2
Integrating sustainability aspects in business process management,2017,1,4,0,False,True,5
Sustainability patterns for the improvement of IT-related business processes with regard to ecological goals,2017,3,0,0,False,False,3
Properties that influence business process management maturity and its effect on organizational performance,2016,3,0,0,False,False,3
How Internet of Things Influences Human Behavior Building Social Web of Services via Agent-Based Approach,2016,2,1,0,False,False,3
An approach for measuring flexibility of business processes based on distances between models and their variants,2017,1,2,0,True,False,3
Business process management - A construction case study,2017,1,0,0,False,False,1
Supporting different process views through a Shared Process Model,2016,5,0,0,False,False,5
Digital transformation at the university of porto,2017,1,1,0,False,True,2
ICT drivers of intelligent enterprises,2017,0,1,0,True,True,1
Antecedents and consequences of perceived knowledge update in the context of an ERP simulation game: A multi-level perspective,2016,3,2,0,False,True,5
Augmenting process elicitation with visual priming: An empirical exploration of user behaviour and modelling outcomes,2016,4,1,0,False,False,5
BPM technologies for managing dynamic healthcare processes flexibly,2017,1,0,0,False,False,1
Information Governance in Dynamic Networked Business Process Management,2016,5,0,0,False,False,5
Toward an approach to improve business process models reuse based on linkedin social network,2017,2,1,1,True,False,4
Optimal resource capacity management for stochastic networks,2017,2,0,1,False,False,3
A case study perspective for balanced perioperative workflow achievement through data-driven process improvement,2016,1,3,0,False,True,4
Development of a subject-oriented reference process model for the telecommunications industry,2016,3,0,0,False,False,3
A Study on the Relation between Business Process Management Maturity and Innovation,2016,3,0,0,False,False,3
Conceptual modeling of executable event processing networks for event-driven business process management; [Konzeptionelle Modellierung ausführbarer Event Processing Networks für das Event-driven Business Process Management],2016,2,0,0,False,False,2
Workflow Management Systems - an analysis of current open source products,2016,1,1,0,True,False,2
Collaborative process cartography deduction based on collaborative ontology and model transformation,2016,2,0,1,False,False,3
Language-independent modeling application of business process management; [Modellierungssprachenunabhängige Anwendung des Geschäftsprozessmanagements],2016,1,0,0,False,False,1
On the de-facto standard of event-driven process chains: Reviewing EPC implementations in process modelling tools,2016,6,0,0,False,False,6
The state of the art of business process management research as published in the BPM conference: Recommendations for progressing the field,2016,0,0,2,False,False,2
Using the Delphi method to identify hospital-specific business process management capabilities in the Netherlands,2016,2,0,0,False,False,2
The Role of Gender in Business Process Management Competence Supply,2016,2,2,0,True,False,4
Inter-organizational performance and business process management in collaborative networks,2016,2,2,0,True,False,4
Unicorn meets chimera: Integrating external events into case management,2016,4,1,0,False,False,5
Using templates and linguistic patterns to define process performance indicators,2016,3,1,0,True,False,4
Business process management: Don’t forget to improve the process!,2016,2,1,0,False,True,3
On the role of context in business process management,2016,0,2,1,False,True,3
ResRec: A multi-criteria tool for resource recommendation,2016,5,0,0,False,False,5
Automatic allocation of resources in software process simulations using their capability and productivity,2016,0,0,2,False,False,2
Business process management and IT management: The missing integration,2016,2,1,0,True,False,3
Synthesizing data-centric models from business process models,2016,2,0,0,False,False,2
Efficient analysis of process logs,2016,4,2,0,True,True,6
Personal BPM - User-oriented process modeling by means of personal workflow management; [Personal BPM - Anwenderorientierte Prozessmodellierung durch persönliches Workflow Management],2016,1,0,0,False,False,1
Gateware and software frameworks for Sirius BPM electronics,2016,1,0,1,False,False,2
Semantic-based modeling for information systems using the SeMFIS platform,2016,1,0,0,False,False,1
Process learning environments,2016,4,0,0,False,False,4
2nd workshop requirements engineering & business process management (REBPM),2016,3,1,0,False,False,4
Business process management (BPM) and e-government: An experience at University of Las Palmas de Gran Canaria (ULPGC),2016,2,0,0,False,False,2
Mediation effect of business process and supply chain management capabilities on the impact of IT on firm performance: Evidence from Chinese firms,2016,1,2,1,False,False,4
Examining the impact of business process management system use on employees' process orientation,2016,2,1,0,True,False,3
Towards Internal Modelling of the Information Systems Application Domain,2016,2,0,0,False,False,2
Compliance principles for decision management solutions at the Dutch Government,2016,3,0,0,False,False,3
Experience report: Social BPM Lab enhanced with participation of professionals,2016,3,1,0,False,False,4
"Property specification, process verification, and reporting - A case study with vehicle-commissioning processes",2016,4,1,0,False,False,5
Enabling flexible location-aware business process modeling and execution,2016,3,0,2,False,False,5
Peformance of modified Bit Parallel Multiplier based Radix-4-pipe-lined Single-path Delay Commutator (R4SDC) FFT,2016,0,0,2,False,False,2
Application of Dynamic Instance Queuing to Activity Sequences in Cooperative Business Process Scenarios,2016,1,1,0,False,True,2
Multiagent system to analyse manufacturing process models,2016,2,0,0,False,False,2
OPBUS: A framework for improving the dependability of risk-aware business processes,2016,1,0,0,False,False,1
Effective application of process improvement patterns to business processes,2016,2,0,0,False,False,2
An agile process modelling approach for BIM projects,2016,0,0,2,False,False,2
A framework for context-aware heterogeneous group decision making in business processes,2016,4,1,0,True,False,5
Enhancing the management of resource-aware business processes,2016,0,1,0,True,True,1
Customer experience versus process efficiency: Towards an analytical framework about ambidextrous BPM,2016,2,0,0,False,False,2
Statistical relational learning for workflow mining,2016,1,2,0,True,True,3
"Workshop on the state, challenges and impulses of business process management; [Workshop zum Stand, den Herausforderungen und Impulsen des Geschäftsprozessmanagements]",2016,3,1,0,False,False,4
Interoperation based business process management over crossing social networks,2016,2,0,1,False,False,3
Reconciling global and local needs: A canonical action research project to deal with workarounds,2016,2,0,0,False,False,2
Supporting customizable business process models using graph transformation rules,2016,1,3,0,True,False,4
Limitations and Potentials of modern BPM Systems for High-Performance Shadow Processing in Business Processes of Digital Companies,2016,2,0,0,False,False,2
Requirements Engineering and Business Process Management as preconditions for the application of the cloud blueprinting model,2016,2,0,0,False,False,2
Distributed monitoring and workflow management for goal-oriented workflows,2016,3,0,0,False,False,3
An efficient approach for multi-tenant elastic business processes management in cloud computing environment,2016,3,0,0,False,False,3
Selecting a notation to modeling business process: A systematic literature review of technics and tools,2016,2,0,0,False,False,2
A semantic approach for representing and querying business processes,2016,4,1,0,True,False,5
SHAPEworks: A BPMS extension for complex process management,2016,6,0,1,False,False,7
Enabling batch processing in BPMN processes,2016,1,1,0,True,False,2
Business process maturity models: A systematic literature review,2016,1,1,1,True,False,3
Targeted strategic alignment via real-time perioperative performance dashboards,2016,1,3,0,False,True,4
Bridging the requirements engineering and business analysis toward a unified knowledge framework,2016,1,0,0,False,False,1
Estimating the cost for executing business processes in the cloud,2016,2,1,0,False,False,3
"Do Process-based Systems Support Emergent, Collaborative and Flexible Processes? Comparative Analysis of Current Systems",2016,2,1,0,True,False,3
A literature-based analysis of people's roles in business process management,2016,0,1,0,True,True,1
Using Resource Reliability in BPMN Processes,2016,1,2,0,True,False,3
Complementing the BPMN to enable data-driven simulations of business processes,2016,3,0,0,False,False,3
Goal model to business process model: A methodology for enterprise government tourism system development,2016,2,0,0,False,False,2
A knowledge base guided approach for process modeling in complex business domain,2016,1,1,0,False,True,2
Value-driven risk analysis of coordination models,2016,4,0,0,False,False,4
Business reference model of the local self-government that uses process management,2016,0,1,0,True,True,1
Extended abstract: Managing complexity in activity specifications by separation of concerns,2016,2,0,0,False,False,2
Similarity Based Approach for Comparing Home Healthcare Processes Models in Portugal,2016,2,3,0,True,False,5
Supporting social network analysis using chord diagram in process mining,2016,1,0,0,False,False,1
Gameful business process modeling,2016,1,0,0,False,False,1
Towards quality-aware translations of activity-centric processes to guard stage milestone,2016,2,0,0,False,False,2
A framework for efficiently mining the organisational perspective of business processes,2016,2,1,1,False,False,4
Corporate Development with Agile Business Process Modeling as a Key Success Factor,2016,2,2,0,False,True,4
The future of business process management in the future of work,2016,2,0,1,False,False,3
Working with process abstraction levels,2016,2,0,0,False,False,2
It ambidexterity - Conceptualization at the business process level,2016,3,0,0,False,False,3
BPM adoption in small and medium-sized companies in Bavaria,2016,3,1,0,False,True,4
Semantic audit application for analyzing business processes,2016,0,2,0,True,True,2
V3PM: A decision support tool for value-based process project portfolio management,2016,4,0,0,False,False,4
A proposal for a BPR based method applied to higher education institutions,2016,5,0,1,False,False,6
A transdisciplinary process oriented framework to support generic PLM implementation for use by small and medium enterprises,2016,8,0,1,False,False,9
RoSE: Reoccurring structures detection in BPMN 2.0 process model collections,2016,3,1,0,True,False,4
Business matter experts do matter: A model-driven approach for domain specific process design and monitoring,2016,2,0,0,False,False,2
Ensuring action: Identifying unclear actor specifications in textual business process descriptions,2016,3,1,0,False,True,4
Business process management for the Crohn’s disease clinical process,2016,6,0,0,False,False,6
A formal guidance approach for correct process configuration,2016,2,1,1,True,False,4
Investigating the impact of collaborative patterns on business process performance: A large scale emprical study perspective,2016,4,2,0,True,True,6
Plausibility checking of formal business process specifications in linear temporal logic,2016,6,0,0,False,False,6
An Approach to Knowledge Management in Construction Service-Oriented Architecture,2016,2,1,0,False,True,3
The juxtaposition of enterprise architecting with a Business Process Management,2016,1,0,0,False,False,1
Elastic process optimization and scheduling in the cloud,2016,1,0,0,False,False,1
A checklist-based inspection technique for business process models,2016,2,1,0,False,False,3
Progress and stewardship in information systems research: Addressing barriers to cumulation through active process ownership,2016,2,0,0,False,False,2
A cloud-based prediction framework for analyzing business process performances,2016,4,0,0,False,False,4
Adaptive workflow system concept for scientific project collaboration,2016,2,1,0,False,False,3
A coarse-grained comparison of modelling languages for business motivation and intentional distribution,2016,2,0,0,False,False,2
Rethinking BPM in a cognitive world: Transforming how we learn and perform business processes,2016,2,0,0,False,False,2
Effective business process management centres of excellence,2016,1,2,0,True,False,3
Using service innovation model to develop ICT application based on service science,2016,2,0,0,False,False,2
"A digital business analysis method: A business requirements engineering process by the cooperation of management, business operation and IT department",2016,4,0,0,False,False,4
A 3D visualization approach for process training in office environments,2016,2,1,1,True,False,4
State-of-The-Art of business process compliance approaches: A survey (extended abstract),2016,1,1,0,False,True,2
Conceptual modeling of event processing networks,2016,2,0,0,False,False,2
A version-based approach to address flexibility of BPMN collaborations and choreographies,2016,3,1,0,True,False,4
From legislation to potential compliance violations in business processes - Simplicity matters research,2016,3,0,0,False,False,3
A BPMN extension to enable the explicit modeling of task resources,2016,2,2,0,False,False,4
Digital signatures workflows in alfresco,2016,4,1,0,True,False,5
REST-enabled decision making in business process choreographies,2016,3,0,0,False,False,3
Workflow interpretation via social networks,2016,2,0,0,False,False,2
Verification of BPMN 2.0 Process Models: An Event Log-based Approach,2016,0,2,0,True,True,2
Project management in international it ventures-does the practice go hand in hand with theory?,2016,2,0,0,False,False,2
Parent-child relation between process instances,2016,1,1,0,True,False,2
When do projects end? - The role of continuous software engineering,2016,1,0,0,False,False,1
An architecture for social customer support system,2016,0,1,2,False,False,3
Accounting Information Systems: Evolving towards a Business Process Oriented Accounting,2016,2,1,0,False,True,3
Management of the hypertension: An architecture based on BPM integration,2016,6,0,0,False,False,6
Dynamic switching of perspectives on business processes,2016,2,0,0,False,False,2
Business process management practices in a small transition economy - Current status and research opportunities,2016,0,2,0,True,True,2
Process Oriented Approaches in Enterprise Architecture for Business-IT Alignment,2016,2,0,0,False,False,2
Exploring human resource management in crowdsourcing platforms,2016,0,1,0,True,True,1
Exploiting web technologies to connect business process management and engineering,2016,4,0,0,False,False,4
Representing Business Process Flexibility using Concept Maps,2016,1,2,0,True,False,3
T-PROST: A transdisciplinary process oriented framework to support the product design phase in systems concurrent engineering,2016,4,0,0,False,False,4
Automated planning of process models: The construction of simple merges,2016,2,0,0,False,False,2
Similarity of activities in process models: Towards a metric for domain-specific business process modeling languages,2016,1,0,0,False,False,1
Business process management and digital game based learning,2016,2,0,0,False,False,2
Towards a scalable framework for artifact-centric business process management systems,2016,4,0,0,False,False,4
Energy efficient configurable resource allocation in cloud-based business processes,2016,1,1,1,True,False,3
Is the work flow model a suitable candidate for an observatory supervisory control infrastructure?,2016,2,0,0,False,False,2
A Multidimensional Knowledge Model for Business Process Modeling,2016,2,1,0,True,False,3
A formal framework for diagnostic analysis for errors of business processes,2016,0,0,2,False,False,2
Technical consequences of the nature of business processes,2016,1,0,0,False,False,1
Semi-automatic inductive derivation of reference process models that represent best practices in public administrations,2016,1,0,0,False,False,1
A game theoretic perspective on business processes,2016,1,0,0,False,False,1
autoCEP: Automatic learning of predictive rules for complex event processing,2016,2,1,0,False,True,3
Resource allocation with dependencies in business process management systems,2016,2,1,1,False,False,4
Propagation of event content modification in business processes,2016,3,0,0,False,False,3
Checking the compliance of business process in business process life cycle,2016,2,0,0,False,False,2
An approach for semantic business process model matching using supervised machine learning,2016,4,0,0,False,False,4
Business process management in transition economies: Current research landscape and future opportunities,2016,2,1,0,True,False,3
Refinement mining: Using data to sift plausible models,2016,1,0,0,False,False,1
A state transition model for business processes: Towards object-oriented business process automation,2016,0,0,1,False,False,1
Unlocking the potential of the process perspective in business transformation,2016,2,2,0,True,False,4
Towards a theoretical framework of business process management through the lens of absorptive capacity and cognitive dissonance theory,2016,1,1,1,True,False,3
A hybrid approach for flexible case modeling and execution,2016,2,0,0,False,False,2
A tool-based hybrid methodology for achieving impactful cross-domain systems engineering,2016,4,0,0,False,False,4
PRISM - A predictive risk monitoring approach for business processes,2016,4,0,0,False,False,4
A case study on the business benefits of automated process discovery,2016,2,0,1,False,False,3
Optimizing decision support in business process management using obligation and prohibition norms,2016,2,0,0,False,False,2
Intelligent agent system to analysis manufacturing process models,2016,2,0,0,False,False,2
Business process model and business rule integration - Towards a decision framework,2016,1,2,0,False,True,3
Enabling dynamic decision making in business processes with DMN,2016,3,1,0,False,False,4
Monitoring of learning path for business process models,2016,0,1,1,False,True,2
Discovering decision models from event logs,2016,1,2,0,True,False,3
A data warehouse model for business processes data analytics,2016,1,1,0,True,False,2
Business process model semantics in BPMN,2016,1,0,0,False,False,1
Multicriteria framework for selecting a process modelling language,2016,1,1,0,True,False,2
From choreography diagrams to RESTful interactions,2016,3,1,0,False,False,4
Digitalization: The dilemma in highly standardized companies and organizational development,2016,2,0,0,False,False,2
Can coffee consumption influence business process modeling behavior?,2016,4,0,0,False,False,4
A tool for natural language oriented business process modeling,2016,1,0,0,False,False,1
Construction of national R & D data retrieval-based researcher map,2016,5,1,1,False,False,7
Designing like a Pro: The automated composition of workflow activities,2016,1,1,1,False,True,3
Integration of Process Management and IT on cloud,2016,0,2,1,True,False,3
Test scenarios and validation results of POP methodology,2016,6,0,0,False,False,6
Switching the center of software development from it to business experts using intelligent business process management suites,2016,2,1,0,False,False,3
Process modeling as key technique for embedding the practices of business process management in organization,2016,1,2,0,True,True,3
Automated resource allocation in business processes with answer set programming,2016,2,1,1,False,False,4
Process engine benchmarking with betsy - Current status and future directions,2016,3,0,0,False,False,3
Enriching knowledge in business process modelling: A storytelling approach,2016,2,1,0,False,True,3
Automated business process management,2016,4,0,0,False,False,4
Job construals – Conceptualizing and measuring process participants’ perception of process embeddedness,2016,1,2,0,True,True,3
Towards a typology of business process management professionals: identifying patterns of competences through latent semantic analysis,2016,1,2,1,False,False,4
Towards dynamic business process management: Adapting processes via cloud-based adaptation processes,2016,1,0,0,False,False,1
Learning path specification for workplace learning based on business process management,2016,0,1,1,False,True,2
Elasticity of the business process execution. Application to Bonita BPM; [Élasticité de l'exécution des processus métiers Application à BonitaBPM],2016,1,0,0,False,False,1
Towards RAM-based variant generation of business process models,2016,3,0,0,False,False,3
Batch processing across multiple business processes based on object life cycles,2016,1,1,0,True,False,2
Towards ontology-based anti-patterns for the verification of business process behavior,2016,3,1,0,False,False,4
Towards a methodology for the engineering of event-driven process applications,2016,6,2,2,True,False,10
An agile approach to improve process-oriented software development,2016,2,1,0,True,False,3
"Expressing pre-, post-conditions, attributes and business constraints in artifact-centric business processes using object role modeling",2016,1,0,1,False,False,2
Potentials of image mining for business process management,2016,4,1,0,False,True,5
Proactive learning from SLA violation in cloud service based application,2016,2,3,0,True,False,5
Towards rigid actor assignment in dynamic workflows,2016,1,2,0,True,True,3
Potential benefits of using social software in ERP-based business process management,2016,2,0,0,False,False,2
Semantic application for the internationalization audit of higher education institutions,2016,0,2,0,True,True,2
A new framework for cloud business process management,2016,4,0,0,False,False,4
Evaluating the reliability of ambient-assisted living business processes,2016,1,2,0,False,True,3
A process based methodology to evaluate the use of PLM tools in the product design,2016,2,1,0,False,False,3
Embracing process compliance and flexibility through behavioral consistency checking in ACM: A repair service management case,2016,6,0,0,False,False,6
Pattern-based engineering of systems-of-systems for process execution support,2016,4,0,0,False,False,4
Agent-based semantic business process management methodology,2016,1,1,0,False,True,2
Cognitive efforts in using integrated models of business processes and rules,2016,1,2,0,False,True,3
Unified compliance modeling and management using compliance descriptors,2016,5,2,0,False,True,7
Business collaboration – an approach towards end-to-end ICT solutions for virtual factory,2016,2,0,0,False,False,2
WebBPMN: A language to design web applications regulated by workflows,2016,3,1,0,False,True,4
Modelling the process of process execution: A process model-driven approach to customising user interfaces for business process support systems,2016,4,0,0,False,False,4
Elastic manufacturing process landscapes,2016,0,1,0,True,True,1
Digital service platform for networked enterprises collaboration: A case study of the NEMESYS project,2016,3,1,0,False,False,4
Integration of risk aspects into business process modeling,2016,3,0,0,False,False,3
Process mining monitoring for map reduce applications in the cloud,2016,1,3,0,False,True,4
Data-aware service choreographies through transparent data exchange,2016,3,0,0,False,False,3
Hybrid business process modeling for the optimization of outcome data,2016,1,2,0,True,False,3
A framework for recommending resource allocation based on process mining,2016,4,0,0,False,False,4
To integrate or not to integrate - The business rules question,2016,1,2,0,False,True,3
Towards a common data framework for analytical environments,2016,1,2,0,True,True,3
A case modelling language for process variant management in case-based reasoning,2016,3,0,0,False,False,3
Business process as a service (BPaaS): The BPaaS design environment,2016,3,1,0,False,False,4
Simulation of BPMN process models: Current BPM tools capabilities,2016,2,0,0,False,False,2
Applying case management principles to support analytics process management,2016,3,0,0,False,False,3
The process of process management: Enabling high performance in a digital world,2016,1,0,0,False,False,1
On energy efficiency of BPM enactment in the cloud,2016,1,1,1,True,False,3
Business process modeling languages: A comparative framework,2016,2,0,0,False,False,2
An experience on applying process mining techniques to the tuscan port community system,2016,4,3,0,False,True,7
ConFlex - An ontology-based approach for the flexible integration of controls into business processes,2016,3,0,0,False,False,3
A procedural approach for evaluating the performance of business processes,2016,1,1,0,False,True,2
Social-data driven sales processes in local clothing retail stores,2016,4,1,0,True,False,5
Towards ontology guided translation of activity-centric processes to GSM,2016,2,0,0,False,False,2
A general framework for predictive business process monitoring,2016,1,0,0,False,False,1
From scientific process management to process science: Towards an empirical research agenda for business process management,2016,0,0,1,False,False,1
Extending generic BPM with computer vision capabilities,2016,2,1,0,False,True,3
Design time validation for the correct execution of BPMN collaborations,2016,4,0,0,False,False,4
Integrating activity- and goal-based workflows: A data model based design method,2016,2,0,0,False,False,2
Using classification method for querying the relevant process models,2016,3,1,1,False,True,5
A hypermedia middleware for process enactment and adaptation,2016,1,0,0,False,False,1
Evolution of distributed monitoring for scalable business process management in cloud-based databases,2016,2,0,0,False,False,2
Data inaccuracy-aware design of business processes,2016,1,0,0,False,False,1
Technological implications in the development and modelling of the intellectual capital,2016,1,0,2,False,False,3
Data aware business process models: A framework for the analysis and verification of properties,2016,1,0,0,False,False,1
Natural language processing for risk identification in business process repositories,2016,1,1,0,False,True,2
3D printing process pipeline on the Internet,2016,2,0,0,False,False,2
Liveness and reachability analysis of BPMN process models,2016,3,0,0,False,False,3
Business process management and supply chain collaboration: a critical comparison,2015,3,1,0,True,False,4
Business process management as the “Killer App” for Petri nets,2015,0,0,1,False,False,1
Integrated GIS-based logistics process monitoring framework with convenient work processing environment for smart logistics,2015,2,1,0,False,True,3
The temporal perspective in business process modeling: a survey and research challenges,2015,2,2,0,True,False,4
The impact of process visibility on process performance: A multiple case study of operations control centers in ITSM,2015,3,0,0,False,False,3
An intelligent approach to data extraction and task identification for process mining,2015,1,1,1,False,True,3
Bringing value-based business process management to the operational process level,2015,1,0,0,False,False,1
Impact analysis and change propagation in service-oriented enterprises: A systematic review,2015,4,1,0,False,False,5
The Shifting Printing Paradigm: A goodbye to traditional printing technology,2015,2,0,0,False,False,2
Event interval analysis: Why do processes take time?,2015,4,0,0,False,False,4
Using process mapping to reveal process redesign opportunities during ERP planning,2015,1,1,0,True,False,2
"Connecting clinical care and research: Single-source with x4T - Process design, architecture, and use cases",2015,5,0,0,False,False,5
Process discovery: A new method fitted to big event logs,2015,2,2,0,False,True,4
"Knowledge management implementation, business process, and market relationship outcomes: An empirical study",2015,3,1,0,False,False,4
Blending Ad Hoc and Formal Workflow Models in Support of Different Stakeholders Needs,2015,2,1,0,False,False,3
Context-adaptive Petri nets: Supporting adaptation for the execution context,2015,1,2,1,True,False,4
A methodology proposal for collaborative business process elaboration using a model-driven approach,2015,2,0,1,False,False,3
Strategic business process management,2015,1,0,0,False,False,1
Abdominal surgery process modeling framework for simulation using spreadsheets,2015,2,2,0,True,True,4
Leveraging organizational performance via knowledge management systems platforms in emerging economies: Evidence from the Egyptian information and communication technology (ICT) industry,2015,1,0,0,False,False,1
Next step recommendation and prediction based on process mining in adaptive case management,2015,2,1,0,False,False,3
India's Cybersecurity Landscape: The Roles of the Private Sector and Public-Private Partnership,2015,1,0,0,False,False,1
Supporting interoperability of collaborative networks through engineering of a service-based Mediation Information System (MISE 2.0),2015,3,2,1,False,False,6
Specification and automated design-time analysis of the business process human resource perspective,2015,2,2,0,True,False,4
"The consideration of organizational, human and corporate cultural factors in the implementation of business process management projects: Social factors to prevent failure of BPM projects",2015,1,1,0,True,False,2
Consistent Abstraction of Business Processes Based on Constraints,2015,4,1,0,True,False,5
An agent-mediated platform for business processes,2015,2,1,0,True,False,3
A model-driven approach for event-based business process monitoring,2015,1,1,0,False,True,2
Facilitating Evolution during Design and Implementation,2015,1,0,0,False,False,1
Investigating expressiveness and understandability of hierarchy in declarative business process models,2015,3,3,0,False,True,6
The tension between business process modelling and flexibility: Revealing multiple dimensions with a sociomaterial approach,2015,2,0,0,False,False,2
Design science in action: developing a modeling technique for eliciting requirements on business process management (BPM) tools,2015,1,0,1,False,False,2
An approach to define semantics for BPM systems interoperability,2015,1,3,0,True,True,4
A conceptual architecture for an event-based information aggregation engine in smart logistics,2015,1,2,0,True,False,3
Case management as a tool for forming corporate knowledge,2015,0,1,0,True,True,1
Standardisation of risk screening processes in healthcare through business rules management,2015,5,0,0,False,False,5
Do you walk the talk in quality culture?,2015,2,0,0,False,False,2
Timestamp accuracy in healthcare business process improvement,2015,3,1,0,False,False,4
Business process management: Saving the planet?,2015,0,2,0,True,True,2
A gender perspective on business process management competences offered on professional online social networks,2015,2,2,0,True,False,4
Testing business processes using TTCN-3,2015,2,1,0,False,False,3
Investigating the role of inertia in business process standardization initiatives,2015,1,1,0,True,False,2
A framework for next generation e-health systems and services,2015,4,2,0,False,True,6
Towards an extended metamodel of event-driven process chains to model complex event patterns,2015,4,0,0,False,False,4
Exploration and Assessment of Event Data,2015,2,2,0,False,True,4
Application of process mining for improving adaptivity in case management systems,2015,3,0,0,False,False,3
Complexity Analysis of a Business Process Automation: Case Study on a Healthcare Organization,2015,2,1,0,False,True,3
Co-design of information systems with digital records management: A proposal for research,2015,0,1,0,True,True,1
"Modeling as-is, ought-to-be and to-be-experiences from a case study in the health sector",2015,2,0,0,False,False,2
Proxied authentication in single sign-on setups with common open source systems - An empirical survey,2015,2,0,0,False,False,2
Cloud-based material management system for small-medium size printing companies in China,2015,0,0,2,False,False,2
Subject-oriented BPM as the glue for integrating enterprise processes in smart factories,2015,3,0,0,False,False,3
BPMN extensions for decentralized execution and monitoring of business processes,2015,4,0,0,False,False,4
Process improvement roadmapping how to max out your process,2015,3,1,0,False,True,4
Visibility of business processes - An information processing perspective in the financial services industry,2015,3,0,0,False,False,3
Domain specific monitoring of business processes using concept probes,2015,1,0,0,False,False,1
Enriching cooking workflows with multimedia data from a high security cloud storage,2015,3,2,0,False,True,5
Modelling sensible business processes,2015,2,1,1,False,False,4
BPIM: A multi-view model for business process instances,2015,0,1,1,False,True,2
Adapting processes via adaptation processes: A flexible and cloud-capable adaptation approach for dynamic business process management,2015,1,0,0,False,False,1
Enhancing organizational performance through event-based Process predictions,2015,3,0,0,False,False,3
Feedback on the integration of a serious game in the Business Process Management learning,2015,2,1,0,True,False,3
Towards goal-oriented conformance checking,2015,4,0,0,False,False,4
SUPER: Social-based business process management framework,2015,4,1,0,False,False,5
Bitemporal support for business process contingency management,2015,6,0,0,False,False,6
Organisational issues in modelling business processes: An activity-based inventory and directions for research,2015,2,2,0,True,False,4
A visual analysis of the process of process modeling,2015,2,2,2,False,False,6
BAB Framework: Process Mining on Cloud,2015,3,3,2,True,True,8
What performance & capacity people need to know about intelligent BPM,2015,1,1,0,False,True,2
Perioperative workflow and patient care documentation perpetuated through electronic medical records via integrated hospital information systems,2015,1,4,0,False,True,5
Dynamic constructs competition miner - occurrence- vs. time-based ageing,2015,5,0,0,False,False,5
Business process modeling support by depictive and descriptive diagrams,2015,4,1,0,True,False,5
BPM supported privacy by design for cross-organization business processes,2015,4,0,0,False,False,4
VMES: Virtualization aware manufacturing execution system,2015,3,0,0,False,False,3
Are instructions via e-mail suitable? How to choose an effective communication medium after changes in it-enabled workflows,2015,2,0,0,False,False,2
Experiences from selecting a BPM notation for an enterprise,2015,2,0,0,False,False,2
Conceptual knowledge relationship model of enterprise architecture and top management roles,2015,1,2,0,True,False,3
A survey on handling data in business process models,2015,5,1,0,True,False,6
Using intentional fragments to bridge the gap between organizational and intentional levels,2015,0,0,6,False,False,6
Using BPMN to simplify IMF caption & subtitle creation,2015,2,0,0,False,False,2
Production process monitoring using model-driven event processing networks,2015,2,0,0,False,False,2
Experiencing adaptive case management capabilities with cognoscenti,2015,0,4,0,True,True,4
BPM: A bad page management strategy for the lifetime extension of flash memory,2015,2,1,1,False,False,4
Construction of a cloud computing platform for medical logistics service,2015,1,1,0,True,False,2
Towards a business process model transformations framework,2015,1,1,1,False,False,3
Enhanced method for quality-fit (ISO 9001) operations within the automotive industry,2015,2,1,0,False,False,3
From business process models to capability models,2015,2,0,0,False,False,2
Static weaving in aspect oriented business process management,2015,1,0,0,False,False,1
Effectiveness of role plays on processoriented behaviour in daily work practices: An analysis in the financial services sector,2015,2,1,0,False,False,3
Process mining as a modelling tool: Beyond the domain of business process management,2015,1,0,0,False,False,1
Data-Centric Business Process Improvement A Data-Centric Approach for Business Process Improvement Based on Decision Theory,2015,0,1,0,True,True,1
Case example. Deutsche Bahn AG: FINK - With BPM managing complex specialized processes in environmental protection; [Praxisbeispiel Deutsche Bahn AG: FINK - Mit BPM komplexe Fachprozesse im Umweltschutz managen],2015,2,2,0,True,False,4
The process of process management mastering the new normal in a digital world,2015,1,0,0,False,False,1
Achieving sustainable development by integrating it into the business process management system,2015,2,1,0,False,False,3
VarBPM A product line for creating business process model variants,2015,3,0,0,False,False,3
Lessons learned from experimental prototype development for KPI acquisition and modeling from legacy ERP systems,2015,1,3,0,False,True,4
A business process based method for capability modelling,2015,2,0,0,False,False,2
An experiment for measuring business process maturity with different maturity models,2015,0,1,0,True,True,1
Graph theory and model collection management: conceptual framework and runtime analysis of selected graph algorithms,2015,4,0,0,False,False,4
Selecting the “right” notation for business process modeling: Experiences from an industrial case,2015,2,0,0,False,False,2
Towards smart logistics process management,2015,2,1,0,False,True,3
Incorporating analytics into a business process modelling course,2015,1,1,0,True,False,2
Workflow processing using ERP objects,2015,3,0,0,False,False,3
The simulation of optical IR-UWB doublet pulse generation and Fiber Transmission,2015,0,3,1,True,True,4
Evaluation of Process Modeling Paradigms Enabling Flexibility,2015,1,2,0,True,False,3
"""BPELanon"": Protect business processes on the cloud",2015,4,1,0,True,False,5
A framework supporting the analysis of process logs stored in either relational or NoSQL DBMSS,2015,4,2,0,True,True,6
How social software can support business process management - Developing a framework,2015,2,2,0,True,False,4
Conceptualizing a network process model based production platform,2015,3,0,0,False,False,3
Information quality in dynamic networked business process management,2015,5,0,0,False,False,5
Integrated process oriented requirements management,2015,3,0,0,False,False,3
IT-enabled adaptive open innovation,2015,3,0,0,False,False,3
Process extraction from texts using semantic unification,2015,3,0,0,False,False,3
Business Process Management for legal domains: Supporting execution and management of preliminary injunctions,2015,3,1,0,False,False,4
Do mature business processes lead to improved performance?-A review of literature for empirical evidence,2015,1,0,2,False,False,3
A Rule-Based Language for Integrating Business Processes and Business Rules,2015,2,0,0,False,False,2
Using the process-assets framework for creating a holistic view over process documentation,2015,1,1,1,False,False,3
Leveraging textual information for improving decision-making in the business process lifecycle,2015,4,1,1,False,True,6
Towards cognitive BPM as the next generation BPM platform for analytics-driven business processes,2015,1,1,0,False,True,2
Verification and validation of UML artifact-centric business process models,2015,1,2,0,True,False,3
A language for process map design,2015,0,1,0,True,True,1
Heterogeneous business process management: A metamodel-based approach,2015,5,2,0,True,False,7
Designing and evaluating an interpretable predictive modeling technique for business processes,2015,4,0,0,False,False,4
Technology Monitoring System to Improve the Competitiveness and Innovation in Colombian Companies,2015,2,1,0,False,False,3
Privacy-aware scheduling for inter-organizational processes,2015,1,0,0,False,False,1
Assisting the deployment of security-sensitive workflows by finding execution scenarios,2015,3,1,0,False,True,4
"Personal, social and event organization through web and mobile apps: The Fluxedo case",2015,3,1,0,False,True,4
An explorative study for process map design,2015,1,1,1,True,False,3
jBPM4S: A multi-tenant extension of jBPM to support BPaaS,2015,3,1,1,False,False,5
Inspection coming due! how to determine the service interval of your processes!,2015,3,0,0,False,False,3
A foundation for dynamic workflow patterns,2015,1,0,0,False,False,1
OPC UA interface for a BPM suite to enable seamless process management,2015,3,0,0,False,False,3
Petri net model cost extension based on process mining: Cost data description and analysis,2015,1,2,0,False,True,3
Efficient process model discovery using maximal pattern mining,2015,1,2,0,True,False,3
A method for modeling and analyzing business processes for knowledge carriers,2015,1,0,0,False,False,1
Proposals for a virtual machine for business processes,2015,1,0,0,False,False,1
Supporting legal requirements in the design of public processes,2015,0,2,0,True,True,2
Machine learning agents in the cloud to support smart business process management,2015,1,1,1,True,False,3
PM2: A process mining project methodology,2015,3,1,0,False,False,4
A systematic approach for evaluating BPM systems: Case studies on open source and proprietary tools,2015,3,2,0,True,False,5
Evaluation of paradigms enabling flexibility: BPMSs comparative study,2015,0,2,0,True,True,2
Smart maintenance to support digital life,2015,3,0,0,False,False,3
Integrating the Internet of Things with business process management: A process-aware framework for Smart Objects,2015,1,0,0,False,False,1
BPM in the cloud – trends and challenges (extended abstract),2015,1,0,0,False,False,1
Business process management skills and roles: An investigation of the demand and supply side of BPM professionals,2015,2,0,0,False,False,2
A pattern-based approach to transform natural text from laws into compliance controls in the food industry,2015,1,1,0,True,False,2
An impact study of business process models for requirements elicitation in XP,2015,4,2,0,False,True,6
Towards location-aware process modeling and execution,2015,3,0,2,False,False,5
Hybrid service compositions: When BPM meets dynamic case management,2015,2,0,0,False,False,2
Delineating worker-centered organizational work: Blending BPMS and social software features,2015,2,1,0,True,False,3
Changing the focus of an organization: From information systems to process aware information systems,2015,1,1,0,True,False,2
Extending CPN tools with ontologies to support the management of context-adaptive business processes,2015,1,1,1,True,False,3
Strategy to increase the state’s role in the business process management on the airport service market,2015,1,1,0,False,True,2
Supporting and assisting the execution of knowledge-intensive processes,2015,1,0,0,False,False,1
Evolutionary computation based discovery of hierarchical business process models,2015,4,0,1,False,False,5
Evaluating the performance of a batch activity in process models,2015,1,2,0,True,False,3
Enrichment of business process management with external data,2015,1,0,0,False,False,1
Automated analysis and adaptation of disaster response processes with place-related restrictions,2015,2,1,0,True,False,3
Combining business processes and cloud services: A marketplace for processlets,2015,2,0,0,False,False,2
Work systems paradigm and frames for fractal architecture of information systems,2015,0,1,0,True,True,1
On improving the maintainability of compliance rules for business processes,2015,4,0,0,False,False,4
Bonita BPM: An open-source BPM-based application development platform to build adaptable business applications,2015,2,0,0,False,False,2
Production case management: A prototypical process engine to execute flexible business processes,2015,5,0,0,False,False,5
A construction management framework for mass customisation in traditional construction,2015,3,1,0,True,False,4
BPM in German companies -information gathering,2015,2,0,0,False,False,2
Social business process management approaches: A comparative study,2015,0,1,1,True,False,2
Personal BPM -bringing the power of business process management to the user,2015,1,0,0,False,False,1
Discovering business models for software process management: An approach for integrating time and resource perspectives from Legacy Information Systems,2015,1,0,2,False,False,3
Patient flow management combining analytical and observational data to uncover flow patterns,2015,2,0,0,False,False,2
VrBPMN* and FM: An approach to model business process line,2015,2,3,0,False,True,5
On-the-fly performance-aware human resource allocation in the business process management systems environment using Naïve Bayes,2015,2,2,0,False,False,4
Evaluation of the dynamic construct competition miner for an eHealth system,2015,6,0,0,False,False,6
Separation of decision modeling from business process modeling using new “decision model and notation” (DMN) for automating operational decision-making,2015,3,0,1,False,False,4
Doctoral consortium of the 12th international conference on business process management (BPM-DC 2014),2015,1,1,0,False,True,2
Process visualization techniques for multi-perspective process comparisons,2015,1,0,2,False,False,3
Towards guiding process modelers depending upon their expertise levels,2015,2,1,1,False,False,4
BP-XACML an authorisation policy language for business processes,2015,4,0,0,False,False,4
"Business Process Management: 13th International Conference, BPM 2015 Innsbruck, Austria, August 31 - September 3, 2015 Proceedings",2015,2,0,1,False,False,3
Designing engaging e-Government services by combining user-centered design and gamification: A use-case,2015,1,1,0,True,False,2
Automating correctness verification of artifact-centric business process models,2015,1,2,0,True,True,3
Analytics process management: A new challenge for the BPM community,2015,2,0,0,False,False,2
Virtual business role-play: Leveraging familiar environments to prime stakeholder memory during process elicitation,2015,4,1,0,False,False,5
Role and task recommendation and social tagging to enable social business process management,2015,3,0,0,False,False,3
Factors affecting perceived satisfaction with a BPM tool: A student perspective,2015,1,1,0,True,False,2
User-centric process modeling and enactment: The clavii BPM platform,2015,5,1,0,False,False,6
Ontology-Driven process specialization,2015,3,0,0,False,False,3
A semantic framework for continuous u-health services provisioning,2015,3,0,0,False,False,3
The business process game,2015,2,0,0,False,False,2
The use of social tagging in social business process management,2015,2,0,0,False,False,2
BPMN4V: An extension of BPMN for modelling adaptive processes using versions,2015,3,1,0,True,False,4
YAWL in the cloud: Supporting process sharing and variability,2015,2,0,2,False,False,4
Sociotechnical requirements-specification - The example of continuous support for collaborative modelling and design,2015,2,0,0,False,False,2
A framework for interactive exception management of long-term human-involved business processes,2015,2,0,0,False,False,2
Classification framework for context data from business processes,2015,5,0,0,False,False,5
Icebricks mobile application for business process modeling,2015,3,1,0,False,True,4
Verification of data aware business process models: A methodological survey of research results and challenges,2015,1,0,0,False,False,1
Tagging model for enhancing knowledge transfer and usage during business process execution,2015,1,1,0,False,True,2
"A workaround design system for anticipating, designing, and/or preventing workarounds",2015,1,0,0,False,False,1
Adaptation of business process management to requirements of small and medium-sized enterprises in the context of strategic flexibility,2015,1,0,0,False,False,1
"Asia Pacific Business Process Management: Third Asia Pacific Conference, AP-BPM 2015 Busan, South Korea, June 24-26, 2015 Proceedings",2015,2,1,0,False,True,3
3rd international workshop on data-and artifact-centric BPM (DAB 2014),2015,3,0,0,False,False,3
Structure and elements of disaster response processes - A general meta-model,2015,1,0,0,False,False,1
RALph: A graphical notation for resource assignments in business processes,2015,4,1,1,True,False,6
Investigating completeness of coding in Business Process Model and Notation,2015,2,1,0,False,False,3
Social-software-based support for enterprise architecture management processes,2015,6,0,0,False,False,6
Patterns in Privacy - A pattern-based approach for assessments,2015,1,1,0,False,True,2
On merging business process management and geographic information systems: Modeling and execution of ecological concerns in processes,2015,2,0,2,False,False,4
Business process analysis using process mining in accommodation industry,2015,1,0,1,False,False,2
"The generic model query language GMQL - Conceptual specification, implementation, and runtime evaluation",2015,4,0,0,False,False,4
A study on the task assignment in emergency business process management using genetic algorithm,2015,1,0,1,False,False,2
Flexible End2End Workflow Automation of Hit-Discovery Research,2014,1,2,0,True,True,3
Merging event logs for process mining: A rule based merging method and rule suggestion algorithm,2014,1,0,1,False,False,2
End-to-end process management: Implications for theory and practice,2014,4,0,0,False,False,4
An alignment-based framework to check the conformance of declarative process models and to preprocess event-log data,2015,3,0,0,False,False,3
A new model for discovering process trees from event logs,2014,1,1,0,False,True,2
Implementing BPMN 2.0 Scenarios for AAL@Home Solution,2015,2,2,0,True,True,4
Service Oriented Architecture for Clinical Decision Support: A Systematic Review and Future Directions,2014,4,0,0,False,False,4
Active rule representation in BPMN for iot service design,2015,2,0,0,False,False,2
A recommendation system for predicting risks across multiple business process instances,2015,5,0,0,False,False,5
Requirements specification as executable software design - A behavior perspective,2015,3,0,0,False,False,3
A balanced perspective to perioperative process management aligned to hospital strategy,2014,1,3,0,False,True,4
Enterprise architecture and knowledge perspectives on continuous requirements engineering,2015,0,1,0,True,True,1
Improved Compliance by BPM-Driven Workflow Automation,2014,1,3,0,True,True,4
A comparison between business process management and information security management,2014,2,0,0,False,False,2
Understanding the IT/business partnership: A business process perspective,2014,1,0,0,False,False,1
How do we progress? An exploration of alternate explanations for BPM capability development,2015,3,0,0,False,False,3
16-channel arrayed waveguide grating (AWG) demultiplexer design on SOI wafer for application in CWDM-PON,2015,2,1,1,True,False,4
Designing and implementing a multi-agent architecture for business process management,2015,4,0,0,False,False,4
A mapping from BPMN model to JADEX model,2015,1,1,0,True,False,2
A new verification technique for large processes based on identification of relevant tasks,2015,2,1,0,False,False,3
The business value of process flexibility: An optimization model and its application in the service sector,2014,4,0,0,False,False,4
Ontology-based approaches for cross-enterprise collaboration: a literature review on semantic business process management,2014,1,1,1,True,False,3
Towards an active help on detecting data flow errors in business process models,2015,1,2,1,False,True,4
Automatic verification of database-centric systems,2014,2,0,1,False,False,3
Bursts and heavy tails of execution time in business processes,2014,1,0,1,False,False,2
A process warehouse based resource suitability evaluation method for business process improvement,2014,2,0,1,False,False,3
Conformance checking and diagnosis for declarative business process models in data-aware scenarios,2014,0,2,0,True,True,2
Derivation of data-driven software models from business process representations,2014,1,2,0,True,True,3
Computer-assisted e-customs transactions: Proposing a system to support small and medium-sized enterprises in electronically declaring international exports,2015,4,0,0,False,False,4
An agile bpm system for knowledge-based service organizations,2015,1,1,0,False,True,2
Exploring the interplay of the design and emergence of business processes as organizational routines,2014,1,0,0,False,False,1
Development of the management system of the national sustainable development experimentation areas,2015,2,1,1,False,True,4
Engineering informatics and industrial information integration engineering,2014,0,1,0,True,True,1
Elastic Business Process Management: State of the art and open challenges for BPM in the cloud,2015,5,0,0,False,False,5
The design and implementation of management information system of electric vehicle charging station based on cyber-Physical system,2015,4,2,1,False,False,7
A dynamic services discovery model for better leveraging BPM and SOA integration,2015,2,0,0,False,False,2
Integrated engineering product design simulation platform for collaborative simulation under the user experience of SME users,2015,4,1,0,False,False,5
"Workshop on ""BPM in the public sector""; [Workshop zum ""BPM im Öffentlichen Sektor"" Organisatoren]",2014,2,0,0,False,False,2
Barriers and strategies of process knowledge sharing in public sector organizations,2014,3,0,0,False,False,3
An improved structure-based approach to measure similarity of business process models,2014,0,1,2,False,False,3
Mobile supported and process enabled electronic document management system for local municipalities,2014,3,3,0,True,False,6
Theoretical contributions concerning performance-The way to achieve excellence,2014,1,1,0,True,False,2
Process-oriented standard software - An impulse for sustainable business process management at higher education institutions?,2014,2,1,1,False,False,4
How to successfully start the transformation of an academic institution: Case study on the process mapping project at the Czech technical university,2014,3,0,1,False,False,4
Challenges for processing events in logistics processes,2014,0,0,1,False,False,1
Environmentally sustainable business process management - Developing a green BPM readiness model,2014,3,0,0,False,False,3
Work systems based fractal architecture of information systems,2014,0,1,0,True,True,1
The change impact analysis in BPM based software applications: A graph rewriting and ontology based approach,2014,2,0,0,False,False,2
Towards an understanding of real-time continuous feedback from simulation games,2014,3,3,0,False,False,6
Business process modelling in ERP implementation: Literature review,2014,3,0,1,False,False,4
Social Software and dynamics in business process management; [Soziale Software und Dynamik im Geschäftsprozessmanagement],2014,2,0,0,False,False,2
Identifying best practices in business process management using fuzzy analytical hierarchy process,2014,1,1,0,True,False,2
A meta-model for process map design,2014,1,1,1,True,False,3
Business process evaluation in agile business process management using quality models,2014,3,0,0,False,False,3
A review of delegation and break-glass models for flexible access control management,2014,1,1,1,False,False,3
A conceptual framework and classification of capability areas for business process maturity,2014,2,1,0,True,False,3
Towards business process management in networked ecosystems,2014,3,0,0,False,False,3
DGIST: A digital game for international students’ adjustment,2014,1,1,0,True,False,2
"Consistency issues in large business process model environment, A case study",2014,3,0,0,False,False,3
Dynamic workflow adjustment with security constraints,2014,1,3,1,False,True,5
"Analysis and improvement of a construction permit approval process: A teaching case for developing business process development capabilities, targeting developing nations",2014,1,4,0,True,True,5
A framework for translating legal knowledge into administrative processes: Dynamic adaption of business processes,2014,0,0,2,False,False,2
Querying business process model repositories: A survey of current approaches and issues,2014,3,1,0,False,True,4
Processing big events with showers and streams,2014,3,0,0,False,False,3
BPM standardization system in the public administration of Switzerland and its theory-based evaluation; [Das BPM-Standardisierungssystem in der Öffentlichen Verwaltung der Schweiz und dessen Theorie-basierte Evaluierung],2014,1,0,0,False,False,1
Developing a method for prioritizing business process improvement initiatives,2014,3,1,0,False,False,4
Towards a model-driven approach for treating quality attributes of service-based business processes,2014,3,0,0,False,False,3
How should we teach the logic of BPM? Comparing e-learning and face-to-face setting in situated learning,2014,2,1,0,False,True,3
Aspect mining in business process management,2014,1,0,0,False,False,1
Making a link between strategy and process model collections: A multi-layered approach,2014,3,0,0,False,False,3
"Business process management in business development. Status quo on needs, applications and barriers; [Geschäftsprozessmanagement in der Wirtschaftsförderung. Status Quo zu Notwendigkeiten, Anwendungen und Hemmnissen]",2014,2,0,0,False,False,2
An optimized method of business process mining bused on the behavior profile of petri nets,2014,3,0,0,False,False,3
Cloud services platform of public resources trading integration,2014,3,1,1,False,False,5
Towards automated adaptation of disaster response processes-an approach to insert transport activities,2014,0,1,0,True,True,1
Compliance in BPM today - An insight into experts' views and industry challenges,2014,3,2,0,True,True,5
Capability development with process maturity models – Decision framework and economic analysis,2014,1,2,0,True,False,3
Functional testing: A SOA & BPM approach,2014,3,0,0,False,False,3
Improving business processes management systems by introducing soft computing elements,2014,5,0,0,False,False,5
BPMN extension for business process monitoring,2014,3,1,0,True,False,4
An ontological consensus augmented framework for collaborative business process formulation,2014,2,1,0,True,False,3
A model-driven method for enacting the design-time QoS analysis of business processes,2014,1,1,0,False,True,2
GoalDAG – Archimate integration,2014,2,0,0,False,False,2
Testing the impact of wand and Weber's decomposition model on process model understandability,2014,2,1,0,False,False,3
Towards location-aware declarative business process management,2014,3,0,0,False,False,3
Value-driven design and implementation of business processes transferring strategy into execution at pace with certainty,2014,1,0,0,False,False,1
Extending swarm communication to unify choreography and long-lived processes,2014,1,2,0,True,False,3
A genetic algorithm for the inductive derivation of reference models using minimal graph-edit distance applied to real-world business process data,2014,3,0,0,False,False,3
Cloud based Material management system for printing press,2014,1,2,1,False,True,4
Extracting business vocabularies from business process models: SBVR and BPMN standards-based approach,2014,4,0,0,False,False,4
DSL based platform for business process management,2014,1,3,0,True,False,4
PRIMA II - An analysis of resource availability in disaster response processes,2014,1,1,0,False,True,2
Proactive decision support during business process execution,2014,0,0,1,False,False,1
Leveraging model-driven monitoring for event-driven business process control,2014,2,1,0,False,False,3
Assessing aspect oriented approaches in business process management,2014,1,0,0,False,False,1
Diagnosing industrial business processes: Early experiences,2014,0,0,3,False,False,3
"Excellence models for performance management: Case study: The evolution of ""quality concept"" in Japan-The Japanese model of excellence",2014,1,2,0,True,False,3
Support of dynamic compliance processes through business process management platforms; [Unterstützung von dynamischen Compliance Prozessen durch Business Process Management Plattformen],2014,1,0,0,False,False,1
A data-driven prediction framework for analyzing and monitoring business process performances,2014,5,0,0,False,False,5
The analysis of behavioral deviation between business process models based on Petri net kinetic expression,2014,2,1,0,False,False,3
Regulatory framework for the deployment of business process management and document management in public administration; [Ordnungsrahmen zum Einsatz des Geschäftsprozessmanagements und des Dokumentenmanagements in der Öffentlichen Verwaltung],2014,1,0,0,False,False,1
Coordination of local process views in interorganizational business process,2014,2,0,0,False,False,2
Virtual business process management within collaborative manufacturing network: An implementation case,2014,2,0,0,False,False,2
An integrated approach based on execution measures for the continuous improvement of business processes realized by services,2014,3,2,0,True,False,5
Planning of business process execution in Business Process Management environments,2014,0,1,2,True,False,3
An interoperable and self-adaptive approach for SLA-based service virtualization in heterogeneous Cloud environments,2014,0,0,3,False,False,3
Factors affecting business process and business rule integration,2014,1,2,0,False,True,3
Proposals for the integration of interactive dashboards in business process monitoring to support resources allocation decisions,2014,0,1,0,True,True,1
Interpreting overlaps in business process mapping via organisational soft knowledge flows,2014,1,1,0,True,False,2
Supporting introduction of social interaction in business processes,2014,1,1,0,False,True,2
A PLM-based approach for un-manned air system design: A proposal,2014,3,1,0,False,True,4
Sustaining the momentum: Archival analysis of Enterprise Resource Planning systems (2006-2012),2014,1,2,0,True,False,3
Designing cooperative social applications in healthcare by means of socialbpm,2014,4,0,0,False,False,4
EPC generator: A concept to generate event-driven process chains based on an original process model,2014,4,0,0,False,False,4
Employee resistance and participation in the implementation of BPM - A multi-level approach using the example of the Schleswig-Holstein Regional Police Agency; [Mitarbeiterwiderstände und-partizipation bei der Einführung von BPM-Ein Multi-Level-Ansatz am Beispiel des Landespolizeiamtes Schleswig-Holstein],2014,2,0,0,False,False,2
Shaping the next incarnation of Business intelligence: Towards a flexibly governed network of information integration and analysis capabilities,2014,6,0,0,False,False,6
Semantic based auto-completion of business process modelling in eGovernment,2014,0,2,0,True,True,2
Quality measures for ETL processes,2014,3,0,0,False,False,3
An Editing Concept for PASS Layers,2014,0,1,1,False,True,2
CloudExp: A comprehensive cloud computing experimental framework,2014,6,0,0,False,False,6
A method for evaluating and measuring cloud computing business process,2014,5,0,1,False,False,6
"Analysis of process model reuse: Where are we now, where should we go from here?",2014,3,1,0,True,False,4
KPIshare: A collaborative space for BPM practitioners for full definitions and discussions on process KPIs,2014,4,2,0,False,False,6
Flexible batch configuration in business processes based on events,2014,3,1,0,True,False,4
Process engine selection support,2014,1,0,0,False,False,1
The impact of human resources information systems and business process management implementations on recruiting process performance: A case study,2014,3,0,0,False,False,3
Listen to me: Improving process model matching through user feedback,2014,4,0,1,False,False,5
Applying the Strategy-Oriented Business Process Modeling to S-BPM,2014,2,1,0,False,True,3
Modeling using ordinary language as basis for agile business process management; [Gebrauchssprachliche Modellierung als Grundlage für agiles Geschäftsprozessmanagement],2014,3,0,0,False,False,3
Augmenting and assisting model elicitation tasks with 3D virtual world context metadata,2014,1,3,0,False,True,4
A BPM-Based Approach of Human Task Support within Automated Workflows,2014,0,0,3,False,False,3
Combining knowledge management and business process management - A solution for information extraction from business process models focusing on BPM challenges,2014,2,1,0,True,False,3
From a family of state-centric PAIS to a configurable and parameterized business process architecture,2014,1,1,0,False,True,2
BPM change planning using the Matrix of Change and discrete optimization methods,2014,2,0,0,False,False,2
"Around the world business process education and research has taken off, except in the USA. Why?",2014,4,1,0,False,False,5
What you can do to inhibit business process standardization,2014,1,1,0,True,False,2
On enabling context-aware compliance monitoring of business processes at run-time in distributed systems,2014,0,1,0,True,True,1
Towards a DSL-based approach for specifying and monitoring home care plans,2014,0,0,4,False,False,4
SAP operational process intelligence: Empowering line-of-business workers with real-time process visibility,2014,2,0,0,False,False,2
Constructs competition miner: Process control-flow discovery of BP-domain constructs,2014,5,0,0,False,False,5
Research challenges for business process models at run-time,2014,5,0,0,False,False,5
Empirical evidence for the impact of Organizational Culture on process quality,2014,1,1,0,True,False,2
Architecting the Enterprise along Communication Paradigm Using the TOGAF® Framework,2014,3,0,0,False,False,3
Improving knowledge-intensive business processes through social media,2014,1,1,0,True,False,2
On the theoretical foundations of research into the understandability of business process models,2014,3,0,0,False,False,3
Supporting value stream design using S-BPM,2014,1,0,0,False,False,1
Caring of intentionality in business process models using Business Process Patterns,2014,1,0,0,False,False,1
Abstract Layers in PASS - A Concept Draft,2014,0,1,1,False,True,2
A situational perspective on workarounds in it-enabled business processes: A multiple case study,2014,2,1,0,True,False,3
Using Meta Processes for the Structured Discovery and Self-learning Improvement of S-BPM Processes,2014,2,0,0,False,False,2
Flexibility requirements in real-world process scenarios and prototypical realization in the care domain,2014,3,1,0,False,False,4
A Transformation-Based Approach to Business Process Management in the Cloud,2014,3,0,0,False,False,3
Examining existing ways to electronically declare international exports to the German ATLAS system - Current barriers and proposed solution,2014,4,0,0,False,False,4
Changing in-flight business processes using PNMsoft's HotChange® technology,2014,2,0,0,False,False,2
Toward resilience assessment in business process architectures,2014,3,0,0,False,False,3
Business process modeling for insider threat monitoring and handling,2014,4,0,0,False,False,4
Can We Use S-BPM for Modeling Collaboration Scripts?,2014,2,0,0,False,False,2
3D Progressive Education Environment for S-BPM,2014,3,1,0,False,False,4
ProcessBase: A hybrid process management platform,2014,2,0,0,False,False,2
Tracking hot topics for the monitoring of open-world processes,2014,3,0,0,False,False,3
Breadth first search sequence based method for efficient process retrieval,2014,1,2,2,False,True,5
A literature study on the state-of-the-art of contingency research in business process management,2014,1,1,0,False,True,2
An ontological framework for context-aware collaborative business process formulation,2014,1,1,0,True,False,2
Alignment between business process governance and IT governance,2014,2,1,0,True,False,3
Production Planning for SMEs - Implementation of Production Planning with Subject-Oriented Business Process Management (S-BPM),2014,1,0,1,False,False,2
A S-BPM suite for the execution of cross company subject oriented business processes,2014,2,0,0,False,False,2
Scalable dynamic business process discovery with the constructs competition miner,2014,5,0,0,False,False,5
CFS: A behavioral similarity algorithm for process models based on complete firing sequences,2014,2,1,1,False,False,4
Complex Adaptive Systems Theory in the Context of Business Process Management,2014,2,0,0,False,False,2
When processes alienate customers: Towards a theory of process acceptance,2014,2,0,0,False,False,2
Separating execution and data management: A key to business-process-as-a- service (BPaaS),2014,2,0,1,False,False,3
Implicit BPM: A business process platform for transparent workflow weaving,2014,4,0,0,False,False,4
Quantitative process maps: A concept for prioritization of business process improvement projects,2014,1,1,0,True,False,2
ViePEP - A BPMS for elastic processes,2014,1,0,0,False,False,1
Monitoring of business processes with complex event processing,2014,7,1,0,True,False,8
"Performances of business processes and organizational routines: Similar research problems, different research methods - A literature review",2014,2,0,0,False,False,2
Chopping down trees vs. sharpening the axe - Balancing the development of BPM capabilities with process improvement,2014,3,0,0,False,False,3
Exploration of a Method for COSMIC Size Estimation from S-BPM,2014,3,0,0,False,False,3
Towards planning and control of business processes based on event-based predictions,2014,4,0,0,False,False,4
A configuration-management-database driven approach for fabric-process specification and automation,2014,5,0,0,False,False,5
Efficient behavioral-difference detection between business process models,2014,3,1,0,False,False,4
An Interactional View of Context in Business Processes,2014,2,1,0,False,False,3
Formal modeling and analysis of home care plans,2014,2,2,0,True,False,4
The correlation of organizational culture and success of BPM adoption,2014,0,1,1,True,False,2
A framework for assessing BPM success,2014,0,2,1,True,False,3
Supporting Business Process Exception Management by Dynamically Building Processes Using the BEM Framework,2014,3,2,1,True,False,6
Modeling concepts for internal controls in business processes - An empirically grounded extension of BPMN,2014,2,0,0,False,False,2
"Asia Pacific Business Process Management: Second Asia Pacific Conference, AP-BPM 2014 Brisbane, QLD, Australia, July 3-4, 2014 Proceedings",2014,2,0,0,False,False,2
Modeling organizational alignment,2014,2,0,0,False,False,2
An actor-network perspective on business process management: A case study of a Brazilian chemical company,2014,2,0,0,False,False,2
"S-BPM ONE - Application Studies and Work in Progress: 6th International Conference, S-BPM ONE 2014, Eichstätt, Germany, April 22-23, 2014. Proceedings",2014,0,1,0,True,True,1
Application of process ontology to improve the funding allocation process at the European Institute of Innovation and Technology,2014,1,0,0,False,False,1
Requirements for ad-hoc geo-referenced BPM with microblogging,2014,3,0,0,False,False,3
Managing Knowledge-Intensive Business Processes by Harnessing Collective Practical Experience without Codification,2014,2,0,0,False,False,2
Generating synthetic process model collections with properties of labeled real-life models,2014,3,0,0,False,False,3
VM live migration algorithm based on stable matching model to improve energy consumption and quality of service,2014,2,0,0,False,False,2
ISEAsy: A social business process management platform,2014,1,2,0,False,True,3
Subject-oriented Adaptive Case Management: Extending Subject-oriented Business Process Management to knowledge-intensive cross-enterprise business processes,2014,2,0,0,False,False,2
Development and validation of an instrument to measure organizational cultures' support of Business Process Management,2014,0,1,2,True,False,3
On the importance of organisational culture and structure in business process maturity,2013,1,1,0,True,False,2
Multi-agent solution for business processes management of 5PL transportation provider,2014,1,0,0,False,False,1
Automatic extraction of process categories from process model collections,2014,1,1,1,True,False,3
Transformation from eEPC to S-BPM: A case study,2014,1,1,0,True,False,2
Model-driven event query generation for business process monitoring,2014,4,1,0,False,False,5
VisionWaves: Aligning business process management and performance management to achieve business (process) excellence,2013,1,0,0,False,False,1
Business process management applications based on semantic process models: The ProcessGene suite case-study,2013,1,1,0,False,True,2
Process mining in the large: A tutorial,2014,1,0,0,False,False,1
Extending the social network interaction model to facilitate collaboration through service provision,2014,4,2,0,True,False,6
"S-BPM ONE - Scientific Research: 6th International Conference, S-BPM ONE 2014 Eichstätt, Germany, April 22-23, 2014 Proceedings",2014,2,0,0,False,False,2
Ad-hoc business process management in enterprises as expert communities,2014,2,2,0,False,False,4
The analysis method about change region of process model based on module,2014,2,1,0,False,False,3
The affordances of social technology: A BPM perspective,2013,2,1,0,False,False,3
Tangible or not tangible - A comparative study of interaction types for process modeling support,2014,3,0,0,False,False,3
An analysis method about change region of business process model based on action pattern,2014,2,0,1,False,False,3
Fabric-process patterns: Towards a methodology for fabric-process design,2014,3,0,0,False,False,3
Collaborative Process flexibility using multi-criteria decision making,2013,5,0,0,False,False,5
Transfer of learnings between disciplines: What S-BPM facilitators could ask progressive educators (and might not dare to do),2014,1,0,0,False,False,1
Understanding the actualization of affordances: A study in the process modeling context,2013,2,0,1,False,False,3
A criteria catalogue for evaluating business process pattern approaches,2014,2,0,0,False,False,2
Automated runtime repair of business processes,2014,1,0,4,False,False,5
A new action rule syntax for DEmo MOdels based automatic worKflow procEss geneRation (DEMOBAKER),2014,2,0,0,False,False,2
Enabling workflow composition within a social network environment,2014,1,3,0,True,False,4
Large-scale Model-Driven Engineering of web user interaction: The WebML and WebRatio experience,2014,2,0,0,False,False,2
Simplifying process model abstraction: Techniques for generating model names,2014,2,0,2,False,False,4
A framework for cost-aware process management: Cost reporting and cost prediction,2014,4,0,0,False,False,4
S-BPM-Ont: An ontology for describing and interchanging S-BPM processes,2014,2,0,0,False,False,2
"Business Process Management Workshops: BPM 2013 international workshops Beijing, China, August 26, 2013 revised papers",2014,2,1,0,False,True,3
Bringing semantics to aspect-oriented business process management,2014,2,1,0,False,False,3
On the interoperability contributions of S-BPM,2014,2,0,0,False,False,2
Adaptive time-based coordinated checkpointing for cloud computing workflows,2014,1,1,0,True,False,2
Splitting GSM schemas: A framework for outsourcing of declarative artifact systems,2014,3,0,1,False,False,4
Context-based variant generation of business process models,2014,3,0,0,False,False,3
Business rules management in healthcare: A lifecycle approach,2014,2,0,0,False,False,2
A graph distance based metric for data oriented workflow retrieval with variable time constraints,2014,2,1,0,False,False,3
Prioritizing business processes improvement initiatives: The Seco tools case,2014,4,1,0,False,False,5
Discrete element simulation of the effect of particle size on the size of fracture process zone in quasi-brittle materials,2014,2,0,0,False,False,2
Process discovery and conformance checking using passages,2014,0,0,2,False,False,2
"Current research in risk-aware business process management-overview, comparison, and gap analysis",2014,11,1,0,False,False,12
"A systematic review on security in Process-Aware Information Systems - Constitution, challenges, and future directions",2014,0,2,0,True,True,2
Dynamic adaptation of business process based on context changes: A rule-oriented approach,2014,3,0,0,False,False,3
Design of a subject-oriented reference model for Change Management,2014,3,0,0,False,False,3
Mobile enablement of business process management suites,2014,3,0,0,False,False,3
An optimization model for valuating process flexibility,2013,4,0,0,False,False,4
Addressing the paradigmatic limitation of conventional business process management concepts by proposing new definitions,2014,2,0,1,False,False,3
DEWEY: The DICOM-enabled workflow engine system,2014,5,0,0,False,False,5
Reflexivity in business. review on the best practices of S-BPM approach application,2014,0,0,3,False,False,3
Proposals for future BPM research directions,2014,1,0,0,False,False,1
Petri net-based process monitoring: A workflow management system for process modelling and monitoring,2014,3,1,0,False,True,4
Partner network and its process management,2013,3,0,0,False,False,3
Efficient syntactic process difference detection using flexible feature matching,2014,4,1,0,False,False,5
Business process artefact adaptability approach based on artificial immune systems,2014,0,1,0,True,True,1
A participative end-user modeling approach for business process requirements,2014,1,2,0,True,False,3
Data state description for the migration to activity-centric business process model maintaining legacy databases,2014,1,2,0,True,False,3
A flexible and efficient system development approach for enterprise system and smartphone application,2014,1,1,0,True,False,2
From process models to business process architectures: Connecting the layers,2014,2,0,0,False,False,2
Towards Semantic Support for Business Process Integration,2014,2,0,1,False,False,3
Understanding the factors that influence the adoption of BPM in two Brazilian public organizations,2014,2,1,0,True,False,3
Shake It Up: Exercise Intensity Recognizing System,2014,1,0,1,False,False,2
Introducing a framework for scalable dynamic process discovery,2014,6,0,0,False,False,6
Towards the enhancement of business process monitoring for complex logistics chains,2014,1,3,1,True,False,5
Process remaining time prediction using query catalogs,2014,2,0,0,False,False,2
Short paper: Towards enhancing business process monitoring with sonification,2014,1,0,0,False,False,1
Absorptive capacity as a precondition for business process improvement,2014,3,1,0,False,False,4
Towards a meta-model for goal-based social BPM,2014,2,0,0,False,False,2
Developing a governance model for successful business process standardization,2013,2,1,0,True,False,3
User participation practice: To overcome the objective-subjective dichotomy,2013,1,0,0,False,False,1
Dynamic weaving in aspect oriented business process management,2013,3,1,0,False,False,4
Decision support for operational and financial risk management - The ProcessGene case study,2013,1,1,0,True,False,2
Half a century after Carl Adam Petri's Ph.D. thesis: A perspective on the field,2013,1,0,0,False,False,1
Supporting cognitive work in software development workflows,2013,2,1,1,False,False,4
Uses and applications of software and systems process engineering meta-model process models. a systematic mapping study,2013,4,1,0,False,False,5
Data-centric probabilistic process: A PhD. symposium paper for ICSOC,2013,1,0,0,False,False,1
Introduction to the Proceedings of the Workshop on Cloud-enabled Business Process Management (CeBPM) 2012,2013,1,1,0,True,False,2
Business process transparency management: An approach to aligning business processes and corporate strategy,2013,1,0,0,False,False,1
Designing interaction routines in service networks: A modularity and social construction-based approach,2013,6,0,0,False,False,6
Detecting runtime business process compliance with artifact lifecycles,2013,0,0,1,False,False,1
Teaching business process management for heterogeneous audience,2013,0,1,0,True,True,1
REFlex: An efficient web service orchestrator for declarative business processes,2013,2,2,0,True,False,4
CoopIS 2013 PC co-chairs message,2013,1,2,0,False,True,3
Increasing recall of process model matching by improved activity label matching,2013,4,0,1,False,False,5
Levi - A workflow engine using BPMN 2.0,2013,1,2,2,False,True,5
PPINOT tool suite: A performance management solution for process-oriented organisations,2013,2,2,0,True,False,4
Collective problem solving using social compute units,2013,2,1,2,False,False,5
Key information technology and management issues 2012-2013: An international study,2013,6,0,0,False,False,6
A genericworkflow metamodel to support resource-aware decision making,2013,3,2,1,False,False,6
Enforcement of entailment constraints in distributed service-based business processes,2013,4,0,1,False,False,5
A survey on time-aware business process modeling,2013,2,2,0,True,False,4
Supporting adaptation patterns in the event-driven business process modeling paradigm,2013,2,1,0,True,False,3
Integration of social media technologies with ERP a prototype implementation,2013,2,0,0,False,False,2
A model-driven service integrated framework based on three-layer ontology,2013,1,1,1,False,True,3
Setup and maintenance factors of ACM systems,2013,3,0,1,False,False,4
Newer approach to flexible business architecture of modern enterprise,2013,3,0,1,False,False,4
Diagnostic reasoning with structural analysis and constraint programming for quality improvement of business process management systems,2013,0,1,0,True,True,1
Real-time risk monitoring in business processes: A sensor-based approach,2013,5,0,1,False,False,6
Cost-informed operational process support,2013,7,0,1,False,False,8
Compliance check in semantic business process management,2013,2,3,0,False,False,5
An approach to identifying false traces in process event logs,2013,2,1,0,False,False,3
Case-based selection of business process modeling tools: An evaluation criteria framework,2013,5,0,1,False,False,6
Priority-based human resource allocation in business processes,2013,4,1,1,True,False,6
Towards a process patterns based approach for promoting adaptability in configurable process models,2013,0,3,0,True,True,3
Makespan minimization in a job shop with a BPM using simulated annealing,2013,3,1,0,False,False,4
Barcelona: A design and runtime environment for declarative artifact-centric BPM,2013,6,0,1,False,False,7
Deciding data object relevance for business process model abstraction,2013,2,1,0,True,False,3
Towards enterprise management systems a generic and flexible information representation approach,2013,3,0,0,False,False,3
Accelerating collaboration in task assignment using a socially enhanced resource model,2013,0,2,2,False,False,4
RFID based real-time manufacturing information perception and processing,2013,3,2,0,False,True,5
CoopIS 2013 PC co-chairs message,2013,1,2,0,False,True,3
Towards understanding the instructional value of real-time continuous feedback from the use of simulation games,2013,3,3,0,False,False,6
Adaptive and compliant policy implementation: Creating administrative processes using Semantic Web Services and Business Rules,2013,0,0,2,False,False,2
Towards a detective approach to process-centered resilience,2013,2,0,0,False,False,2
Unifying multi-level business process discovered by Heuristic miner algorithm,2013,1,1,1,True,False,3
ACM 2013 PC co-chairs message,2013,1,1,1,True,False,3
"A2Mo and ETREOsys: Analyzing, modeling and validation of enterprise training programs",2013,1,2,0,False,True,3
Sequence alignment adaptation for process diagnostics and delta analysis,2013,1,1,0,False,True,2
Latest developments of WADE to support user-centric business processes,2013,3,0,0,False,False,3
Plug-and-play higher-order process integration,2013,2,0,0,False,False,2
Realizing elastic processes with viePEP,2013,3,0,1,False,False,4
A design methodology for B2B systems case of an e-procurement system,2013,1,1,1,False,True,3
Introducing the vienna platform for elastic processes,2013,3,0,1,False,False,4
Applying BPM 2.0 in BPM implementation projects: Short paper,2013,4,1,0,False,False,5
Process socio space discovery based on semantic logs,2013,3,0,0,False,False,3
Adaptive case management as a process of construction of and movement in a state space,2013,2,0,1,False,False,3
Hange management of BPM-based software applications,2013,2,0,0,False,False,2
Bringing together BPM and social software,2013,3,0,0,False,False,3
Towards the automatic and optimal selection of risk treatments for business processes using a constraint programming approach,2013,2,0,0,False,False,2
Investigating the success of operational business process management systems,2013,1,0,2,False,False,3
Improving business process intelligence with object state transition events,2013,4,0,0,False,False,4
Enriching process models for business process compliance checking in ERP environments,2013,1,0,0,False,False,1
Implementation of service oriented architecture into transmission system operator’s business environment,2013,3,0,0,False,False,3
Business process mining from e-commerce web logs,2013,3,1,0,False,True,4
Automated generation of patient-tailored electronic care pathways by translating computer-interpretable guidelines into hierarchical task networks,2013,2,2,0,False,True,4
Bayesian parameter estimation in green business process management: A case study in online-advertising,2013,1,0,0,False,False,1
Sustainability standards and guidelines requirements for integrated management,2013,2,0,4,False,False,6
From business process models to hierarchical task network planning domains,2013,3,0,0,False,False,3
Design and fabrication of an InP-based arrayed waveguide grating,2013,4,0,1,False,False,5
A framework for semantic business process management in e-Government,2013,3,2,0,False,True,5
A new contract between business and business analysts,2013,0,1,0,True,True,1
Applications integration in a hybrid cloud computing environment: modelling and platform,2013,5,1,0,True,False,6
Optimization of the weights and asymmetric activation function family of neural network for time series forecasting,2013,0,1,1,False,True,2
Overview of recommendation techniques in business process modeling?,2013,4,0,0,False,False,4
Matching process requirements to learning objectives,2013,2,0,0,False,False,2
"Business Process Security Analysis-Design Time, Run Time, Audit Time; [Sicherheitsanalysen für Geschäftsprozesse-Zeitpunkte und Möglichkeiten]",2013,2,1,0,False,False,3
"Case study of the implementation of business process management in public administration in Germany, Switzerland and Austria",2013,3,0,0,False,False,3
Constraint-based planning and scheduling techniques for the optimized management of business processes,2013,0,1,0,True,True,1
Fast detection of exact clones in business process model repositories,2013,3,1,0,False,True,4
Innovative process engineering: A generic model of the innovation process,2013,4,0,0,False,False,4
Declarative modeling - An academic dream or the future for BPM?,2013,2,0,1,False,False,3
Splitting GSM schemas: A framework for outsourcing of declarative artifact systems,2013,3,0,1,False,False,4
Research review: Investigating goal-oriented requirements engineering for business processes,2013,3,1,0,False,True,4
Professional use of process mining for analyzing business processes,2013,1,0,0,False,False,1
preCEP: Facilitating predictive event-driven process analytics,2013,3,0,0,False,False,3
"A literature review on business process management, business process reengineering, and business process innovation",2013,3,0,0,False,False,3
Agility based on stakeholder interaction - Blending organizational learning with interactive BPM,2013,3,0,0,False,False,3
An approach for a mutual integration of the web of things with business processes,2013,1,1,0,False,True,2
Repository-based implementation of information pyramid: A study based on an ERP case study,2013,4,0,0,False,False,4
Comprehensive support for creativity-intensive processes: An explanatory information system design theory,2013,2,1,0,False,False,3
An ontological context-aware approach for a dynamic business process formulation,2013,0,1,0,True,True,1
Automatic generation of optimized business process models from constraint-based specifications,2013,2,2,0,True,False,4
Security and Privacy in Business Processes: A Posteriori Analysis Techniques Sicherheit und Privacy in Geschäftsprozessen: A Posteriori Analysetechniken,2013,1,1,0,False,True,2
Integrating Security Aspects into Business Process Models Integration; [Integration von Sicherheitsaspekten in Geschäftsprozessmodelle],2013,1,0,0,False,False,1
Generating multi-objective optimized business process enactment plans,2013,2,2,0,False,True,4
Research on ubiquitous services in film achieve management: A case of national palace museum,2013,1,0,1,False,False,2
BPM in the cloud,2013,1,0,0,False,False,1
Business processing intelligence challenge (BPIC): Case study: Analizing volvo information with process mining,2013,1,1,0,False,True,2
Eliciting Security Requirements from the Business Processes Using Security Risk-Oriented Patterns; [Nutzung risk-basierter Muster zur Erhebung von Sicherheitsanforderungen in Geschäftsprozessen],2013,2,0,0,False,False,2
Icebricks: Business process modeling on the basis of semantic standardization,2013,3,1,0,False,True,4
A software framework for risk-aware business process management,2013,7,0,0,False,False,7
Integration of business process management and rfid systems for improving patient safety in U-hospital,2013,2,0,0,False,False,2
Leaving the happy path: Handling exceptions in business processes,2013,3,0,0,False,False,3
Making process model versions comparable by quantifying changes,2013,2,0,0,False,False,2
Generic environments for knowledge management and visualization,2013,1,1,0,True,False,2
Time analysis for BPMN gateways using queuing theory,2013,2,0,0,False,False,2
Business rules management solutions problem space: Situational factors,2013,2,0,0,False,False,2
Data management perspectives on business process management,2013,3,0,0,False,False,3
Analyzing business process architectures,2013,2,0,0,False,False,2
Diagnostic information for compliance checking of temporal compliance requirements,2013,3,1,0,True,False,4
Towards the next generation intelligent BPM - In the era of big data,2013,1,0,0,False,False,1
A dynamic approach to process design: A pattern for extending the flexibility of process models,2013,3,0,0,False,False,3
An agile BPM project methodology,2013,2,0,0,False,False,2
The use of software product lines for business process management: A systematic literature review,2013,2,0,0,False,False,2
Resilience - A new research field in business information systems?,2013,3,0,0,False,False,3
Multi-level service approach for flexible support of design processes,2013,1,2,0,True,False,3
Database research challenges and opportunities of big graph data,2013,0,1,0,True,True,1
A visual token-based formalization of BPMN 2.0 based on in-place transformations,2013,2,0,0,False,False,2
Correlation process in content analysis for a BPM modeling project,2013,2,0,4,False,False,6
An organisational semiotics inspired information architecture: Pervasive healthcare as a case study,2013,1,0,1,False,False,2
Understanding process behaviours in a large insurance company in Australia: A case study,2013,4,1,0,False,True,5
Towards next generation business process model repositories-A technical perspective on loading and processing of process models,2013,1,0,0,False,False,1
Formal workflow design analytics using data flow modeling,2013,0,1,1,True,False,2
Semantic execution of subject-oriented process models,2013,3,0,0,False,False,3
Empirical evaluation of test driven modeling,2013,2,2,0,False,True,4
A pivotal-based approach for enterprise business process and IS integration,2013,0,0,3,False,False,3
Supporting different process views through a shared process model,2013,5,0,0,False,False,5
Version management for business process schema evolution,2013,1,1,0,True,False,2
Evaluation of business processes for Business Process Standardization,2013,2,0,0,False,False,2
Incorporating structural improvement into resource allocation for business process execution planning,2013,3,1,0,False,False,4
An approach for extracting business vocabularies from business process models,2013,4,0,0,False,False,4
Analyzing method of change region in BPM based on module of Petri net,2013,2,1,0,False,False,3
Facilitating Knowledge Transfer in IANES - A Transactive Memory Approach,2013,4,0,0,False,False,4
On the definition and design-time analysis of process performance indicators,2013,2,2,0,True,False,4
Improving process monitoring and progress prediction with data state transition events,2013,2,0,0,False,False,2
Improving the Agility of Business Processes Based on Service-Oriented Architecture,2013,2,1,0,True,False,3
Standardization of business process management system under enterprise container architecture,2013,1,0,1,False,False,2
"Business process security analysis - Design time, run time, audit time; [Sicherheitsanalysen für Geschäftsprozesse - Zeitpunkte und Möglichkeiten]",2013,2,1,0,False,False,3
Smart checklists for crises management planning,2013,2,1,0,True,False,3
Methodologies for goal-oriented process performance management,2013,0,1,0,True,True,1
"BPM, open source and SOA - Mission impossible?",2013,3,0,0,False,False,3
Exploring it roles in business process innovation - As a driver of barrier?,2013,1,0,1,False,False,2
The Analysis Methods About Business Process of E-Commerce Based on the Petri Net,2013,0,0,3,False,False,3
Actuality of bankruptcy prediction models used in decision support system,2013,1,3,0,True,True,4
Business process management: A holistic management approach,2013,1,0,0,False,False,1
Towards the Combination of BPMN Process Models with SBVR Business Vocabularies and Rules,2013,1,1,0,True,False,2
A critical analysis of business process management education and alignment with industry demand: An Australian perspective,2013,1,3,0,False,True,4
A methodological framework with lessons learned for introducing business process management,2013,3,0,0,False,False,3
Process management challenges in swedish public sector: A bottom up initiative,2013,1,1,0,False,True,2
"""Mine your own business"": Using process mining to turn big data into real value",2013,1,0,0,False,False,1
A novel architecture for disaster response workflow management systems,2013,2,1,0,True,False,3
A hybrid approach for business environment-aware management of service-based business processes,2013,2,1,0,True,False,3
Requirements definition for domain-specific modelling languages: The ComVantage case,2013,3,0,0,False,False,3
Compliance by design for artifact-centric business processes,2013,1,0,0,False,False,1
A transaction-oriented architecture for enterprise systems,2013,1,0,0,False,False,1
Extending Service Selection Algorithms with Interoperability Analysis,2013,1,0,0,False,False,1
Ontology-based multi-objective evolutionary algorithm for deriving software services from business process model,2013,2,0,0,False,False,2
Knowledge and business intelligence technologies in cross-enterprise environments for Italian advanced mechanical industry - Project presentation-,2013,6,3,0,False,False,9
Method for business process management system selection,2013,3,0,0,False,False,3
Developing a bpm-supportive organizational culture: On the importance of contextual factors,2013,1,2,1,True,False,4
Cost-aware business process management: A research Agenda,2013,8,0,1,False,False,9
Business process analysis with the higher education institution example,2013,1,0,0,False,False,1
Understanding the adoption of bpm governance in brazilian public sector,2013,3,2,0,False,False,5
Optimisation of BPMN business models via model checking,2013,1,1,0,False,True,2
Using workflow to achieve business integration,2013,1,0,0,False,False,1
Context-aware agile business process engine: Foundations and architecture,2013,1,2,0,True,True,3
Investigating the effects of business process orientation on organizational innovation performance,2013,2,1,0,True,False,3
Comprehensive business process management through observation and navigation,2013,3,0,0,False,False,3
Transforming existing procedural business processes into a constraint- based formalism,2013,2,1,2,False,False,5
Business process points - A proposal to measure BPM projects,2013,3,2,1,False,False,6
CrowdSC: Building smart cities with large-scale citizen participation,2013,3,0,0,False,False,3
Business process analytics using a big data approach,2013,3,0,0,False,False,3
BPM4ED: A research project for designing 21st-century schools,2013,3,0,0,False,False,3
Improving Business Process Model after Reverse Engineering,2013,2,1,0,True,False,3
Management of business processes in highly dynamic and low-structured scenarios,2013,1,1,0,False,True,2
On the equivalence of incremental and fixpoint semantics for business artifacts with Guard-Stage-Milestone lifecycles,2013,3,0,0,False,False,3
Towards the validation of agent-based BPM simulation,2013,3,0,0,False,False,3
An effort prediction model based on BPM measures for process automation,2013,1,1,1,True,False,3
Towards a minimal cost of change approach for inductive reference model development,2013,4,0,0,False,False,4
Demonstrating the effectiveness of process improvement patterns,2013,2,0,0,False,False,2
Business Process Čompliance: An Abstract Normative Framework; [Ein abstraktives normatives Rahmenwerk für Geschäftsprozess-Compliance],2013,1,0,0,False,False,1
Current pitfalls of business process maturity models: A selection perspective.,2013,0,1,0,True,True,1
A bi-directional mapping between i∗ and BPMN models in the context of business process management,2013,1,2,0,True,False,3
Continuous improvement of business processes realized by services based on execution measurement,2013,3,2,0,True,False,5
A combination of business rule and modeling languages for semantic business processes modeling,2013,0,1,1,False,True,2
A case study on entropy generation during business process execution: A Monte Carlo simulation of the custom bikes case,2013,3,0,0,False,False,3
A survey of formal business process verification from soundness to variability,2013,1,1,0,False,True,2
Multi-level autonomic business process management,2013,3,1,0,True,False,4
Performance indicators and their relationship with organizational strategy a study in brazilian companies,2013,2,2,0,True,False,4
Mission-critical business process management with WADE,2013,3,0,0,False,False,3
Multi-perspective business process monitoring,2013,2,0,0,False,False,2
On risk management with information flows in business processes,2013,2,2,0,True,False,4
Human-oriented challenges of Social BPM: An overview,2013,2,0,0,False,False,2
An ontological approach for collaborative business processes formulation with consensus methodology,2013,2,1,0,False,True,3
Towards business process models at runtime,2013,2,1,0,False,False,3
Control patterns - Bridging the gap between is controls and BPM,2013,3,0,0,False,False,3
Towards a model-based analysis of place-related information in disaster response workflows,2013,2,1,0,False,False,3
Beautiful workflows: A matter of taste?,2013,2,0,1,False,False,3
MAS-BPM: Multi-agent system bomber problem model,2013,1,2,0,True,False,3
An Improvement of Process Reference Model Design and Validation Using Business Process Management,2013,4,1,0,False,False,5
Combination of Process Mining and Simulation Techniques for Business Process Redesign: A Methodological Approach,2013,3,0,0,False,False,3
Visual simulation for the BPM-based process automation,2013,2,2,0,True,True,4
Motivating course concept: Using active labs for bpm education,2013,5,1,0,False,True,6
Towards connecting online interfacing and internal core business processes,2013,1,1,0,True,False,2
Privacy Analysis of User Behavior Using Alignments; [Datenschutzanalyse von Nutzerverhalten mittels Alignments],2013,1,1,1,False,True,3
Exploring location-aware process management,2013,1,0,2,False,False,3
Green Activity Based Management (ABM) for organisations,2013,1,3,0,True,True,4
Auction-based crowdsourcing supporting skill management,2013,3,0,1,False,False,4
Building damage and business continuity management in the event of natural hazards: Case study of the 2004 tsunami in Sri Lanka,2013,5,1,2,True,False,8
Ontology-based compliance checking on higher education processes,2013,1,2,0,True,False,3
The method of emergency rescue program generation in civil aviation airport of china,2013,2,0,1,False,False,3
A theoretical basis for using virtual worlds as a personalised process visualisation approach,2013,3,0,0,False,False,3
Qualitative assessment of business processes,2013,2,1,0,True,False,3
Flexibilization of service processes: Toward an economic optimization model,2013,2,1,0,True,False,3
Activity-based costing for S-BPM,2013,2,1,0,True,False,3
Using qualitative research methods in the subject-oriented business process analysis: The voice of the community in a social media driven open innovation management process in the financial service industry,2013,2,0,0,False,False,2
Mapping PASS graphs to Petri-Nets: Possibilities and limits for converting PASS graphs to Petri-Nets,2013,0,0,1,False,False,1
Ontology-based exception handling for semantic business process execution,2012,1,2,0,False,True,3
Understanding the transformation process success factors in enterprise system implementations: An IT professional's perspective,2013,1,1,0,False,True,2
A security pattern-driven approach toward the automation of risk treatment in business processes,2013,5,0,0,False,False,5
A model-driven approach for event-based business process monitoring,2013,1,1,0,False,True,2
Conceptual model of multi-agent business collaboration based on cloud workflow,2013,2,2,0,True,True,4
Model-based integration of clinical practice guidelines in clinical pathways,2012,0,1,0,True,True,1
"Innovation processes - Reference model, collaboration via innovative zone and integration into enterprise environment",2012,2,2,0,True,False,4
Interoperability constraints in service selection algorithms,2012,1,0,0,False,False,1
Towards a non-workflow theory of business processes,2013,0,0,1,False,False,1
Subject-orientation for human-centred production: A research agenda,2013,2,0,0,False,False,2
Exploring workaround situations in business processes,2013,0,1,0,True,True,1
The dynamics of a BPM implementation: A mixed method study on implementation effectiveness and system success,2012,2,0,0,False,False,2
Personalized and adaptive access to services-the semantic web services approach,2013,3,0,0,False,False,3
Modeling wizard for confidential business processes,2013,2,0,0,False,False,2
Understanding the costs of business process management technology,2013,1,1,0,True,False,2
Planning for the unexpected: Exception handling and BPM,2013,4,0,0,False,False,4
A pattern-based approach for the verification of business process descriptions,2013,0,2,0,True,True,2
Do workflow-based systems satisfy the demands of the Agile enterprise of the future?,2013,2,0,1,False,False,3
Business process modeling: Evolution of the concept in a university context,2013,1,1,0,True,False,2
A social framework to underpin collective awareness in BPM,2012,4,0,0,False,False,4
Enabling a SAP ERP based standard software solution for BPM,2013,4,0,0,False,False,4
Evaluating social tagging for business process models,2013,2,0,0,False,False,2
A meta-model and a web based editor for the subject-phase matrix,2013,3,1,0,True,False,4
Modelling SBR cycle management and optimization using events and workflows,2012,0,0,5,False,False,5
Archival analysis of Enterprise Resource Planning Systems: The current state and future directions,2012,1,2,0,True,False,3
Implementing green business processes: The importance of functional affordances of information systems,2012,1,0,1,False,False,2
Managing complexity in adaptive case management,2013,4,0,0,False,False,4
Application and simplification of BPM techniques for personal process management,2013,1,0,0,False,False,1
A knowledge-based approach to the configuration of business process model abstractions,2012,3,1,0,True,False,4
Intuitive comprehensibility of process models,2013,1,2,0,True,False,3
Business process orientation: An empirical study of its impact on employees' innovativeness,2013,2,1,0,True,False,3
Evaluating and Selecting the Key Performance Measures for Business Process Management Using a Neighborhood Rough Set Methodology,2013,3,1,0,True,False,4
Looking for a fit for purpose: Business process maturity models from a user's perspective,2013,0,1,0,True,True,1
Mobile agents for integrating cloud-based business processes with on-premises systems and devices,2013,1,1,0,False,True,2
Integration of dynamic role resolution within the S-BPM approach,2013,3,0,0,False,False,3
Planning business process management implementation by a human resources development support initiative,2013,3,1,0,False,False,4
Virtual learning environments versus virtual learning process environments,2012,2,0,0,False,False,2
Understanding business process quality,2013,2,0,0,False,False,2
BusIness process modeling Pluralized,2013,2,0,0,False,False,2
Supervisory control for business process management systems,2013,2,0,0,False,False,2
A qualitative research perspective on BPM adoption and the pitfalls of business process modeling,2013,0,1,1,True,False,2
MANA: Identifying and mining unstructured business processes,2013,4,0,0,False,False,4
Analysis and documentation of knowledge-intensive processes,2013,2,0,0,False,False,2
Nondeterministic events in business processes,2013,4,0,0,False,False,4
On multi-objective optimization aided visualization of graphs related to business process diagrams,2012,4,0,0,False,False,4
Towards an ontology-driven framework for workflow analysis,2012,1,1,0,False,True,2
Social networking sites as business tool: A study of user behavior,2013,1,2,0,False,True,3
A new metric to estimate project development time: Process points,2013,1,1,0,False,True,2
The use of web 2.0 technology for business process,2013,1,2,0,True,True,3
Business process monitoring with S-BPM,2013,2,0,0,False,False,2
Dealing with vagueness in semantic business process management through fuzzy ontologies,2012,2,0,0,False,False,2
Open S-BPM = Open innovation,2013,3,0,0,False,False,3
A set of requirements for Business Process Management Suite (BPMS),2013,1,0,1,False,False,2
Securely storing and executing business processes in the cloud,2013,2,0,0,False,False,2
Rule agent-oriented scientific workflow execution,2013,1,0,1,False,False,2
Sustainability in business process management research - a literature review,2012,2,1,0,False,False,3
Efficient querying of large process model repositories,2013,4,1,0,False,True,5
Process innovation: Redesigning an enterprise backbone system,2013,2,0,0,False,False,2
Modular representation of a business processl planner,2012,1,1,0,False,True,2
Identifying and visualising dependability concerns - Applications to business process management,2013,1,0,0,False,False,1
Critical success factors for ERP systems implementation in public administration,2013,0,2,0,True,True,2
Increasing process orientation with business process management: Critical practices',2013,2,0,0,False,False,2
Data centric BPM and the emerging case management standard: A short survey,2013,3,0,0,False,False,3
A domain specific language for describing S-BPM processes,2013,3,0,0,False,False,3
A conceptual approach to characterize dynamic communities in social networks: Application to business process management,2013,1,2,0,False,True,3
A flexible integration of security concern in rule based business process modeling,2012,0,1,1,False,True,2
Managing absences: An application of subject-oriented procedures,2013,1,0,0,False,False,1
An aspect oriented approach for implementing situational driven adaptation of BPMN2.0 workflows,2013,5,0,0,False,False,5
Case study on the interoperability of business process management software,2013,3,0,0,False,False,3
State of the art in business process management,2013,1,0,0,False,False,1
Service based education environment - Step towards technology world consumption,2012,1,0,0,False,False,1
Kick-starting green business process management - suitable modeling languages and key processes for green performance measurement,2012,4,0,1,False,False,5
Business Process Analysis and Modeling Based on Agent,2012,1,2,0,False,True,3
Process visibility - Towards a conceptualization and research themes,2012,4,0,0,False,False,4
Modeling dynamic behavior of business organisations: Extension of BPM with norms,2012,4,1,0,False,True,5
Control loop model of virtual company in BPM simulation,2013,2,2,1,False,True,5
Supporting performance management with business process management and business intelligence: A case analysis of integration and orchestration,2013,1,2,0,True,False,3
Business process development for Industrial Cluster,2012,1,0,0,False,False,1
An approach to recommend resources for business processes,2012,3,1,0,False,False,4
Process-driven data and information quality management in the financial service sector,2012,2,0,0,False,False,2
Predicting QoS in scheduled crowdsourcing,2012,2,0,1,False,False,3
Capabilities and levels of maturity in IT-based case management,2012,2,1,0,True,False,3
A decade of business process management conferences: Personal reflections on a developing discipline,2012,1,0,0,False,False,1
Expertise search in unstructured data in ECM using S-BPM approach,2012,2,2,0,False,False,4
Efficacy-aware business process modeling,2012,2,0,0,False,False,2
Mining inter-organizational business process models from EDI messages: A case study from the automotive sector,2012,5,0,0,False,False,5
Simple modeling of executable role-based workflows: An application in the healthcare domain,2012,2,1,0,True,False,3
Automated resource assignment in BPMN models using RACI matrices,2012,2,1,0,True,False,3
Intentional fragments: Bridging the gap between organizational and intentional levels in business processes,2012,3,2,0,False,True,5
Efficient discovery of understandable declarative process models from event logs,2012,2,0,1,False,False,3
Factors affecting perceived satisfaction with a BPM tool: A student perspective,2012,1,1,0,True,False,2
A web-based two-layered integration framework for smart devices,2012,3,2,2,False,False,7
The analysis method about change domain of business process model based on the behavior profile of petri net,2012,2,1,1,False,False,4
CoopIS 2012 PC co-chairs message,2012,1,2,0,True,False,3
On the multi-objective optimization aided drawing of connectors for graphs related to business process management,2012,3,1,0,False,False,4
Optimizing Your ERM: The Application of Business Process Management to Operations,2012,1,1,1,True,False,3
Business process variability: A tool for declarative template design,2012,3,0,0,False,False,3
Boundary spanning in business process management: Theoretical framing and case study,2012,1,0,0,False,False,1
"Process reuse in product development with 5D models: Concepts, similarity measures and querying techniques",2012,1,0,0,False,False,1
Concept of a system for addressing bad publicity in social media using knowledge in business process models,2012,3,1,0,False,True,4
Patterns to enable mass-customized business process monitoring,2012,3,0,0,False,False,3
Balanced resource allocation,2012,1,0,0,False,False,1
Aligning event logs and declarative process models for conformance checking,2012,3,0,0,False,False,3
Plug-and-play virtual factories,2012,4,0,0,False,False,4
On guaranteeing global dependability properties in collaborative business process management,2012,3,1,0,True,False,4
Consulting - a creativity-intensive process? insights from an exploratory case study,2012,1,0,3,False,False,4
Approach for a business process alignment: From modeling to implementation; [Approche pour un meilleur alignement des processus métiers: De la modélisation à l'implémentation],2012,0,0,3,False,False,3
Where did I misbehave? Diagnostic information in compliance checking,2012,2,1,0,True,False,3
Evaluation measures for similarity search results in process model repositories,2012,3,0,0,False,False,3
Cloud-based collaborative decision making: Design considerations and architecture of the GRUPO-MOD system,2012,1,0,0,False,False,1
Defining process performance indicators by using templates and patterns,2012,3,1,0,True,False,4
The co-creation machine: Managing co-creative processes for the crowd,2012,2,0,0,False,False,2
Modeling rewards and incentive mechanisms for social BPM,2012,1,0,2,False,False,3
Isotactics as a foundation for alignment and abstraction of behavioral models,2012,3,0,0,False,False,3
A strategy based on LSP for the evaluation of specific languages for business processes modeling,2012,1,0,7,False,False,8
Agile bpm in the age of cloud technologies,2012,2,0,0,False,False,2
CoopIS 2012 PC co-chairs message,2012,1,2,0,True,False,3
From calls to events: Architecting future BPM systems,2012,5,0,0,False,False,5
Data support in process model abstraction,2012,2,0,0,False,False,2
Towards automatic generation of process architectures for process collections,2012,1,0,0,False,False,1
A study on business process dynamic evaluation of business process integration management based on Fuzzy-EAHP,2012,3,1,1,False,False,5
Simulation based process design: Modeling and applications,2012,3,0,2,False,False,5
Operational semantics of aspects in business process management,2012,2,1,0,False,False,3
A novel sine wave based UWB pulse generator design for single/multi-user systems,2012,3,0,0,False,False,3
The difficulty of replacing an inclusive OR-join,2012,2,0,0,False,False,2
Evaluation of maturity models for business process management: Maturity models for small and medium-sized enterprises,2012,2,1,0,False,False,3
On the decidability of verifying artifact validity in business processes,2012,0,0,1,False,False,1
A two-tier data-centric framework for flexible business process management,2012,3,0,1,False,False,4
Event-driven manufacturing process management approach,2012,2,0,0,False,False,2
Perceptions of MBA students on business process modeling as a learning tool: An empirical investigation,2012,1,1,0,True,False,2
Applications for business process repositories based on semantic standardization,2012,1,1,0,True,False,2
Strategic alignment of business processes,2012,3,2,0,False,False,5
Process warehouses in practice: A goal-driven method for business process analysis,2012,1,1,0,False,True,2
The study on R&D enterprise management based on knowledge management,2012,0,1,0,True,True,1
SABUMO: Towards a collaborative and semantic framework for knowledge sharing,2012,4,1,0,False,True,5
Quasi phase matching through periodic step structure - Modeling of frequency conversion in consideration of heat influence,2012,8,0,0,False,False,8
"How to learn to ""speak S-BPM"" - Lessons from language learning",2012,0,1,0,True,True,1
A graph similarity matching algorithm for artifact-centric business process models,2012,2,2,0,False,True,4
A pattern based approach for structural analysis of workflow models,2012,1,0,1,False,False,2
Ensuring reliability in B2B services: Fault tolerant inter-organizational workflows,2012,3,0,1,False,False,4
Decomposing process mining problems using passages,2012,1,0,0,False,False,1
A mapping from normative requirements to Event-B to facilitate verified data-centric business process management,2012,1,1,0,True,False,2
Using the arbitrator pattern for dynamic process-instance extension in a work-flow management system,2012,2,0,1,False,False,3
From business processes to software services and vice versa - An improved transition through service-oriented requirements engineering,2012,4,0,1,False,False,5
"New modeling concepts in S-BPM: The first implementation of the ""Message Guard"" and ""Macro"" behavior extensions",2012,1,0,0,False,False,1
S-BPM education on the Dalton Plan: An e-learning approach,2012,1,0,0,False,False,1
Mapping possibilities of S-BPM and BPMN 2.0: Implementing a BPM interface,2012,1,0,0,False,False,1
Using concurrent task trees for stakeholder-centered modeling and visualization of business processes,2012,2,1,0,False,True,3
A novel behavioral similarity measure for artifact-oriented business processes,2012,2,1,1,False,False,4
Whom to talk to? A stakeholder perspective on business process development,2012,2,0,0,False,False,2
A current assessment of the quality and stateof the art of process management: A discussion of results from a recent survey,2012,2,0,0,False,False,2
Distributed process discovery and conformance checking,2012,1,0,0,False,False,1
Workflow patterns put into context,2012,0,0,2,False,False,2
Business process management field guide,2012,1,0,0,False,False,1
Identifying business rules to legacy systems reengineering based on BPM and SOA,2012,4,1,0,False,False,5
SMART - Knowledge Enriched S-BPM,2012,0,1,0,True,True,1
In or out? A student project on the enrollment process: Developing a reference model for a service-oriented portal through S-BPM process exploration,2012,4,0,0,False,False,4
On improving the visibility of hard-measurable process performance,2012,2,0,0,False,False,2
Business intelligence in corporate information system: Integral approach,2012,1,0,1,False,False,2
Resource behavior measure and application in business process management,2012,3,0,0,False,False,3
Development of an integrated procedure model for optimization of distribution processes within industry,2012,1,1,0,False,True,2
Process-Centric IT in practice: Mobilizing IT through business process management,2012,2,0,0,False,False,2
Using pattern perspective to model key business process performance,2012,1,0,0,False,False,1
A proposal for modeling standards for subject-oriented modeling with PASS: A paper for the interactive education material track for modeling principles based on the usage of the metasonic build PASS-editor and their PASS-engine,2012,1,0,1,False,False,2
A way to support SPI strategy through CertiBPM training and certification program in Romania,2012,3,1,0,True,False,4
Continuous process improvement based on adaptive workflow mining technique,2012,1,2,0,False,True,3
Designing a public management process with S-BPM,2012,2,0,0,False,False,2
Industrial application of semantic process mining,2012,2,0,0,False,False,2
A clustering approach for artifact-centric business process models,2012,2,2,0,False,True,4
Context aware business process aspect modeler,2012,1,2,0,True,False,3
EU project BPM-GOSPEL - Applying compliance management scenarios in business process modelling for trusted business coaching programs,2012,4,0,0,False,False,4
Requirements for business process management systems supporting business process agility,2012,1,0,0,False,False,1
Tool support for process modeling using proximity score measurement,2012,2,2,0,False,True,4
DFTA: Dynamic fault tree analysis for real-time business process monitoring,2012,1,0,2,False,False,3
On the systematic development of domain-specific mashup tools for end users,2012,6,0,0,False,False,6
Coordination for fragmented loops and scopes in a distributed business process,2012,1,1,0,True,False,2
Business process regulatory compliance management solution frameworks: A comparative evaluation,2012,1,0,0,False,False,1
Mapping the integrated care pathway into BPM for health case management,2012,2,1,0,True,False,3
Towards a decision tool for choosing a business process maturity model,2012,2,1,0,True,False,3
Toward enhanced life-cycle support for declarative processes,2012,2,1,0,False,True,3
Subjective security and safety - S-BPM as a base for the description of security and safety objectives,2012,3,1,0,False,False,4
Pattern-driven green adaptation of process-based applications and their runtime infrastructure,2012,6,0,0,False,False,6
Cross-national and cross-industrial comparison of ict-enabled business process management and performance,2012,2,1,0,True,False,3
An ontological approach to oracle BPM,2012,2,0,1,False,False,3
Optimized interactive processes,2012,3,1,0,False,False,4
Process management as basis for quality management in service industry,2012,4,2,0,False,True,6
Process algebra and the subject-oriented business process management approach,2012,2,0,0,False,False,2
ProcessWiki: A contribution for bridging the last mile problem in automotive retail,2012,3,0,0,False,False,3
BPMN usage: An analysis of influencing factors,2012,1,1,0,False,True,2
Business process lines and decision tables driving flexibility by selection,2012,2,2,0,True,False,4
Capturing compliance requirements: A pattern-based approach,2012,3,1,0,False,False,4
An integrated method for business process improvement,2012,4,0,1,False,False,5
Propagating changes between aligned process models,2012,2,0,1,False,False,3
Special issue on intelligent and innovative computing in business process management,2012,1,2,1,True,False,4
Integrated framework for seamless modeling of business and technical aspects in process-oriented enterprise applications,2012,1,2,0,False,True,3
Information systems for supply Chain management in automotive industry,2012,2,2,0,True,False,4
Context-sensitive business process support based on emails,2012,3,0,0,False,False,3
The role of BPM in the IT value-chain: Exploring how managing business processes can decouple business and IT,2012,1,0,0,False,False,1
A workflow based clinical decision support system through integration of clinical workflow and knowledge processing,2012,3,4,3,False,False,10
A general framework for precision checking,2012,2,0,0,False,False,2
Reactive event calculus for monitoring global computing applications,2012,4,1,0,False,False,5
Configurable analysis of sequential multi-party choreographies,2012,2,0,0,False,False,2
Using π-calculus for formalizing service interactions,2012,3,1,0,False,False,4
Developing domain-specific mashup tools for end users,2012,6,0,0,False,False,6
Key information technology and management issues 2011-2012: An international study,2012,6,0,0,False,False,6
Analysis of heuristics to identify crosscutting concerns in business process models,2012,1,4,0,True,True,5
Subjects vs. objects - A top-down approach,2012,1,0,0,False,False,1
Impact of information and communication technologies on business process management on small and medium enterprises in the emerging countries,2012,2,1,0,True,False,3
Periodic performance prediction for real-time business process monitoring,2012,1,0,2,False,False,3
SLA business management based on key performance indicators,2012,0,0,1,False,False,1
Knowledge engineering for business rules in PROLOG,2012,2,0,0,False,False,2
From subject-phase model based process specifications to an executable workflow,2012,1,0,0,False,False,1
A framework for the support of value co-creation by social software,2012,1,0,0,False,False,1
Modeling security requirements in service based business processes,2012,3,1,0,False,False,4
A monitor approach in data-centric BPM,2012,2,1,0,True,False,3
Enterprise systems meet social BPM,2012,1,0,0,False,False,1
edUFlow: An event-driven ubiquitous flow management system,2012,2,1,1,False,True,4
BPMS implementations in SMEs: Exploring the creation of a situational method,2012,3,0,0,False,False,3
How to design and deliver process context sensitive information: Concept and prototype,2012,1,1,0,False,True,2
Modeling business rules for supervisory control of process-aware information systems,2012,4,1,0,False,False,5
Repository-based ERP case studies: A study about chances and benefits of agile case study development,2012,3,0,0,False,False,3
An approach towards subject-oriented access control,2012,3,0,0,False,False,3
Towards intelligent supply chains: A unified framework for business process design,2012,2,0,0,False,False,2
Business process improvement framework and representational support,2012,3,0,0,False,False,3
A proposal for ownership representation in the context of business process models,2012,1,4,0,True,True,5
Towards an understanding of the business process analyst: An analysis of competencies,2012,0,1,1,False,True,2
"Integrating ordinary users into process management: Towards implementing bottom-up, people-centric BPM",2012,2,0,0,False,False,2
Control-flow pattern based transformation from UML activity diagram to YAWL,2012,3,1,0,False,False,4
"Business process model abstraction: A definition, catalog, and survey",2012,3,0,1,False,False,4
Aspect oriented business process modelling with precedence,2012,2,1,0,False,False,3
Enhancing business process management with a constraint-based approach,2012,1,0,0,False,False,1
BPM Academic initiative fostering empirical research,2012,3,0,0,False,False,3
A method of business processes activity composition for emergency management,2012,2,0,1,False,False,3
Using status feeds for peer production by coordinating non-predictable business processes,2012,2,0,0,False,False,2
Routinizing change: Does business process management technology have unintended firm-level consequences?,2012,2,1,0,False,True,3
Stakeholder-driven collaborative modeling of subject-oriented business processes,2012,2,0,0,False,False,2
Virtual worlds as a model-view approach to the communication of business processes models,2012,3,0,0,False,False,3
ModelAsYouGo: (Re-) design of S-BPM process models during execution time,2012,2,0,0,False,False,2
Extending BPMN 2.0 for modelling the combination of activities that involve data constraints,2012,1,2,0,True,False,3
Configurable process models for logistics case study for customs clearance processes,2012,3,0,0,False,False,3
Towards an integration of GRC and BPM - Requirements changes for compliance management caused by externally induced complexity drivers,2012,3,0,0,False,False,3
A platform for research on process model collections,2012,4,0,0,False,False,4
Building a conceptual roadmap for systemic change - A novel approach to change management in expert organizations in health care,2012,0,1,0,True,True,1
Post-mortem analysis of bpm-interlock triggered beam dumps at petra-III,2012,1,0,2,False,False,3
Leveraging process discovery with trace clustering and text mining for intelligent analysis of incident management processes,2012,3,0,1,False,False,4
The influence of human capabilities in effort estimation of business processes modeling projects,2012,3,4,0,False,False,7
A review of event formats as enablers of event-driven BPM,2012,4,0,0,False,False,4
How to choose the right BPM tool: AMaturity-centric decision framework with a case evaluation in the european market,2012,5,0,0,False,False,5
Disaster recovery -The process management perspective,2012,1,2,0,True,False,3
Interval logic for design and maintenance of complex event processing systems (short paper),2012,2,0,1,False,False,3
Automatic execution of business process models: Exploiting the benefits of Model-driven Engineering approaches,2012,0,0,4,False,False,4
Architecture and language for semantic reduction of domain-specific models in BPMS,2012,2,1,0,True,False,3
The impact of business process complexity on business process standardization: An empirical study,2012,3,0,0,False,False,3
A framework for measuring and managing value achievement in business processes,2012,2,1,1,False,False,4
Analysing and improving a recruitment process: A teaching case for developing business process improvement capabilities,2012,1,1,0,True,False,2
An empirical assessment of the usefulness of weakness patterns in business process redesign,2012,4,0,0,False,False,4
PCA-C: A process-centric approach for integrating and managing cloud services,2012,4,0,0,False,False,4
Modeling business objectives for business process management,2012,2,0,0,False,False,2
"Business analytics, process maturity and supply chain performance",2012,4,0,0,False,False,4
Knowledge management and business process redesign: An integrated framework; [Gestão do conhecimento e redesenho de processos de negócio: Proposta de uma metodologia integrada],2012,1,1,0,False,True,2
Building a bridge between information and process management,2012,1,0,0,False,False,1
Quality and impact monitoring for local eGovernment services,2012,2,1,0,False,False,3
Business process modelling and simulation using formal experience record,2012,2,0,0,False,False,2
A Precise Execution Semantics for BPMN,2012,1,0,0,False,False,1
Generating valid reference Business Process model using genetic algorithm,2012,3,1,0,False,False,4
Comparative analysis of the implementation of business process management in public administration in Germany and Switzerland,2012,3,0,0,False,False,3
Ontology on the level g of the software process model MPS.Br to assist business processes modeling,2012,2,1,0,False,False,3
Industry operations architecture for business process model collections,2012,4,3,0,False,False,7
Event-driven process-centric performance prediction via simulation,2012,2,0,0,False,False,2
Developing a process quality improvement questionnaire - A case study on writing discharge letters,2012,2,3,0,False,False,5
Ad-hoc adaption of subject-oriented business processes at runtime to support organizational learning,2012,1,0,0,False,False,1
Separating compliance management and business process management,2012,2,1,1,True,False,4
Workflow simulation for operational decision support using event graph through process mining,2012,1,3,0,True,False,4
A formative measurement model of business process model quality,2012,1,1,0,True,False,2
A study on the business process management and modeling using i-AOMA,2012,0,0,2,False,False,2
Goal-oriented model-driven business process monitoring using ProGoalML,2012,1,1,0,False,True,2
The function-behaviour-structure diagram for modelling workflow of information systems,2012,1,1,0,False,True,2
On theoretical foundations of empirical business process management research,2012,3,0,0,False,False,3
Using social network analysis and derivatives to develop the S-BPM approach and community of practice,2012,2,1,0,False,True,3
Relevance Of Business Process Management (BPM) course in business school curriculum & course outline,2011,4,0,1,False,False,5
Limitations of performance measurement systems based on key performance indicators,2011,2,0,0,False,False,2
Transaction management for inter-organizational business process,2011,2,1,0,False,False,3
Business processes and organisations: Challenges and opportunities towards a people-centric approach,2011,2,0,0,False,False,2
Understanding dynamic is capabilities for effective process change: A theoretical framework and an empirical application,2011,2,0,1,False,False,3
"The ""selection, training, follow and evaluation framework"" (STFEF) for manager's in business innovation transformation projects"" a holistic overview",2011,2,0,0,False,False,2
A comparative analysis of Business Analysis (BA) and Business Process Management (BPM) capabilities,2011,3,2,0,False,False,5
From information systems development to enterprise engineering,2011,0,0,1,False,False,1
"Managing insights: A repository for process analytics, optimization and decision support",2011,3,0,0,False,False,3
Towards a conceptualisation of BPM culture: Results from a literature review,2011,0,1,1,False,True,2
Global knowledge-intensive business process: Extending the boundaries of business process management,2011,1,1,0,True,False,2
Towards educating boundary spanning professionals across BPM and BI domains,2011,0,2,0,True,True,2
BPMN and design patterns for engineering social BPM solutions,2012,2,1,0,False,True,3
Overcoming difficulties of applying business process management in real business environment,2011,1,0,0,False,False,1
"ProcessCodi: A case study on social BPM through integration of SNS, mind map, and BPMS",2011,1,1,1,False,False,3
Toward engineering of security of information systems: The security acts,2011,1,0,0,False,False,1
What makes a useful maturity model? A framework of general design principles for maturity models and its demonstration in business process management,2011,2,0,0,False,False,2
Teaching business process management in cross-country collaborative teams using ERP,2011,2,3,0,False,True,5
Boundary spanning practices in BPM: A dynamic capability perspective,2011,2,0,0,False,False,2
Alignment of business process management and business rules,2011,4,0,0,False,False,4
Where are the participants? Including motivational aspects into theorizing and design in is research,2011,2,1,0,False,False,3
Enhancement of traditional Business Process Management with reflection - A new perspective for organisational learning?,2011,2,1,0,True,False,3
Proposal of a NPD diagnostic method to identify improvement opportunities,2011,1,2,0,True,False,3
"""To standardize or not to standardize?"" - Understanding the effect of business process complexity on business process standardization",2011,2,0,0,False,False,2
Enacting BPM-oriented workflows with Wade,2011,3,2,0,False,True,5
Improving knowledge-intensive health care processes beyond efficiency,2011,0,1,0,True,True,1
Deriving system complexity metric from events and its validation,2011,2,1,0,True,False,3
Role of the concept of services in business process management,2011,1,0,0,False,False,1
Execution measurement-driven continuous improvement of business processes implemented by services,2011,2,2,0,True,False,4
Confirming BPM theory in creative industry context - A case study in the German TV industry,2011,3,1,0,False,False,4
Decision-enabled dynamic process management for networked enterprises,2011,2,0,0,False,False,2
Business rules for creating process flexibility: Mapping RIF rules and BDI rules,2011,1,0,2,False,False,3
Goal-driven business process derivation,2011,4,0,1,False,False,5
On-line training and certification solution for business process managers,2011,1,2,0,True,False,3
Fragment-based version management for repositories of business process models,2011,3,1,0,False,True,4
A business process management based virtual learning environment : Customised learning paths,2011,2,0,0,False,False,2
A blueprint for event-driven business activity management,2011,3,0,0,False,False,3
An empirical analysis of human performance and error in process model development,2011,3,2,0,False,False,5
Calculation methods for costs optimization and process modeling in health care: A preliminary view,2011,0,0,3,False,False,3
Current and future issues in BPM research: A European perspective from the ERCIS meeting 2010,2011,15,1,1,False,False,17
Achieving multi-tenanted business processes in SaaS applications,2011,2,1,0,True,False,3
Knowledge applications development for SMEs business management system improvement,2011,3,2,0,False,True,5
Compliance by design for artifact-centric business processes,2011,1,0,0,False,False,1
An approach to agility in enterprise innovation,2011,1,3,0,False,True,4
The multiple quality models paradox: How much 'best practice' is just enough?,2011,2,0,0,False,False,2
Evidence-based (S-)BPM education,2011,1,0,0,False,False,1
Learning environment for organizations IT management supported by a simulation game,2011,1,2,0,True,False,3
Stimulating skill evolution in market-based crowdsourcing,2011,3,0,1,False,False,4
Project4Sure X: Accelerating implementation projects for the microsoft dynamics suite with BPM 2.0,2011,4,0,0,False,False,4
Study on business process management of telecom,2011,1,0,1,False,False,2
Process training to support change necessary within the scope of process implementation,2011,2,0,0,False,False,2
Platform for managing and routing cross-organizational business processes on a network router,2011,5,0,0,False,False,5
Optimizing the trade-off between complexity and conformance in process reduction,2011,2,1,0,False,False,3
Process improvement model and it's application for manufacturing industry based on the BPM-ERP integrated framework,2011,0,1,1,False,True,2
BPM@KMU - Designing e-learning for the introduction of BPM in small- and medium-sized enterprises,2011,2,0,0,False,False,2
"CGAA/EES at NEC corporation, powered by S-BPM: The subject-oriented BPM development technique using top-down approach",2011,8,0,0,False,False,8
Efficient retrieval of similar business process models based on structure (Short paper),2011,2,1,0,False,True,3
CbSSDF: A two-layer conceptual graph approach to web services description and composition - A scenario based solution analysis and comparison with OWL-S,2011,3,0,0,False,False,3
ePASS-IoS 1.1: Enabling inter-enterprise business process modeling by S-BPM and the internet of services concept,2011,3,0,0,False,False,3
Toward a theory of managing creativity-intensive processes: A creative industries study,2011,1,0,0,False,False,1
"History-aware, real-time risk detection in business processes",2011,4,0,0,False,False,4
Towards contextual S-BPM: Method and case study,2011,1,2,0,False,True,3
Behavioral similarity - A proper metric,2011,3,0,0,False,False,3
Declarative enhancement framework for business processes,2011,3,0,0,False,False,3
Towards a compiler for business-IT systems: A vision statement complemented with a research agenda,2011,4,1,0,True,False,5
What BPM technology can do for healthcare process support,2011,1,0,0,False,False,1
Border pairs method - Constructive MLP learning classification algorithm,2011,3,0,0,False,False,3
Business process modelling notation from the methodical perspective,2011,1,0,0,False,False,1
Adaptive case management: Supporting knowledge intensive processes with IT systems,2011,2,0,0,False,False,2
A semantic rule and event driven approach for agile decision-centric business process management (invited paper),2011,1,0,0,False,False,1
Checklist Manifesto for Electronic Resources: Getting Ready for the Fiscal Year and Beyond,2011,1,2,0,True,False,3
Agile process management in an industrial R & D department,2011,1,1,0,False,True,2
A deadlock detection method for inter-organizational business process based on role network model,2011,1,0,2,False,False,3
Business process management: A survey among small and medium sized enterprises,2011,3,1,0,False,False,4
Strukt - A pattern system for integrating individual and organizational knowledge work,2011,3,0,0,False,False,3
Extended ontology-based process management architecture,2011,0,3,0,True,True,3
High quality technical documentation for large industrial plants using an enterprise engineering and conceptual modeling based software solution,2011,1,0,0,False,False,1
M3 - A behavioral similarity metric for business processes,2011,3,0,0,False,False,3
Goals for an IoT context-based process modelling language regarding logistics,2011,2,1,0,False,True,3
Releasing material screening and continuous nano-imprinting in mold replication for Nano-Imprint Lithography,2011,4,0,1,False,False,5
Optimising operational costs using Soft Computing techniques,2011,4,1,0,False,False,5
A framework proposal for intelligent management of unexpected exceptions in workflow,2011,0,1,0,True,True,1
Situatedness - The Amalgam of Agile (S-)BPM,2011,2,0,0,False,False,2
Differences in business process management between global players and micro enterprises - Experiences from practice,2011,2,0,0,False,False,2
Towards a business process-oriented approach to enterprise content management: The ECM-blueprinting framework,2011,1,1,1,False,True,3
Modeling needs in the BPM consulting process,2011,1,0,0,False,False,1
Combining ERP systems with enterprise 2.0,2011,3,0,0,False,False,3
A concept for comprehensive knowledge management system,2011,2,0,0,False,False,2
A predictive business agility model for service oriented architectures,2011,4,1,0,False,False,5
BPM 2.0: Business process management meets empowerment,2011,2,0,0,False,False,2
Visual modeling of workflow with support to multimedia and spatiotemporal indexing,2011,3,2,0,True,False,5
Service-oriented enterprise: Taking the next step beyond agility in the digital economy,2011,0,1,0,True,True,1
Business objects as a mediator between processes and data,2011,1,0,0,False,False,1
Service networks performance analytics: A literature review,2011,1,0,1,False,False,2
Key lessons from wikimanagement and BPM best practices: Aspiring for a truly holistic approach in BPM,2011,1,0,0,False,False,1
A study on process evaluation and selection model for business process management,2011,0,0,2,False,False,2
Dynamic catenation and execution of cross organisational business processes - The jCPEX! approach,2011,5,0,0,False,False,5
Querying business process models based on semantics,2011,2,1,0,False,True,3
Petri net based agents for coordinating resources in a workflow management system,2011,3,1,0,False,True,4
Key challenges for enabling agile BPM with social software,2011,7,2,0,False,False,9
Business process and business rules modelling in concert for e-service design and business alignment,2011,2,0,0,False,False,2
A planning and scheduling perspective for designing business processes from declarative specifications,2011,1,1,0,True,False,2
Key features of subject-oriented modeling and organizational deployment tools,2011,2,0,0,False,False,2
Ontological description and similarity-based discovery of business process models,2011,2,0,0,False,False,2
Integrating constraints to support legally flexible business processes,2011,2,1,0,True,False,3
Establishing conceptual and functional links between S-BPM and business rules,2011,2,0,0,False,False,2
Do we need to re-think current BPM research issues?,2011,1,0,0,False,False,1
"User requirements notation: The first ten years, the next ten years",2011,2,0,0,False,False,2
Business Process Service Oriented Methodology (BPSOM) with service generation in SoaML,2011,3,1,0,True,False,4
A fact-oriented ontological approach to human process modeling for knowledge-intensive business services,2011,2,0,3,False,False,5
Random thoughts on multi-level conceptual modelling,2011,1,0,0,False,False,1
Business logic evaluation model for web service reliability analysis,2011,0,0,4,False,False,4
A genesis of thinking in the evolution of ancient philosophy and modern software development,2011,1,0,0,False,False,1
BPM and BPMN as integrating concepts in eGovernment - The Swiss eGovernment BPM ecosystem,2011,2,0,0,False,False,2
Experiences of using different communication styles in business process support systems with the shared spaces architecture,2011,2,0,1,False,False,3
Service orienting the Swedish vaccination recommendation activity with the business rules centric digital service VacSam,2011,3,0,0,False,False,3
Relationship between BPM education and business process solutions: Results of a student contest,2011,1,0,0,False,False,1
Why we need to re-think current BPM research issues,2011,1,0,0,False,False,1
Understanding the role of communication and hands-on experience in work process design for all,2011,1,0,0,False,False,1
Six sigma as a business process management method in services: Analysis of the key application problems,2011,2,1,0,False,False,3
Artifact-centric workflow management system,2011,2,2,1,True,False,5
Methodology and recommendations for crisis processes: An effective way how to manage business process deployment in the crisis management,2011,2,1,0,False,True,3
Using multi-subjects for process synchronization on different abstraction levels,2011,2,0,0,False,False,2
Advances in business process management implementation based on a maturity assessment and best practice exchange,2011,1,0,0,False,False,1
Exporting natural language: Generating NL sentences out of S-BPM process models,2011,1,0,0,False,False,1
An application of business process method to the clinical efficiency of hospital,2011,1,1,0,False,True,2
Towards ontology-based collaboration framework based on messaging system,2011,0,0,1,False,False,1
Using distributed CSPs to model business processes agreement in software multiprocess,2011,1,3,0,True,True,4
Value orientation in process management: Research gap and contribution to economically well-founded decisions in process management,2011,3,1,0,False,True,4
Comparison of system dynamics and BPM for software process simulation,2011,3,0,1,False,False,4
Context-aware web services orchestration for multimedia conference process management,2011,3,0,0,False,False,3
Distributed execution of S-BPM business processes,2011,3,0,0,False,False,3
Analyzing behavioral properties of semantic business processes with parametric data,2011,2,1,0,True,False,3
The Third Workshop on Behaviour Modelling - Foundations and Applications,2011,1,2,1,True,False,4
"Enhancing data exchange and management supervision in a complex mesh of subcontractors: A theoretic approach to counter interface issues in micro-, small-and medium-sized enterprises",2011,2,0,0,False,False,2
Knowledge base development in virtual enterprise network as support for workplace risk assessment,2011,4,1,0,False,False,5
New patents on business process management information systems and decision support,2011,1,2,0,True,False,3
Research on business process management-based supply chain system,2011,1,2,1,False,True,4
"Market, network, hierarchy: Emerging mechanisms of governance in business process management",2011,2,0,0,False,False,2
Semantic business process space for intelligent management of sales order business processes,2011,1,0,1,False,False,2
Syntax highlighting in business process models,2011,3,0,1,False,False,4
Extracting connection types in process models discovered by using from-to chart based approach,2011,1,1,0,False,True,2
"Stakeholder-driven business process management ""An evaluation of the suitability, adequacy and effectiveness of quality and process management""",2011,1,0,0,False,False,1
CorPN: Managing instance correspondence in collaborative business processes,2011,2,2,0,True,False,4
A formal and visual modeling approach to choreography based web services composition and conformance verification,2011,1,0,0,False,False,1
Mining association rules to support resource allocation in business process management,2011,3,0,0,False,False,3
Research on the realization method of workflow engine in enterprise information management,2011,1,1,2,True,False,4
Business process management - Do we need a new research agenda?,2011,2,0,0,False,False,2
Competency based task assignment in human task management systems,2011,1,1,0,False,True,2
Constraint-centric workflow change analytics,2011,1,0,1,False,False,2
SOA adoption phases: A case study,2011,3,0,0,False,False,3
Requirements elicitation using BPM notations: Focusing on the strategic level representation,2011,3,0,0,False,False,3
How to use e-services to construct BPM platform for e-business,2011,1,0,0,False,False,1
The joint impact of service-oriented architectures and business process management on business process quality: An empirical evaluation and comparison,2011,2,0,0,False,False,2
Security validation tool for business processes,2011,2,2,0,True,True,4
Towards robust conformance checking,2011,1,0,2,False,False,3
Towards processpedia - An ecological environment for BPM stakeholders collaboration,2011,2,1,0,False,True,3
What is sustainability in business process management? A theoretical framework and its application in the public sector of Ethiopia,2011,1,0,1,False,False,2
Business process management for open e-services in local government - Experience report,2011,2,1,0,True,False,3
Metric trees for efficient similarity search in large process model repositories,2011,2,0,0,False,False,2
Agile business process management in research projects of life sciences,2011,1,1,0,True,False,2
Service improvement by business process management using customer complaints in financial service industry,2011,2,0,1,False,False,3
Introducing the guard-stage-milestone approach for specifying business entity lifecycles,2011,8,3,0,False,False,11
Resilient business process management: Framework and Services,2011,2,0,0,False,False,2
"First International Workshop on Cross Enterprise Collaboration, People, and Work (CEC-PAW): Current state of affairs and future research directions",2011,2,0,0,False,False,2
ECHO an evolutive vocabulary for collaborative BPM discussions,2011,2,0,0,False,False,2
Business Process Governance: Theorizing and Empirical Application,2011,4,0,0,False,False,4
Towards a pivotal-based approach for business process alignment,2011,0,0,3,False,False,3
Integration of UI services into SOA based BPM applications,2011,2,0,0,False,False,2
Efficiently querying business process models with BeehiveZ,2011,2,1,0,False,True,3
Semantic support for security-annotated business process models,2011,5,3,0,True,False,8
WSRF usage for BPM and CEP systems integration,2011,2,0,0,False,False,2
Weighted nested partitions based on differential evolution (WNPDE) algorithm-based scheduling of parallel batching processing machines (BPM) with incompatible families and dynamic lot arrival,2011,1,0,1,False,False,2
Integration of BPM and BRM,2011,3,1,0,False,True,4
Enabling cross-application traceability of semi-structured business processes,2011,4,0,0,False,False,4
Business process optimization using formalized optimization patterns,2011,2,1,0,False,False,3
Process performance management as a basic concept for sustainable business process management - Empirical investigation and research agenda,2011,2,1,0,True,False,3
Delta analysis: A hybrid quantitative approach for measuring discrepancies between business process models,2011,1,1,0,False,True,2
Necessity of it and sw support for business process management,2011,1,1,0,True,False,2
Towards Green BPM - Sustainability and resource efficiency through business process management,2011,4,0,0,False,False,4
Model for improving the process approach to achieve strategic goals in insurance companies: The croatian case,2011,2,1,0,False,True,3
An exploratory approach to process lifecycle transitions from a paradigm-based perspective,2011,1,0,1,False,False,2
Towards a context-aware analysis of business process performance,2011,1,0,0,False,False,1
BPM and requirements elicitation at multiple levels of abstraction: A review,2011,3,0,0,False,False,3
Look before you leap into ERP implementation: An object-oriented approach to business process modeling,2011,1,0,1,False,False,2
Practitioners view on domain specific business process modeling,2011,2,4,0,True,False,6
Towards NFC-aware process execution for dynamic environments,2011,2,1,0,False,True,3
Process driven competence management: A case study at Hilti Corporation,2011,1,1,0,True,False,2
Business knowledge modelling using the borm method,2011,2,1,0,False,True,3
Green IT: The next five years,2011,1,0,0,False,False,1
"Handbook of Business Process Management 2 – Strategic Alignment, Governance People and Culture",2011,1,0,0,False,False,1
Intra- and inter-organizational process mining: Discovering processes within and between organizations,2011,1,0,0,False,False,1
On reusing data mining in business processes - A pattern-based approach,2011,2,0,0,False,False,2
Temporal specification of business processes through project planning tools,2011,2,0,0,False,False,2
A business process driven approach to manage data dependency constraints,2011,1,1,0,False,True,2
Towards understanding process modeling - The case of the BPM academic initiative,2011,4,0,0,False,False,4
Dimensions of business process intelligence,2011,3,0,0,False,False,3
Model of information systems' selection for the company management,2011,0,2,0,True,True,2
Business information systems utilizing the future internet,2011,1,0,0,False,False,1
Refactoring large process model repositories,2011,1,1,2,True,False,4
Emergent case management for ad-hoc processes: A solution based on microblogging and activity streams,2011,1,0,0,False,False,1
A notation for supporting social business process modeling,2011,2,1,0,False,True,3
Modeling and analysis of business process compliance,2011,5,0,0,False,False,5
Uncovering ITIL claims: IT executives' perception on benefits and Business-IT alignment,2011,2,0,0,False,False,2
The impact of quality information provided by business intelligence systems on the use of information in business processes,2011,3,0,0,False,False,3
Automated process decision making based on integrated source data,2011,4,1,0,False,False,5
Open IT for business: Transforming information system infrastructure with a commercial BPM suite,2011,1,0,0,False,False,1
An approach to continuous process improvement (CPI) based on case-based reasoning and process change patterns,2011,1,0,2,False,False,3
Modeling an agile enterprise: Reconciling systems and process thinking,2011,2,0,1,False,False,3
Driving IS value creation by knowledge capturing: Theoretical aspects and empirical evidences,2011,2,1,0,False,True,3
Professionalizing business process management: Towards a body of knowledge for BPM,2011,2,1,0,True,False,3
Bayesian Network for finding best combination of performers in BPM environment,2011,2,1,1,False,False,4
Building a business process map using BPM tools and BPMN notation,2011,1,0,0,False,False,1
TTMS: A task tree based workflow management system,2011,2,0,0,False,False,2
Improving the diagnosability of business process management systems using test points,2011,1,1,2,False,False,4
Inverse workflows for supporting agile business process management,2011,2,1,0,False,False,3
Data consistency in transactional business processes,2011,4,0,0,False,False,4
BPM governance: An exploratory study in public organizations,2011,2,1,1,False,False,4
An efficient business process compliance checking approach,2011,5,0,0,False,False,5
Guaranteeing soundness of adaptive business processes using ABIS,2011,2,1,0,False,False,3
Time prediction based on process mining,2011,1,0,2,False,False,3
Flexible workflows at design- and runtime using BPMN2 adaptation patterns,2011,2,1,0,False,False,3
Model transformation chains and model management for end-to-end performance decision support,2011,2,0,0,False,False,2
Visualizing meetings as a graph for more accessible meeting artifacts,2011,1,1,0,False,True,2
Introduction to the First International Workshop on Reuse in Business Process Management (rBPM 2010),2011,2,3,0,False,False,5
Views on scientific workflows,2011,4,2,0,False,False,6
Discovering the source of failures,2011,2,0,0,False,False,2
Improving QoS monitoring based on the aspect-orientated paradigm,2011,3,2,0,False,False,5
An integrated BPM-SOA framework for agile enterprises,2011,1,1,0,True,False,2
Service learning and teaching foundry: A virtual SOA/BPM learning and teaching community,2011,3,1,0,True,False,4
Adaptation of process models - A semantic-based approach,2011,3,0,0,False,False,3
Experimental studies of e-contract establishment in the PL4BPM context,2011,3,2,0,False,True,5
Petri net based simulation for SPI,2011,3,0,1,False,False,4
Composite process view transformation,2011,4,1,1,False,True,6
Managing process assets in a global IT service delivery environment,2011,2,1,1,True,False,4
Similarity of business process models: Metrics and evaluation,2011,3,1,1,False,False,5
Search tree generation for the exception handling of e-commerce delivery process,2011,3,0,1,False,False,4
Process mining for electronic data interchange,2011,5,1,0,False,False,6
"The quest for know-how, know-why, know-what and know-who: Using KAOS for enterprise modelling",2011,2,0,0,False,False,2
"S-BPM ONE - Learning by Doing - Doing by Learning: Third International Conference,S-BPMONE2011 Ingolstadt, Germany, September 29-30, 2011 Proceedings",2011,1,0,0,False,False,1
Business control management - A discipline to ensure regulatory compliance of SOA applications,2011,4,0,0,False,False,4
Business process improvement in Abnoba,2011,2,0,0,False,False,2
Optimising complex event queries over business processes using behavioural profiles,2011,2,0,1,False,False,3
The current state of BPM education in Australia: Teaching and research challenges,2011,0,2,0,True,True,2
Condition-based process patterns for modeling of human processes in Knowledge-intensive Business Services,2011,3,0,2,False,False,5
Modelling exploratory analysis processes for eResearch,2010,2,0,0,False,False,2
A framework for modeling and enabling reuse of best practice IT processes,2010,3,0,0,False,False,3
The phenomenon of business process management: Practitioners' emphasis,2010,3,2,0,False,False,5
Exploring the status quo of business process modelling languages in the banking sector - An empirical insight into the usage of methods in banks,2010,4,0,0,False,False,4
Cloud computing in the curricula of schools of computer science and information systems,2010,1,0,0,False,False,1
Discrete event Monte-Carlo simulation based decision support system for business process management,2010,1,1,0,False,True,2
Collaborative coordination of activities with temporal dependencies,2010,3,0,0,False,False,3
Supporting compliance through enhancing internal control systems by conceptual business process security modeling,2010,2,0,0,False,False,2
A meta-model based approach to the description of resources and skills,2010,2,0,0,False,False,2
A rule-based approach to proactive exception handling in business processes,2011,1,0,2,False,False,3
Baking business process implementations flexible and robust: Error handling in the aristaflow bpm suite,2010,3,0,0,False,False,3
Tool support for service oriented development from business processes,2010,3,1,0,True,False,4
Effects of semantic quality in business process modeling,2010,2,0,0,False,False,2
Does your business process management (Still) fit the market? - a dynamic capability perspective on BPM strategy development,2010,3,0,0,False,False,3
"The convergence of workflows, business rules and complex events: Defining a reference architecture and approaching realization challenges",2010,2,1,1,False,True,4
Scenario-based process modeling with GRETA,2010,2,0,0,False,False,2
Applying the BPM-Culture-Model - The Hilti case,2010,0,1,1,False,True,2
Business Process Management (BPM) education in Australia: A critical review based on content analysis,2010,1,3,0,True,False,4
On scientific experiments and flexible service compositions,2010,1,0,0,False,False,1
Modelling complex resource requirements in business process management systems,2010,4,0,1,False,False,5
The emergence of a multi-organizational view on business processes - Experiences from a double-loop action research approach,2010,1,1,0,True,False,2
ProcessGene view: An integrated visualization of business process models,2010,1,1,0,False,True,2
Process owners in the wild: Findings from a multi-method descriptive study,2010,1,0,1,False,False,2
Solvability of formal verification problem for business process templates,2010,2,1,0,False,True,3
Process makna - A semantic wiki for scientific workflows,2010,1,0,1,False,False,2
An implementation of a process-oriented cross-system compliance monitoring approach in a SAP ERP and BI environment,2010,3,0,0,False,False,3
The deployment of business process management systems: A quantitative analysis of end-users' evaluations,2010,1,0,1,False,False,2
BPMN process views construction,2010,2,2,0,True,False,4
The relationship between prior game experience and digital game-based learning: An INNOV8 case-study,2010,1,1,0,False,True,2
Business process management and the is field: Have we finally arrived orjust missed the boat?,2010,2,2,0,True,False,4
Meronymy-based aggregation of activities in business process models,2010,3,0,1,False,False,4
"Toward a goal-oriented, business intelligence decision-making framework",2011,3,0,0,False,False,3
Business process management systems - Enabling continuous improvement in industrial services,2010,2,0,1,False,False,3
An empirical comparison of the usability of BPMN and UML activity diagrams for business users,2010,3,0,0,False,False,3
"Collaborative business process management: Exploring themes, achievements, and perspectives",2010,2,0,0,False,False,2
Strategy content analysis for service identification: A case study on government agencies,2010,2,0,0,False,False,2
Efficient and accurate retrieval of business process models through indexing (short paper),2010,4,1,0,False,False,5
Probabilistic logic-based process mining,2010,1,2,0,True,True,3
Aspect-monitor: An aspect-based approach to ws-contract monitoring,2010,3,2,0,False,False,5
Service identification through value chain analysis and prioritization,2010,1,0,0,False,False,1
"Business process management, social network analysis and knowledge management: A triangulation of sorts?",2010,1,0,0,False,False,1
A data-centric approach for privacy-aware business process enablement,2011,2,0,0,False,False,2
Business process management - a missing link in business education,2010,1,0,0,False,False,1
Alaska simulator toolset for conducting controlled experiments -tool paper,2010,3,1,0,True,False,4
A critical analysis of the demand for and nature of Business Process Management (BPM) roles in industry: A global analysis,2010,1,3,0,False,True,4
Managing data dependency constraints through business processes,2010,1,1,0,False,True,2
An estimation procedure to determine the effort required to model business processes,2010,2,3,0,True,False,5
Robust and flexible error handling in the AristaFlow BPM suite,2011,3,0,0,False,False,3
Crossing the chasm between the real world and business process management,2010,2,0,0,False,False,2
Fast business process similarity search with feature-based similarity estimation,2010,3,0,0,False,False,3
A process view framework for artifact-centric business processes,2010,1,1,0,True,False,2
"Collaborative workforce, business process crowdsourcing as an alternative of BPO",2010,2,0,0,False,False,2
Configurable services in the cloud: Supporting variability while enabling cross-organizational process mining,2010,1,0,0,False,False,1
A novel approach to global software development for chartered enterprises,2011,1,2,0,True,False,3
A multi-perspective approach to business process management in the financial sector teaching course,2010,3,0,0,False,False,3
Performance analysis of business process models with advanced constructs,2010,4,0,0,False,False,4
Business process modeling and quick prototyping with webratio BPM,2010,3,0,0,False,False,3
mediEPCs-a model to abstract complex and dynamic processes in healthcare environments,2010,3,0,1,False,False,4
On business process model reviews,2010,2,0,0,False,False,2
Service dominant logic and business process blueprinting: Enhancing the view on performance by integrating the customer perspective,2010,3,0,0,False,False,3
Strategic positioning of IT in global organizations - A visual mapping approach,2010,1,0,0,False,False,1
Workflow management issues in virtual enterprise networks,2010,1,1,0,False,True,2
Ontology driven approach enhancing business services orchestration,2010,0,2,0,True,True,2
Semantic mediation of information flow in cross-organizational business process modeling,2010,3,0,0,False,False,3
A Reference Model Catalog of models for business process analysis,2010,2,0,0,False,False,2
Analysis of business process efficiency based on task assignments,2011,3,1,0,False,False,4
Stakeholder involvement in business process management agenda-setting and implementation,2010,3,0,0,False,False,3
Causal knowledge-based approach to formulating six sigma management strategy: An empirical evaluation,2010,3,0,0,False,False,3
MEMOS: A methodology for modeling services,2010,2,1,0,False,True,3
Establishing a Business Process Management System in a telecoms company,2010,4,0,1,False,False,5
How many methods do we need? - A multiple case study exploration into the use of business process modeling methods in industry,2010,2,1,0,False,True,3
Analyzing law-making from a business process view: The paradox of law-making,2010,2,1,0,False,False,3
Logic-based ad-hoc business process management: Concepts and challenges,2010,2,1,0,False,True,3
Cultural differences in implementing business process management systems,2010,2,0,0,False,False,2
Can using M-commerce improve business process?,2010,1,0,1,False,False,2
Ontology-based information extraction for analyzing IT services,2010,1,0,1,False,False,2
Does IT matter for business process maturity? A comparative study on business process maturity models,2010,0,1,0,True,True,1
Kali-ma: A semantic guide to browsing and accessing functionalities in plugin-based tools,2010,2,1,0,False,False,3
An artifact-based architecture for a better flexibility of business processes,2010,1,1,0,True,False,2
Business process compliance through reusable units of compliant processes,2010,4,2,0,False,False,6
Understanding the value of business process configuration,2010,2,1,0,False,True,3
Exploring a domain ontology based approach to business process design,2010,0,1,2,False,True,3
Valuating business process flexibility achievedt hrough an alternative execution path,2010,1,1,0,True,False,2
Abductive logic programming as an effective technology for the static verification of declarative business processes,2010,4,2,0,False,True,6
What is S-BPM?,2010,1,0,0,False,False,1
Probabilistic declarative process mining,2010,1,2,0,True,True,3
Supporting the operation of semi-structured work systems,2010,3,0,0,False,False,3
WorkAware: Situation-aware workflow management,2010,5,0,0,False,False,5
Electronic contract negotiation and renegotiation using features,2010,2,2,0,False,True,4
A Hub architecture for service ecosystems: Towards business-to-business automation with an ontology-enabled collaboration platform,2010,1,0,0,False,False,1
"Strategy, networks and systems in the global translation services market",2010,2,0,0,False,False,2
The tail of BPM,2010,2,0,0,False,False,2
The relevance of management of business processes and orchestration,2010,1,0,0,False,False,1
Carbon-aware business process design in Abnoba,2010,2,0,0,False,False,2
Business process management - S-BPM a new paradigm for competitive advantage?,2010,2,0,0,False,False,2
A software method for managing event logs to improve quality and dependability of business processes,2010,2,0,0,False,False,2
A case study of BPM and KM integration: From process automation to knowledge intensive business processes,2010,0,1,0,True,True,1
Public disclosure versus private practice: Challenges in business process management (position paper),2010,1,2,0,True,True,3
"Quo vadis, S-BPM? The first world-café on S-BPM developments",2010,1,0,0,False,False,1
Towards deterministically constructing organizations based on the normalized systems approach,2010,4,0,0,False,False,4
Applying social network analysis to monitor web-enabled business processes,2010,2,1,0,False,False,3
Process modeling and optimization of complex systems using Scattered Context Grammars,2010,0,0,2,False,False,2
Transforming process models: Executable rewrite rules versus a formalized Java program,2010,2,0,0,False,False,2
From bureaucratic to quasi-market environments: On the co-evolution of public sector business process management,2010,2,0,0,False,False,2
MINERVA: Model drIveN and sErvice oRiented framework for the continuous business process improVement and relAted tools,2010,3,1,0,True,False,4
A cloud-based BPM architecture with user-end distribution of non-compute-intensive activities and sensitive data,2010,3,0,1,False,False,4
A frequency-based algorithm for workflow outlier mining,2010,0,1,3,True,False,4
The power of 'as-is' processes,2010,1,0,0,False,False,1
Improving business processes through BPM techniques: Experiences from a real case study,2010,6,0,0,False,False,6
Managing long-tail processes using FormSys,2010,3,3,1,False,False,7
Establishing an informed S-BPM community,2010,2,0,0,False,False,2
Integrating complex events for collaborating and dynamically changing business processes,2010,5,0,0,False,False,5
Business performance management for competitive advantage in the information economy,2010,0,2,0,True,True,2
Knowledge services in business Process Management: A new way for increasing of productivity?,2010,1,1,0,True,False,2
Sparking employees' interest in Six Sigma: Transferring a paper-based simulation to a workflow management application,2010,2,0,0,False,False,2
Managing process model collections with AProMoRe,2010,5,0,5,False,False,10
Integration of RESTfulBP with BDIM decision making,2010,3,1,1,True,False,5
Operationalization of flexibility in business process management,2010,2,1,0,False,False,3
Formal analysis of BPMN models: A NuSMV-based approach,2010,1,0,0,False,False,1
Application of service-oriented computing and model-driven development paradigms to business processes: A systematic review,2010,3,1,0,True,False,4
Prototype-based management of business process exception cases,2010,0,1,0,True,True,1
Business Processes underpinning Information Systems: A Higher Education Institution's framework,2010,3,0,0,False,False,3
Business process management,2010,11,0,0,False,False,11
Combining Data Envelopment Analysis and Business Process Simulation for analyzing the efficiency of business processes,2010,0,0,2,False,False,2
Service networks modelling: An SOA & BPM standpoint,2010,2,1,0,True,False,3
State of the art of semantic business process management: An investigation on approaches for business-to-business integration,2010,1,2,0,True,False,3
