Integrating Compliance Requirements across Business and IT,2014,3,2,0,False,False,5
Development of the management system of the national sustainable development experimentation areas,2015,2,1,1,False,True,4
EPClets - A lightweight and flexible textual language to augment EPC process modelling,2014,3,1,0,True,False,4
Engineering informatics and industrial information integration engineering,2014,0,1,0,True,True,1
Scenario-based method for business process analysis and improvement in SOA,2014,1,1,1,False,False,3
Towards Process Support for Cloud Manufacturing,2014,5,0,1,False,False,6
Elastic Business Process Management: State of the art and open challenges for BPM in the cloud,2015,5,0,0,False,False,5
Scalable business process execution in the cloud,2014,4,1,0,False,False,5
A knowledge management system based on JSPWiki,2014,2,0,1,False,False,3
Mobile modeling tool based on the horus method,2014,2,1,1,False,False,4
Enhancing knowledge quality via a semantic-oriented framework for a social knowledge cloud,2014,3,0,0,False,False,3
"Forecasting workloads in multi-step, multi-route business processes",2014,2,2,0,False,True,4
A process driven software platform to full support process assessment method,2014,4,1,0,False,False,5
The design and implementation of management information system of electric vehicle charging station based on cyber-Physical system,2015,4,2,1,False,False,7
A dynamic services discovery model for better leveraging BPM and SOA integration,2015,2,0,0,False,False,2
Integrated engineering product design simulation platform for collaborative simulation under the user experience of SME users,2015,4,1,0,False,False,5
TAI: A workflow-based automated testing management system,2014,1,0,1,False,False,2
Modeling and execution of multienterprise business processes,2014,3,0,0,False,False,3
"Workshop on ""BPM in the public sector""; [Workshop zum ""BPM im Öffentlichen Sektor"" Organisatoren]",2014,2,0,0,False,False,2
Barriers and strategies of process knowledge sharing in public sector organizations,2014,3,0,0,False,False,3
An improved structure-based approach to measure similarity of business process models,2014,0,1,2,False,False,3
Mobile supported and process enabled electronic document management system for local municipalities,2014,3,3,0,True,False,6
Theoretical contributions concerning performance-The way to achieve excellence,2014,1,1,0,True,False,2
Process-oriented standard software - An impulse for sustainable business process management at higher education institutions?,2014,2,1,1,False,False,4
How to successfully start the transformation of an academic institution: Case study on the process mapping project at the Czech technical university,2014,3,0,1,False,False,4
Making Business Environments Smarter: A Context-Adaptive Petri Net Approach,2014,1,1,1,True,False,3
Challenges for processing events in logistics processes,2014,0,0,1,False,False,1
Environmentally sustainable business process management - Developing a green BPM readiness model,2014,3,0,0,False,False,3
Work systems based fractal architecture of information systems,2014,0,1,0,True,True,1
The change impact analysis in BPM based software applications: A graph rewriting and ontology based approach,2014,2,0,0,False,False,2
Towards an understanding of real-time continuous feedback from simulation games,2014,3,3,0,False,False,6
Business process modelling in ERP implementation: Literature review,2014,3,0,1,False,False,4
Decoding algorithm of LDPC codes for cascaded BSC-AWGN channels,2014,2,0,0,False,False,2
Social Software and dynamics in business process management; [Soziale Software und Dynamik im Geschäftsprozessmanagement],2014,2,0,0,False,False,2
Semantic variability modeling in business processes: A comparative study,2014,0,3,0,True,True,3
Identifying best practices in business process management using fuzzy analytical hierarchy process,2014,1,1,0,True,False,2
A meta-model for process map design,2014,1,1,1,True,False,3
Business process evaluation in agile business process management using quality models,2014,3,0,0,False,False,3
A review of delegation and break-glass models for flexible access control management,2014,1,1,1,False,False,3
A conceptual framework and classification of capability areas for business process maturity,2014,2,1,0,True,False,3
Towards business process management in networked ecosystems,2014,3,0,0,False,False,3
DGIST: A digital game for international students’ adjustment,2014,1,1,0,True,False,2
"Consistency issues in large business process model environment, A case study",2014,3,0,0,False,False,3
Recognition of similar patterns in popular Hindi Jazz songs by music data mining,2014,0,2,1,True,False,3
Dynamic workflow adjustment with security constraints,2014,1,3,1,False,True,5
"Analysis and improvement of a construction permit approval process: A teaching case for developing business process development capabilities, targeting developing nations",2014,1,4,0,True,True,5
A framework for translating legal knowledge into administrative processes: Dynamic adaption of business processes,2014,0,0,2,False,False,2
Querying business process model repositories: A survey of current approaches and issues,2014,3,1,0,False,True,4
Processing big events with showers and streams,2014,3,0,0,False,False,3
An approach for improving business process models using risk analysis techniques,2014,1,2,0,True,True,3
BPM standardization system in the public administration of Switzerland and its theory-based evaluation; [Das BPM-Standardisierungssystem in der Öffentlichen Verwaltung der Schweiz und dessen Theorie-basierte Evaluierung],2014,1,0,0,False,False,1
Developing a method for prioritizing business process improvement initiatives,2014,3,1,0,False,False,4
Towards a model-driven approach for treating quality attributes of service-based business processes,2014,3,0,0,False,False,3
How should we teach the logic of BPM? Comparing e-learning and face-to-face setting in situated learning,2014,2,1,0,False,True,3
Aspect mining in business process management,2014,1,0,0,False,False,1
Making a link between strategy and process model collections: A multi-layered approach,2014,3,0,0,False,False,3
"Business process management in business development. Status quo on needs, applications and barriers; [Geschäftsprozessmanagement in der Wirtschaftsförderung. Status Quo zu Notwendigkeiten, Anwendungen und Hemmnissen]",2014,2,0,0,False,False,2
An optimized method of business process mining bused on the behavior profile of petri nets,2014,3,0,0,False,False,3
Cloud services platform of public resources trading integration,2014,3,1,1,False,False,5
Business Process Management with mobile routes,2014,2,0,0,False,False,2
Towards automated adaptation of disaster response processes-an approach to insert transport activities,2014,0,1,0,True,True,1
An approach to the decomposition of business processes for execution in the Cloud,2014,4,0,0,False,False,4
Compliance in BPM today - An insight into experts' views and industry challenges,2014,3,2,0,True,True,5
Capability development with process maturity models – Decision framework and economic analysis,2014,1,2,0,True,False,3
Functional testing: A SOA & BPM approach,2014,3,0,0,False,False,3
Improving business processes management systems by introducing soft computing elements,2014,5,0,0,False,False,5
"Use of method for elicitation, documentation, and validation of software user requirements (MEDoV) in agile software development projects",2014,2,0,1,False,False,3
BPMN extension for business process monitoring,2014,3,1,0,True,False,4
An ontological consensus augmented framework for collaborative business process formulation,2014,2,1,0,True,False,3
A model-driven method for enacting the design-time QoS analysis of business processes,2014,1,1,0,False,True,2
GoalDAG – Archimate integration,2014,2,0,0,False,False,2
BPM analysis of all-optical fiber interferometric sensor based on a U-shape microcavity,2014,3,2,0,False,False,5
Testing the impact of wand and Weber's decomposition model on process model understandability,2014,2,1,0,False,False,3
Towards location-aware declarative business process management,2014,3,0,0,False,False,3
Value-driven design and implementation of business processes transferring strategy into execution at pace with certainty,2014,1,0,0,False,False,1
Extending swarm communication to unify choreography and long-lived processes,2014,1,2,0,True,False,3
A genetic algorithm for the inductive derivation of reference models using minimal graph-edit distance applied to real-world business process data,2014,3,0,0,False,False,3
Enterprise Architecture in University analyzing of implementation using business process management,2014,1,0,1,False,False,2
A Service Composition Environment Based on Enterprise Service Bus,2014,3,0,0,False,False,3
Conflict resolution for on-the-fly change propagation in business processes,2014,2,1,0,True,False,3
Cloud based Material management system for printing press,2014,1,2,1,False,True,4
Extracting business vocabularies from business process models: SBVR and BPMN standards-based approach,2014,4,0,0,False,False,4
DSL based platform for business process management,2014,1,3,0,True,False,4
PRIMA II - An analysis of resource availability in disaster response processes,2014,1,1,0,False,True,2
Proactive decision support during business process execution,2014,0,0,1,False,False,1
Leveraging model-driven monitoring for event-driven business process control,2014,2,1,0,False,False,3
Assessing aspect oriented approaches in business process management,2014,1,0,0,False,False,1
Diagnosing industrial business processes: Early experiences,2014,0,0,3,False,False,3
"Excellence models for performance management: Case study: The evolution of ""quality concept"" in Japan-The Japanese model of excellence",2014,1,2,0,True,False,3
Support of dynamic compliance processes through business process management platforms; [Unterstützung von dynamischen Compliance Prozessen durch Business Process Management Plattformen],2014,1,0,0,False,False,1
A data-driven prediction framework for analyzing and monitoring business process performances,2014,5,0,0,False,False,5
The analysis of behavioral deviation between business process models based on Petri net kinetic expression,2014,2,1,0,False,False,3
Regulatory framework for the deployment of business process management and document management in public administration; [Ordnungsrahmen zum Einsatz des Geschäftsprozessmanagements und des Dokumentenmanagements in der Öffentlichen Verwaltung],2014,1,0,0,False,False,1
Coordination of local process views in interorganizational business process,2014,2,0,0,False,False,2
Virtual business process management within collaborative manufacturing network: An implementation case,2014,2,0,0,False,False,2
Performance measurement using fuzzy system perspective and soft system methodology: New idea of business process management,2014,1,0,0,False,False,1
An integrated approach based on execution measures for the continuous improvement of business processes realized by services,2014,3,2,0,True,False,5
IMUNES: Design and implementation temperature and heartbeat sensors in measuring vital sign through watch,2014,0,0,3,False,False,3
Planning of business process execution in Business Process Management environments,2014,0,1,2,True,False,3
Advanced planning and control of manufacturing processes in steel industry through big data analytics: Case study and architecture proposal,2014,5,0,0,False,False,5
An interoperable and self-adaptive approach for SLA-based service virtualization in heterogeneous Cloud environments,2014,0,0,3,False,False,3
Factors affecting business process and business rule integration,2014,1,2,0,False,True,3
Proposals for the integration of interactive dashboards in business process monitoring to support resources allocation decisions,2014,0,1,0,True,True,1
Architecture-centric support for adaptive service collaborations,2014,3,0,0,False,False,3
Interpreting overlaps in business process mapping via organisational soft knowledge flows,2014,1,1,0,True,False,2
Supporting introduction of social interaction in business processes,2014,1,1,0,False,True,2
A PLM-based approach for un-manned air system design: A proposal,2014,3,1,0,False,True,4
Sustaining the momentum: Archival analysis of Enterprise Resource Planning systems (2006-2012),2014,1,2,0,True,False,3
Designing cooperative social applications in healthcare by means of socialbpm,2014,4,0,0,False,False,4
Selection of a business process management system: An analysis based on a multicriteria problem,2014,3,1,0,False,True,4
EPC generator: A concept to generate event-driven process chains based on an original process model,2014,4,0,0,False,False,4
Employee resistance and participation in the implementation of BPM - A multi-level approach using the example of the Schleswig-Holstein Regional Police Agency; [Mitarbeiterwiderstände und-partizipation bei der Einführung von BPM-Ein Multi-Level-Ansatz am Beispiel des Landespolizeiamtes Schleswig-Holstein],2014,2,0,0,False,False,2
Shaping the next incarnation of Business intelligence: Towards a flexibly governed network of information integration and analysis capabilities,2014,6,0,0,False,False,6
Sustainable software system engineering,2014,1,1,0,True,False,2
Semantic based auto-completion of business process modelling in eGovernment,2014,0,2,0,True,True,2
Semantic concepts in BPMN 2.0,2014,4,1,0,True,False,5
Business process assignment and execution in mobile environments,2014,6,2,1,False,False,9
Quality measures for ETL processes,2014,3,0,0,False,False,3
An Editing Concept for PASS Layers,2014,0,1,1,False,True,2
Requirements-based development of BPMN extensions: The case of clinical pathways,2014,2,0,0,False,False,2
A framework for process-based collaborative systems design,2014,1,1,1,False,True,3
CloudExp: A comprehensive cloud computing experimental framework,2014,6,0,0,False,False,6
A method for evaluating and measuring cloud computing business process,2014,5,0,1,False,False,6
"Analysis of process model reuse: Where are we now, where should we go from here?",2014,3,1,0,True,False,4
KPIshare: A collaborative space for BPM practitioners for full definitions and discussions on process KPIs,2014,4,2,0,False,False,6
Flexible batch configuration in business processes based on events,2014,3,1,0,True,False,4
Process engine selection support,2014,1,0,0,False,False,1
The impact of human resources information systems and business process management implementations on recruiting process performance: A case study,2014,3,0,0,False,False,3
Listen to me: Improving process model matching through user feedback,2014,4,0,1,False,False,5
Applying the Strategy-Oriented Business Process Modeling to S-BPM,2014,2,1,0,False,True,3
Modeling using ordinary language as basis for agile business process management; [Gebrauchssprachliche Modellierung als Grundlage für agiles Geschäftsprozessmanagement],2014,3,0,0,False,False,3
Augmenting and assisting model elicitation tasks with 3D virtual world context metadata,2014,1,3,0,False,True,4
A BPM-Based Approach of Human Task Support within Automated Workflows,2014,0,0,3,False,False,3
Combining knowledge management and business process management - A solution for information extraction from business process models focusing on BPM challenges,2014,2,1,0,True,False,3
From a family of state-centric PAIS to a configurable and parameterized business process architecture,2014,1,1,0,False,True,2
BPM change planning using the Matrix of Change and discrete optimization methods,2014,2,0,0,False,False,2
Collaborative management of applications in enterprise social networks,2014,2,2,0,True,False,4
"Around the world business process education and research has taken off, except in the USA. Why?",2014,4,1,0,False,False,5
What you can do to inhibit business process standardization,2014,1,1,0,True,False,2
Navigating in process model repositories and enterprise process information,2014,3,1,0,False,False,4
On enabling context-aware compliance monitoring of business processes at run-time in distributed systems,2014,0,1,0,True,True,1
SWB process: A business process management system driven by semantic technologies,2014,2,1,1,False,False,4
Towards a DSL-based approach for specifying and monitoring home care plans,2014,0,0,4,False,False,4
SAP operational process intelligence: Empowering line-of-business workers with real-time process visibility,2014,2,0,0,False,False,2
Constructs competition miner: Process control-flow discovery of BP-domain constructs,2014,5,0,0,False,False,5
Research challenges for business process models at run-time,2014,5,0,0,False,False,5
Empirical evidence for the impact of Organizational Culture on process quality,2014,1,1,0,True,False,2
Architecting the Enterprise along Communication Paradigm Using the TOGAF® Framework,2014,3,0,0,False,False,3
Analysis of nonlinear three-layer optical waveguide,2014,4,0,0,False,False,4
Cognitive support for S-BPM user interfaces intertwining modeling and execution,2014,2,0,0,False,False,2
Analyzing risks in business process models using a deviational technique,2014,1,2,0,True,True,3
Improving knowledge-intensive business processes through social media,2014,1,1,0,True,False,2
On the theoretical foundations of research into the understandability of business process models,2014,3,0,0,False,False,3
Supporting value stream design using S-BPM,2014,1,0,0,False,False,1
Caring of intentionality in business process models using Business Process Patterns,2014,1,0,0,False,False,1
Abstract Layers in PASS - A Concept Draft,2014,0,1,1,False,True,2
A situational perspective on workarounds in it-enabled business processes: A multiple case study,2014,2,1,0,True,False,3
Using Meta Processes for the Structured Discovery and Self-learning Improvement of S-BPM Processes,2014,2,0,0,False,False,2
Flexibility requirements in real-world process scenarios and prototypical realization in the care domain,2014,3,1,0,False,False,4
A task of behaviour modelling in execution context,2014,1,0,0,False,False,1
A Transformation-Based Approach to Business Process Management in the Cloud,2014,3,0,0,False,False,3
Uncovering the competency gap of students employed in business process analyst roles - An employer perspective,2014,2,1,0,False,False,3
Examining existing ways to electronically declare international exports to the German ATLAS system - Current barriers and proposed solution,2014,4,0,0,False,False,4
It-enabled collaborative case management - Principles and tools,2014,3,0,0,False,False,3
Changing in-flight business processes using PNMsoft's HotChange® technology,2014,2,0,0,False,False,2
Toward resilience assessment in business process architectures,2014,3,0,0,False,False,3
A magnetic rotary encoder for patterned media lithography,2014,2,0,2,False,False,4
Business process modeling for insider threat monitoring and handling,2014,4,0,0,False,False,4
Exploration and analysis of undocumented processes using heterogeneous and unstructured business data,2014,5,1,0,False,False,6
Can We Use S-BPM for Modeling Collaboration Scripts?,2014,2,0,0,False,False,2
3D Progressive Education Environment for S-BPM,2014,3,1,0,False,False,4
ProcessBase: A hybrid process management platform,2014,2,0,0,False,False,2
Tracking hot topics for the monitoring of open-world processes,2014,3,0,0,False,False,3
Breadth first search sequence based method for efficient process retrieval,2014,1,2,2,False,True,5
A literature study on the state-of-the-art of contingency research in business process management,2014,1,1,0,False,True,2
An ontological framework for context-aware collaborative business process formulation,2014,1,1,0,True,False,2
Alignment between business process governance and IT governance,2014,2,1,0,True,False,3
Production Planning for SMEs - Implementation of Production Planning with Subject-Oriented Business Process Management (S-BPM),2014,1,0,1,False,False,2
A S-BPM suite for the execution of cross company subject oriented business processes,2014,2,0,0,False,False,2
Scalable dynamic business process discovery with the constructs competition miner,2014,5,0,0,False,False,5
CFS: A behavioral similarity algorithm for process models based on complete firing sequences,2014,2,1,1,False,False,4
Complex Adaptive Systems Theory in the Context of Business Process Management,2014,2,0,0,False,False,2
Requirements engineering process improvement: Analyzing the organizational culture impact and implementing an empirical study to evaluate the benefits of improvement,2014,2,2,0,True,False,4
An IT-driven business model design methodology and its evaluation,2014,3,1,0,False,False,4
When processes alienate customers: Towards a theory of process acceptance,2014,2,0,0,False,False,2
Separating execution and data management: A key to business-process-as-a- service (BPaaS),2014,2,0,1,False,False,3
Implicit BPM: A business process platform for transparent workflow weaving,2014,4,0,0,False,False,4
Quantitative process maps: A concept for prioritization of business process improvement projects,2014,1,1,0,True,False,2
ViePEP - A BPMS for elastic processes,2014,1,0,0,False,False,1
Monitoring of business processes with complex event processing,2014,7,1,0,True,False,8
"Performances of business processes and organizational routines: Similar research problems, different research methods - A literature review",2014,2,0,0,False,False,2
Chopping down trees vs. sharpening the axe - Balancing the development of BPM capabilities with process improvement,2014,3,0,0,False,False,3
Exploration of a Method for COSMIC Size Estimation from S-BPM,2014,3,0,0,False,False,3
Towards planning and control of business processes based on event-based predictions,2014,4,0,0,False,False,4
A configuration-management-database driven approach for fabric-process specification and automation,2014,5,0,0,False,False,5
Efficient behavioral-difference detection between business process models,2014,3,1,0,False,False,4
An Interactional View of Context in Business Processes,2014,2,1,0,False,False,3
Formal modeling and analysis of home care plans,2014,2,2,0,True,False,4
The correlation of organizational culture and success of BPM adoption,2014,0,1,1,True,False,2
A framework for assessing BPM success,2014,0,2,1,True,False,3
Supporting Business Process Exception Management by Dynamically Building Processes Using the BEM Framework,2014,3,2,1,True,False,6
Modeling concepts for internal controls in business processes - An empirically grounded extension of BPMN,2014,2,0,0,False,False,2
"Asia Pacific Business Process Management: Second Asia Pacific Conference, AP-BPM 2014 Brisbane, QLD, Australia, July 3-4, 2014 Proceedings",2014,2,0,0,False,False,2
Modeling organizational alignment,2014,2,0,0,False,False,2
Tribological impact of touchdown detection on bit patterned media robustness,2014,2,1,0,True,False,3
An actor-network perspective on business process management: A case study of a Brazilian chemical company,2014,2,0,0,False,False,2
"S-BPM ONE - Application Studies and Work in Progress: 6th International Conference, S-BPM ONE 2014, Eichstätt, Germany, April 22-23, 2014. Proceedings",2014,0,1,0,True,True,1
Application of process ontology to improve the funding allocation process at the European Institute of Innovation and Technology,2014,1,0,0,False,False,1
Requirements for ad-hoc geo-referenced BPM with microblogging,2014,3,0,0,False,False,3
Managing Knowledge-Intensive Business Processes by Harnessing Collective Practical Experience without Codification,2014,2,0,0,False,False,2
Generating synthetic process model collections with properties of labeled real-life models,2014,3,0,0,False,False,3
VM live migration algorithm based on stable matching model to improve energy consumption and quality of service,2014,2,0,0,False,False,2
Ecosystem for business driven IT management,2014,1,1,0,False,True,2
ISEAsy: A social business process management platform,2014,1,2,0,False,True,3
Subject-oriented Adaptive Case Management: Extending Subject-oriented Business Process Management to knowledge-intensive cross-enterprise business processes,2014,2,0,0,False,False,2
Development and validation of an instrument to measure organizational cultures' support of Business Process Management,2014,0,1,2,True,False,3
On the importance of organisational culture and structure in business process maturity,2013,1,1,0,True,False,2
Design patterns for integration between enterprise application with any business process management systems,2014,0,1,1,False,True,2
Multi-agent solution for business processes management of 5PL transportation provider,2014,1,0,0,False,False,1
Automatic extraction of process categories from process model collections,2014,1,1,1,True,False,3
Transformation from eEPC to S-BPM: A case study,2014,1,1,0,True,False,2
Decentralized enactment of BPEL processes,2014,2,1,0,False,True,3
Model-driven event query generation for business process monitoring,2014,4,1,0,False,False,5
Model-driven engineering in practice: Integrated performance decision support for process-centric business impact analysis,2014,4,0,0,False,False,4
VisionWaves: Aligning business process management and performance management to achieve business (process) excellence,2013,1,0,0,False,False,1
Business process management applications based on semantic process models: The ProcessGene suite case-study,2013,1,1,0,False,True,2
Process mining in the large: A tutorial,2014,1,0,0,False,False,1
Extending the social network interaction model to facilitate collaboration through service provision,2014,4,2,0,True,False,6
"S-BPM ONE - Scientific Research: 6th International Conference, S-BPM ONE 2014 Eichstätt, Germany, April 22-23, 2014 Proceedings",2014,2,0,0,False,False,2
Ad-hoc business process management in enterprises as expert communities,2014,2,2,0,False,False,4
The analysis method about change region of process model based on module,2014,2,1,0,False,False,3
The affordances of social technology: A BPM perspective,2013,2,1,0,False,False,3
Tangible or not tangible - A comparative study of interaction types for process modeling support,2014,3,0,0,False,False,3
A business-oriented approach to Requirements Elicitation,2014,1,0,0,False,False,1
An analysis method about change region of business process model based on action pattern,2014,2,0,1,False,False,3
Fabric-process patterns: Towards a methodology for fabric-process design,2014,3,0,0,False,False,3
An empirical study of error patterns in industrial business process models,2014,2,0,2,False,False,4
Collaborative Process flexibility using multi-criteria decision making,2013,5,0,0,False,False,5
Transfer of learnings between disciplines: What S-BPM facilitators could ask progressive educators (and might not dare to do),2014,1,0,0,False,False,1
Empowering business process simulation through automated model transformations,2014,2,3,0,False,True,5
Understanding the actualization of affordances: A study in the process modeling context,2013,2,0,1,False,False,3
A criteria catalogue for evaluating business process pattern approaches,2014,2,0,0,False,False,2
BPM model of GQIMP for ISO 9001:2008 supported by CASE tools,2014,5,0,0,False,False,5
Order management Sudoku simplified approach to transform OSS/BSS,2014,1,1,0,False,True,2
Automated runtime repair of business processes,2014,1,0,4,False,False,5
A new action rule syntax for DEmo MOdels based automatic worKflow procEss geneRation (DEMOBAKER),2014,2,0,0,False,False,2
Enabling workflow composition within a social network environment,2014,1,3,0,True,False,4
Large-scale Model-Driven Engineering of web user interaction: The WebML and WebRatio experience,2014,2,0,0,False,False,2
Simplifying process model abstraction: Techniques for generating model names,2014,2,0,2,False,False,4
A framework for cost-aware process management: Cost reporting and cost prediction,2014,4,0,0,False,False,4
S-BPM-Ont: An ontology for describing and interchanging S-BPM processes,2014,2,0,0,False,False,2
"Business Process Management Workshops: BPM 2013 international workshops Beijing, China, August 26, 2013 revised papers",2014,2,1,0,False,True,3
Platform based approach for automation of workflows in a system of systems,2013,3,0,0,False,False,3
Bringing semantics to aspect-oriented business process management,2014,2,1,0,False,False,3
On the interoperability contributions of S-BPM,2014,2,0,0,False,False,2
Sub-10-nm size and sub-40-nm pitch metal dot patterning for low-cost bit patterned media application,2014,1,1,1,False,False,3
Adaptive time-based coordinated checkpointing for cloud computing workflows,2014,1,1,0,True,False,2
Splitting GSM schemas: A framework for outsourcing of declarative artifact systems,2014,3,0,1,False,False,4
Context-based variant generation of business process models,2014,3,0,0,False,False,3
Business rules management in healthcare: A lifecycle approach,2014,2,0,0,False,False,2
A graph distance based metric for data oriented workflow retrieval with variable time constraints,2014,2,1,0,False,False,3
Prioritizing business processes improvement initiatives: The Seco tools case,2014,4,1,0,False,False,5
Discrete element simulation of the effect of particle size on the size of fracture process zone in quasi-brittle materials,2014,2,0,0,False,False,2
Process discovery and conformance checking using passages,2014,0,0,2,False,False,2
"Current research in risk-aware business process management-overview, comparison, and gap analysis",2014,11,1,0,False,False,12
"A systematic review on security in Process-Aware Information Systems - Constitution, challenges, and future directions",2014,0,2,0,True,True,2
Dynamic adaptation of business process based on context changes: A rule-oriented approach,2014,3,0,0,False,False,3
RNM based decentralized architecture of cross-organizational workflow management system for e-government,2013,0,0,3,False,False,3
Process discovery: Automated approach for block discovery,2014,2,1,0,False,True,3
Supporting adaptive e-learning: An approach based on open-source learning management systems,2013,2,1,0,False,False,3
Design of a subject-oriented reference model for Change Management,2014,3,0,0,False,False,3
Mobile enablement of business process management suites,2014,3,0,0,False,False,3
An optimization model for valuating process flexibility,2013,4,0,0,False,False,4
Addressing the paradigmatic limitation of conventional business process management concepts by proposing new definitions,2014,2,0,1,False,False,3
BPM/BPM+: Software-based dynamic memory partitioning mechanisms for mitigating dram bank-/channel-level interferences in multicore systems,2014,4,1,1,True,False,6
DEWEY: The DICOM-enabled workflow engine system,2014,5,0,0,False,False,5
Reflexivity in business. review on the best practices of S-BPM approach application,2014,0,0,3,False,False,3
Proposals for future BPM research directions,2014,1,0,0,False,False,1
Mixed-level optical-system simulation incorporating component-level modeling of interface elements,2014,6,0,0,False,False,6
Petri net-based process monitoring: A workflow management system for process modelling and monitoring,2014,3,1,0,False,True,4
Partner network and its process management,2013,3,0,0,False,False,3
Efficient syntactic process difference detection using flexible feature matching,2014,4,1,0,False,False,5
Business process artefact adaptability approach based on artificial immune systems,2014,0,1,0,True,True,1
A participative end-user modeling approach for business process requirements,2014,1,2,0,True,False,3
RESTful business process management in the cloud,2013,2,0,0,False,False,2
Workflow models: Management and quality of process in the cloud,2014,5,2,0,False,True,7
Data state description for the migration to activity-centric business process model maintaining legacy databases,2014,1,2,0,True,False,3
A flexible and efficient system development approach for enterprise system and smartphone application,2014,1,1,0,True,False,2
From process models to business process architectures: Connecting the layers,2014,2,0,0,False,False,2
Some complexity results for the soundness problem of workflow nets,2014,1,0,0,False,False,1
Towards Semantic Support for Business Process Integration,2014,2,0,1,False,False,3
Understanding the factors that influence the adoption of BPM in two Brazilian public organizations,2014,2,1,0,True,False,3
Shake It Up: Exercise Intensity Recognizing System,2014,1,0,1,False,False,2
Towards an organizational strategic alignment driven by business level agreements,2014,2,2,0,True,False,4
Introducing a framework for scalable dynamic process discovery,2014,6,0,0,False,False,6
Towards the enhancement of business process monitoring for complex logistics chains,2014,1,3,1,True,False,5
Self-adaptive resource allocation for elastic process execution,2013,3,0,1,False,False,4
Direct-write diffracting tubular optical components using femtosecond lasers,2014,2,0,0,False,False,2
Customized infrastructures for monitoring business processes,2014,2,0,0,False,False,2
Workflow for a multi-agent system with voice user interfaces in a changing environment,2014,0,0,2,False,False,2
Process remaining time prediction using query catalogs,2014,2,0,0,False,False,2
Short paper: Towards enhancing business process monitoring with sonification,2014,1,0,0,False,False,1
Absorptive capacity as a precondition for business process improvement,2014,3,1,0,False,False,4
Towards a meta-model for goal-based social BPM,2014,2,0,0,False,False,2
Developing a governance model for successful business process standardization,2013,2,1,0,True,False,3
Integrate ERP system into business process management system,2013,4,0,2,False,False,6
Supporting collaborative work by learning process models and patterns from cases,2013,3,0,0,False,False,3
A contribution to organizational and operational strategic alignment: Incorporating business level agreements into business process modeling,2013,3,1,0,False,True,4
To trace and guide evolution in configurable process models,2013,0,3,0,True,True,3
User participation practice: To overcome the objective-subjective dichotomy,2013,1,0,0,False,False,1
Analysis of the importance of business process management depending on the organization structure and culture,2013,2,1,0,False,True,3
Investigation of offset-launch characteristics for two-mode optical fiber using FE-BPM,2013,5,0,0,False,False,5
Dynamic weaving in aspect oriented business process management,2013,3,1,0,False,False,4
Decision support for operational and financial risk management - The ProcessGene case study,2013,1,1,0,True,False,2
Half a century after Carl Adam Petri's Ph.D. thesis: A perspective on the field,2013,1,0,0,False,False,1
Supporting cognitive work in software development workflows,2013,2,1,1,False,False,4
Uses and applications of software and systems process engineering meta-model process models. a systematic mapping study,2013,4,1,0,False,False,5
Data-centric probabilistic process: A PhD. symposium paper for ICSOC,2013,1,0,0,False,False,1
Introduction to the Proceedings of the Workshop on Cloud-enabled Business Process Management (CeBPM) 2012,2013,1,1,0,True,False,2
Business process transparency management: An approach to aligning business processes and corporate strategy,2013,1,0,0,False,False,1
Designing interaction routines in service networks: A modularity and social construction-based approach,2013,6,0,0,False,False,6
Inferring state for real-time monitoring of care processes,2013,2,1,0,True,False,3
Detecting runtime business process compliance with artifact lifecycles,2013,0,0,1,False,False,1
Teaching business process management for heterogeneous audience,2013,0,1,0,True,True,1
REFlex: An efficient web service orchestrator for declarative business processes,2013,2,2,0,True,False,4
CoopIS 2013 PC co-chairs message,2013,1,2,0,False,True,3
Increasing recall of process model matching by improved activity label matching,2013,4,0,1,False,False,5
Levi - A workflow engine using BPMN 2.0,2013,1,2,2,False,True,5
Application of equivalence checking in a loan origination process in banking industry,2013,1,2,0,True,False,3
PPINOT tool suite: A performance management solution for process-oriented organisations,2013,2,2,0,True,False,4
Collective problem solving using social compute units,2013,2,1,2,False,False,5
Key information technology and management issues 2012-2013: An international study,2013,6,0,0,False,False,6
Toward a time-centric modeling of business processes in BPMN 2.0,2013,2,2,0,True,False,4
A genericworkflow metamodel to support resource-aware decision making,2013,3,2,1,False,False,6
Enforcement of entailment constraints in distributed service-based business processes,2013,4,0,1,False,False,5
Towards agent-based smart factories: A subject-oriented modeling approach,2013,2,0,0,False,False,2
A survey on time-aware business process modeling,2013,2,2,0,True,False,4
Business process compliance via security validation as a service,2013,3,0,0,False,False,3
Constructing hybrid architectures and dynamic services in Cloud BPM,2013,1,1,0,False,True,2
Supporting adaptation patterns in the event-driven business process modeling paradigm,2013,2,1,0,True,False,3
The S-BPM architecture: A framework for multi-agent systems,2013,3,0,0,False,False,3
Integration of social media technologies with ERP a prototype implementation,2013,2,0,0,False,False,2
Goal-driven social business process management,2013,2,0,0,False,False,2
A model-driven service integrated framework based on three-layer ontology,2013,1,1,1,False,True,3
Study on compactness of planar waveguide based integrated optic couplers using tooth shaped grating assisted geometry,2013,2,1,0,False,False,3
Setup and maintenance factors of ACM systems,2013,3,0,1,False,False,4
Ideas on improving the Business-IT alignment in BPM enabled by SOA,2013,2,0,0,False,False,2
Newer approach to flexible business architecture of modern enterprise,2013,3,0,1,False,False,4
Diagnostic reasoning with structural analysis and constraint programming for quality improvement of business process management systems,2013,0,1,0,True,True,1
Real-time risk monitoring in business processes: A sensor-based approach,2013,5,0,1,False,False,6
Context-aware business process management for personalized healthcare services,2013,2,0,0,False,False,2
Cost-informed operational process support,2013,7,0,1,False,False,8
Compliance check in semantic business process management,2013,2,3,0,False,False,5
An approach to identifying false traces in process event logs,2013,2,1,0,False,False,3
Case-based selection of business process modeling tools: An evaluation criteria framework,2013,5,0,1,False,False,6
Priority-based human resource allocation in business processes,2013,4,1,1,True,False,6
Towards a process patterns based approach for promoting adaptability in configurable process models,2013,0,3,0,True,True,3
A BPM-based approach of human task support within life science automation,2013,1,2,0,True,True,3
Makespan minimization in a job shop with a BPM using simulated annealing,2013,3,1,0,False,False,4
Barcelona: A design and runtime environment for declarative artifact-centric BPM,2013,6,0,1,False,False,7
Deciding data object relevance for business process model abstraction,2013,2,1,0,True,False,3
Controlling the evolution of product-based collaboration contracts,2013,3,1,0,False,True,4
Towards enterprise management systems a generic and flexible information representation approach,2013,3,0,0,False,False,3
Sport and technology: The case of archery,2013,3,1,0,False,False,4
Accelerating collaboration in task assignment using a socially enhanced resource model,2013,0,2,2,False,False,4
Dealing with uncertainty: Robust workflow navigation in the healthcare domain,2013,3,0,0,False,False,3
RFID based real-time manufacturing information perception and processing,2013,3,2,0,False,True,5
CoopIS 2013 PC co-chairs message,2013,1,2,0,False,True,3
Towards understanding the instructional value of real-time continuous feedback from the use of simulation games,2013,3,3,0,False,False,6
Adaptive and compliant policy implementation: Creating administrative processes using Semantic Web Services and Business Rules,2013,0,0,2,False,False,2
Towards a detective approach to process-centered resilience,2013,2,0,0,False,False,2
Unifying multi-level business process discovered by Heuristic miner algorithm,2013,1,1,1,True,False,3
"The consideration of organizational, human and corporate cultural factors in the implementation of business process management projects social factors to prevent failure of BPM projects",2013,1,1,0,True,False,2
Applying big data and linked data concepts in supply chains management,2013,2,1,0,True,False,3
ACM 2013 PC co-chairs message,2013,1,1,1,True,False,3
"A2Mo and ETREOsys: Analyzing, modeling and validation of enterprise training programs",2013,1,2,0,False,True,3
Air bearing dynamic stability on bit patterned media disks,2013,1,1,0,True,False,2
Sequence alignment adaptation for process diagnostics and delta analysis,2013,1,1,0,False,True,2
Bridging the gap between social software and business process management: A research agenda: Doctoral consortium paper,2013,1,0,0,False,False,1
"Towards automated analysis of fads and trends in information systems research: Concept, implementation and exemplary application in the context of business process management research",2013,3,1,0,False,False,4
Latest developments of WADE to support user-centric business processes,2013,3,0,0,False,False,3
A ontological collaborative framework for bussiness process integration,2013,2,1,0,False,True,3
Towards an approach to improve business process models using risk management techniques,2013,1,2,0,True,True,3
Taming diversity: A distributed ACM-based approach for cross-enterprise knowledge work,2013,1,0,0,False,False,1
Plug-and-play higher-order process integration,2013,2,0,0,False,False,2
Realizing elastic processes with viePEP,2013,3,0,1,False,False,4
Influence analysis based expert finding model and its applications in enterprise social network,2013,3,1,1,False,False,5
A design methodology for B2B systems case of an e-procurement system,2013,1,1,1,False,True,3
Introducing the vienna platform for elastic processes,2013,3,0,1,False,False,4
Applying BPM 2.0 in BPM implementation projects: Short paper,2013,4,1,0,False,False,5
Managing legal interpretation in regulatory compliance,2013,3,1,1,False,False,5
Process socio space discovery based on semantic logs,2013,3,0,0,False,False,3
Supporting collaborative decision processes,2013,4,1,1,False,False,6
Using workflow management systems to improve disaster response processes,2013,2,1,0,True,False,3
Adaptive case management as a process of construction of and movement in a state space,2013,2,0,1,False,False,3
Hange management of BPM-based software applications,2013,2,0,0,False,False,2
Bringing together BPM and social software,2013,3,0,0,False,False,3
Towards the automatic and optimal selection of risk treatments for business processes using a constraint programming approach,2013,2,0,0,False,False,2
Investigating the success of operational business process management systems,2013,1,0,2,False,False,3
Dynamic flying characteristics of an air bearing slider over a disk with grooves and distribution of material properties,2013,1,0,2,False,False,3
Improving business process intelligence with object state transition events,2013,4,0,0,False,False,4
Enriching process models for business process compliance checking in ERP environments,2013,1,0,0,False,False,1
Implementation of service oriented architecture into transmission system operator’s business environment,2013,3,0,0,False,False,3
Business process mining from e-commerce web logs,2013,3,1,0,False,True,4
On the exploitation of process mining for security audits: The process discovery case,2013,3,0,0,False,False,3
Automated generation of patient-tailored electronic care pathways by translating computer-interpretable guidelines into hierarchical task networks,2013,2,2,0,False,True,4
Bayesian parameter estimation in green business process management: A case study in online-advertising,2013,1,0,0,False,False,1
Sustainability standards and guidelines requirements for integrated management,2013,2,0,4,False,False,6
From business process models to hierarchical task network planning domains,2013,3,0,0,False,False,3
Design and fabrication of an InP-based arrayed waveguide grating,2013,4,0,1,False,False,5
A framework for semantic business process management in e-Government,2013,3,2,0,False,True,5
A new contract between business and business analysts,2013,0,1,0,True,True,1
Applications integration in a hybrid cloud computing environment: modelling and platform,2013,5,1,0,True,False,6
Optimization of the weights and asymmetric activation function family of neural network for time series forecasting,2013,0,1,1,False,True,2
Overview of recommendation techniques in business process modeling?,2013,4,0,0,False,False,4
Matching process requirements to learning objectives,2013,2,0,0,False,False,2
"Business Process Security Analysis-Design Time, Run Time, Audit Time; [Sicherheitsanalysen für Geschäftsprozesse-Zeitpunkte und Möglichkeiten]",2013,2,1,0,False,False,3
"Case study of the implementation of business process management in public administration in Germany, Switzerland and Austria",2013,3,0,0,False,False,3
Constraint-based planning and scheduling techniques for the optimized management of business processes,2013,0,1,0,True,True,1
Fast detection of exact clones in business process model repositories,2013,3,1,0,False,True,4
Innovative process engineering: A generic model of the innovation process,2013,4,0,0,False,False,4
Declarative modeling - An academic dream or the future for BPM?,2013,2,0,1,False,False,3
Splitting GSM schemas: A framework for outsourcing of declarative artifact systems,2013,3,0,1,False,False,4
Research review: Investigating goal-oriented requirements engineering for business processes,2013,3,1,0,False,True,4
Professional use of process mining for analyzing business processes,2013,1,0,0,False,False,1
Jadex WfMS: Distributed workflow management for private clouds,2013,2,0,0,False,False,2
preCEP: Facilitating predictive event-driven process analytics,2013,3,0,0,False,False,3
"A literature review on business process management, business process reengineering, and business process innovation",2013,3,0,0,False,False,3
Agility based on stakeholder interaction - Blending organizational learning with interactive BPM,2013,3,0,0,False,False,3
An approach for a mutual integration of the web of things with business processes,2013,1,1,0,False,True,2
Investigation of offset-launch characteristics for Two-Mode Optical Fiber using FE-BPM,2013,5,0,0,False,False,5
Repository-based implementation of information pyramid: A study based on an ERP case study,2013,4,0,0,False,False,4
A framework for cost-Aware process management: Generation of accurate and timely management accounting Cost Reports,2013,1,0,2,False,False,3
Business Process based initial modeling at software development,2013,0,0,1,False,False,1
Method for Applying Process Mining to the Distribution of Non-alcoholic Beverages,2013,1,1,0,True,False,2
Comprehensive support for creativity-intensive processes: An explanatory information system design theory,2013,2,1,0,False,False,3
An ontological context-aware approach for a dynamic business process formulation,2013,0,1,0,True,True,1
Automatic generation of optimized business process models from constraint-based specifications,2013,2,2,0,True,False,4
Security and Privacy in Business Processes: A Posteriori Analysis Techniques Sicherheit und Privacy in Geschäftsprozessen: A Posteriori Analysetechniken,2013,1,1,0,False,True,2
Integrating Security Aspects into Business Process Models Integration; [Integration von Sicherheitsaspekten in Geschäftsprozessmodelle],2013,1,0,0,False,False,1
Generating multi-objective optimized business process enactment plans,2013,2,2,0,False,True,4
Research on ubiquitous services in film achieve management: A case of national palace museum,2013,1,0,1,False,False,2
Almost lossless multiple crossing of silicon wires by means of vertical coupling with a polymer strip waveguide,2013,0,0,2,False,False,2
BPM in the cloud,2013,1,0,0,False,False,1
Business processing intelligence challenge (BPIC): Case study: Analizing volvo information with process mining,2013,1,1,0,False,True,2
Eliciting Security Requirements from the Business Processes Using Security Risk-Oriented Patterns; [Nutzung risk-basierter Muster zur Erhebung von Sicherheitsanforderungen in Geschäftsprozessen],2013,2,0,0,False,False,2
Icebricks: Business process modeling on the basis of semantic standardization,2013,3,1,0,False,True,4
Incident Notification Process as a Service for Electricity Supply Systems,2013,1,2,0,True,True,3
A software framework for risk-aware business process management,2013,7,0,0,False,False,7
TxFlowGen: Generation of Failure Atomic transactional workflows for B2B applications,2013,1,2,0,True,False,3
Integration of business process management and rfid systems for improving patient safety in U-hospital,2013,2,0,0,False,False,2
Leaving the happy path: Handling exceptions in business processes,2013,3,0,0,False,False,3
Making process model versions comparable by quantifying changes,2013,2,0,0,False,False,2
Gain and refractive index guiding effects on the mode formation in the solid state laser resonators,2013,0,0,2,False,False,2
Generic environments for knowledge management and visualization,2013,1,1,0,True,False,2
Time analysis for BPMN gateways using queuing theory,2013,2,0,0,False,False,2
Business rules management solutions problem space: Situational factors,2013,2,0,0,False,False,2
Data management perspectives on business process management,2013,3,0,0,False,False,3
Analyzing business process architectures,2013,2,0,0,False,False,2
Diagnostic information for compliance checking of temporal compliance requirements,2013,3,1,0,True,False,4
Towards the next generation intelligent BPM - In the era of big data,2013,1,0,0,False,False,1
A dynamic approach to process design: A pattern for extending the flexibility of process models,2013,3,0,0,False,False,3
An agile BPM project methodology,2013,2,0,0,False,False,2
The use of software product lines for business process management: A systematic literature review,2013,2,0,0,False,False,2
Resilience - A new research field in business information systems?,2013,3,0,0,False,False,3
Multi-level service approach for flexible support of design processes,2013,1,2,0,True,False,3
Database research challenges and opportunities of big graph data,2013,0,1,0,True,True,1
A visual token-based formalization of BPMN 2.0 based on in-place transformations,2013,2,0,0,False,False,2
Correlation process in content analysis for a BPM modeling project,2013,2,0,4,False,False,6
An organisational semiotics inspired information architecture: Pervasive healthcare as a case study,2013,1,0,1,False,False,2
Understanding process behaviours in a large insurance company in Australia: A case study,2013,4,1,0,False,True,5
Towards next generation business process model repositories-A technical perspective on loading and processing of process models,2013,1,0,0,False,False,1
Formal workflow design analytics using data flow modeling,2013,0,1,1,True,False,2
Semantic execution of subject-oriented process models,2013,3,0,0,False,False,3
Empirical evaluation of test driven modeling,2013,2,2,0,False,True,4
A pivotal-based approach for enterprise business process and IS integration,2013,0,0,3,False,False,3
Supporting different process views through a shared process model,2013,5,0,0,False,False,5
Version management for business process schema evolution,2013,1,1,0,True,False,2
Evaluation of business processes for Business Process Standardization,2013,2,0,0,False,False,2
Incorporating structural improvement into resource allocation for business process execution planning,2013,3,1,0,False,False,4
An approach for extracting business vocabularies from business process models,2013,4,0,0,False,False,4
Analyzing method of change region in BPM based on module of Petri net,2013,2,1,0,False,False,3
Foundations of data-aware process analysis: A database theory perspective,2013,3,0,0,False,False,3
Facilitating Knowledge Transfer in IANES - A Transactive Memory Approach,2013,4,0,0,False,False,4
The changing face of government: The trends and a solution architecture for citizen services,2013,1,0,0,False,False,1
On the definition and design-time analysis of process performance indicators,2013,2,2,0,True,False,4
Improving process monitoring and progress prediction with data state transition events,2013,2,0,0,False,False,2
Improving the Agility of Business Processes Based on Service-Oriented Architecture,2013,2,1,0,True,False,3
Standardization of business process management system under enterprise container architecture,2013,1,0,1,False,False,2
A Balanced Scorecard Approach to Perioperative Process Management: A Case Study Perspective,2013,1,3,0,False,True,4
"Business process security analysis - Design time, run time, audit time; [Sicherheitsanalysen für Geschäftsprozesse - Zeitpunkte und Möglichkeiten]",2013,2,1,0,False,False,3
Smart checklists for crises management planning,2013,2,1,0,True,False,3
Evidence informed layered queuing model (EI-LQM) for performance management of Enterprise Service Oriented Architecture (ESOA) applications,2013,1,0,2,False,False,3
Methodologies for goal-oriented process performance management,2013,0,1,0,True,True,1
"BPM, open source and SOA - Mission impossible?",2013,3,0,0,False,False,3
Exploring it roles in business process innovation - As a driver of barrier?,2013,1,0,1,False,False,2
The Analysis Methods About Business Process of E-Commerce Based on the Petri Net,2013,0,0,3,False,False,3
Actuality of bankruptcy prediction models used in decision support system,2013,1,3,0,True,True,4
Business process management: A holistic management approach,2013,1,0,0,False,False,1
A platform-independent mechanism for deployment of business processes using abstract services,2013,2,0,0,False,False,2
Towards the Combination of BPMN Process Models with SBVR Business Vocabularies and Rules,2013,1,1,0,True,False,2
A critical analysis of business process management education and alignment with industry demand: An Australian perspective,2013,1,3,0,False,True,4
A methodological framework with lessons learned for introducing business process management,2013,3,0,0,False,False,3
Process management challenges in swedish public sector: A bottom up initiative,2013,1,1,0,False,True,2
Handling concurrent changes in collaborative process model development: A change-pattern based approach,2013,2,0,0,False,False,2
"""Mine your own business"": Using process mining to turn big data into real value",2013,1,0,0,False,False,1
A novel architecture for disaster response workflow management systems,2013,2,1,0,True,False,3
Unifying compliance management in adaptive environments through variability descriptors,2013,4,1,0,False,False,5
A hybrid approach for business environment-aware management of service-based business processes,2013,2,1,0,True,False,3
Applying corel to an excerpt of HIPAA: A critical discussion,2013,1,0,0,False,False,1
Requirements definition for domain-specific modelling languages: The ComVantage case,2013,3,0,0,False,False,3
Compliance by design for artifact-centric business processes,2013,1,0,0,False,False,1
Determining power consumption of business processes and their activities to enable green business process reengineering,2013,4,0,0,False,False,4
A transaction-oriented architecture for enterprise systems,2013,1,0,0,False,False,1
"Method for elicitation, documentation and validation of software user requirements (MEDoV)",2013,1,0,1,False,False,2
Process mining in business process management: Concepts and challenges,2013,1,1,0,True,False,2
Designing for an innovative learning organization,2013,1,0,0,False,False,1
Extending Service Selection Algorithms with Interoperability Analysis,2013,1,0,0,False,False,1
Ontology-based multi-objective evolutionary algorithm for deriving software services from business process model,2013,2,0,0,False,False,2
Knowledge and business intelligence technologies in cross-enterprise environments for Italian advanced mechanical industry - Project presentation-,2013,6,3,0,False,False,9
Method for business process management system selection,2013,3,0,0,False,False,3
An event processing platform for business process management,2013,3,0,0,False,False,3
Developing a bpm-supportive organizational culture: On the importance of contextual factors,2013,1,2,1,True,False,4
Cost-aware business process management: A research Agenda,2013,8,0,1,False,False,9
Business process analysis with the higher education institution example,2013,1,0,0,False,False,1
Understanding the adoption of bpm governance in brazilian public sector,2013,3,2,0,False,False,5
Challenges in performance analysis in enterprise architectures,2013,0,1,0,True,True,1
A review of monitoring techniques for service based applications,2013,1,1,0,True,False,2
Optimisation of BPMN business models via model checking,2013,1,1,0,False,True,2
Using workflow to achieve business integration,2013,1,0,0,False,False,1
Investigation of offset-launch characteristics for two-mode optical fiber using FE-BPM,2013,5,0,0,False,False,5
Context-aware agile business process engine: Foundations and architecture,2013,1,2,0,True,True,3
Investigating the effects of business process orientation on organizational innovation performance,2013,2,1,0,True,False,3
Comprehensive business process management through observation and navigation,2013,3,0,0,False,False,3
Transforming existing procedural business processes into a constraint- based formalism,2013,2,1,2,False,False,5
Business process points - A proposal to measure BPM projects,2013,3,2,1,False,False,6
CrowdSC: Building smart cities with large-scale citizen participation,2013,3,0,0,False,False,3
Business process analytics using a big data approach,2013,3,0,0,False,False,3
BPM4ED: A research project for designing 21st-century schools,2013,3,0,0,False,False,3
Sixth international workshop on evolutionary business processes (EVL-BP 2013),2013,3,0,0,False,False,3
Improving Business Process Model after Reverse Engineering,2013,2,1,0,True,False,3
Management of business processes in highly dynamic and low-structured scenarios,2013,1,1,0,False,True,2
On the equivalence of incremental and fixpoint semantics for business artifacts with Guard-Stage-Milestone lifecycles,2013,3,0,0,False,False,3
Towards the validation of agent-based BPM simulation,2013,3,0,0,False,False,3
An effort prediction model based on BPM measures for process automation,2013,1,1,1,True,False,3
Towards a minimal cost of change approach for inductive reference model development,2013,4,0,0,False,False,4
Demonstrating the effectiveness of process improvement patterns,2013,2,0,0,False,False,2
Improving process robustness through domain- specific model transformations,2013,2,0,0,False,False,2
Business Process Čompliance: An Abstract Normative Framework; [Ein abstraktives normatives Rahmenwerk für Geschäftsprozess-Compliance],2013,1,0,0,False,False,1
Current pitfalls of business process maturity models: A selection perspective.,2013,0,1,0,True,True,1
A bi-directional mapping between i∗ and BPMN models in the context of business process management,2013,1,2,0,True,False,3
"User experience-based evaluation of open source workflow systems: The cases of Bonita, Activiti, jBPM, and Intalio",2013,2,0,0,False,False,2
Extracting data objects and their states from process models,2013,2,0,0,False,False,2
Continuous improvement of business processes realized by services based on execution measurement,2013,3,2,0,True,False,5
A combination of business rule and modeling languages for semantic business processes modeling,2013,0,1,1,False,True,2
A case study on entropy generation during business process execution: A Monte Carlo simulation of the custom bikes case,2013,3,0,0,False,False,3
A survey of formal business process verification from soundness to variability,2013,1,1,0,False,True,2
Green business process patterns - Part II,2013,2,0,0,False,False,2
Multi-level autonomic business process management,2013,3,1,0,True,False,4
Performance indicators and their relationship with organizational strategy a study in brazilian companies,2013,2,2,0,True,False,4
Mission-critical business process management with WADE,2013,3,0,0,False,False,3
Multi-perspective business process monitoring,2013,2,0,0,False,False,2
Clustering of ERP business process fragments,2013,1,2,1,False,True,4
Towards a methodology for goal-oriented enterprise management,2013,0,1,0,True,True,1
On risk management with information flows in business processes,2013,2,2,0,True,False,4
Human-oriented challenges of Social BPM: An overview,2013,2,0,0,False,False,2
Subject-oriented modeling and execution of multi-agent business processes,2013,4,0,0,False,False,4
An ontological approach for collaborative business processes formulation with consensus methodology,2013,2,1,0,False,True,3
Towards business process models at runtime,2013,2,1,0,False,False,3
Control patterns - Bridging the gap between is controls and BPM,2013,3,0,0,False,False,3
Towards a model-based analysis of place-related information in disaster response workflows,2013,2,1,0,False,False,3
Beautiful workflows: A matter of taste?,2013,2,0,1,False,False,3
MAS-BPM: Multi-agent system bomber problem model,2013,1,2,0,True,False,3
An Improvement of Process Reference Model Design and Validation Using Business Process Management,2013,4,1,0,False,False,5
Combination of Process Mining and Simulation Techniques for Business Process Redesign: A Methodological Approach,2013,3,0,0,False,False,3
Visual simulation for the BPM-based process automation,2013,2,2,0,True,True,4
Motivating course concept: Using active labs for bpm education,2013,5,1,0,False,True,6
Towards connecting online interfacing and internal core business processes,2013,1,1,0,True,False,2
Privacy Analysis of User Behavior Using Alignments; [Datenschutzanalyse von Nutzerverhalten mittels Alignments],2013,1,1,1,False,True,3
Exploring location-aware process management,2013,1,0,2,False,False,3
Green Activity Based Management (ABM) for organisations,2013,1,3,0,True,True,4
Auction-based crowdsourcing supporting skill management,2013,3,0,1,False,False,4
Building damage and business continuity management in the event of natural hazards: Case study of the 2004 tsunami in Sri Lanka,2013,5,1,2,True,False,8
Ontology-based compliance checking on higher education processes,2013,1,2,0,True,False,3
The method of emergency rescue program generation in civil aviation airport of china,2013,2,0,1,False,False,3
InBOX: Your future mail box,2013,2,1,2,False,False,5
A theoretical basis for using virtual worlds as a personalised process visualisation approach,2013,3,0,0,False,False,3
Qualitative assessment of business processes,2013,2,1,0,True,False,3
Flexibilization of service processes: Toward an economic optimization model,2013,2,1,0,True,False,3
Activity-based costing for S-BPM,2013,2,1,0,True,False,3
Using qualitative research methods in the subject-oriented business process analysis: The voice of the community in a social media driven open innovation management process in the financial service industry,2013,2,0,0,False,False,2
When social media meet the enterprise,2012,4,0,0,False,False,4
A distributed service oriented infrastructure for business process management in virtual organizations,2012,3,0,1,False,False,4
Mapping PASS graphs to Petri-Nets: Possibilities and limits for converting PASS graphs to Petri-Nets,2013,0,0,1,False,False,1
Ontology-based exception handling for semantic business process execution,2012,1,2,0,False,True,3
Understanding the transformation process success factors in enterprise system implementations: An IT professional's perspective,2013,1,1,0,False,True,2
A security pattern-driven approach toward the automation of risk treatment in business processes,2013,5,0,0,False,False,5
A model-driven approach for event-based business process monitoring,2013,1,1,0,False,True,2
Conceptual model of multi-agent business collaboration based on cloud workflow,2013,2,2,0,True,True,4
Model-based integration of clinical practice guidelines in clinical pathways,2012,0,1,0,True,True,1
"Innovation processes - Reference model, collaboration via innovative zone and integration into enterprise environment",2012,2,2,0,True,False,4
Interoperability constraints in service selection algorithms,2012,1,0,0,False,False,1
Towards a non-workflow theory of business processes,2013,0,0,1,False,False,1
Subject-orientation for human-centred production: A research agenda,2013,2,0,0,False,False,2
Exploring workaround situations in business processes,2013,0,1,0,True,True,1
The dynamics of a BPM implementation: A mixed method study on implementation effectiveness and system success,2012,2,0,0,False,False,2
Personalized and adaptive access to services-the semantic web services approach,2013,3,0,0,False,False,3
Modeling wizard for confidential business processes,2013,2,0,0,False,False,2
Understanding the costs of business process management technology,2013,1,1,0,True,False,2
Planning for the unexpected: Exception handling and BPM,2013,4,0,0,False,False,4
A pattern-based approach for the verification of business process descriptions,2013,0,2,0,True,True,2
Do workflow-based systems satisfy the demands of the Agile enterprise of the future?,2013,2,0,1,False,False,3
Business process modeling: Evolution of the concept in a university context,2013,1,1,0,True,False,2
Recognizing valid artifacts in business processes,2012,0,0,1,False,False,1
A social framework to underpin collective awareness in BPM,2012,4,0,0,False,False,4
Enabling a SAP ERP based standard software solution for BPM,2013,4,0,0,False,False,4
Evaluating social tagging for business process models,2013,2,0,0,False,False,2
Usage of SOA and BPM changes the roles and the way of thinking in development,2012,0,0,2,False,False,2
A meta-model and a web based editor for the subject-phase matrix,2013,3,1,0,True,False,4
Engineering a state monitoring service for real-time patient flow management,2012,2,0,0,False,False,2
Achieve agile enterprise system through collaboration with BPMS,2012,2,0,1,False,False,3
Method for modeling and validation of cross enterprise services composition,2012,2,0,2,False,False,4
Modelling SBR cycle management and optimization using events and workflows,2012,0,0,5,False,False,5
Archival analysis of Enterprise Resource Planning Systems: The current state and future directions,2012,1,2,0,True,False,3
Implementing green business processes: The importance of functional affordances of information systems,2012,1,0,1,False,False,2
Modeling of a-posteriori access control in business processes,2012,1,0,1,False,False,2
Managing complexity in adaptive case management,2013,4,0,0,False,False,4
A generic business artifacts based authorization framework for cross-enterprise collaboration,2012,5,0,0,False,False,5
Application and simplification of BPM techniques for personal process management,2013,1,0,0,False,False,1
A knowledge-based approach to the configuration of business process model abstractions,2012,3,1,0,True,False,4
Intuitive comprehensibility of process models,2013,1,2,0,True,False,3
Business process orientation: An empirical study of its impact on employees' innovativeness,2013,2,1,0,True,False,3
Evaluating and Selecting the Key Performance Measures for Business Process Management Using a Neighborhood Rough Set Methodology,2013,3,1,0,True,False,4
Looking for a fit for purpose: Business process maturity models from a user's perspective,2013,0,1,0,True,True,1
Mobile agents for integrating cloud-based business processes with on-premises systems and devices,2013,1,1,0,False,True,2
Integration of dynamic role resolution within the S-BPM approach,2013,3,0,0,False,False,3
Planning business process management implementation by a human resources development support initiative,2013,3,1,0,False,False,4
Virtual learning environments versus virtual learning process environments,2012,2,0,0,False,False,2
Understanding business process quality,2013,2,0,0,False,False,2
BusIness process modeling Pluralized,2013,2,0,0,False,False,2
Modeling business processes for PLM services integration in PLM system,2012,2,1,0,False,False,3
Supervisory control for business process management systems,2013,2,0,0,False,False,2
A qualitative research perspective on BPM adoption and the pitfalls of business process modeling,2013,0,1,1,True,False,2
MANA: Identifying and mining unstructured business processes,2013,4,0,0,False,False,4
Analysis and documentation of knowledge-intensive processes,2013,2,0,0,False,False,2
Nondeterministic events in business processes,2013,4,0,0,False,False,4
On multi-objective optimization aided visualization of graphs related to business process diagrams,2012,4,0,0,False,False,4
Towards an ontology-driven framework for workflow analysis,2012,1,1,0,False,True,2
Social networking sites as business tool: A study of user behavior,2013,1,2,0,False,True,3
Process-oriented information logistics: Aligning enterprise information with business processes,2012,2,1,0,False,False,3
A new metric to estimate project development time: Process points,2013,1,1,0,False,True,2
The use of web 2.0 technology for business process,2013,1,2,0,True,True,3
Evolving social media into productivity platforms,2012,3,1,0,False,True,4
Business process monitoring with S-BPM,2013,2,0,0,False,False,2
Dealing with vagueness in semantic business process management through fuzzy ontologies,2012,2,0,0,False,False,2
Patterns for flexible BPMN workflows,2012,1,1,0,True,False,2
Open S-BPM = Open innovation,2013,3,0,0,False,False,3
A set of requirements for Business Process Management Suite (BPMS),2013,1,0,1,False,False,2
Securely storing and executing business processes in the cloud,2013,2,0,0,False,False,2
Rule agent-oriented scientific workflow execution,2013,1,0,1,False,False,2
Sustainability in business process management research - a literature review,2012,2,1,0,False,False,3
Efficient querying of large process model repositories,2013,4,1,0,False,True,5
Process innovation: Redesigning an enterprise backbone system,2013,2,0,0,False,False,2
Modular representation of a business processl planner,2012,1,1,0,False,True,2
Identifying and visualising dependability concerns - Applications to business process management,2013,1,0,0,False,False,1
Critical success factors for ERP systems implementation in public administration,2013,0,2,0,True,True,2
Increasing process orientation with business process management: Critical practices',2013,2,0,0,False,False,2
Data centric BPM and the emerging case management standard: A short survey,2013,3,0,0,False,False,3
A domain specific language for describing S-BPM processes,2013,3,0,0,False,False,3
A conceptual approach to characterize dynamic communities in social networks: Application to business process management,2013,1,2,0,False,True,3
A flexible integration of security concern in rule based business process modeling,2012,0,1,1,False,True,2
Managing absences: An application of subject-oriented procedures,2013,1,0,0,False,False,1
An aspect oriented approach for implementing situational driven adaptation of BPMN2.0 workflows,2013,5,0,0,False,False,5
Case study on the interoperability of business process management software,2013,3,0,0,False,False,3
The study of ubiquitous computing and business process management convergence: A case of National Palace Museum,2012,1,0,1,False,False,2
State of the art in business process management,2013,1,0,0,False,False,1
Service based education environment - Step towards technology world consumption,2012,1,0,0,False,False,1
Kick-starting green business process management - suitable modeling languages and key processes for green performance measurement,2012,4,0,1,False,False,5
Business Process Analysis and Modeling Based on Agent,2012,1,2,0,False,True,3
Process visibility - Towards a conceptualization and research themes,2012,4,0,0,False,False,4
Modeling dynamic behavior of business organisations: Extension of BPM with norms,2012,4,1,0,False,True,5
Control loop model of virtual company in BPM simulation,2013,2,2,1,False,True,5
Supporting performance management with business process management and business intelligence: A case analysis of integration and orchestration,2013,1,2,0,True,False,3
Business process development for Industrial Cluster,2012,1,0,0,False,False,1
An approach to recommend resources for business processes,2012,3,1,0,False,False,4
Optimized execution of business processes on crowdsourcing platforms,2012,2,0,1,False,False,3
Workflow based approach for designing and executing mobile agents,2012,1,1,0,False,True,2
Process-driven data and information quality management in the financial service sector,2012,2,0,0,False,False,2
Predicting QoS in scheduled crowdsourcing,2012,2,0,1,False,False,3
Capabilities and levels of maturity in IT-based case management,2012,2,1,0,True,False,3
Practical solutions for resilience in SlapOS,2012,2,1,0,False,False,3
"Towards cloud-enabled business process management based on patterns, rules and multiple models",2012,1,1,0,True,False,2
Iterative TD-BPM for modeling ultrashort pulse in z-variant optical structures,2012,2,0,0,False,False,2
A decade of business process management conferences: Personal reflections on a developing discipline,2012,1,0,0,False,False,1
How face the top MDE adoption problems,2012,2,2,0,False,False,4
Expertise search in unstructured data in ECM using S-BPM approach,2012,2,2,0,False,False,4
Towards a BPM cloud architecture with data and activity distribution,2012,3,0,0,False,False,3
Efficacy-aware business process modeling,2012,2,0,0,False,False,2
Flexible information design for business process visualizations,2012,5,0,0,False,False,5
Based-on Pi-calculus business process modeling,2012,2,0,0,False,False,2
Towards simplifying and automating business process lifecycle management in hybrid clouds,2012,3,1,2,False,False,6
Mining inter-organizational business process models from EDI messages: A case study from the automotive sector,2012,5,0,0,False,False,5
An evaluation of service integration approaches of business process management systems,2012,2,0,0,False,False,2
An operation framework of educational process management enhanced by information technology -take graduate financial aid management as an example,2012,1,0,2,False,False,3
Simple modeling of executable role-based workflows: An application in the healthcare domain,2012,2,1,0,True,False,3
A knowledge-based formalization of UBL processes using hybrid programs,2012,2,0,2,False,False,4
Automated resource assignment in BPMN models using RACI matrices,2012,2,1,0,True,False,3
Intentional fragments: Bridging the gap between organizational and intentional levels in business processes,2012,3,2,0,False,True,5
Efficient discovery of understandable declarative process models from event logs,2012,2,0,1,False,False,3
Factors affecting perceived satisfaction with a BPM tool: A student perspective,2012,1,1,0,True,False,2
A web-based two-layered integration framework for smart devices,2012,3,2,2,False,False,7
An approach for process variability control in business process management,2012,0,2,0,True,True,2
The analysis method about change domain of business process model based on the behavior profile of petri net,2012,2,1,1,False,False,4
CoopIS 2012 PC co-chairs message,2012,1,2,0,True,False,3
On the multi-objective optimization aided drawing of connectors for graphs related to business process management,2012,3,1,0,False,False,4
Optimizing Your ERM: The Application of Business Process Management to Operations,2012,1,1,1,True,False,3
Research on key performance indicator (KPI) of business process,2012,2,0,0,False,False,2
Process-service interactions using a soa-bpm-based methodology,2012,2,2,0,False,False,4
Business process variability: A tool for declarative template design,2012,3,0,0,False,False,3
Boundary spanning in business process management: Theoretical framing and case study,2012,1,0,0,False,False,1
A gap between Business Process Intelligence and redesign process,2012,1,0,1,False,False,2
"Process reuse in product development with 5D models: Concepts, similarity measures and querying techniques",2012,1,0,0,False,False,1
Concept of a system for addressing bad publicity in social media using knowledge in business process models,2012,3,1,0,False,True,4
Patterns to enable mass-customized business process monitoring,2012,3,0,0,False,False,3
"Introduction to the track on Cyber Physical Society with SOA, BPM and sensor networks in the Wetice 2012 conference",2012,3,0,1,False,False,4
Implementing managed loosely-coupled distributed business processes: A new approach using DIME networks,2012,2,0,0,False,False,2
Improving collaborative business process execution by traceability and expressiveness,2012,3,0,0,False,False,3
Linking legacy services to the business process model,2012,3,0,0,False,False,3
Advanced case management enabled by business provenance,2012,3,1,0,False,False,4
Facilitating services and engineering process management in distributed engineering of control applications,2012,2,0,0,False,False,2
A process definition language for Internet of things,2012,3,0,1,False,False,4
Balanced resource allocation,2012,1,0,0,False,False,1
Aligning event logs and declarative process models for conformance checking,2012,3,0,0,False,False,3
Plug-and-play virtual factories,2012,4,0,0,False,False,4
On guaranteeing global dependability properties in collaborative business process management,2012,3,1,0,True,False,4
Consulting - a creativity-intensive process? insights from an exploratory case study,2012,1,0,3,False,False,4
Approach for a business process alignment: From modeling to implementation; [Approche pour un meilleur alignement des processus métiers: De la modélisation à l'implémentation],2012,0,0,3,False,False,3
Where did I misbehave? Diagnostic information in compliance checking,2012,2,1,0,True,False,3
Evaluation measures for similarity search results in process model repositories,2012,3,0,0,False,False,3
Interactive workflows with WADE,2012,3,0,0,False,False,3
Cloud-based collaborative decision making: Design considerations and architecture of the GRUPO-MOD system,2012,1,0,0,False,False,1
Defining process performance indicators by using templates and patterns,2012,3,1,0,True,False,4
The co-creation machine: Managing co-creative processes for the crowd,2012,2,0,0,False,False,2
Modeling rewards and incentive mechanisms for social BPM,2012,1,0,2,False,False,3
Isotactics as a foundation for alignment and abstraction of behavioral models,2012,3,0,0,False,False,3
An ontology for workflow organizational model mining,2012,3,0,0,False,False,3
A strategy based on LSP for the evaluation of specific languages for business processes modeling,2012,1,0,7,False,False,8
Applying Linked Data concepts in BPM,2012,2,1,0,True,False,3
Agile bpm in the age of cloud technologies,2012,2,0,0,False,False,2
Evaluating the use of IT by the third party logistics in South East Asia to achieve competitive advantage and its future trend,2012,3,0,1,False,False,4
CoopIS 2012 PC co-chairs message,2012,1,2,0,True,False,3
A multi-commodity flow based approach to scheduling multi-model synchronization,2012,3,0,2,False,False,5
A novel design of 8-Gbps IR-UWB pulse generator,2012,2,0,1,False,False,3
From calls to events: Architecting future BPM systems,2012,5,0,0,False,False,5
An approach to a pattern for business process management and deployment of software engineering for small companies in a crossplatform era,2012,4,0,0,False,False,4
Data support in process model abstraction,2012,2,0,0,False,False,2
Towards automatic generation of process architectures for process collections,2012,1,0,0,False,False,1
A study on business process dynamic evaluation of business process integration management based on Fuzzy-EAHP,2012,3,1,1,False,False,5
Simulation based process design: Modeling and applications,2012,3,0,2,False,False,5
The analysis method about change domain of business process model based on the behavior profile of petri net,2012,2,1,1,False,False,4
Operational semantics of aspects in business process management,2012,2,1,0,False,False,3
Service exploration: Collaboration of information-centric and activity-centric business process,2012,1,0,1,False,False,2
A novel sine wave based UWB pulse generator design for single/multi-user systems,2012,3,0,0,False,False,3
The difficulty of replacing an inclusive OR-join,2012,2,0,0,False,False,2
Evaluation of maturity models for business process management: Maturity models for small and medium-sized enterprises,2012,2,1,0,False,False,3
Study on the architecture of platform for internet of things service based on EDSOA,2012,2,0,1,False,False,3
On the decidability of verifying artifact validity in business processes,2012,0,0,1,False,False,1
A two-tier data-centric framework for flexible business process management,2012,3,0,1,False,False,4
Managing large numbers of business processes with cloud workflow systems,2012,3,1,1,False,False,5
Object relational business process repository,2012,1,1,0,True,False,2
Improving ERP integration,2012,0,0,2,False,False,2
Services conceptualization within SOA/BPM methodology,2012,1,4,0,True,False,5
Event-driven manufacturing process management approach,2012,2,0,0,False,False,2
Perceptions of MBA students on business process modeling as a learning tool: An empirical investigation,2012,1,1,0,True,False,2
Applications for business process repositories based on semantic standardization,2012,1,1,0,True,False,2
Strategic alignment of business processes,2012,3,2,0,False,False,5
Process warehouses in practice: A goal-driven method for business process analysis,2012,1,1,0,False,True,2
The study on R&D enterprise management based on knowledge management,2012,0,1,0,True,True,1
SABUMO: Towards a collaborative and semantic framework for knowledge sharing,2012,4,1,0,False,True,5
Keeping decisions and rationale explicit in business process analysis,2012,1,1,0,False,True,2
Quasi phase matching through periodic step structure - Modeling of frequency conversion in consideration of heat influence,2012,8,0,0,False,False,8
Improve performance of enterprises information portal using RFC and IDOC technique,2012,2,0,1,False,False,3
The role of editor in collaborative modeling,2012,1,0,0,False,False,1
"How to learn to ""speak S-BPM"" - Lessons from language learning",2012,0,1,0,True,True,1
A graph similarity matching algorithm for artifact-centric business process models,2012,2,2,0,False,True,4
A pattern based approach for structural analysis of workflow models,2012,1,0,1,False,False,2
A BPM software evaluation method,2012,2,1,1,False,False,4
An ontological approach for dynamic cross-enterprise collaboration,2012,1,1,0,False,True,2
Ensuring reliability in B2B services: Fault tolerant inter-organizational workflows,2012,3,0,1,False,False,4
Decomposing process mining problems using passages,2012,1,0,0,False,False,1
A mapping from normative requirements to Event-B to facilitate verified data-centric business process management,2012,1,1,0,True,False,2
Using the arbitrator pattern for dynamic process-instance extension in a work-flow management system,2012,2,0,1,False,False,3
Generating multi-objective optimized configurable business process models,2012,0,0,4,False,False,4
From business processes to software services and vice versa - An improved transition through service-oriented requirements engineering,2012,4,0,1,False,False,5
"New modeling concepts in S-BPM: The first implementation of the ""Message Guard"" and ""Macro"" behavior extensions",2012,1,0,0,False,False,1
Combining social Web and BPM for improving enterprise performances: The BPM4People approach to Social BPM,2012,3,1,0,False,False,4
S-BPM education on the Dalton Plan: An e-learning approach,2012,1,0,0,False,False,1
Mapping possibilities of S-BPM and BPMN 2.0: Implementing a BPM interface,2012,1,0,0,False,False,1
Using concurrent task trees for stakeholder-centered modeling and visualization of business processes,2012,2,1,0,False,True,3
Business process engine simulator,2012,1,1,1,False,True,3
Causes-based problems in business process compliance based management,2012,2,0,0,False,False,2
Performance evaluation of medical imaging service,2012,0,0,9,False,False,9
A novel behavioral similarity measure for artifact-oriented business processes,2012,2,1,1,False,False,4
Whom to talk to? A stakeholder perspective on business process development,2012,2,0,0,False,False,2
A current assessment of the quality and stateof the art of process management: A discussion of results from a recent survey,2012,2,0,0,False,False,2
Process instance migration: Flexible execution of distributed business processes,2012,2,1,0,False,False,3
Distributed process discovery and conformance checking,2012,1,0,0,False,False,1
Workflow patterns put into context,2012,0,0,2,False,False,2
Business process management field guide,2012,1,0,0,False,False,1
Identifying business rules to legacy systems reengineering based on BPM and SOA,2012,4,1,0,False,False,5
SMART - Knowledge Enriched S-BPM,2012,0,1,0,True,True,1
In or out? A student project on the enrollment process: Developing a reference model for a service-oriented portal through S-BPM process exploration,2012,4,0,0,False,False,4
On improving the visibility of hard-measurable process performance,2012,2,0,0,False,False,2
Business intelligence in corporate information system: Integral approach,2012,1,0,1,False,False,2
Resource behavior measure and application in business process management,2012,3,0,0,False,False,3
Development of an integrated procedure model for optimization of distribution processes within industry,2012,1,1,0,False,True,2
A solution to extending dynamic web project wizard,2012,2,0,1,False,False,3
Process-Centric IT in practice: Mobilizing IT through business process management,2012,2,0,0,False,False,2
Using pattern perspective to model key business process performance,2012,1,0,0,False,False,1
A proposal for modeling standards for subject-oriented modeling with PASS: A paper for the interactive education material track for modeling principles based on the usage of the metasonic build PASS-editor and their PASS-engine,2012,1,0,1,False,False,2
A way to support SPI strategy through CertiBPM training and certification program in Romania,2012,3,1,0,True,False,4
Methodology for migration of long running process instances in a global large scale BPM environment in Credit Suisse's SOA landscape,2012,3,0,0,False,False,3
Continuous process improvement based on adaptive workflow mining technique,2012,1,2,0,False,True,3
Designing a public management process with S-BPM,2012,2,0,0,False,False,2
Industrial application of semantic process mining,2012,2,0,0,False,False,2
A clustering approach for artifact-centric business process models,2012,2,2,0,False,True,4
Context aware business process aspect modeler,2012,1,2,0,True,False,3
EU project BPM-GOSPEL - Applying compliance management scenarios in business process modelling for trusted business coaching programs,2012,4,0,0,False,False,4
Requirements for business process management systems supporting business process agility,2012,1,0,0,False,False,1
Tool support for process modeling using proximity score measurement,2012,2,2,0,False,True,4
DFTA: Dynamic fault tree analysis for real-time business process monitoring,2012,1,0,2,False,False,3
On the systematic development of domain-specific mashup tools for end users,2012,6,0,0,False,False,6
Coordination for fragmented loops and scopes in a distributed business process,2012,1,1,0,True,False,2
Adaptive case management for the government policy office,2012,1,0,0,False,False,1
Business process regulatory compliance management solution frameworks: A comparative evaluation,2012,1,0,0,False,False,1
Mapping the integrated care pathway into BPM for health case management,2012,2,1,0,True,False,3
Towards a decision tool for choosing a business process maturity model,2012,2,1,0,True,False,3
Integrating CEP and BPM - How CEP realizes functional requirements of BPM applications (industry article),2012,3,0,0,False,False,3
Toward enhanced life-cycle support for declarative processes,2012,2,1,0,False,True,3
Subjective security and safety - S-BPM as a base for the description of security and safety objectives,2012,3,1,0,False,False,4
Pattern-driven green adaptation of process-based applications and their runtime infrastructure,2012,6,0,0,False,False,6
Cross-national and cross-industrial comparison of ict-enabled business process management and performance,2012,2,1,0,True,False,3
An ontological approach to oracle BPM,2012,2,0,1,False,False,3
Process mining: Overview and opportunities,2012,1,0,0,False,False,1
Design and fabrication of a 1-by-4 multimode interference splitter,2012,1,1,1,True,False,3
Optimized interactive processes,2012,3,1,0,False,False,4
Process management as basis for quality management in service industry,2012,4,2,0,False,True,6
Gateway as a service: A cloud computing framework for web of things,2012,3,2,2,False,False,7
Process algebra and the subject-oriented business process management approach,2012,2,0,0,False,False,2
The analysis of optical transmission in three-dimensional waveguide coupler,2012,3,1,1,False,False,5
ProcessWiki: A contribution for bridging the last mile problem in automotive retail,2012,3,0,0,False,False,3
Open Source Workflow Management Systems for the Internal Audit process,2012,1,1,0,True,False,2
BPMN usage: An analysis of influencing factors,2012,1,1,0,False,True,2
Business process lines and decision tables driving flexibility by selection,2012,2,2,0,True,False,4
Capturing compliance requirements: A pattern-based approach,2012,3,1,0,False,False,4
An integrated method for business process improvement,2012,4,0,1,False,False,5
A task operation model for resource allocation optimization in business process management,2012,3,0,0,False,False,3
Propagating changes between aligned process models,2012,2,0,1,False,False,3
Special issue on intelligent and innovative computing in business process management,2012,1,2,1,True,False,4
Propagation study of Y-junction optical splitter using BPM,2012,3,0,1,False,False,4
Integrated framework for seamless modeling of business and technical aspects in process-oriented enterprise applications,2012,1,2,0,False,True,3
Information systems for supply Chain management in automotive industry,2012,2,2,0,True,False,4
Context-sensitive business process support based on emails,2012,3,0,0,False,False,3
The role of BPM in the IT value-chain: Exploring how managing business processes can decouple business and IT,2012,1,0,0,False,False,1
A workflow based clinical decision support system through integration of clinical workflow and knowledge processing,2012,3,4,3,False,False,10
A general framework for precision checking,2012,2,0,0,False,False,2
Reactive event calculus for monitoring global computing applications,2012,4,1,0,False,False,5
Providing fault-tolerant execution of web-service-based workflows within clouds,2012,5,0,0,False,False,5
Configurable analysis of sequential multi-party choreographies,2012,2,0,0,False,False,2
Using π-calculus for formalizing service interactions,2012,3,1,0,False,False,4
Developing domain-specific mashup tools for end users,2012,6,0,0,False,False,6
Key information technology and management issues 2011-2012: An international study,2012,6,0,0,False,False,6
Analysis of heuristics to identify crosscutting concerns in business process models,2012,1,4,0,True,True,5
Subjects vs. objects - A top-down approach,2012,1,0,0,False,False,1
Impact of information and communication technologies on business process management on small and medium enterprises in the emerging countries,2012,2,1,0,True,False,3
Periodic performance prediction for real-time business process monitoring,2012,1,0,2,False,False,3
New optical splitter design for application in fibre-to-the home passive optical network using virtual lab platform,2012,1,3,1,False,False,5
SLA business management based on key performance indicators,2012,0,0,1,False,False,1
Knowledge engineering for business rules in PROLOG,2012,2,0,0,False,False,2
From subject-phase model based process specifications to an executable workflow,2012,1,0,0,False,False,1
A framework for the support of value co-creation by social software,2012,1,0,0,False,False,1
Modeling security requirements in service based business processes,2012,3,1,0,False,False,4
A monitor approach in data-centric BPM,2012,2,1,0,True,False,3
Enterprise systems meet social BPM,2012,1,0,0,False,False,1
edUFlow: An event-driven ubiquitous flow management system,2012,2,1,1,False,True,4
BPMS implementations in SMEs: Exploring the creation of a situational method,2012,3,0,0,False,False,3
How to design and deliver process context sensitive information: Concept and prototype,2012,1,1,0,False,True,2
Modeling business rules for supervisory control of process-aware information systems,2012,4,1,0,False,False,5
Repository-based ERP case studies: A study about chances and benefits of agile case study development,2012,3,0,0,False,False,3
ZEP520A cold-development technique and tool for ultimate resolution to fabricate 1Xnm bit pattern EB master mold for nano-imprinting lithography for HDD/BPM development,2012,6,0,3,False,False,9
An approach towards subject-oriented access control,2012,3,0,0,False,False,3
Towards intelligent supply chains: A unified framework for business process design,2012,2,0,0,False,False,2
Business process improvement framework and representational support,2012,3,0,0,False,False,3
A proposal for ownership representation in the context of business process models,2012,1,4,0,True,True,5
Towards an understanding of the business process analyst: An analysis of competencies,2012,0,1,1,False,True,2
"Integrating ordinary users into process management: Towards implementing bottom-up, people-centric BPM",2012,2,0,0,False,False,2
Control-flow pattern based transformation from UML activity diagram to YAWL,2012,3,1,0,False,False,4
"Business process model abstraction: A definition, catalog, and survey",2012,3,0,1,False,False,4
Aspect oriented business process modelling with precedence,2012,2,1,0,False,False,3
Enhancing business process management with a constraint-based approach,2012,1,0,0,False,False,1
BPM Academic initiative fostering empirical research,2012,3,0,0,False,False,3
Cold-development tool and technique for the ultimate resolution of ZEP520A to fabricate an EB master mold for nano-imprint lithography for 1Tbit/inch2 BPM development,2012,4,0,0,False,False,4
A method of business processes activity composition for emergency management,2012,2,0,1,False,False,3
Using status feeds for peer production by coordinating non-predictable business processes,2012,2,0,0,False,False,2
Routinizing change: Does business process management technology have unintended firm-level consequences?,2012,2,1,0,False,True,3
Stakeholder-driven collaborative modeling of subject-oriented business processes,2012,2,0,0,False,False,2
Virtual worlds as a model-view approach to the communication of business processes models,2012,3,0,0,False,False,3
ModelAsYouGo: (Re-) design of S-BPM process models during execution time,2012,2,0,0,False,False,2
Extending BPMN 2.0 for modelling the combination of activities that involve data constraints,2012,1,2,0,True,False,3
Configurable process models for logistics case study for customs clearance processes,2012,3,0,0,False,False,3
Towards an integration of GRC and BPM - Requirements changes for compliance management caused by externally induced complexity drivers,2012,3,0,0,False,False,3
A platform for research on process model collections,2012,4,0,0,False,False,4
Building a conceptual roadmap for systemic change - A novel approach to change management in expert organizations in health care,2012,0,1,0,True,True,1
Post-mortem analysis of bpm-interlock triggered beam dumps at petra-III,2012,1,0,2,False,False,3
Leveraging process discovery with trace clustering and text mining for intelligent analysis of incident management processes,2012,3,0,1,False,False,4
The influence of human capabilities in effort estimation of business processes modeling projects,2012,3,4,0,False,False,7
A review of event formats as enablers of event-driven BPM,2012,4,0,0,False,False,4
How to choose the right BPM tool: AMaturity-centric decision framework with a case evaluation in the european market,2012,5,0,0,False,False,5
Disaster recovery -The process management perspective,2012,1,2,0,True,False,3
Interval logic for design and maintenance of complex event processing systems (short paper),2012,2,0,1,False,False,3
Automatic execution of business process models: Exploiting the benefits of Model-driven Engineering approaches,2012,0,0,4,False,False,4
Architecture and language for semantic reduction of domain-specific models in BPMS,2012,2,1,0,True,False,3
The impact of business process complexity on business process standardization: An empirical study,2012,3,0,0,False,False,3
A framework for measuring and managing value achievement in business processes,2012,2,1,1,False,False,4
Analysing and improving a recruitment process: A teaching case for developing business process improvement capabilities,2012,1,1,0,True,False,2
An empirical assessment of the usefulness of weakness patterns in business process redesign,2012,4,0,0,False,False,4
PCA-C: A process-centric approach for integrating and managing cloud services,2012,4,0,0,False,False,4
Modeling business objectives for business process management,2012,2,0,0,False,False,2
"Business analytics, process maturity and supply chain performance",2012,4,0,0,False,False,4
Knowledge management and business process redesign: An integrated framework; [Gestão do conhecimento e redesenho de processos de negócio: Proposta de uma metodologia integrada],2012,1,1,0,False,True,2
Building a bridge between information and process management,2012,1,0,0,False,False,1
Quality and impact monitoring for local eGovernment services,2012,2,1,0,False,False,3
Business process modelling and simulation using formal experience record,2012,2,0,0,False,False,2
A Precise Execution Semantics for BPMN,2012,1,0,0,False,False,1
Generating valid reference Business Process model using genetic algorithm,2012,3,1,0,False,False,4
Comparative analysis of the implementation of business process management in public administration in Germany and Switzerland,2012,3,0,0,False,False,3
Ontology on the level g of the software process model MPS.Br to assist business processes modeling,2012,2,1,0,False,False,3
Industry operations architecture for business process model collections,2012,4,3,0,False,False,7
Event-driven process-centric performance prediction via simulation,2012,2,0,0,False,False,2
Developing a process quality improvement questionnaire - A case study on writing discharge letters,2012,2,3,0,False,False,5
Ad-hoc adaption of subject-oriented business processes at runtime to support organizational learning,2012,1,0,0,False,False,1
Separating compliance management and business process management,2012,2,1,1,True,False,4
Workflow simulation for operational decision support using event graph through process mining,2012,1,3,0,True,False,4
A formative measurement model of business process model quality,2012,1,1,0,True,False,2
Master mold and working replica fabrication for nano-imprinting lithography for 1Tbit/inch2 and 25nm pitch bit patterned media,2012,5,0,4,False,False,9
A study on the business process management and modeling using i-AOMA,2012,0,0,2,False,False,2
Goal-oriented model-driven business process monitoring using ProGoalML,2012,1,1,0,False,True,2
The function-behaviour-structure diagram for modelling workflow of information systems,2012,1,1,0,False,True,2
On theoretical foundations of empirical business process management research,2012,3,0,0,False,False,3
Using social network analysis and derivatives to develop the S-BPM approach and community of practice,2012,2,1,0,False,True,3
Relevance Of Business Process Management (BPM) course in business school curriculum & course outline,2011,4,0,1,False,False,5
Limitations of performance measurement systems based on key performance indicators,2011,2,0,0,False,False,2
Transaction management for inter-organizational business process,2011,2,1,0,False,False,3
Design and fabrication of a 1-by-4 multimode interference splitter based on InP,2011,2,1,1,True,False,4
Business processes and organisations: Challenges and opportunities towards a people-centric approach,2011,2,0,0,False,False,2
Understanding dynamic is capabilities for effective process change: A theoretical framework and an empirical application,2011,2,0,1,False,False,3
Simulation standard for business process management,2011,2,0,0,False,False,2
"The ""selection, training, follow and evaluation framework"" (STFEF) for manager's in business innovation transformation projects"" a holistic overview",2011,2,0,0,False,False,2
A comparative analysis of Business Analysis (BA) and Business Process Management (BPM) capabilities,2011,3,2,0,False,False,5
Realization of business process automation based on web services and WS-BPEL,2011,3,0,1,False,False,4
From information systems development to enterprise engineering,2011,0,0,1,False,False,1
"Managing insights: A repository for process analytics, optimization and decision support",2011,3,0,0,False,False,3
Towards a conceptualisation of BPM culture: Results from a literature review,2011,0,1,1,False,True,2
The foundations for managing a modern enterprise: A review,2011,3,0,0,False,False,3
"The quest for know-how, know-why, know-what and know-who: Using KAOS for enterprise modelling",2011,2,0,0,False,False,2
Global knowledge-intensive business process: Extending the boundaries of business process management,2011,1,1,0,True,False,2
Towards educating boundary spanning professionals across BPM and BI domains,2011,0,2,0,True,True,2
BPMN and design patterns for engineering social BPM solutions,2012,2,1,0,False,True,3
Overcoming difficulties of applying business process management in real business environment,2011,1,0,0,False,False,1
"ProcessCodi: A case study on social BPM through integration of SNS, mind map, and BPMS",2011,1,1,1,False,False,3
Business process orientation in Croatian companies: A multi-site case study,2011,0,3,0,True,True,3
Entity-centric operations modeling for business process management - A multidisciplinary review of the state-of-the-art,2011,1,0,0,False,False,1
Toward engineering of security of information systems: The security acts,2011,1,0,0,False,False,1
What makes a useful maturity model? A framework of general design principles for maturity models and its demonstration in business process management,2011,2,0,0,False,False,2
Teaching business process management in cross-country collaborative teams using ERP,2011,2,3,0,False,True,5
Boundary spanning practices in BPM: A dynamic capability perspective,2011,2,0,0,False,False,2
Alignment of business process management and business rules,2011,4,0,0,False,False,4
Where are the participants? Including motivational aspects into theorizing and design in is research,2011,2,1,0,False,False,3
Business Process Modeling and simulation,2011,1,0,0,False,False,1
An hybrid integration approach to business process management implementation,2011,0,0,2,False,False,2
The S-BPM modelling technique as an enabling tool for representation of agency and situation,2011,2,0,0,False,False,2
ERP and BPMS integration at a manufacturing simulation lab,2011,0,0,5,False,False,5
Enhancement of traditional Business Process Management with reflection - A new perspective for organisational learning?,2011,2,1,0,True,False,3
Proposal of a NPD diagnostic method to identify improvement opportunities,2011,1,2,0,True,False,3
"""To standardize or not to standardize?"" - Understanding the effect of business process complexity on business process standardization",2011,2,0,0,False,False,2
Enacting BPM-oriented workflows with Wade,2011,3,2,0,False,True,5
Improving knowledge-intensive health care processes beyond efficiency,2011,0,1,0,True,True,1
Business activity management for service networks in cloud environments,2011,3,1,0,False,False,4
Deriving system complexity metric from events and its validation,2011,2,1,0,True,False,3
Towards automatic incremental synchronization of multiple process models via information flow optimization,2011,3,1,3,False,False,7
Role of the concept of services in business process management,2011,1,0,0,False,False,1
The model of BPM based on Six Sigma and its application on material delivery of discrete manufacturing enterprise,2011,3,0,0,False,False,3
Towards situational business process modeling support,2011,1,0,0,False,False,1
Business process change management based on process model synchronization of multiple abstraction levels,2011,5,1,0,True,False,6
Execution measurement-driven continuous improvement of business processes implemented by services,2011,2,2,0,True,False,4
Confirming BPM theory in creative industry context - A case study in the German TV industry,2011,3,1,0,False,False,4
Decision-enabled dynamic process management for networked enterprises,2011,2,0,0,False,False,2
Business rules for creating process flexibility: Mapping RIF rules and BDI rules,2011,1,0,2,False,False,3
Goal-driven business process derivation,2011,4,0,1,False,False,5
Towards collaborative business process management development: Current and future approaches,2011,1,0,1,False,False,2
Imprint lithography template technology for bit patterned media (BPM),2011,1,0,8,False,False,9
On-line training and certification solution for business process managers,2011,1,2,0,True,False,3
Fragment-based version management for repositories of business process models,2011,3,1,0,False,True,4
A business process management based virtual learning environment : Customised learning paths,2011,2,0,0,False,False,2
A blueprint for event-driven business activity management,2011,3,0,0,False,False,3
Towards goal-driven access to process warehouse: Integrating goals with process warehouse for business process analysis,2011,1,1,0,False,True,2
An empirical analysis of human performance and error in process model development,2011,3,2,0,False,False,5
Design and fabrication of a 1-by-4 multimode interference splitter based on InP,2011,2,1,1,True,False,4
Calculation methods for costs optimization and process modeling in health care: A preliminary view,2011,0,0,3,False,False,3
E = MA2 (e-learning in a Moodle-based adaptive and accumulative system),2011,2,1,0,False,True,3
Current and future issues in BPM research: A European perspective from the ERCIS meeting 2010,2011,15,1,1,False,False,17
Business process co-design for energy-aware adaptation,2011,2,3,0,True,True,5
Achieving multi-tenanted business processes in SaaS applications,2011,2,1,0,True,False,3
Knowledge applications development for SMEs business management system improvement,2011,3,2,0,False,True,5
Compliance by design for artifact-centric business processes,2011,1,0,0,False,False,1
The architecture of a secure business-process-management system in service-oriented environments,2011,2,0,0,False,False,2
SlapOS: A multi-purpose distributed cloud operating system based on an ERP billing model,2011,2,0,1,False,False,3
An approach to agility in enterprise innovation,2011,1,3,0,False,True,4
The multiple quality models paradox: How much 'best practice' is just enough?,2011,2,0,0,False,False,2
Evidence-based (S-)BPM education,2011,1,0,0,False,False,1
Learning environment for organizations IT management supported by a simulation game,2011,1,2,0,True,False,3
Stimulating skill evolution in market-based crowdsourcing,2011,3,0,1,False,False,4
Towards consistency management for a business-driven development of SOA,2011,3,0,0,False,False,3
Holonic modelling of business process management,2011,3,1,0,False,True,4
Project4Sure X: Accelerating implementation projects for the microsoft dynamics suite with BPM 2.0,2011,4,0,0,False,False,4
A systematic review of goal-oriented requirements management frameworks for business process compliance,2011,2,1,0,True,False,3
Study on business process management of telecom,2011,1,0,1,False,False,2
Process training to support change necessary within the scope of process implementation,2011,2,0,0,False,False,2
Platform for managing and routing cross-organizational business processes on a network router,2011,5,0,0,False,False,5
Querying process models based on the temporal relations between tasks,2011,4,2,0,False,True,6
Optimizing the trade-off between complexity and conformance in process reduction,2011,2,1,0,False,False,3
Process improvement model and it's application for manufacturing industry based on the BPM-ERP integrated framework,2011,0,1,1,False,True,2
BPM@KMU - Designing e-learning for the introduction of BPM in small- and medium-sized enterprises,2011,2,0,0,False,False,2
"CGAA/EES at NEC corporation, powered by S-BPM: The subject-oriented BPM development technique using top-down approach",2011,8,0,0,False,False,8
Efficient retrieval of similar business process models based on structure (Short paper),2011,2,1,0,False,True,3
Always stay flexible! WfMS-independent business process controlling in SOA,2011,5,0,0,False,False,5
On the restriction to numeric indicators in Performance Measurement Systems,2011,2,0,0,False,False,2
Optimizing process performance visibility through additional descriptive features in performance measurement,2011,3,0,0,False,False,3
Proactive business process compliance monitoring with event-based systems,2011,5,0,0,False,False,5
CbSSDF: A two-layer conceptual graph approach to web services description and composition - A scenario based solution analysis and comparison with OWL-S,2011,3,0,0,False,False,3
Conformance checking using cost-based fitness analysis,2011,1,0,2,False,False,3
CoReL: Policy-based and model-driven regulatory compliance management,2011,2,1,1,False,True,4
ePASS-IoS 1.1: Enabling inter-enterprise business process modeling by S-BPM and the internet of services concept,2011,3,0,0,False,False,3
Business metadata with the STA data modelling technique,2011,2,0,0,False,False,2
OWL model to support business process and web services in SOA environments,2011,1,0,2,False,False,3
A modeling approach for business processes based on variability,2011,0,0,2,False,False,2
Analysis and design of novel photonic active devices based on dilute nitrides,2011,2,2,0,True,False,4
Discovery of role-based organization structure model in BPMS,2011,0,0,1,False,False,1
Toward a theory of managing creativity-intensive processes: A creative industries study,2011,1,0,0,False,False,1
Managing process model complexity via abstract syntax modifications,2011,3,1,2,False,False,6
Controlled flexibility in business processes defined for service compositions,2011,2,1,0,True,False,3
"History-aware, real-time risk detection in business processes",2011,4,0,0,False,False,4
Towards contextual S-BPM: Method and case study,2011,1,2,0,False,True,3
Behavioral similarity - A proper metric,2011,3,0,0,False,False,3
Declarative enhancement framework for business processes,2011,3,0,0,False,False,3
Towards a compiler for business-IT systems: A vision statement complemented with a research agenda,2011,4,1,0,True,False,5
The use of 2d and 3d WA-BPM models to analyze total-internal-reflection- based integrated optical switches,2011,4,1,1,False,False,6
A research on flexible business process management system based on knowledge base and semantic web services,2011,0,1,1,True,False,2
What BPM technology can do for healthcare process support,2011,1,0,0,False,False,1
Border pairs method - Constructive MLP learning classification algorithm,2011,3,0,0,False,False,3
Business process modelling notation from the methodical perspective,2011,1,0,0,False,False,1
A model-driven BPM approach for SOA mediation information system design in a collaborative context,2011,3,0,2,False,False,5
Adaptive case management: Supporting knowledge intensive processes with IT systems,2011,2,0,0,False,False,2
A semantic rule and event driven approach for agile decision-centric business process management (invited paper),2011,1,0,0,False,False,1
Synchronization of adaptive process models using levels of abstraction,2011,5,1,0,True,False,6
Checklist Manifesto for Electronic Resources: Getting Ready for the Fiscal Year and Beyond,2011,1,2,0,True,False,3
Agile process management in an industrial R & D department,2011,1,1,0,False,True,2
A deadlock detection method for inter-organizational business process based on role network model,2011,1,0,2,False,False,3
Business process management: A survey among small and medium sized enterprises,2011,3,1,0,False,False,4
Strukt - A pattern system for integrating individual and organizational knowledge work,2011,3,0,0,False,False,3
Enterprise systems: State-of-the-art and future trends,2011,0,1,0,True,True,1
Extended ontology-based process management architecture,2011,0,3,0,True,True,3
High quality technical documentation for large industrial plants using an enterprise engineering and conceptual modeling based software solution,2011,1,0,0,False,False,1
Uniform modeling of resources and business processes using business entities,2011,3,0,1,False,False,4
M3 - A behavioral similarity metric for business processes,2011,3,0,0,False,False,3
Goals for an IoT context-based process modelling language regarding logistics,2011,2,1,0,False,True,3
Releasing material screening and continuous nano-imprinting in mold replication for Nano-Imprint Lithography,2011,4,0,1,False,False,5
Optimising operational costs using Soft Computing techniques,2011,4,1,0,False,False,5
Defining customizable business processes without compromising the maintainability in multi-tenant SaaS applications,2011,2,1,0,True,False,3
Business process management adoption: A case study of a South African supermarket retailer,2011,1,1,0,False,True,2
A framework proposal for intelligent management of unexpected exceptions in workflow,2011,0,1,0,True,True,1
Situatedness - The Amalgam of Agile (S-)BPM,2011,2,0,0,False,False,2
PROWIT - Integrated web 2.0 business process collaboration service-platform,2011,2,0,0,False,False,2
A new approach in the development of ontology based workflow architectures,2011,1,1,0,True,False,2
A serious game based method for business process management,2011,1,0,0,False,False,1
Towards a Human Reliability Analysis in process modelling: An empirical investigation,2011,3,2,0,False,False,5
Differences in business process management between global players and micro enterprises - Experiences from practice,2011,2,0,0,False,False,2
Towards a business process-oriented approach to enterprise content management: The ECM-blueprinting framework,2011,1,1,1,False,True,3
Modeling needs in the BPM consulting process,2011,1,0,0,False,False,1
Combining ERP systems with enterprise 2.0,2011,3,0,0,False,False,3
A concept for comprehensive knowledge management system,2011,2,0,0,False,False,2
A predictive business agility model for service oriented architectures,2011,4,1,0,False,False,5
BPM 2.0: Business process management meets empowerment,2011,2,0,0,False,False,2
Study on the capabilities model of BPO service provider with relationship concerning,2011,2,0,0,False,False,2
Strong non-leak guarantees for workflow models,2011,2,0,0,False,False,2
Visual modeling of workflow with support to multimedia and spatiotemporal indexing,2011,3,2,0,True,False,5
Service-oriented enterprise: Taking the next step beyond agility in the digital economy,2011,0,1,0,True,True,1
Business objects as a mediator between processes and data,2011,1,0,0,False,False,1
Service networks performance analytics: A literature review,2011,1,0,1,False,False,2
Key lessons from wikimanagement and BPM best practices: Aspiring for a truly holistic approach in BPM,2011,1,0,0,False,False,1
Applying Protocol Service for the monitoring of business process,2011,4,0,0,False,False,4
A study on process evaluation and selection model for business process management,2011,0,0,2,False,False,2
Dynamic catenation and execution of cross organisational business processes - The jCPEX! approach,2011,5,0,0,False,False,5
Querying business process models based on semantics,2011,2,1,0,False,True,3
Architecture combining SOA and BPM,2011,1,1,0,True,False,2
Petri net based agents for coordinating resources in a workflow management system,2011,3,1,0,False,True,4
Key challenges for enabling agile BPM with social software,2011,7,2,0,False,False,9
BPM and exception handling: Focus on organizational resilience,2011,1,0,0,False,False,1
Business process and business rules modelling in concert for e-service design and business alignment,2011,2,0,0,False,False,2
A planning and scheduling perspective for designing business processes from declarative specifications,2011,1,1,0,True,False,2
Using MiniZnMASC middleware with different algorithms for business-driven adaptation of business processes,2011,1,1,0,True,False,2
Key features of subject-oriented modeling and organizational deployment tools,2011,2,0,0,False,False,2
Ontological description and similarity-based discovery of business process models,2011,2,0,0,False,False,2
Integrating constraints to support legally flexible business processes,2011,2,1,0,True,False,3
Establishing conceptual and functional links between S-BPM and business rules,2011,2,0,0,False,False,2
Do we need to re-think current BPM research issues?,2011,1,0,0,False,False,1
Towards a collaborative business process management methodology,2011,2,0,0,False,False,2
"User requirements notation: The first ten years, the next ten years",2011,2,0,0,False,False,2
Support for concurrent adaptation of multiple Web service compositions to maximize business metrics,2011,1,1,0,True,False,2
Business Process Service Oriented Methodology (BPSOM) with service generation in SoaML,2011,3,1,0,True,False,4
Analyzing risk dependencies on RFID-driven global logistics processes,2011,0,0,6,False,False,6
A fact-oriented ontological approach to human process modeling for knowledge-intensive business services,2011,2,0,3,False,False,5
Random thoughts on multi-level conceptual modelling,2011,1,0,0,False,False,1
Business logic evaluation model for web service reliability analysis,2011,0,0,4,False,False,4
A genesis of thinking in the evolution of ancient philosophy and modern software development,2011,1,0,0,False,False,1
"Introduction to the track on cyber physical society with SOA, BPM and sensor networks in the Wetice 2011 conference",2011,1,2,1,False,False,4
Managing process model complexity via concrete syntax modifications,2011,3,1,2,False,False,6
BPM and BPMN as integrating concepts in eGovernment - The Swiss eGovernment BPM ecosystem,2011,2,0,0,False,False,2
Business artifacts with guard-stage-milestone lifecycles: Managing artifact interactions with conditions and events,2011,9,2,1,False,False,12
Experiences of using different communication styles in business process support systems with the shared spaces architecture,2011,2,0,1,False,False,3
Slipstream: Architecture options for real-time process analytics,2011,5,0,0,False,False,5
Service orienting the Swedish vaccination recommendation activity with the business rules centric digital service VacSam,2011,3,0,0,False,False,3
Automatic music emotion classification using chords and BPM,2011,3,1,0,False,False,4
Relationship between BPM education and business process solutions: Results of a student contest,2011,1,0,0,False,False,1
The BPI of price management process based on workflow management in 3C distribution,2011,2,0,0,False,False,2
Why we need to re-think current BPM research issues,2011,1,0,0,False,False,1
Understanding the role of communication and hands-on experience in work process design for all,2011,1,0,0,False,False,1
Six sigma as a business process management method in services: Analysis of the key application problems,2011,2,1,0,False,False,3
Artifact-centric workflow management system,2011,2,2,1,True,False,5
Methodology and recommendations for crisis processes: An effective way how to manage business process deployment in the crisis management,2011,2,1,0,False,True,3
An integrated approach for modeling and facilitating RFID-based collaborative logistics processes,2011,1,1,1,True,False,3
Using multi-subjects for process synchronization on different abstraction levels,2011,2,0,0,False,False,2
Advances in business process management implementation based on a maturity assessment and best practice exchange,2011,1,0,0,False,False,1
Exporting natural language: Generating NL sentences out of S-BPM process models,2011,1,0,0,False,False,1
An application of business process method to the clinical efficiency of hospital,2011,1,1,0,False,True,2
Bringing knowledge into recommendation systems,2011,4,0,0,False,False,4
Event-driven business process management in Engineer-to-Order supply chains,2011,2,1,0,False,False,3
Towards ontology-based collaboration framework based on messaging system,2011,0,0,1,False,False,1
Using distributed CSPs to model business processes agreement in software multiprocess,2011,1,3,0,True,True,4
Value orientation in process management: Research gap and contribution to economically well-founded decisions in process management,2011,3,1,0,False,True,4
Comparison of system dynamics and BPM for software process simulation,2011,3,0,1,False,False,4
Context-aware web services orchestration for multimedia conference process management,2011,3,0,0,False,False,3
The banking system reference implementation based on SOA,2011,1,1,1,True,False,3
Distributed execution of S-BPM business processes,2011,3,0,0,False,False,3
Evaluating effectiveness of risk identification and management using organisational models,2011,3,0,0,False,False,3
Towards modeling real-world aware business processes,2011,3,1,0,True,False,4
Analyzing behavioral properties of semantic business processes with parametric data,2011,2,1,0,True,False,3
The Third Workshop on Behaviour Modelling - Foundations and Applications,2011,1,2,1,True,False,4
"Enhancing data exchange and management supervision in a complex mesh of subcontractors: A theoretic approach to counter interface issues in micro-, small-and medium-sized enterprises",2011,2,0,0,False,False,2
Knowledge base development in virtual enterprise network as support for workplace risk assessment,2011,4,1,0,False,False,5
New patents on business process management information systems and decision support,2011,1,2,0,True,False,3
SOA enabled BPM rule engine,2011,1,0,2,False,False,3
Research on business process management-based supply chain system,2011,1,2,1,False,True,4
A resource oriented framework for context-aware enterprise applications,2011,2,0,0,False,False,2
"Market, network, hierarchy: Emerging mechanisms of governance in business process management",2011,2,0,0,False,False,2
Semantic business process space for intelligent management of sales order business processes,2011,1,0,1,False,False,2
Collaborative business process modeling with CoMoMod: A toolkit for model integration in distributed cooperation environments,2011,4,0,0,False,False,4
Syntax highlighting in business process models,2011,3,0,1,False,False,4
Extracting connection types in process models discovered by using from-to chart based approach,2011,1,1,0,False,True,2
Process performance management: Illuminating design issues through a systematic problem analysis,2011,2,1,0,True,False,3
"Stakeholder-driven business process management ""An evaluation of the suitability, adequacy and effectiveness of quality and process management""",2011,1,0,0,False,False,1
CorPN: Managing instance correspondence in collaborative business processes,2011,2,2,0,True,False,4
A formal and visual modeling approach to choreography based web services composition and conformance verification,2011,1,0,0,False,False,1
Mining association rules to support resource allocation in business process management,2011,3,0,0,False,False,3
Research on the realization method of workflow engine in enterprise information management,2011,1,1,2,True,False,4
Business process management - Do we need a new research agenda?,2011,2,0,0,False,False,2
A systems engineering approach for crown jewels estimation and mission assurance decision making,2011,5,0,0,False,False,5
Business process performance prediction on a tracked simulation model,2011,1,1,0,False,True,2
Competency based task assignment in human task management systems,2011,1,1,0,False,True,2
Constraint-centric workflow change analytics,2011,1,0,1,False,False,2
"An integrated approach for RUP, EA, SOA and BPM implementation",2011,1,1,0,False,True,2
OPBUS: Risk-aware framework for the conformance of security-quality requirements in business processes,2011,3,0,0,False,False,3
SOA adoption phases: A case study,2011,3,0,0,False,False,3
Requirements elicitation using BPM notations: Focusing on the strategic level representation,2011,3,0,0,False,False,3
How to use e-services to construct BPM platform for e-business,2011,1,0,0,False,False,1
A methodology for dynamic service compositions based on an event-driven approach,2011,1,1,0,False,True,2
The joint impact of service-oriented architectures and business process management on business process quality: An empirical evaluation and comparison,2011,2,0,0,False,False,2
Security validation tool for business processes,2011,2,2,0,True,True,4
Discovering service opportunities through capability modeling,2011,2,1,0,False,True,3
Towards robust conformance checking,2011,1,0,2,False,False,3
Towards processpedia - An ecological environment for BPM stakeholders collaboration,2011,2,1,0,False,True,3
What is sustainability in business process management? A theoretical framework and its application in the public sector of Ethiopia,2011,1,0,1,False,False,2
A comprehensive device collaboration model for integrating devices with web services under Internet of things,2011,3,0,3,False,False,6
Business process management for open e-services in local government - Experience report,2011,2,1,0,True,False,3
Metric trees for efficient similarity search in large process model repositories,2011,2,0,0,False,False,2
Green business process patterns,2011,5,0,0,False,False,5
Agile business process management in research projects of life sciences,2011,1,1,0,True,False,2
Service improvement by business process management using customer complaints in financial service industry,2011,2,0,1,False,False,3
Introducing the guard-stage-milestone approach for specifying business entity lifecycles,2011,8,3,0,False,False,11
Resilient business process management: Framework and Services,2011,2,0,0,False,False,2
"First International Workshop on Cross Enterprise Collaboration, People, and Work (CEC-PAW): Current state of affairs and future research directions",2011,2,0,0,False,False,2
ECHO an evolutive vocabulary for collaborative BPM discussions,2011,2,0,0,False,False,2
Business Process Governance: Theorizing and Empirical Application,2011,4,0,0,False,False,4
Towards a pivotal-based approach for business process alignment,2011,0,0,3,False,False,3
Integration of UI services into SOA based BPM applications,2011,2,0,0,False,False,2
Efficiently querying business process models with BeehiveZ,2011,2,1,0,False,True,3
Semantic support for security-annotated business process models,2011,5,3,0,True,False,8
WSRF usage for BPM and CEP systems integration,2011,2,0,0,False,False,2
Weighted nested partitions based on differential evolution (WNPDE) algorithm-based scheduling of parallel batching processing machines (BPM) with incompatible families and dynamic lot arrival,2011,1,0,1,False,False,2
Integration of BPM and BRM,2011,3,1,0,False,True,4
Enabling cross-application traceability of semi-structured business processes,2011,4,0,0,False,False,4
Business process optimization using formalized optimization patterns,2011,2,1,0,False,False,3
Process performance management as a basic concept for sustainable business process management - Empirical investigation and research agenda,2011,2,1,0,True,False,3
Delta analysis: A hybrid quantitative approach for measuring discrepancies between business process models,2011,1,1,0,False,True,2
Necessity of it and sw support for business process management,2011,1,1,0,True,False,2
Towards Green BPM - Sustainability and resource efficiency through business process management,2011,4,0,0,False,False,4
Model for improving the process approach to achieve strategic goals in insurance companies: The croatian case,2011,2,1,0,False,True,3
An exploratory approach to process lifecycle transitions from a paradigm-based perspective,2011,1,0,1,False,False,2
Towards a context-aware analysis of business process performance,2011,1,0,0,False,False,1
BPM and requirements elicitation at multiple levels of abstraction: A review,2011,3,0,0,False,False,3
Look before you leap into ERP implementation: An object-oriented approach to business process modeling,2011,1,0,1,False,False,2
Practitioners view on domain specific business process modeling,2011,2,4,0,True,False,6
Towards NFC-aware process execution for dynamic environments,2011,2,1,0,False,True,3
Process driven competence management: A case study at Hilti Corporation,2011,1,1,0,True,False,2
Business knowledge modelling using the borm method,2011,2,1,0,False,True,3
Green IT: The next five years,2011,1,0,0,False,False,1
"Handbook of Business Process Management 2 – Strategic Alignment, Governance People and Culture",2011,1,0,0,False,False,1
Intra- and inter-organizational process mining: Discovering processes within and between organizations,2011,1,0,0,False,False,1
On reusing data mining in business processes - A pattern-based approach,2011,2,0,0,False,False,2
Temporal specification of business processes through project planning tools,2011,2,0,0,False,False,2
A business process driven approach to manage data dependency constraints,2011,1,1,0,False,True,2
Towards understanding process modeling - The case of the BPM academic initiative,2011,4,0,0,False,False,4
Dimensions of business process intelligence,2011,3,0,0,False,False,3
Model of information systems' selection for the company management,2011,0,2,0,True,True,2
Business information systems utilizing the future internet,2011,1,0,0,False,False,1
Refactoring large process model repositories,2011,1,1,2,True,False,4
Emergent case management for ad-hoc processes: A solution based on microblogging and activity streams,2011,1,0,0,False,False,1
A notation for supporting social business process modeling,2011,2,1,0,False,True,3
Modeling and analysis of business process compliance,2011,5,0,0,False,False,5
Uncovering ITIL claims: IT executives' perception on benefits and Business-IT alignment,2011,2,0,0,False,False,2
The impact of quality information provided by business intelligence systems on the use of information in business processes,2011,3,0,0,False,False,3
Automated process decision making based on integrated source data,2011,4,1,0,False,False,5
Open IT for business: Transforming information system infrastructure with a commercial BPM suite,2011,1,0,0,False,False,1
An approach to continuous process improvement (CPI) based on case-based reasoning and process change patterns,2011,1,0,2,False,False,3
Modeling an agile enterprise: Reconciling systems and process thinking,2011,2,0,1,False,False,3
Driving IS value creation by knowledge capturing: Theoretical aspects and empirical evidences,2011,2,1,0,False,True,3
Professionalizing business process management: Towards a body of knowledge for BPM,2011,2,1,0,True,False,3
Bayesian Network for finding best combination of performers in BPM environment,2011,2,1,1,False,False,4
Business process management and the challenge of dynamic services,2011,3,1,0,False,False,4
Building a business process map using BPM tools and BPMN notation,2011,1,0,0,False,False,1
TTMS: A task tree based workflow management system,2011,2,0,0,False,False,2
Improving the diagnosability of business process management systems using test points,2011,1,1,2,False,False,4
Inverse workflows for supporting agile business process management,2011,2,1,0,False,False,3
Data consistency in transactional business processes,2011,4,0,0,False,False,4
BPM governance: An exploratory study in public organizations,2011,2,1,1,False,False,4
An efficient business process compliance checking approach,2011,5,0,0,False,False,5
Guaranteeing soundness of adaptive business processes using ABIS,2011,2,1,0,False,False,3
Time prediction based on process mining,2011,1,0,2,False,False,3
Flexible workflows at design- and runtime using BPMN2 adaptation patterns,2011,2,1,0,False,False,3
Model transformation chains and model management for end-to-end performance decision support,2011,2,0,0,False,False,2
Visualizing meetings as a graph for more accessible meeting artifacts,2011,1,1,0,False,True,2
Introduction to the First International Workshop on Reuse in Business Process Management (rBPM 2010),2011,2,3,0,False,False,5
Views on scientific workflows,2011,4,2,0,False,False,6
Discovering the source of failures,2011,2,0,0,False,False,2
Improving QoS monitoring based on the aspect-orientated paradigm,2011,3,2,0,False,False,5
An integrated BPM-SOA framework for agile enterprises,2011,1,1,0,True,False,2
Service learning and teaching foundry: A virtual SOA/BPM learning and teaching community,2011,3,1,0,True,False,4
Adaptation of process models - A semantic-based approach,2011,3,0,0,False,False,3
Experimental studies of e-contract establishment in the PL4BPM context,2011,3,2,0,False,True,5
Petri net based simulation for SPI,2011,3,0,1,False,False,4
Composite process view transformation,2011,4,1,1,False,True,6
Managing process assets in a global IT service delivery environment,2011,2,1,1,True,False,4
Similarity of business process models: Metrics and evaluation,2011,3,1,1,False,False,5
Search tree generation for the exception handling of e-commerce delivery process,2011,3,0,1,False,False,4
Process mining for electronic data interchange,2011,5,1,0,False,False,6
"The quest for know-how, know-why, know-what and know-who: Using KAOS for enterprise modelling",2011,2,0,0,False,False,2
"S-BPM ONE - Learning by Doing - Doing by Learning: Third International Conference,S-BPMONE2011 Ingolstadt, Germany, September 29-30, 2011 Proceedings",2011,1,0,0,False,False,1
Business control management - A discipline to ensure regulatory compliance of SOA applications,2011,4,0,0,False,False,4
Business process improvement in Abnoba,2011,2,0,0,False,False,2
Workflow management issues in virtual enterprise networks,2011,1,1,0,False,True,2
Optimising complex event queries over business processes using behavioural profiles,2011,2,0,1,False,False,3
The current state of BPM education in Australia: Teaching and research challenges,2011,0,2,0,True,True,2
Condition-based process patterns for modeling of human processes in Knowledge-intensive Business Services,2011,3,0,2,False,False,5
Modelling exploratory analysis processes for eResearch,2010,2,0,0,False,False,2
A framework for modeling and enabling reuse of best practice IT processes,2010,3,0,0,False,False,3
The phenomenon of business process management: Practitioners' emphasis,2010,3,2,0,False,False,5
Exploring the status quo of business process modelling languages in the banking sector - An empirical insight into the usage of methods in banks,2010,4,0,0,False,False,4
Cloud computing in the curricula of schools of computer science and information systems,2010,1,0,0,False,False,1
Discrete event Monte-Carlo simulation based decision support system for business process management,2010,1,1,0,False,True,2
Collaborative coordination of activities with temporal dependencies,2010,3,0,0,False,False,3
Supporting compliance through enhancing internal control systems by conceptual business process security modeling,2010,2,0,0,False,False,2
A meta-model based approach to the description of resources and skills,2010,2,0,0,False,False,2
A rule-based approach to proactive exception handling in business processes,2011,1,0,2,False,False,3
Baking business process implementations flexible and robust: Error handling in the aristaflow bpm suite,2010,3,0,0,False,False,3
Tool support for service oriented development from business processes,2010,3,1,0,True,False,4
Effects of semantic quality in business process modeling,2010,2,0,0,False,False,2
Does your business process management (Still) fit the market? - a dynamic capability perspective on BPM strategy development,2010,3,0,0,False,False,3
"The convergence of workflows, business rules and complex events: Defining a reference architecture and approaching realization challenges",2010,2,1,1,False,True,4
Scenario-based process modeling with GRETA,2010,2,0,0,False,False,2
Applying the BPM-Culture-Model - The Hilti case,2010,0,1,1,False,True,2
Business Process Management (BPM) education in Australia: A critical review based on content analysis,2010,1,3,0,True,False,4
On scientific experiments and flexible service compositions,2010,1,0,0,False,False,1
Modelling complex resource requirements in business process management systems,2010,4,0,1,False,False,5
The emergence of a multi-organizational view on business processes - Experiences from a double-loop action research approach,2010,1,1,0,True,False,2
ProcessGene view: An integrated visualization of business process models,2010,1,1,0,False,True,2
Model Driven Interoperability in practice: Preliminary evidences and issues from an industrial project,2010,4,0,1,False,False,5
Process owners in the wild: Findings from a multi-method descriptive study,2010,1,0,1,False,False,2
Solvability of formal verification problem for business process templates,2010,2,1,0,False,True,3
Process makna - A semantic wiki for scientific workflows,2010,1,0,1,False,False,2
An implementation of a process-oriented cross-system compliance monitoring approach in a SAP ERP and BI environment,2010,3,0,0,False,False,3
The deployment of business process management systems: A quantitative analysis of end-users' evaluations,2010,1,0,1,False,False,2
BPMN process views construction,2010,2,2,0,True,False,4
The relationship between prior game experience and digital game-based learning: An INNOV8 case-study,2010,1,1,0,False,True,2
Business process management and the is field: Have we finally arrived orjust missed the boat?,2010,2,2,0,True,False,4
Risk driven process engineering in Digital Ecosystems: Modelling risk,2010,4,0,0,False,False,4
Meronymy-based aggregation of activities in business process models,2010,3,0,1,False,False,4
Requirements and tools for variability management,2010,3,0,0,False,False,3
"Toward a goal-oriented, business intelligence decision-making framework",2011,3,0,0,False,False,3
Business process management systems - Enabling continuous improvement in industrial services,2010,2,0,1,False,False,3
An empirical comparison of the usability of BPMN and UML activity diagrams for business users,2010,3,0,0,False,False,3
"Collaborative business process management: Exploring themes, achievements, and perspectives",2010,2,0,0,False,False,2
Strategy content analysis for service identification: A case study on government agencies,2010,2,0,0,False,False,2
Efficient and accurate retrieval of business process models through indexing (short paper),2010,4,1,0,False,False,5
Performance analysis modeling applied to business processes,2010,1,1,1,True,False,3
Probabilistic logic-based process mining,2010,1,2,0,True,True,3
Aspect-monitor: An aspect-based approach to ws-contract monitoring,2010,3,2,0,False,False,5
Service identification through value chain analysis and prioritization,2010,1,0,0,False,False,1
"Business process management, social network analysis and knowledge management: A triangulation of sorts?",2010,1,0,0,False,False,1
A data-centric approach for privacy-aware business process enablement,2011,2,0,0,False,False,2
Business process management - a missing link in business education,2010,1,0,0,False,False,1
Alaska simulator toolset for conducting controlled experiments -tool paper,2010,3,1,0,True,False,4
A critical analysis of the demand for and nature of Business Process Management (BPM) roles in industry: A global analysis,2010,1,3,0,False,True,4
Managing data dependency constraints through business processes,2010,1,1,0,False,True,2
Design and implementation of flexible E-Government platform based on XML Data-Bus and lightweight MVC execution framework ASSH,2010,2,1,0,False,True,3
An estimation procedure to determine the effort required to model business processes,2010,2,3,0,True,False,5
Robust and flexible error handling in the AristaFlow BPM suite,2011,3,0,0,False,False,3
Crossing the chasm between the real world and business process management,2010,2,0,0,False,False,2
Fast business process similarity search with feature-based similarity estimation,2010,3,0,0,False,False,3
A process view framework for artifact-centric business processes,2010,1,1,0,True,False,2
"Collaborative workforce, business process crowdsourcing as an alternative of BPO",2010,2,0,0,False,False,2
Configurable services in the cloud: Supporting variability while enabling cross-organizational process mining,2010,1,0,0,False,False,1
A novel approach to global software development for chartered enterprises,2011,1,2,0,True,False,3
A multi-perspective approach to business process management in the financial sector teaching course,2010,3,0,0,False,False,3
Performance analysis of business process models with advanced constructs,2010,4,0,0,False,False,4
Business process modeling and quick prototyping with webratio BPM,2010,3,0,0,False,False,3
mediEPCs-a model to abstract complex and dynamic processes in healthcare environments,2010,3,0,1,False,False,4
On business process model reviews,2010,2,0,0,False,False,2
Service dominant logic and business process blueprinting: Enhancing the view on performance by integrating the customer perspective,2010,3,0,0,False,False,3
DMAL-BPIDE: A distributed multi-abstraction-level business process IDE,2010,2,0,1,False,False,3
Strategic positioning of IT in global organizations - A visual mapping approach,2010,1,0,0,False,False,1
Workflow management issues in virtual enterprise networks,2010,1,1,0,False,True,2
Position paper - Loosely-coupled SOA service access provisioning,2010,1,0,0,False,False,1
Ontology driven approach enhancing business services orchestration,2010,0,2,0,True,True,2
Semantic mediation of information flow in cross-organizational business process modeling,2010,3,0,0,False,False,3
A Reference Model Catalog of models for business process analysis,2010,2,0,0,False,False,2
From BPMN business process models to SoaML service models: A transformation-driven approach,2010,3,1,0,True,False,4
Analysis of business process efficiency based on task assignments,2011,3,1,0,False,False,4
Stakeholder involvement in business process management agenda-setting and implementation,2010,3,0,0,False,False,3
Causal knowledge-based approach to formulating six sigma management strategy: An empirical evaluation,2010,3,0,0,False,False,3
MEMOS: A methodology for modeling services,2010,2,1,0,False,True,3
Establishing a Business Process Management System in a telecoms company,2010,4,0,1,False,False,5
How many methods do we need? - A multiple case study exploration into the use of business process modeling methods in industry,2010,2,1,0,False,True,3
Time-domain BPM for modeling ultrashort pulsed optical beams in dispersive medium,2010,3,0,0,False,False,3
Analyzing law-making from a business process view: The paradox of law-making,2010,2,1,0,False,False,3
A business process management approach for RFID enabled supply chain management,2010,3,0,1,False,False,4
Logic-based ad-hoc business process management: Concepts and challenges,2010,2,1,0,False,True,3
Cultural differences in implementing business process management systems,2010,2,0,0,False,False,2
Can using M-commerce improve business process?,2010,1,0,1,False,False,2
Ontology-based information extraction for analyzing IT services,2010,1,0,1,False,False,2
Does IT matter for business process maturity? A comparative study on business process maturity models,2010,0,1,0,True,True,1
Kali-ma: A semantic guide to browsing and accessing functionalities in plugin-based tools,2010,2,1,0,False,False,3
An artifact-based architecture for a better flexibility of business processes,2010,1,1,0,True,False,2
Business process compliance through reusable units of compliant processes,2010,4,2,0,False,False,6
Understanding the value of business process configuration,2010,2,1,0,False,True,3
Exploring a domain ontology based approach to business process design,2010,0,1,2,False,True,3
Valuating business process flexibility achievedt hrough an alternative execution path,2010,1,1,0,True,False,2
Abductive logic programming as an effective technology for the static verification of declarative business processes,2010,4,2,0,False,True,6
"Specification, verification and implementation of business processes using CSP",2010,2,0,0,False,False,2
Secure business processes in service-oriented architectures - A requirements analysis,2010,2,2,0,False,False,4
What is S-BPM?,2010,1,0,0,False,False,1
Reverse Logistics Process Automation with BPMS,2010,3,0,1,False,False,4
Fabrication of a multimode-interference-based multimode power splitter in glass,2010,3,2,2,False,True,7
Using e-service to construct general platform of BPM,2010,2,1,0,False,False,3
Probabilistic declarative process mining,2010,1,2,0,True,True,3
Satisfiability of artifact lifecycle in business process model,2010,3,2,0,True,False,5
Supporting the operation of semi-structured work systems,2010,3,0,0,False,False,3
Towards dependable business processes with fault-tolerance approach,2010,3,1,0,False,False,4
Incorporating semantic bridges into information flow of cross-organizational business process models,2010,3,0,0,False,False,3
Improving Enterprise Resource Planning results using knowledge extraction and learning,2010,4,1,0,True,False,5
Managing simulation workflow patterns using dynamic service-oriented compositions,2010,2,0,0,False,False,2
Resonant coupler based on Mach-Zehnder configuration,2010,3,0,2,False,False,5
WorkAware: Situation-aware workflow management,2010,5,0,0,False,False,5
Electronic contract negotiation and renegotiation using features,2010,2,2,0,False,True,4
A Hub architecture for service ecosystems: Towards business-to-business automation with an ontology-enabled collaboration platform,2010,1,0,0,False,False,1
"Strategy, networks and systems in the global translation services market",2010,2,0,0,False,False,2
Applicability of process viewing patterns in business process management,2010,4,0,0,False,False,4
A decision-based approach to business process improvement,2010,1,1,0,False,True,2
The tail of BPM,2010,2,0,0,False,False,2
The relevance of management of business processes and orchestration,2010,1,0,0,False,False,1
Conceptual modeling of complex events of the internet of things,2010,4,0,0,False,False,4
Carbon-aware business process design in Abnoba,2010,2,0,0,False,False,2
Business process management - S-BPM a new paradigm for competitive advantage?,2010,2,0,0,False,False,2
Context model based SOA policy framework,2010,2,1,3,True,False,6
A software method for managing event logs to improve quality and dependability of business processes,2010,2,0,0,False,False,2
A case study of BPM and KM integration: From process automation to knowledge intensive business processes,2010,0,1,0,True,True,1
Public disclosure versus private practice: Challenges in business process management (position paper),2010,1,2,0,True,True,3
A project management system for product development,2010,3,0,0,False,False,3
"Quo vadis, S-BPM? The first world-café on S-BPM developments",2010,1,0,0,False,False,1
Towards deterministically constructing organizations based on the normalized systems approach,2010,4,0,0,False,False,4
An infrastructure for executing WS-BPEL workflows in a cluster of clusters,2010,1,2,0,False,True,3
Applying social network analysis to monitor web-enabled business processes,2010,2,1,0,False,False,3
Bridging software product lines and service-oriented architectures for service identification using BPM and FM,2010,2,0,0,False,False,2
Agile systems development for the management of service oriented organizations,2010,0,2,0,True,True,2
Process modeling and optimization of complex systems using Scattered Context Grammars,2010,0,0,2,False,False,2
Using value engineering and TRIZ for better business process management,2010,2,0,0,False,False,2
Transforming process models: Executable rewrite rules versus a formalized Java program,2010,2,0,0,False,False,2
From bureaucratic to quasi-market environments: On the co-evolution of public sector business process management,2010,2,0,0,False,False,2
MINERVA: Model drIveN and sErvice oRiented framework for the continuous business process improVement and relAted tools,2010,3,1,0,True,False,4
A cloud-based BPM architecture with user-end distribution of non-compute-intensive activities and sensitive data,2010,3,0,1,False,False,4
Sequential composition of multi-party choreographies,2010,2,0,0,False,False,2
A resource state-based business process control mechanism for BPM,2010,2,0,1,False,False,3
A frequency-based algorithm for workflow outlier mining,2010,0,1,3,True,False,4
Application of SOA-based business process management in outage management system,2010,2,0,0,False,False,2
The power of 'as-is' processes,2010,1,0,0,False,False,1
Improving business processes through BPM techniques: Experiences from a real case study,2010,6,0,0,False,False,6
Workflow-based design and implementation of flexible enterprise business,2010,1,2,0,False,True,3
Managing long-tail processes using FormSys,2010,3,3,1,False,False,7
An approach for a more agile BPM-SOA integration supported by dynamic services discovery,2010,2,0,0,False,False,2
Establishing an informed S-BPM community,2010,2,0,0,False,False,2
Integrating complex events for collaborating and dynamically changing business processes,2010,5,0,0,False,False,5
Business performance management for competitive advantage in the information economy,2010,0,2,0,True,True,2
Knowledge services in business Process Management: A new way for increasing of productivity?,2010,1,1,0,True,False,2
Sparking employees' interest in Six Sigma: Transferring a paper-based simulation to a workflow management application,2010,2,0,0,False,False,2
Ontology-based Semantic Matching for Business Process Management,2010,1,0,1,False,False,2
Managing process model collections with AProMoRe,2010,5,0,5,False,False,10
Message correlation and web service protocol mining from inaccurate logs,2010,6,0,0,False,False,6
Design-time process optimization through optimization patterns and process model matching,2010,2,1,0,False,False,3
An event-model for constraint-based person-centric flows,2010,3,1,0,False,False,4
Typed business process specification,2010,2,1,0,False,True,3
The application study in business process management based on intelligent objects technology,2010,0,2,0,True,True,2
Leveraging business process management through complex event processing for RFID and sensor networks,2010,2,1,1,False,False,4
Integration of RESTfulBP with BDIM decision making,2010,3,1,1,True,False,5
Operationalization of flexibility in business process management,2010,2,1,0,False,False,3
Generation of component based architecture from business processes: Model driven engineering for SOA,2010,3,0,0,False,False,3
Formal analysis of BPMN models: A NuSMV-based approach,2010,1,0,0,False,False,1
Application of service-oriented computing and model-driven development paradigms to business processes: A systematic review,2010,3,1,0,True,False,4
Prototype-based management of business process exception cases,2010,0,1,0,True,True,1
Business Processes underpinning Information Systems: A Higher Education Institution's framework,2010,3,0,0,False,False,3
Business process management,2010,11,0,0,False,False,11
A business process management system based on workflow technologies,2010,2,0,1,False,False,3
A service-oriented architecture of virtual enterprise for manufacturing industry,2010,3,0,0,False,False,3
Combining Data Envelopment Analysis and Business Process Simulation for analyzing the efficiency of business processes,2010,0,0,2,False,False,2
Service networks modelling: An SOA & BPM standpoint,2010,2,1,0,True,False,3
BKQoS - A business knowledge-based QoS provisioning framework,2010,2,0,0,False,False,2
Workflow testing,2010,1,0,0,False,False,1
Research on key technology of process equipment service platform based on SOA,2010,3,1,1,False,False,5
State of the art of semantic business process management: An investigation on approaches for business-to-business integration,2010,1,2,0,True,False,3
